# t1_sec   rel_err_pos   rel_err_vel   dt_match_sec
10697.3051  -2.203415e-02  1.762812e-02  0.4949
10757.3051  -2.181898e-02  1.753936e-02  0.4949
10817.3051  -2.160478e-02  1.752164e-02  0.4949
10877.3050  -2.139182e-02  1.765786e-02  0.4950
10937.3051  -2.118605e-02  1.730977e-02  0.4949
10997.3051  -2.098573e-02  1.658883e-02  0.4949
11057.3051  -2.079647e-02  1.671090e-02  0.4949
11117.3051  -2.060537e-02  1.693164e-02  0.4949
11177.3050  -2.041483e-02  1.682326e-02  0.4950
11237.3051  -2.022673e-02  1.669512e-02  0.4949
11297.3051  -2.004594e-02  1.663455e-02  0.4949
11357.3051  -1.986421e-02  1.657477e-02  0.4949
11417.3051  -1.968905e-02  1.649760e-02  0.4949
11477.3051  -1.951462e-02  1.642400e-02  0.4949
11537.3051  -1.934521e-02  1.635314e-02  0.4949
11597.3051  -1.917773e-02  1.628146e-02  0.4949
11657.3051  -1.901367e-02  1.621104e-02  0.4949
11717.3050  -1.885096e-02  1.614532e-02  0.4950
11777.3051  -1.869187e-02  1.607959e-02  0.4949
11837.3051  -1.853343e-02  1.601276e-02  0.4949
11897.3051  -1.837964e-02  1.595133e-02  0.4949
11957.3051  -1.822743e-02  1.588705e-02  0.4949
12017.3051  -1.807828e-02  1.582702e-02  0.4949
12077.3051  -1.793091e-02  1.576810e-02  0.4949
12137.3051  -1.778649e-02  1.570916e-02  0.4949
12197.3051  -1.764402e-02  1.565091e-02  0.4949
12257.3050  -1.750287e-02  1.559560e-02  0.4950
12317.3051  -1.736519e-02  1.554063e-02  0.4949
12377.3050  -1.722901e-02  1.548656e-02  0.4950
12437.3051  -1.709532e-02  1.543416e-02  0.4949
12497.3051  -1.696386e-02  1.538219e-02  0.4949
12557.3051  -1.683503e-02  1.533226e-02  0.4949
12617.3051  -1.670514e-02  1.528316e-02  0.4949
12677.3051  -1.657912e-02  1.523386e-02  0.4949
12737.3051  -1.645449e-02  1.518830e-02  0.4949
12797.3051  -1.633209e-02  1.514017e-02  0.4949
12857.3051  -1.621177e-02  1.509614e-02  0.4949
12917.3050  -1.609211e-02  1.505241e-02  0.4950
12977.3051  -1.597559e-02  1.500864e-02  0.4949
13037.3051  -1.585814e-02  1.496450e-02  0.4949
13097.3051  -1.574400e-02  1.492405e-02  0.4949
13157.3051  -1.563211e-02  1.488336e-02  0.4949
13217.3050  -1.551980e-02  1.484385e-02  0.4950
13277.3051  -1.541197e-02  1.480428e-02  0.4949
13337.3051  -1.530295e-02  1.476328e-02  0.4949
13397.3051  -1.519647e-02  1.472680e-02  0.4949
13457.3051  -1.508932e-02  1.469081e-02  0.4949
13517.3051  -1.498729e-02  1.465423e-02  0.4949
13577.3050  -1.488506e-02  1.461899e-02  0.4950
13637.3051  -1.478263e-02  1.458569e-02  0.4949
13697.3051  -1.468252e-02  1.455169e-02  0.4949
13757.3051  -1.458437e-02  1.451704e-02  0.4949
13817.3051  -1.448699e-02  1.448478e-02  0.4949
13877.3050  -1.439056e-02  1.445527e-02  0.4950
13937.3051  -1.429678e-02  1.442271e-02  0.4949
13997.3051  -1.420244e-02  1.439318e-02  0.4949
14057.3051  -1.410967e-02  1.436391e-02  0.4949
14117.3051  -1.401846e-02  1.433507e-02  0.4949
14177.3051  -1.392919e-02  1.430695e-02  0.4949
14237.3051  -1.383998e-02  1.427931e-02  0.4949
14297.3051  -1.375121e-02  1.425005e-02  0.4949
14357.3051  -1.366492e-02  1.422510e-02  0.4949
14417.3050  -1.357757e-02  1.419811e-02  0.4950
14477.3051  -1.349284e-02  1.415014e-02  0.4949
14537.3051  -1.340735e-02  1.413848e-02  0.4949
14597.3051  -1.332685e-02  1.414608e-02  0.4949
14657.3051  -1.324260e-02  1.411249e-02  0.4949
14717.3051  -1.316313e-02  1.387726e-02  0.4949
14777.3051  -1.308162e-02  1.401094e-02  0.4949
14837.3051  -1.300276e-02  1.421790e-02  0.4949
14897.3051  -1.292447e-02  1.407417e-02  0.4949
14957.3050  -1.284762e-02  1.389119e-02  0.4950
15017.3051  -1.277031e-02  1.402749e-02  0.4949
15077.3050  -1.269169e-02  1.402517e-02  0.4950
15137.3051  -1.261571e-02  1.400593e-02  0.4949
15197.3051  -1.253743e-02  1.398538e-02  0.4949
15257.3051  -1.246372e-02  1.396626e-02  0.4949
15317.3051  -1.238969e-02  1.394423e-02  0.4949
15377.3051  -1.231714e-02  1.392635e-02  0.4949
15437.3051  -1.224451e-02  1.390948e-02  0.4949
15497.3051  -1.217196e-02  1.389055e-02  0.4949
15557.3051  -1.210126e-02  1.387293e-02  0.4949
15617.3050  -1.203088e-02  1.385687e-02  0.4950
15677.3051  -1.196093e-02  1.384376e-02  0.4949
15737.3051  -1.189156e-02  1.382499e-02  0.4949
15797.3051  -1.182439e-02  1.382676e-02  0.4949
15857.3051  -1.175657e-02  1.377867e-02  0.4949
15917.3050  -1.168863e-02  1.384677e-02  0.4950
15977.3051  -1.162363e-02  1.384670e-02  0.4949
16037.3051  -1.154617e-02  1.459258e-02  0.4949
16097.3051  -1.148397e-02  1.443747e-02  0.4949
16157.3051  -1.140742e-02  1.441598e-02  0.4949
16217.3051  -1.133239e-02  1.439415e-02  0.4949
16277.3050  -1.125588e-02  1.437555e-02  0.4950
16337.3051  -1.118121e-02  1.435355e-02  0.4949
16397.3051  -1.110832e-02  1.433502e-02  0.4949
16457.3051  -1.103592e-02  1.431324e-02  0.4949
16517.3051  -1.096234e-02  1.429522e-02  0.4949
16577.3050  -1.089093e-02  1.427427e-02  0.4950
16637.3051  -1.082180e-02  1.425736e-02  0.4949
16697.3051  -1.075029e-02  1.424120e-02  0.4949
16757.3051  -1.068121e-02  1.422233e-02  0.4949
16817.3051  -1.061140e-02  1.420449e-02  0.4949
16877.3051  -1.054274e-02  1.418778e-02  0.4949
16937.3051  -1.047514e-02  1.417226e-02  0.4949
16997.3051  -1.040867e-02  1.415451e-02  0.4949
17057.3051  -1.034357e-02  1.414192e-02  0.4949
17117.3050  -1.027818e-02  1.412368e-02  0.4950
17177.3051  -1.021270e-02  1.411084e-02  0.4949
17237.3051  -1.014727e-02  1.409623e-02  0.4949
17297.3051  -1.008494e-02  1.408357e-02  0.4949
17357.3051  -1.002120e-02  1.406941e-02  0.4949
17417.3051  -9.957707e-03  1.405382e-02  0.4949
17477.3051  -9.895933e-03  1.404059e-02  0.4949
17537.3051  -9.834568e-03  1.402980e-02  0.4949
17597.3051  -9.773655e-03  1.401797e-02  0.4949
17657.3050  -9.713313e-03  1.400514e-02  0.4950
17717.3051  -9.651998e-03  1.399512e-02  0.4949
17777.3050  -9.592947e-03  1.398431e-02  0.4950
17837.3051  -9.534408e-03  1.397285e-02  0.4949
17897.3051  -9.475348e-03  1.396083e-02  0.4949
17957.3051  -9.418498e-03  1.395209e-02  0.4949
18017.3051  -9.359692e-03  1.393920e-02  0.4949
18077.3051  -9.301892e-03  1.392988e-02  0.4949
18137.3051  -9.246468e-03  1.392045e-02  0.4949
18197.3051  -9.190863e-03  1.391472e-02  0.4949
18257.3051  -9.134883e-03  1.390524e-02  0.4949
18317.3050  -9.080124e-03  1.389590e-02  0.4950
18377.3051  -9.025396e-03  1.388688e-02  0.4949
18437.3051  -8.971742e-03  1.387816e-02  0.4949
18497.3051  -8.918208e-03  1.387384e-02  0.4949
18557.3051  -8.863332e-03  1.386612e-02  0.4949
18617.3050  -8.811225e-03  1.385914e-02  0.4950
18677.3051  -8.759429e-03  1.385284e-02  0.4949
18737.3051  -8.707693e-03  1.384344e-02  0.4949
18797.3051  -8.654849e-03  1.383905e-02  0.4949
18857.3051  -8.603722e-03  1.383167e-02  0.4949
18917.3051  -8.553119e-03  1.382946e-02  0.4949
18977.3050  -8.502798e-03  1.382450e-02  0.4950
19037.3051  -8.452787e-03  1.381686e-02  0.4949
19097.3051  -8.403470e-03  1.381473e-02  0.4949
19157.3051  -8.353373e-03  1.381008e-02  0.4949
19217.3051  -8.305259e-03  1.380303e-02  0.4949
19277.3050  -8.256453e-03  1.380170e-02  0.4950
19337.3051  -8.208192e-03  1.379818e-02  0.4949
19397.3051  -8.159708e-03  1.379244e-02  0.4949
19457.3051  -8.113023e-03  1.378878e-02  0.4949
19517.3051  -8.064684e-03  1.378720e-02  0.4949
19577.3051  -8.018582e-03  1.378367e-02  0.4949
19637.3051  -7.972078e-03  1.378244e-02  0.4949
19697.3051  -7.926374e-03  1.377940e-02  0.4949
19757.3051  -7.880731e-03  1.377890e-02  0.4949
19817.3050  -7.834450e-03  1.377675e-02  0.4950
19877.3051  -7.789467e-03  1.377309e-02  0.4949
19937.3051  -7.744307e-03  1.377213e-02  0.4949
19997.3051  -7.700529e-03  1.376977e-02  0.4949
20057.3051  -7.655131e-03  1.377044e-02  0.4949
20117.3051  -7.612330e-03  1.376981e-02  0.4949
20177.3051  -7.568385e-03  1.376803e-02  0.4949
20237.3051  -7.525583e-03  1.376948e-02  0.4949
20297.3051  -7.481740e-03  1.376988e-02  0.4949
20357.3050  -7.440617e-03  1.376939e-02  0.4950
20417.3051  -7.398114e-03  1.376803e-02  0.4949
20477.3050  -7.354717e-03  1.377022e-02  0.4950
20537.3051  -7.314119e-03  1.377173e-02  0.4949
20597.3051  -7.272679e-03  1.377257e-02  0.4949
20657.3051  -7.231127e-03  1.377285e-02  0.4949
20717.3051  -7.190311e-03  1.377267e-02  0.4949
20777.3051  -7.149861e-03  1.377643e-02  0.4949
20837.3051  -7.108303e-03  1.377992e-02  0.4949
20897.3051  -7.068687e-03  1.377870e-02  0.4949
20957.3051  -7.029521e-03  1.378171e-02  0.4949
21017.3050  -6.989787e-03  1.378458e-02  0.4950
21077.3051  -6.950162e-03  1.378740e-02  0.4949
21137.3051  -6.911527e-03  1.379028e-02  0.4949
21197.3051  -6.870952e-03  1.379321e-02  0.4949
21257.3051  -6.833531e-03  1.379630e-02  0.4949
21317.3050  -6.794252e-03  1.379965e-02  0.4950
21377.3051  -6.755652e-03  1.380327e-02  0.4949
21437.3051  -6.719251e-03  1.380730e-02  0.4949
21497.3051  -6.682117e-03  1.381173e-02  0.4949
21557.3051  -6.643254e-03  1.381670e-02  0.4949
21617.3051  -6.605665e-03  1.381763e-02  0.4949
21677.3050  -6.569909e-03  1.382379e-02  0.4950
21737.3051  -6.532523e-03  1.382608e-02  0.4949
21797.3051  -6.495044e-03  1.383374e-02  0.4949
21857.3051  -6.459930e-03  1.383760e-02  0.4949
21917.3051  -6.422840e-03  1.384238e-02  0.4949
21977.3050  -6.387173e-03  1.384819e-02  0.4950
22037.3051  -6.351055e-03  1.385500e-02  0.4949
22097.3051  -6.317396e-03  1.385824e-02  0.4949
22157.3051  -6.281367e-03  1.386266e-02  0.4949
22217.3051  -6.245930e-03  1.386830e-02  0.4949
22277.3051  -6.212067e-03  1.387528e-02  0.4949
22337.3051  -6.176889e-03  1.388361e-02  0.4949
22397.3051  -6.142862e-03  1.388866e-02  0.4949
22457.3051  -6.107579e-03  1.389520e-02  0.4949
22517.3050  -6.073494e-03  1.390329e-02  0.4950
22577.3051  -6.039662e-03  1.390828e-02  0.4949
22637.3051  -6.006112e-03  1.391486e-02  0.4949
22697.3051  -5.972378e-03  1.392332e-02  0.4949
22757.3051  -5.938976e-03  1.393353e-02  0.4949
22817.3051  -5.905438e-03  1.394085e-02  0.4949
22877.3051  -5.873727e-03  1.394520e-02  0.4949
22937.3051  -5.839533e-03  1.395651e-02  0.4949
22997.3051  -5.808145e-03  1.396006e-02  0.4949
23057.3050  -5.774860e-03  1.397063e-02  0.4950
23117.3051  -5.742459e-03  1.397852e-02  0.4949
23177.3050  -5.711097e-03  1.398867e-02  0.4950
23237.3051  -5.678287e-03  1.399624e-02  0.4949
23297.3051  -5.647479e-03  1.400618e-02  0.4949
23357.3051  -5.614386e-03  1.401365e-02  0.4949
23417.3051  -5.584217e-03  1.402358e-02  0.4949
23477.3051  -5.553243e-03  1.403108e-02  0.4949
23537.3051  -5.520580e-03  1.404123e-02  0.4949
23597.3051  -5.490374e-03  1.404901e-02  0.4949
23657.3051  -5.459969e-03  1.405951e-02  0.4949
23717.3050  -5.429716e-03  1.406789e-02  0.4950
23777.3051  -5.397890e-03  1.407909e-02  0.4949
23837.3051  -5.367696e-03  1.408813e-02  0.4949
23897.3051  -5.338282e-03  1.410018e-02  0.4949
23957.3051  -5.308219e-03  1.411019e-02  0.4949
24017.3050  -5.278426e-03  1.411820e-02  0.4950
24077.3051  -5.248589e-03  1.412937e-02  0.4949
24137.3051  -5.218181e-03  1.413862e-02  0.4949
24197.3051  -5.189506e-03  1.415120e-02  0.4949
24257.3051  -5.160295e-03  1.416193e-02  0.4949
24317.3051  -5.131143e-03  1.417081e-02  0.4949
24377.3050  -5.100928e-03  1.418322e-02  0.4950
24437.3051  -5.073082e-03  1.419396e-02  0.4949
24497.3051  -5.044780e-03  1.420302e-02  0.4949
24557.3051  -5.016043e-03  1.421573e-02  0.4949
24617.3051  -4.986890e-03  1.422690e-02  0.4949
24677.3050  -4.958751e-03  1.424178e-02  0.4950
24737.3051  -4.930233e-03  1.424997e-02  0.4949
24797.3051  -4.902776e-03  1.426199e-02  0.4949
24857.3051  -4.874132e-03  1.427256e-02  0.4949
24917.3051  -4.846011e-03  1.428724e-02  0.4949
24977.3051  -4.818974e-03  1.430054e-02  0.4949
25037.3051  -4.791659e-03  1.431265e-02  0.4949
25097.3051  -4.764059e-03  1.432344e-02  0.4949
25157.3051  -4.735401e-03  1.433858e-02  0.4949
25217.3050  -4.708723e-03  1.434710e-02  0.4950
25277.3051  -4.681810e-03  1.435988e-02  0.4949
25337.3051  -4.655291e-03  1.437720e-02  0.4949
25397.3051  -4.627190e-03  1.438800e-02  0.4949
25457.3051  -4.601120e-03  1.439783e-02  0.4949
25517.3051  -4.574076e-03  1.441228e-02  0.4949
25577.3051  -4.548300e-03  1.442571e-02  0.4949
25637.3051  -4.521603e-03  1.443844e-02  0.4949
25697.3051  -4.495594e-03  1.445581e-02  0.4949
25757.3050  -4.469479e-03  1.446686e-02  0.4950
25817.3051  -4.442508e-03  1.448280e-02  0.4949
25877.3050  -4.416865e-03  1.449259e-02  0.4950
25937.3051  -4.391162e-03  1.450724e-02  0.4949
25997.3051  -4.365439e-03  1.452126e-02  0.4949
26057.3051  -4.338905e-03  1.453468e-02  0.4949
26117.3051  -4.314530e-03  1.454768e-02  0.4949
26177.3051  -4.288018e-03  1.456578e-02  0.4949
26237.3051  -4.262902e-03  1.457791e-02  0.4949
26297.3051  -4.237824e-03  1.459526e-02  0.4949
26357.3051  -4.212031e-03  1.460649e-02  0.4949
26417.3050  -4.187685e-03  1.462310e-02  0.4950
26477.3051  -4.162040e-03  1.463388e-02  0.4949
26537.3051  -4.137865e-03  1.465003e-02  0.4949
26597.3051  -4.112405e-03  1.466595e-02  0.4949
26657.3051  -4.087698e-03  1.468182e-02  0.4949
26717.3050  -4.063110e-03  1.469750e-02  0.4950
26777.3051  -4.039303e-03  1.471310e-02  0.4949
26837.3051  -4.015017e-03  1.472287e-02  0.4949
26897.3051  -3.990153e-03  1.473842e-02  0.4949
26957.3051  -3.966088e-03  1.475412e-02  0.4949
27017.3051  -3.941603e-03  1.476973e-02  0.4949
27077.3050  -3.917953e-03  1.478550e-02  0.4950
27137.3051  -3.893775e-03  1.480148e-02  0.4949
27197.3051  -3.870562e-03  1.481759e-02  0.4949
27257.3051  -3.846128e-03  1.483401e-02  0.4949
27317.3051  -3.822680e-03  1.485061e-02  0.4949
27377.3050  -3.798770e-03  1.486755e-02  0.4950
27437.3051  -3.775126e-03  1.487883e-02  0.4949
27497.3051  -3.751769e-03  1.489654e-02  0.4949
27557.3051  -3.727991e-03  1.491452e-02  0.4949
27617.3051  -3.705169e-03  1.492708e-02  0.4949
27677.3051  -3.682024e-03  1.494615e-02  0.4949
27737.3051  -3.658484e-03  1.495967e-02  0.4949
27797.3051  -3.635935e-03  1.497386e-02  0.4949
27857.3051  -3.612383e-03  1.499454e-02  0.4949
27917.3050  -3.589197e-03  1.500977e-02  0.4950
27977.3051  -3.567023e-03  1.502586e-02  0.4949
28037.3051  -3.543892e-03  1.504255e-02  0.4949
28097.3051  -3.521797e-03  1.505988e-02  0.4949
28157.3051  -3.498742e-03  1.507218e-02  0.4949
28217.3051  -3.475420e-03  1.509111e-02  0.4949
28277.3051  -3.453863e-03  1.510496e-02  0.4949
28337.3051  -3.431389e-03  1.512565e-02  0.4949
28397.3051  -3.408669e-03  1.514130e-02  0.4949
28457.3050  -3.387053e-03  1.515776e-02  0.4950
28517.3051  -3.364553e-03  1.517534e-02  0.4949
28577.3050  -3.342526e-03  1.519373e-02  0.4950
28637.3051  -3.320286e-03  1.520726e-02  0.4949
28697.3051  -3.297871e-03  1.522790e-02  0.4949
28757.3051  -3.275934e-03  1.524352e-02  0.4949
28817.3051  -3.253844e-03  1.526026e-02  0.4949
28877.3051  -3.232262e-03  1.527824e-02  0.4949
28937.3051  -3.211206e-03  1.529139e-02  0.4949
28997.3051  -3.189346e-03  1.531175e-02  0.4949
29057.3051  -3.168688e-03  1.532732e-02  0.4949
29117.3050  -3.145909e-03  1.534421e-02  0.4950
29177.3051  -3.125036e-03  1.536235e-02  0.4949
29237.3051  -3.103380e-03  1.537578e-02  0.4949
29297.3051  -3.081644e-03  1.539678e-02  0.4949
29357.3051  -3.061832e-03  1.541309e-02  0.4949
29417.3050  -3.039952e-03  1.543069e-02  0.4950
29477.3051  -3.019331e-03  1.544994e-02  0.4949
29537.3051  -2.996680e-03  1.546446e-02  0.4949
29597.3051  -2.975974e-03  1.548040e-02  0.4949
29657.3051  -2.955894e-03  1.549822e-02  0.4949
29717.3051  -2.934455e-03  1.551751e-02  0.4949
29777.3050  -2.914347e-03  1.553220e-02  0.4950
29837.3051  -2.893556e-03  1.554852e-02  0.4949
29897.3051  -2.872769e-03  1.556682e-02  0.4949
29957.3051  -2.852008e-03  1.558662e-02  0.4949
30017.3051  -2.830590e-03  1.560207e-02  0.4949
30077.3050  -2.810534e-03  1.561904e-02  0.4950
30137.3051  -2.789203e-03  1.563809e-02  0.4949
30197.3051  -2.768554e-03  1.565273e-02  0.4949
30257.3051  -2.749305e-03  1.566922e-02  0.4949
30317.3051  -2.728108e-03  1.568758e-02  0.4949
30377.3051  -2.707688e-03  1.570790e-02  0.4949
30437.3051  -2.688604e-03  1.572404e-02  0.4949
30497.3051  -2.667687e-03  1.574188e-02  0.4949
30557.3051  -2.647483e-03  1.575566e-02  0.4949
30617.3050  -2.627414e-03  1.577793e-02  0.4950
30677.3051  -2.607464e-03  1.579582e-02  0.4949
30737.3051  -2.586935e-03  1.580952e-02  0.4949
30797.3051  -2.567875e-03  1.582516e-02  0.4949
30857.3051  -2.547650e-03  1.584327e-02  0.4949
30917.3051  -2.528187e-03  1.586352e-02  0.4949
30977.3051  -2.507575e-03  1.587949e-02  0.4949
31037.3051  -2.488451e-03  1.589773e-02  0.4949
31097.3051  -2.468195e-03  1.591197e-02  0.4949
31157.3050  -2.448727e-03  1.592834e-02  0.4950
31217.3051  -2.429462e-03  1.594736e-02  0.4949
31277.3050  -2.409090e-03  1.596214e-02  0.4950
31337.3051  -2.388926e-03  1.597940e-02  0.4949
31397.3051  -2.369574e-03  1.599928e-02  0.4949
31457.3051  -2.350455e-03  1.601462e-02  0.4949
31517.3051  -2.331576e-03  1.603281e-02  0.4949
31577.3051  -2.311619e-03  1.604706e-02  0.4949
31637.3051  -2.292496e-03  1.606375e-02  0.4949
31697.3051  -2.272323e-03  1.608321e-02  0.4949
31757.3051  -2.253732e-03  1.609861e-02  0.4949
31817.3050  -2.234094e-03  1.611670e-02  0.4950
31877.3051  -2.215311e-03  1.613069e-02  0.4949
31937.3051  -2.196818e-03  1.614749e-02  0.4949
31997.3051  -2.177311e-03  1.616047e-02  0.4949
32057.3051  -2.158097e-03  1.617602e-02  0.4949
32117.3050  -2.139183e-03  1.619466e-02  0.4950
32177.3051  -2.119854e-03  1.620934e-02  0.4949
32237.3051  -2.100264e-03  1.622680e-02  0.4949
32297.3051  -2.081579e-03  1.624055e-02  0.4949
32357.3051  -2.063231e-03  1.625715e-02  0.4949
32417.3051  -2.043897e-03  1.627674e-02  0.4949
32477.3050  -2.025494e-03  1.629258e-02  0.4950
32537.3051  -2.006856e-03  1.630462e-02  0.4949
32597.3051  -1.987854e-03  1.631955e-02  0.4949
32657.3051  -1.969198e-03  1.633796e-02  0.4949
32717.3051  -1.950917e-03  1.635221e-02  0.4949
32777.3050  -1.931715e-03  1.636988e-02  0.4950
32837.3051  -1.913447e-03  1.638367e-02  0.4949
32897.3051  -1.895004e-03  1.640072e-02  0.4949
32957.3051  -1.876215e-03  1.641413e-02  0.4949
33017.3051  -1.857831e-03  1.642383e-02  0.4949
33077.3051  -1.839282e-03  1.644362e-02  0.4949
33137.3051  -1.820404e-03  1.645298e-02  0.4949
33197.3051  -1.802498e-03  1.647250e-02  0.4949
33257.3051  -1.784460e-03  1.648164e-02  0.4949
33317.3050  -1.765558e-03  1.650078e-02  0.4950
33377.3051  -1.747619e-03  1.650971e-02  0.4949
33437.3051  -1.728295e-03  1.652910e-02  0.4949
33497.3051  -1.709943e-03  1.653785e-02  0.4949
33557.3051  -1.692059e-03  1.655006e-02  0.4949
33617.3051  -1.674613e-03  1.656560e-02  0.4949
33677.3051  -1.656339e-03  1.657804e-02  0.4949
33737.3051  -1.638525e-03  1.659379e-02  0.4949
33797.3051  -1.619896e-03  1.660615e-02  0.4949
33857.3050  -1.601739e-03  1.662183e-02  0.4950
33917.3051  -1.582777e-03  1.663452e-02  0.4949
33977.3050  -1.566123e-03  1.664337e-02  0.4950
34037.3051  -1.546839e-03  1.665640e-02  0.4949
34097.3051  -1.529880e-03  1.666566e-02  0.4949
34157.3051  -1.511600e-03  1.667862e-02  0.4949
34217.3051  -1.493056e-03  1.668863e-02  0.4949
34277.3051  -1.476322e-03  1.670192e-02  0.4949
34337.3051  -1.456996e-03  1.671194e-02  0.4949
34397.3051  -1.440011e-03  1.672611e-02  0.4949
34457.3051  -1.422258e-03  1.673689e-02  0.4949
34517.3050  -1.403741e-03  1.674402e-02  0.4950
34577.3051  -1.387057e-03  1.675527e-02  0.4949
34637.3051  -1.368330e-03  1.677075e-02  0.4949
34697.3051  -1.351433e-03  1.677543e-02  0.4949
34757.3051  -1.333805e-03  1.679136e-02  0.4949
34817.3050  -1.315439e-03  1.679694e-02  0.4950
34877.3051  -1.297639e-03  1.680636e-02  0.4949
34937.3051  -1.280399e-03  1.681993e-02  0.4949
34997.3051  -1.262436e-03  1.682317e-02  0.4949
35057.3051  -1.245040e-03  1.683768e-02  0.4949
35117.3051  -1.226943e-03  1.684187e-02  0.4949
35177.3050  -1.209435e-03  1.684991e-02  0.4950
35237.3051  -1.192496e-03  1.686216e-02  0.4949
35297.3051  -1.174869e-03  1.686456e-02  0.4949
35357.3051  -1.156548e-03  1.687784e-02  0.4949
35417.3051  -1.138832e-03  1.688084e-02  0.4949
35477.3050  -1.121714e-03  1.688855e-02  0.4950
35537.3051  -1.103914e-03  1.689247e-02  0.4949
35597.3051  -1.086732e-03  1.690123e-02  0.4949
35657.3051  -1.070160e-03  1.690672e-02  0.4949
35717.3051  -1.051637e-03  1.691656e-02  0.4949
35777.3051  -1.035026e-03  1.691954e-02  0.4949
35837.3051  -1.017742e-03  1.692454e-02  0.4949
35897.3051  -9.998260e-04  1.692983e-02  0.4949
35957.3051  -9.825276e-04  1.693396e-02  0.4949
36017.3050  -9.653902e-04  1.693874e-02  0.4950
36077.3051  -9.480935e-04  1.694281e-02  0.4949
36137.3051  -9.314487e-04  1.694655e-02  0.4949
36197.3051  -9.141560e-04  1.694962e-02  0.4949
36257.3051  -8.970557e-04  1.695278e-02  0.4949
36317.3051  -8.797948e-04  1.695540e-02  0.4949
36377.3051  -8.614455e-04  1.695806e-02  0.4949
36437.3051  -8.450350e-04  1.696008e-02  0.4949
36497.3051  -8.272048e-04  1.696229e-02  0.4949
36557.3050  -8.108451e-04  1.696316e-02  0.4950
36617.3051  -7.926119e-04  1.696412e-02  0.4949
36677.3050  -7.763413e-04  1.696571e-02  0.4950
36737.3051  -7.581817e-04  1.696551e-02  0.4949
36797.3051  -7.419904e-04  1.696549e-02  0.4949
36857.3051  -7.252055e-04  1.696536e-02  0.4949
36917.3051  -7.078306e-04  1.696408e-02  0.4949
36977.3051  -6.911566e-04  1.696350e-02  0.4949
37037.3051  -6.734371e-04  1.696158e-02  0.4949
37097.3051  -6.568763e-04  1.695982e-02  0.4949
37157.3051  -6.392789e-04  1.695748e-02  0.4949
37217.3050  -6.223967e-04  1.695436e-02  0.4950
37277.3051  -6.054039e-04  1.695143e-02  0.4949
37337.3051  -5.886618e-04  1.694789e-02  0.4949
37397.3051  -5.713695e-04  1.694361e-02  0.4949
37457.3051  -5.547921e-04  1.693955e-02  0.4949
37517.3050  -5.372063e-04  1.693477e-02  0.4950
37577.3051  -5.207946e-04  1.692882e-02  0.4949
37637.3051  -5.033943e-04  1.692351e-02  0.4949
37697.3051  -4.858985e-04  1.691754e-02  0.4949
37757.3051  -4.686834e-04  1.691097e-02  0.4949
37817.3051  -4.522014e-04  1.690381e-02  0.4949
37877.3050  -4.351947e-04  1.689599e-02  0.4950
37937.3051  -4.189262e-04  1.688826e-02  0.4949
37997.3051  -4.021267e-04  1.687988e-02  0.4949
38057.3051  -3.843688e-04  1.687089e-02  0.4949
38117.3051  -3.677880e-04  1.686123e-02  0.4949
38177.3050  -3.502564e-04  1.685094e-02  0.4950
38237.3051  -3.334890e-04  1.684075e-02  0.4949
38297.3051  -3.174648e-04  1.682923e-02  0.4949
38357.3051  -2.996688e-04  1.681835e-02  0.4949
38417.3051  -2.839023e-04  1.680626e-02  0.4949
38477.3051  -2.659239e-04  1.679406e-02  0.4949
38537.3051  -2.491444e-04  1.678139e-02  0.4949
38597.3051  -2.327109e-04  1.676798e-02  0.4949
38657.3051  -2.157785e-04  1.675325e-02  0.4949
38717.3050  -1.996183e-04  1.673855e-02  0.4950
38777.3051  -1.812654e-04  1.672284e-02  0.4949
38837.3051  -1.653966e-04  1.670770e-02  0.4949
38897.3051  -1.486164e-04  1.669194e-02  0.4949
38957.3051  -1.313532e-04  1.667507e-02  0.4949
39017.3051  -1.147985e-04  1.663299e-02  0.4949
39077.3051  -9.767718e-05  1.662482e-02  0.4949
39137.3051  -8.155481e-05  1.664790e-02  0.4949
39197.3051  -6.468048e-05  1.661873e-02  0.4949
39257.3050  -4.629662e-05  1.622560e-02  0.4950
39317.3051  -2.724856e-05  1.627065e-02  0.4949
39377.3050  -1.022528e-05  1.691672e-02  0.4950
39437.3051  3.414524e-06  1.685071e-02  0.4949
39497.3051  2.706611e-05  1.260392e-02  0.4949
39557.3051  7.518198e-05  6.133669e-03  0.4949
39617.3051  1.395246e-04  4.490212e-03  0.4949
39677.3051  1.952495e-04  9.709046e-03  0.4949
39737.3051  2.270011e-04  1.597201e-02  0.4949
39797.3051  2.428982e-04  1.709855e-02  0.4949
39857.3051  2.583743e-04  1.631270e-02  0.4949
39917.3050  2.776403e-04  1.579434e-02  0.4950
39977.3051  2.959147e-04  1.627231e-02  0.4949
40037.3051  3.128592e-04  1.637986e-02  0.4949
40097.3051  3.306316e-04  1.629832e-02  0.4949
40157.3051  3.478153e-04  1.621814e-02  0.4949
40217.3050  3.641903e-04  1.622787e-02  0.4950
40277.3051  3.825340e-04  1.620545e-02  0.4949
40337.3051  3.996463e-04  1.617197e-02  0.4949
40397.3051  4.163329e-04  1.613698e-02  0.4949
40457.3051  4.334409e-04  1.610415e-02  0.4949
40517.3051  4.513848e-04  1.606994e-02  0.4949
40577.3050  4.680850e-04  1.603423e-02  0.4950
40637.3051  4.856076e-04  1.599778e-02  0.4949
40697.3051  5.022794e-04  1.596066e-02  0.4949
40757.3051  5.197786e-04  1.592362e-02  0.4949
40817.3051  5.360317e-04  1.588525e-02  0.4949
40877.3050  5.543601e-04  1.584616e-02  0.4950
40937.3051  5.705789e-04  1.580640e-02  0.4949
40997.3051  5.888663e-04  1.576612e-02  0.4949
41057.3051  6.059056e-04  1.572440e-02  0.4949
41117.3051  6.224934e-04  1.568274e-02  0.4949
41177.3051  6.398662e-04  1.563899e-02  0.4949
41237.3051  6.572641e-04  1.559600e-02  0.4949
41297.3051  6.741795e-04  1.555169e-02  0.4949
41357.3051  6.915132e-04  1.550677e-02  0.4949
41417.3050  7.092413e-04  1.546124e-02  0.4950
41477.3051  7.264907e-04  1.541431e-02  0.4949
41537.3051  7.437637e-04  1.536672e-02  0.4949
41597.3051  7.609318e-04  1.531852e-02  0.4949
41657.3051  7.781219e-04  1.526984e-02  0.4949
41717.3051  7.948126e-04  1.521953e-02  0.4949
41777.3051  8.131631e-04  1.516963e-02  0.4949
41837.3051  8.293839e-04  1.511753e-02  0.4949
41897.3051  8.472630e-04  1.506558e-02  0.4949
41957.3050  8.646453e-04  1.501305e-02  0.4950
42017.3051  8.811455e-04  1.495927e-02  0.4949
42077.3050  8.984179e-04  1.490460e-02  0.4950
42137.3051  9.160676e-04  1.484889e-02  0.4949
42197.3051  9.341056e-04  1.479330e-02  0.4949
42257.3051  9.512686e-04  1.473634e-02  0.4949
42317.3051  9.679099e-04  1.467811e-02  0.4949
42377.3051  9.862100e-04  1.461985e-02  0.4949
42437.3051  1.003620e-03  1.456057e-02  0.4949
42497.3051  1.020514e-03  1.450056e-02  0.4949
42557.3051  1.037789e-03  1.443942e-02  0.4949
42617.3050  1.055445e-03  1.437763e-02  0.4950
42677.3051  1.072207e-03  1.431528e-02  0.4949
42737.3051  1.089720e-03  1.425092e-02  0.4949
42797.3051  1.107956e-03  1.418674e-02  0.4949
42857.3051  1.124949e-03  1.412216e-02  0.4949
42917.3050  1.142675e-03  1.405558e-02  0.4950
42977.3051  1.159501e-03  1.398912e-02  0.4949
43037.3051  1.177068e-03  1.392073e-02  0.4949
43097.3051  1.194995e-03  1.385335e-02  0.4949
43157.3051  1.212033e-03  1.378418e-02  0.4949
43217.3051  1.229443e-03  1.371352e-02  0.4949
43277.3050  1.247575e-03  1.364240e-02  0.4950
43337.3051  1.264814e-03  1.357033e-02  0.4949
43397.3051  1.282772e-03  1.349839e-02  0.4949
43457.3051  1.299823e-03  1.342448e-02  0.4949
43517.3051  1.317242e-03  1.335018e-02  0.4949
43577.3050  1.335373e-03  1.327548e-02  0.4950
43637.3051  1.352609e-03  1.319941e-02  0.4949
43697.3051  1.370210e-03  1.312231e-02  0.4949
43757.3051  1.388508e-03  1.304489e-02  0.4949
43817.3051  1.405908e-03  1.296644e-02  0.4949
43877.3051  1.423683e-03  1.288768e-02  0.4949
43937.3051  1.440888e-03  1.280747e-02  0.4949
43997.3051  1.458456e-03  1.272690e-02  0.4949
44057.3051  1.476712e-03  1.264532e-02  0.4949
44117.3050  1.494077e-03  1.256193e-02  0.4950
44177.3051  1.511793e-03  1.247918e-02  0.4949
44237.3051  1.529871e-03  1.239498e-02  0.4949
44297.3051  1.547393e-03  1.230993e-02  0.4949
44357.3051  1.565584e-03  1.222438e-02  0.4949
44417.3051  1.582551e-03  1.213810e-02  0.4949
44477.3051  1.600539e-03  1.205094e-02  0.4949
44537.3051  1.618545e-03  1.196241e-02  0.4949
44597.3051  1.635975e-03  1.187338e-02  0.4949
44657.3050  1.653776e-03  1.178415e-02  0.4950
44717.3051  1.672239e-03  1.169350e-02  0.4949
44777.3050  1.689807e-03  1.160250e-02  0.4950
44837.3051  1.707734e-03  1.151070e-02  0.4949
44897.3051  1.726331e-03  1.141706e-02  0.4949
44957.3051  1.744033e-03  1.132362e-02  0.4949
45017.3051  1.762402e-03  1.122979e-02  0.4949
45077.3051  1.779865e-03  1.113423e-02  0.4949
45137.3051  1.797684e-03  1.103875e-02  0.4949
45197.3051  1.816168e-03  1.094158e-02  0.4949
45257.3051  1.833756e-03  1.084515e-02  0.4949
45317.3050  1.852006e-03  1.074678e-02  0.4950
45377.3051  1.870613e-03  1.064770e-02  0.4949
45437.3051  1.888627e-03  1.054786e-02  0.4949
45497.3051  1.906682e-03  1.044732e-02  0.4949
45557.3051  1.924456e-03  1.034701e-02  0.4949
45617.3050  1.942274e-03  1.024544e-02  0.4950
45677.3051  1.960749e-03  1.014262e-02  0.4949
45737.3051  1.979892e-03  1.003967e-02  0.4949
45797.3051  1.998125e-03  9.935442e-03  0.4949
45857.3051  2.015450e-03  9.830932e-03  0.4949
45917.3051  2.034705e-03  9.726446e-03  0.4949
45977.3050  2.051786e-03  9.620587e-03  0.4950
46037.3051  2.070784e-03  9.513636e-03  0.4949
46097.3051  2.088885e-03  9.406120e-03  0.4949
46157.3051  2.107332e-03  9.299170e-03  0.4949
46217.3051  2.126441e-03  9.190293e-03  0.4949
46277.3050  2.144944e-03  9.080730e-03  0.4950
46337.3051  2.162224e-03  8.971570e-03  0.4949
46397.3051  2.181743e-03  8.860860e-03  0.4949
46457.3051  2.200042e-03  8.750121e-03  0.4949
46517.3051  2.217733e-03  8.638659e-03  0.4949
46577.3051  2.237360e-03  8.526025e-03  0.4949
46637.3051  2.256056e-03  8.413508e-03  0.4949
46697.3051  2.273856e-03  8.300023e-03  0.4949
46757.3051  2.292313e-03  8.183780e-03  0.4949
46817.3050  2.311413e-03  8.071087e-03  0.4950
46877.3051  2.329323e-03  7.958689e-03  0.4949
46937.3051  2.348169e-03  7.841948e-03  0.4949
46997.3051  2.367094e-03  7.665002e-03  0.4949
47057.3051  2.385685e-03  7.601559e-03  0.4949
47117.3051  2.404342e-03  7.549136e-03  0.4949
47177.3051  2.423651e-03  7.382628e-03  0.4949
47237.3051  2.442361e-03  7.162254e-03  0.4949
47297.3051  2.461407e-03  7.275256e-03  0.4949
47357.3050  2.480889e-03  5.816096e-03  0.4950
47417.3051  2.500427e-03  2.018512e-03  0.4949
47477.3050  2.520220e-03  -9.353501e-04  0.4950
47537.3051  2.541686e-03  -8.566153e-04  0.4949
47597.3051  2.562492e-03  8.306267e-04  0.4949
47657.3051  2.582134e-03  8.217305e-04  0.4949
47717.3051  2.603458e-03  3.360182e-04  0.4949
47777.3051  2.624213e-03  1.843293e-04  0.4949
47837.3051  2.644024e-03  2.392214e-04  0.4949
47897.3051  2.664453e-03  1.056209e-04  0.4949
47957.3051  2.685264e-03  -4.330798e-05  0.4949
48017.3050  2.705438e-03  -1.661120e-04  0.4950
48077.3051  2.725978e-03  -2.890357e-04  0.4949
48137.3051  2.747161e-03  -4.201628e-04  0.4949
48197.3051  2.767443e-03  -5.506860e-04  0.4949
48257.3051  2.788085e-03  -6.791763e-04  0.4949
48317.3050  2.809655e-03  -8.045839e-04  0.4950
48377.3051  2.830041e-03  -9.323344e-04  0.4949
48437.3051  2.851073e-03  -1.066833e-03  0.4949
48497.3051  2.871476e-03  -1.200608e-03  0.4949
48557.3051  2.892255e-03  -1.331250e-03  0.4949
48617.3051  2.913678e-03  -1.460918e-03  0.4949
48677.3050  2.934193e-03  -1.590334e-03  0.4950
48737.3051  2.955354e-03  -1.721032e-03  0.4949
48797.3051  2.975631e-03  -1.851626e-03  0.4949
48857.3051  2.996267e-03  -1.981980e-03  0.4949
48917.3051  3.017561e-03  -2.112186e-03  0.4949
48977.3050  3.038221e-03  -2.242521e-03  0.4950
49037.3051  3.059254e-03  -2.373134e-03  0.4949
49097.3051  3.080956e-03  -2.502048e-03  0.4949
49157.3051  3.101749e-03  -2.630804e-03  0.4949
49217.3051  3.123114e-03  -2.759128e-03  0.4949
49277.3051  3.144912e-03  -2.894645e-03  0.4949
49337.3051  3.166203e-03  -3.026250e-03  0.4949
49397.3051  3.186453e-03  -3.132558e-03  0.4949
49457.3051  3.208237e-03  -3.249313e-03  0.4949
49517.3050  3.228154e-03  -3.395544e-03  0.4950
49577.3051  3.249775e-03  -3.537583e-03  0.4949
49637.3051  3.271134e-03  -3.633591e-03  0.4949
49697.3051  3.292876e-03  -3.791271e-03  0.4949
49757.3051  3.313743e-03  -3.931285e-03  0.4949
49817.3051  3.335275e-03  -4.052361e-03  0.4949
49877.3051  3.357446e-03  -4.174979e-03  0.4949
49937.3051  3.378741e-03  -4.307976e-03  0.4949
49997.3051  3.400680e-03  -4.444740e-03  0.4949
50057.3050  3.421757e-03  -4.564108e-03  0.4950
50117.3051  3.443231e-03  -4.686050e-03  0.4949
50177.3050  3.465607e-03  -4.819059e-03  0.4950
50237.3051  3.486870e-03  -4.940074e-03  0.4949
50297.3051  3.509032e-03  -5.073078e-03  0.4949
50357.3051  3.530329e-03  -5.206978e-03  0.4949
50417.3051  3.552032e-03  -5.323859e-03  0.4949
50477.3051  3.574394e-03  -5.445391e-03  0.4949
50537.3051  3.596133e-03  -5.577653e-03  0.4949
50597.3051  3.618296e-03  -5.710130e-03  0.4949
50657.3051  3.639599e-03  -5.825406e-03  0.4949
50717.3050  3.661788e-03  -5.946990e-03  0.4950
50777.3051  3.682897e-03  -6.076877e-03  0.4949
50837.3051  3.706181e-03  -6.203437e-03  0.4949
50897.3051  3.727324e-03  -6.322097e-03  0.4949
50957.3051  3.750175e-03  -6.442966e-03  0.4949
51017.3050  3.772420e-03  -6.570160e-03  0.4950
51077.3051  3.794034e-03  -6.693482e-03  0.4949
51137.3051  3.816088e-03  -6.814949e-03  0.4949
51197.3051  3.838584e-03  -6.936031e-03  0.4949
51257.3051  3.860692e-03  -7.058525e-03  0.4949
51317.3051  3.883246e-03  -7.180099e-03  0.4949
51377.3050  3.906236e-03  -7.300629e-03  0.4950
51437.3051  3.928613e-03  -7.420968e-03  0.4949
51497.3051  3.951666e-03  -7.541417e-03  0.4949
51557.3051  3.973882e-03  -7.660603e-03  0.4949
51617.3051  3.996778e-03  -7.779782e-03  0.4949
51677.3050  4.018829e-03  -7.898957e-03  0.4950
51737.3051  4.041562e-03  -8.016946e-03  0.4949
51797.3051  4.064978e-03  -8.134816e-03  0.4949
51857.3051  4.087565e-03  -8.252653e-03  0.4949
51917.3051  4.109315e-03  -8.369301e-03  0.4949
51977.3051  4.133276e-03  -8.485811e-03  0.4949
52037.3051  4.156402e-03  -8.601217e-03  0.4949
52097.3051  4.178708e-03  -8.717635e-03  0.4949
52157.3051  4.201694e-03  -8.832832e-03  0.4949
52217.3050  4.225384e-03  -8.946800e-03  0.4950
52277.3051  4.248248e-03  -9.061696e-03  0.4949
52337.3051  4.270512e-03  -9.175487e-03  0.4949
52397.3051  4.294558e-03  -9.288104e-03  0.4949
52457.3051  4.318217e-03  -9.401566e-03  0.4949
52517.3051  4.340847e-03  -9.513828e-03  0.4949
52577.3051  4.364400e-03  -9.624991e-03  0.4949
52637.3051  4.386930e-03  -9.736893e-03  0.4949
52697.3051  4.410362e-03  -9.847585e-03  0.4949
52757.3050  4.434306e-03  -9.957186e-03  0.4950
52817.3051  4.457647e-03  -1.006764e-02  0.4949
52877.3050  4.481494e-03  -1.017685e-02  0.4950
52937.3051  4.504753e-03  -1.028489e-02  0.4949
52997.3051  4.528726e-03  -1.039276e-02  0.4949
53057.3051  4.553201e-03  -1.050042e-02  0.4949
53117.3051  4.575801e-03  -1.060791e-02  0.4949
53177.3051  4.600212e-03  -1.071405e-02  0.4949
53237.3051  4.624030e-03  -1.082105e-02  0.4949
53297.3051  4.648583e-03  -1.092599e-02  0.4949
53357.3051  4.672544e-03  -1.103158e-02  0.4949
53417.3050  4.695731e-03  -1.113585e-02  0.4950
53477.3051  4.720757e-03  -1.123907e-02  0.4949
53537.3051  4.743892e-03  -1.134295e-02  0.4949
53597.3051  4.769078e-03  -1.144560e-02  0.4949
53657.3051  4.792374e-03  -1.154811e-02  0.4949
53717.3050  4.817522e-03  -1.164921e-02  0.4950
53777.3051  4.842091e-03  -1.175018e-02  0.4949
53837.3051  4.865914e-03  -1.185093e-02  0.4949
53897.3051  4.890469e-03  -1.195156e-02  0.4949
53957.3051  4.915771e-03  -1.205057e-02  0.4949
54017.3051  4.940312e-03  -1.214958e-02  0.4949
54077.3050  4.964305e-03  -1.224728e-02  0.4950
54137.3051  4.989039e-03  -1.234565e-02  0.4949
54197.3051  5.014342e-03  -1.244297e-02  0.4949
54257.3051  5.039080e-03  -1.253878e-02  0.4949
54317.3051  5.063276e-03  -1.263538e-02  0.4949
54377.3050  5.089353e-03  -1.273082e-02  0.4950
54437.3051  5.113556e-03  -1.282595e-02  0.4949
54497.3051  5.138536e-03  -1.291976e-02  0.4949
54557.3051  5.164095e-03  -1.301336e-02  0.4949
54617.3051  5.189110e-03  -1.310661e-02  0.4949
54677.3051  5.214829e-03  -1.319955e-02  0.4949
54737.3051  5.239956e-03  -1.329131e-02  0.4949
54797.3051  5.265779e-03  -1.338336e-02  0.4949
54857.3051  5.291015e-03  -1.347363e-02  0.4949
54917.3050  5.315635e-03  -1.356443e-02  0.4950
54977.3051  5.342339e-03  -1.365384e-02  0.4949
55037.3051  5.367113e-03  -1.374321e-02  0.4949
55097.3051  5.393949e-03  -1.383208e-02  0.4949
55157.3051  5.418859e-03  -1.392061e-02  0.4949
55217.3051  5.444545e-03  -1.400774e-02  0.4949
55277.3051  5.470953e-03  -1.409485e-02  0.4949
55337.3051  5.496780e-03  -1.418139e-02  0.4949
55397.3051  5.523376e-03  -1.426683e-02  0.4949
55457.3050  5.549397e-03  -1.435178e-02  0.4950
55517.3051  5.574840e-03  -1.443728e-02  0.4949
55577.3050  5.601065e-03  -1.452084e-02  0.4950
55637.3051  5.628032e-03  -1.460481e-02  0.4949
55697.3051  5.654446e-03  -1.468755e-02  0.4949
55757.3051  5.680313e-03  -1.476989e-02  0.4949
55817.3051  5.706955e-03  -1.485191e-02  0.4949
55877.3051  5.734370e-03  -1.493349e-02  0.4949
55937.3051  5.761242e-03  -1.501401e-02  0.4949
55997.3051  5.787562e-03  -1.509481e-02  0.4949
56057.3051  5.814692e-03  -1.517432e-02  0.4949
56117.3050  5.841272e-03  -1.525362e-02  0.4950
56177.3051  5.868653e-03  -1.533197e-02  0.4949
56237.3051  5.895508e-03  -1.541028e-02  0.4949
56297.3051  5.921823e-03  -1.548763e-02  0.4949
56357.3051  5.948964e-03  -1.556448e-02  0.4949
56417.3050  5.976894e-03  -1.564130e-02  0.4950
56477.3051  6.004322e-03  -1.571716e-02  0.4949
56537.3051  6.031225e-03  -1.579223e-02  0.4949
56597.3051  6.058966e-03  -1.586754e-02  0.4949
56657.3051  6.086203e-03  -1.594173e-02  0.4949
56717.3051  6.114247e-03  -1.601535e-02  0.4949
56777.3050  6.141817e-03  -1.608861e-02  0.4950
56837.3051  6.170217e-03  -1.616145e-02  0.4949
56897.3051  6.198112e-03  -1.623391e-02  0.4949
56957.3051  6.225541e-03  -1.630542e-02  0.4949
57017.3051  6.253811e-03  -1.637711e-02  0.4949
57077.3050  6.281585e-03  -1.644747e-02  0.4950
57137.3051  6.310234e-03  -1.651756e-02  0.4949
57197.3051  6.338407e-03  -1.658802e-02  0.4949
57257.3051  6.367438e-03  -1.665736e-02  0.4949
57317.3051  6.396024e-03  -1.672513e-02  0.4949
57377.3051  6.424119e-03  -1.679335e-02  0.4949
57437.3051  6.453109e-03  -1.686131e-02  0.4949
57497.3051  6.481640e-03  -1.692890e-02  0.4949
57557.3051  6.511063e-03  -1.699532e-02  0.4949
57617.3050  6.540047e-03  -1.706191e-02  0.4950
57677.3051  6.568569e-03  -1.712747e-02  0.4949
57737.3051  6.597997e-03  -1.719303e-02  0.4949
57797.3051  6.626995e-03  -1.725760e-02  0.4949
57857.3051  6.655555e-03  -1.732190e-02  0.4949
57917.3051  6.685034e-03  -1.738629e-02  0.4949
57977.3051  6.715449e-03  -1.744932e-02  0.4949
58037.3051  6.744071e-03  -1.751207e-02  0.4949
58097.3051  6.773625e-03  -1.757503e-02  0.4949
58157.3050  6.804129e-03  -1.763692e-02  0.4950
58217.3051  6.834219e-03  -1.769831e-02  0.4949
58277.3050  6.863898e-03  -1.775947e-02  0.4950
58337.3051  6.893182e-03  -1.782075e-02  0.4949
58397.3051  6.923434e-03  -1.788077e-02  0.4949
58457.3051  6.954636e-03  -1.794016e-02  0.4949
58517.3051  6.984095e-03  -1.800024e-02  0.4949
58577.3051  7.014512e-03  -1.805860e-02  0.4949
58637.3051  7.045930e-03  -1.811758e-02  0.4949
58697.3051  7.075591e-03  -1.817522e-02  0.4949
58757.3051  7.106261e-03  -1.823538e-02  0.4949
58817.3050  7.137911e-03  -1.829284e-02  0.4950
58877.3051  7.167849e-03  -1.834759e-02  0.4949
58937.3051  7.198777e-03  -1.840702e-02  0.4949
58997.3051  7.230724e-03  -1.845635e-02  0.4949
59057.3051  7.262315e-03  -1.851780e-02  0.4949
59117.3050  7.293578e-03  -1.856922e-02  0.4950
59177.3051  7.324482e-03  -1.862538e-02  0.4949
59237.3051  7.356426e-03  -1.867849e-02  0.4949
59297.3051  7.388032e-03  -1.873620e-02  0.4949
59357.3051  7.419316e-03  -1.878427e-02  0.4949
59417.3051  7.451654e-03  -1.884407e-02  0.4949
59477.3050  7.483670e-03  -1.889378e-02  0.4950
59537.3051  7.515379e-03  -1.894806e-02  0.4949
59597.3051  7.546771e-03  -1.899992e-02  0.4949
59657.3051  7.579252e-03  -1.904894e-02  0.4949
59717.3051  7.611418e-03  -1.910253e-02  0.4949
59777.3050  7.644685e-03  -1.915322e-02  0.4950
59837.3051  7.677657e-03  -1.920163e-02  0.4949
59897.3051  7.710350e-03  -1.925410e-02  0.4949
59957.3051  7.742757e-03  -1.930429e-02  0.4949
60017.3051  7.776289e-03  -1.935122e-02  0.4949
60077.3051  7.809549e-03  -1.940320e-02  0.4949
60137.3051  7.842547e-03  -1.945200e-02  0.4949
60197.3051  7.875280e-03  -1.949858e-02  0.4949
60257.3051  7.909160e-03  -1.954917e-02  0.4949
60317.3050  7.942799e-03  -1.959718e-02  0.4950
60377.3051  7.976188e-03  -1.964259e-02  0.4949
60437.3051  8.009333e-03  -1.969241e-02  0.4949
60497.3051  8.043651e-03  -1.973924e-02  0.4949
60557.3051  8.077749e-03  -1.978397e-02  0.4949
60617.3051  8.111627e-03  -1.983229e-02  0.4949
60677.3051  8.146690e-03  -1.987818e-02  0.4949
60737.3051  8.180142e-03  -1.992196e-02  0.4949
60797.3051  8.214786e-03  -1.996931e-02  0.4949
60857.3050  8.249245e-03  -2.001420e-02  0.4950
60917.3051  8.284917e-03  -2.005671e-02  0.4949
60977.3050  8.318997e-03  -2.010278e-02  0.4950
61037.3051  8.354296e-03  -2.014687e-02  0.4949
61097.3051  8.389434e-03  -2.018822e-02  0.4949
61157.3051  8.425811e-03  -2.023316e-02  0.4949
61217.3051  8.460624e-03  -2.027576e-02  0.4949
61277.3051  8.496678e-03  -2.032230e-02  0.4949
61337.3051  8.532601e-03  -2.036610e-02  0.4949
61397.3051  8.568367e-03  -2.040768e-02  0.4949
61457.3051  8.604015e-03  -2.044668e-02  0.4949
61517.3050  8.639523e-03  -2.048962e-02  0.4950
61577.3051  8.676315e-03  -2.052991e-02  0.4949
61637.3051  8.713013e-03  -2.057373e-02  0.4949
61697.3051  8.749581e-03  -2.061544e-02  0.4949
61757.3051  8.786061e-03  -2.065418e-02  0.4949
61817.3050  8.822434e-03  -2.069680e-02  0.4950
61877.3051  8.860142e-03  -2.073698e-02  0.4949
61937.3051  8.896347e-03  -2.078057e-02  0.4949
61997.3051  8.933902e-03  -2.081580e-02  0.4949
62057.3051  8.971378e-03  -2.086093e-02  0.4949
62117.3051  9.008806e-03  -2.089732e-02  0.4949
62177.3050  9.046160e-03  -2.093715e-02  0.4950
62237.3051  9.084905e-03  -2.097466e-02  0.4949
62297.3051  9.122173e-03  -2.101512e-02  0.4949
62357.3051  9.160852e-03  -2.105383e-02  0.4949
62417.3051  9.199483e-03  -2.109541e-02  0.4949
62477.3050  9.238107e-03  -2.112916e-02  0.4950
62537.3051  9.276713e-03  -2.117199e-02  0.4949
62597.3051  9.315323e-03  -2.120658e-02  0.4949
62657.3051  9.353929e-03  -2.124457e-02  0.4949
62717.3051  9.392544e-03  -2.128550e-02  0.4949
62777.3051  9.432612e-03  -2.131883e-02  0.4949
62837.3051  9.471271e-03  -2.135514e-02  0.4949
62897.3051  9.511404e-03  -2.139441e-02  0.4949
62957.3051  9.550137e-03  -2.143168e-02  0.4949
63017.3050  9.590352e-03  -2.146644e-02  0.4950
63077.3051  9.630619e-03  -2.150468e-02  0.4949
63137.3051  9.670957e-03  -2.153998e-02  0.4949
63197.3051  9.711362e-03  -2.157876e-02  0.4949
63257.3051  9.751858e-03  -2.161468e-02  0.4949
63317.3051  9.792439e-03  -2.164874e-02  0.4949
63377.3051  9.833107e-03  -2.168579e-02  0.4949
63437.3051  9.875340e-03  -2.172010e-02  0.4949
63497.3051  9.916232e-03  -2.175787e-02  0.4949
63557.3050  9.957243e-03  -2.179288e-02  0.4950
63617.3051  9.999827e-03  -2.182572e-02  0.4949
63677.3050  1.004111e-02  -2.186157e-02  0.4950
63737.3051  1.008253e-02  -2.189480e-02  0.4949
63797.3051  1.012558e-02  -2.193105e-02  0.4949
63857.3051  1.016731e-02  -2.196468e-02  0.4949
63917.3051  1.020923e-02  -2.200178e-02  0.4949
63977.3051  1.025279e-02  -2.203596e-02  0.4949
64037.3051  1.029507e-02  -2.206805e-02  0.4949
64097.3051  1.033902e-02  -2.210277e-02  0.4949
64157.3051  1.038172e-02  -2.213547e-02  0.4949
64217.3050  1.042610e-02  -2.217029e-02  0.4950
64277.3051  1.046923e-02  -2.220326e-02  0.4949
64337.3051  1.051261e-02  -2.224113e-02  0.4949
64397.3051  1.055770e-02  -2.227000e-02  0.4949
64457.3051  1.060158e-02  -2.230090e-02  0.4949
64517.3050  1.064571e-02  -2.233869e-02  0.4950
64577.3051  1.069013e-02  -2.237377e-02  0.4949
64637.3051  1.073483e-02  -2.240621e-02  0.4949
64697.3051  1.077983e-02  -2.243593e-02  0.4949
64757.3051  1.082512e-02  -2.247263e-02  0.4949
64817.3051  1.087073e-02  -2.250199e-02  0.4949
64877.3050  1.091666e-02  -2.253823e-02  0.4950
64937.3051  1.096293e-02  -2.256716e-02  0.4949
64997.3051  1.100807e-02  -2.260302e-02  0.4949
65057.3051  1.105503e-02  -2.263642e-02  0.4949
65117.3051  1.110088e-02  -2.266744e-02  0.4949
65177.3050  1.114859e-02  -2.269589e-02  0.4950
65237.3051  1.119520e-02  -2.273122e-02  0.4949
65297.3051  1.124220e-02  -2.276423e-02  0.4949
65357.3051  1.128962e-02  -2.279947e-02  0.4949
65417.3051  1.133744e-02  -2.282766e-02  0.4949
65477.3051  1.138571e-02  -2.285841e-02  0.4949
65537.3051  1.143292e-02  -2.289137e-02  0.4949
65597.3051  1.148207e-02  -2.292653e-02  0.4949
65657.3051  1.153020e-02  -2.295959e-02  0.4949
65717.3050  1.157878e-02  -2.298579e-02  0.4950
65777.3051  1.162787e-02  -2.301906e-02  0.4949
65837.3051  1.167744e-02  -2.305454e-02  0.4949
65897.3051  1.172752e-02  -2.308325e-02  0.4949
65957.3051  1.177663e-02  -2.311907e-02  0.4949
66017.3051  1.182626e-02  -2.314809e-02  0.4949
66077.3051  1.187643e-02  -2.318003e-02  0.4949
66137.3051  1.192716e-02  -2.321374e-02  0.4949
66197.3051  1.197847e-02  -2.324150e-02  0.4949
66257.3050  1.202883e-02  -2.327158e-02  0.4950
66317.3051  1.207978e-02  -2.330874e-02  0.4949
66377.3050  1.213136e-02  -2.333884e-02  0.4950
66437.3051  1.218354e-02  -2.336785e-02  0.4949
66497.3051  1.223483e-02  -2.340333e-02  0.4949
66557.3051  1.228829e-02  -2.343725e-02  0.4949
66617.3051  1.234088e-02  -2.346481e-02  0.4949
66677.3051  1.239263e-02  -2.349482e-02  0.4949
66737.3051  1.244656e-02  -2.353198e-02  0.4949
66797.3051  1.249968e-02  -2.356299e-02  0.4949
66857.3051  1.255350e-02  -2.359647e-02  0.4949
66917.3050  1.260652e-02  -2.362381e-02  0.4950
66977.3051  1.266180e-02  -2.365836e-02  0.4949
67037.3051  1.271631e-02  -2.369076e-02  0.4949
67097.3051  1.277004e-02  -2.372193e-02  0.4949
67157.3051  1.282608e-02  -2.375170e-02  0.4949
67217.3050  1.288138e-02  -2.378794e-02  0.4950
67277.3051  1.293594e-02  -2.381451e-02  0.4949
67337.3051  1.299287e-02  -2.385214e-02  0.4949
67397.3051  1.304754e-02  -2.388396e-02  0.4949
67457.3051  1.310462e-02  -2.391007e-02  0.4949
67517.3051  1.316098e-02  -2.394715e-02  0.4949
67577.3050  1.321825e-02  -2.397862e-02  0.4950
67637.3051  1.327641e-02  -2.400911e-02  0.4949
67697.3051  1.333392e-02  -2.404231e-02  0.4949
67757.3051  1.339081e-02  -2.407360e-02  0.4949
67817.3051  1.345019e-02  -2.410410e-02  0.4949
67877.3050  1.350898e-02  -2.413734e-02  0.4950
67937.3051  1.356717e-02  -2.417331e-02  0.4949
67997.3051  1.362634e-02  -2.420396e-02  0.4949
68057.3051  1.368653e-02  -2.423750e-02  0.4949
68117.3051  1.374617e-02  -2.426919e-02  0.4949
68177.3051  1.380685e-02  -2.430034e-02  0.4949
68237.3051  1.386700e-02  -2.433431e-02  0.4949
68297.3051  1.392822e-02  -2.437120e-02  0.4949
68357.3051  1.398897e-02  -2.440300e-02  0.4949
68417.3050  1.405082e-02  -2.443319e-02  0.4950
68477.3051  1.411221e-02  -2.447091e-02  0.4949
68537.3051  1.417473e-02  -2.450370e-02  0.4949
68597.3051  1.423683e-02  -2.453491e-02  0.4949
68657.3051  1.430011e-02  -2.456913e-02  0.4949
68717.3051  1.436457e-02  -2.460316e-02  0.4949
68777.3051  1.442707e-02  -2.462788e-02  0.4949
68837.3051  1.449079e-02  -2.464562e-02  0.4949
68897.3051  1.455576e-02  -2.471098e-02  0.4949
68957.3050  1.462041e-02  -2.476717e-02  0.4950
69017.3051  1.468634e-02  -2.455118e-02  0.4949
69077.3050  1.475181e-02  -2.408721e-02  0.4950
69137.3051  1.481708e-02  -2.499869e-02  0.4949
69197.3051  1.488392e-02  -2.564767e-02  0.4949
69257.3051  1.495045e-02  -2.374044e-02  0.4949
69317.3051  1.501749e-02  -2.128906e-02  0.4949
69377.3051  1.508307e-02  -2.593885e-02  0.4949
69437.3051  1.515287e-02  -2.898012e-02  0.4949
69497.3051  1.522059e-02  -2.337162e-02  0.4949
69557.3051  1.528828e-02  -2.100472e-02  0.4949
69617.3050  1.535830e-02  -2.784015e-02  0.4950
69677.3051  1.542761e-02  -2.801960e-02  0.4949
69737.3051  1.549763e-02  -2.277638e-02  0.4949
69797.3051  1.556832e-02  -2.233427e-02  0.4949
69857.3051  1.563796e-02  -2.578985e-02  0.4949
69917.3050  1.570955e-02  -2.580703e-02  0.4950
69977.3051  1.578096e-02  -2.486692e-02  0.4949
70037.3051  1.585385e-02  -2.483958e-02  0.4949
70097.3051  1.592523e-02  -2.542606e-02  0.4949
70157.3051  1.599833e-02  -2.546257e-02  0.4949
70217.3051  1.607149e-02  -2.546952e-02  0.4949
70277.3050  1.614636e-02  -2.550244e-02  0.4950
70337.3051  1.621970e-02  -2.555915e-02  0.4949
70397.3051  1.629481e-02  -2.559677e-02  0.4949
70457.3051  1.637006e-02  -2.563356e-02  0.4949
70517.3051  1.644548e-02  -2.567376e-02  0.4949
70577.3050  1.652273e-02  -2.570907e-02  0.4950
70637.3051  1.659855e-02  -2.574803e-02  0.4949
70697.3051  1.667627e-02  -2.578638e-02  0.4949
70757.3051  1.675423e-02  -2.582416e-02  0.4949
70817.3051  1.683247e-02  -2.586572e-02  0.4949
70877.3051  1.691101e-02  -2.590267e-02  0.4949
70937.3051  1.698990e-02  -2.594379e-02  0.4949
70997.3051  1.706910e-02  -2.598440e-02  0.4949
71057.3051  1.715037e-02  -2.602492e-02  0.4949
71117.3050  1.723037e-02  -2.606507e-02  0.4950
71177.3051  1.731244e-02  -2.610524e-02  0.4949
71237.3051  1.739330e-02  -2.614536e-02  0.4949
71297.3051  1.747631e-02  -2.618582e-02  0.4949
71357.3051  1.755983e-02  -2.622616e-02  0.4949
71417.3051  1.764216e-02  -2.626683e-02  0.4949
71477.3051  1.772673e-02  -2.630774e-02  0.4949
71537.3051  1.781189e-02  -2.634884e-02  0.4949
71597.3051  1.789594e-02  -2.639455e-02  0.4949
71657.3050  1.798232e-02  -2.643672e-02  0.4950
71717.3051  1.806765e-02  -2.647931e-02  0.4949
71777.3050  1.815538e-02  -2.652234e-02  0.4950
71837.3051  1.824212e-02  -2.656208e-02  0.4949
71897.3051  1.833129e-02  -2.660681e-02  0.4949
71957.3051  1.841953e-02  -2.665215e-02  0.4949
72017.3051  1.850854e-02  -2.669434e-02  0.4949
72077.3051  1.859840e-02  -2.673739e-02  0.4949
72137.3051  1.868911e-02  -2.678170e-02  0.4949
72197.3051  1.878069e-02  -2.682700e-02  0.4949
72257.3051  1.887147e-02  -2.687342e-02  0.4949
72317.3050  1.896492e-02  -2.691714e-02  0.4950
72377.3051  1.905760e-02  -2.696627e-02  0.4949
72437.3051  1.915130e-02  -2.701261e-02  0.4949
72497.3051  1.924603e-02  -2.705627e-02  0.4949
72557.3051  1.934184e-02  -2.710171e-02  0.4949
72617.3050  1.943701e-02  -2.714858e-02  0.4950
72677.3051  1.953331e-02  -2.719731e-02  0.4949
72737.3051  1.963077e-02  -2.724383e-02  0.4949
72797.3051  1.972769e-02  -2.729207e-02  0.4949
72857.3051  1.982761e-02  -2.734267e-02  0.4949
72917.3051  1.992701e-02  -2.739088e-02  0.4949
72977.3050  2.002596e-02  -2.744134e-02  0.4950
73037.3051  2.012804e-02  -2.748981e-02  0.4949
73097.3051  2.022793e-02  -2.754081e-02  0.4949
73157.3051  2.033103e-02  -2.759001e-02  0.4949
73217.3051  2.043380e-02  -2.763753e-02  0.4949
73277.3050  2.053802e-02  -2.769196e-02  0.4950
73337.3051  2.064201e-02  -2.774074e-02  0.4949
73397.3051  2.074755e-02  -2.779226e-02  0.4949
73457.3051  2.085471e-02  -2.784657e-02  0.4949
73517.3051  2.096169e-02  -2.789594e-02  0.4949
73577.3051  2.106857e-02  -2.794817e-02  0.4949
73637.3051  2.117713e-02  -2.800364e-02  0.4949
73697.3051  2.128750e-02  -2.805828e-02  0.4949
73757.3051  2.139781e-02  -2.811206e-02  0.4949
73817.3050  2.150822e-02  -2.816535e-02  0.4950
73877.3051  2.162045e-02  -2.822212e-02  0.4949
73937.3051  2.173281e-02  -2.827441e-02  0.4949
73997.3051  2.184713e-02  -2.833045e-02  0.4949
74057.3051  2.196164e-02  -2.838615e-02  0.4949
74117.3051  2.207820e-02  -2.844571e-02  0.4949
74177.3051  2.219322e-02  -2.850150e-02  0.4949
74237.3051  2.231221e-02  -2.855736e-02  0.4949
74297.3051  2.242974e-02  -2.861728e-02  0.4949
74357.3050  2.254948e-02  -2.867364e-02  0.4950
74417.3051  2.266964e-02  -2.873425e-02  0.4949
74477.3050  2.279030e-02  -2.879553e-02  0.4950
74537.3051  2.291338e-02  -2.885354e-02  0.4949
74597.3051  2.303699e-02  -2.891225e-02  0.4949
74657.3051  2.316121e-02  -2.897580e-02  0.4949
74717.3051  2.328615e-02  -2.903633e-02  0.4949
74777.3051  2.341188e-02  -2.909814e-02  0.4949
74837.3051  2.354016e-02  -2.916094e-02  0.4949
74897.3051  2.366924e-02  -2.922519e-02  0.4949
74957.3051  2.379729e-02  -2.928714e-02  0.4949
75017.3050  2.392810e-02  -2.935061e-02  0.4950
75077.3051  2.405988e-02  -2.941566e-02  0.4949
75137.3051  2.419265e-02  -2.948264e-02  0.4949
75197.3051  2.432648e-02  -2.954760e-02  0.4949
75257.3051  2.446143e-02  -2.961471e-02  0.4949
75317.3050  2.459757e-02  -2.968017e-02  0.4950
75377.3051  2.473682e-02  -2.974791e-02  0.4949
75437.3051  2.487548e-02  -2.981817e-02  0.4949
75497.3051  2.501359e-02  -2.988710e-02  0.4949
75557.3051  2.515504e-02  -2.995495e-02  0.4949
75617.3051  2.529796e-02  -3.002557e-02  0.4949
75677.3050  2.544243e-02  -3.009547e-02  0.4950
75737.3051  2.558660e-02  -3.016851e-02  0.4949
75797.3051  2.573203e-02  -3.023711e-02  0.4949
75857.3051  2.588154e-02  -3.031288e-02  0.4949
75917.3051  2.602857e-02  -3.038463e-02  0.4949
75977.3050  2.617944e-02  -3.046002e-02  0.4950
76037.3051  2.633031e-02  -3.053174e-02  0.4949
76097.3051  2.648514e-02  -3.060728e-02  0.4949
76157.3051  2.663775e-02  -3.068323e-02  0.4949
76217.3051  2.679447e-02  -3.075972e-02  0.4949
76277.3051  2.695193e-02  -3.084057e-02  0.4949
76337.3051  2.711081e-02  -3.091832e-02  0.4949
76397.3051  2.727057e-02  -3.099723e-02  0.4949
76457.3051  2.743235e-02  -3.107719e-02  0.4949
76517.3050  2.759472e-02  -3.115481e-02  0.4950
76577.3051  2.775971e-02  -3.123743e-02  0.4949
76637.3051  2.792743e-02  -3.131810e-02  0.4949
76697.3051  2.809353e-02  -3.140403e-02  0.4949
76757.3051  2.826449e-02  -3.148472e-02  0.4949
76817.3051  2.843597e-02  -3.157101e-02  0.4949
76877.3051  2.860850e-02  -3.165602e-02  0.4949
76937.3051  2.878220e-02  -3.174346e-02  0.4949
76997.3051  2.895864e-02  -3.182994e-02  0.4949
77057.3050  2.913589e-02  -3.191560e-02  0.4950
77117.3051  2.931710e-02  -3.200412e-02  0.4949
77177.3050  2.949729e-02  -3.209582e-02  0.4950
77237.3051  2.968060e-02  -3.218730e-02  0.4949
77297.3051  2.986763e-02  -3.227864e-02  0.4949
77357.3051  3.005389e-02  -3.237014e-02  0.4949
77417.3051  3.024206e-02  -3.246206e-02  0.4949
77477.3051  3.043374e-02  -3.255790e-02  0.4949
77537.3051  3.062751e-02  -3.265448e-02  0.4949
77597.3051  3.082088e-02  -3.274841e-02  0.4949
77657.3051  3.101806e-02  -3.284706e-02  0.4949
77717.3050  3.121767e-02  -3.294346e-02  0.4950
77777.3051  3.141718e-02  -3.304482e-02  0.4949
77837.3051  3.162140e-02  -3.314454e-02  0.4949
77897.3051  3.182724e-02  -3.324621e-02  0.4949
77957.3051  3.203385e-02  -3.334997e-02  0.4949
78017.3050  3.224347e-02  -3.345263e-02  0.4950
78077.3051  3.245501e-02  -3.355796e-02  0.4949
78137.3051  3.266980e-02  -3.366266e-02  0.4949
78197.3051  3.288735e-02  -3.377029e-02  0.4949
78257.3051  3.310566e-02  -3.387786e-02  0.4949
78317.3051  3.332698e-02  -3.398881e-02  0.4949
78377.3050  3.354994e-02  -3.410016e-02  0.4950
78437.3051  3.377767e-02  -3.421207e-02  0.4949
78497.3051  3.400519e-02  -3.432474e-02  0.4949
78557.3051  3.423771e-02  -3.443843e-02  0.4949
78617.3051  3.447027e-02  -3.455357e-02  0.4949
78677.3050  3.470813e-02  -3.467007e-02  0.4950
78737.3051  3.494631e-02  -3.478847e-02  0.4949
78797.3051  3.518860e-02  -3.490897e-02  0.4949
78857.3051  3.543448e-02  -3.503176e-02  0.4949
78917.3051  3.568040e-02  -3.515381e-02  0.4949
78977.3051  3.593159e-02  -3.527548e-02  0.4949
79037.3051  3.618682e-02  -3.540348e-02  0.4949
79097.3051  3.644182e-02  -3.552834e-02  0.4949
79157.3051  3.670262e-02  -3.565691e-02  0.4949
79217.3050  3.696422e-02  -3.578623e-02  0.4950
79277.3051  3.723051e-02  -3.591967e-02  0.4949
79337.3051  3.749942e-02  -3.605094e-02  0.4949
79397.3051  3.777262e-02  -3.618757e-02  0.4949
79457.3051  3.804655e-02  -3.632303e-02  0.4949
79517.3051  3.832662e-02  -3.645958e-02  0.4949
79577.3051  3.860771e-02  -3.659604e-02  0.4949
79637.3051  3.889533e-02  -3.674146e-02  0.4949
79697.3051  3.918451e-02  -3.688888e-02  0.4949
79757.3050  3.947836e-02  -3.702617e-02  0.4950
79817.3051  3.977367e-02  -3.714704e-02  0.4949
79877.3050  4.007361e-02  -3.728567e-02  0.4950
79937.3051  4.037807e-02  -3.744877e-02  0.4949
79997.3051  4.068543e-02  -3.762275e-02  0.4949
80057.3051  4.099885e-02  -3.778070e-02  0.4949
80117.3051  4.131420e-02  -3.793013e-02  0.4949
80177.3051  4.163652e-02  -3.808601e-02  0.4949
80237.3051  4.196131e-02  -3.825049e-02  0.4949
80297.3051  4.228964e-02  -3.841197e-02  0.4949
80357.3051  4.262496e-02  -3.857645e-02  0.4949
80417.3050  4.296337e-02  -3.874245e-02  0.4950
80477.3051  4.330455e-02  -3.891360e-02  0.4949
80537.3051  4.365172e-02  -3.908332e-02  0.4949
80597.3051  4.400361e-02  -3.925548e-02  0.4949
80657.3051  4.436147e-02  -3.943040e-02  0.4949
80717.3050  4.472369e-02  -3.960851e-02  0.4950
80777.3051  4.509152e-02  -3.979024e-02  0.4949
80837.3051  4.546523e-02  -3.997309e-02  0.4949
80897.3051  4.584173e-02  -4.015742e-02  0.4949
80957.3051  4.622470e-02  -4.034669e-02  0.4949
81017.3051  4.661449e-02  -4.053549e-02  0.4949
81077.3050  4.700796e-02  -4.073003e-02  0.4950
81137.3051  4.740787e-02  -4.092507e-02  0.4949
81197.3051  4.781308e-02  -4.112395e-02  0.4949
81257.3051  4.822647e-02  -4.132423e-02  0.4949
81317.3051  4.864483e-02  -4.152932e-02  0.4949
81377.3050  4.906851e-02  -4.173683e-02  0.4950
81437.3051  4.949789e-02  -4.194727e-02  0.4949
81497.3051  4.993690e-02  -4.216112e-02  0.4949
81557.3051  5.037872e-02  -4.237620e-02  0.4949
81617.3051  5.083101e-02  -4.259575e-02  0.4949
81677.3051  5.128940e-02  -4.281758e-02  0.4949
81737.3051  5.175401e-02  -4.304498e-02  0.4949
81797.3051  5.222554e-02  -4.327575e-02  0.4949
81857.3051  5.270673e-02  -4.350767e-02  0.4949
81917.3050  5.319452e-02  -4.374419e-02  0.4950
81977.3051  5.369035e-02  -4.398581e-02  0.4949
82037.3051  5.419227e-02  -4.423034e-02  0.4949
82097.3051  5.470717e-02  -4.447855e-02  0.4949
82157.3051  5.522654e-02  -4.472832e-02  0.4949
82217.3051  5.575609e-02  -4.498558e-02  0.4949
82277.3051  5.629231e-02  -4.524573e-02  0.4949
82337.3051  5.683978e-02  -4.550940e-02  0.4949
82397.3051  5.739639e-02  -4.577723e-02  0.4949
82457.3050  5.796272e-02  -4.604995e-02  0.4950
82517.3051  5.853932e-02  -4.632826e-02  0.4949
82577.3050  5.912417e-02  -4.660762e-02  0.4950
82637.3051  5.972051e-02  -4.689402e-02  0.4949
82697.3051  6.032765e-02  -4.718556e-02  0.4949
82757.3051  6.094492e-02  -4.748294e-02  0.4949
82817.3051  6.157568e-02  -4.778446e-02  0.4949
82877.3051  6.221379e-02  -4.809091e-02  0.4949
82937.3051  6.286539e-02  -4.840075e-02  0.4949
82997.3051  6.353271e-02  -4.871902e-02  0.4949
83057.3051  6.420807e-02  -4.903963e-02  0.4949
83117.3050  6.489792e-02  -4.936968e-02  0.4950
83177.3051  6.560005e-02  -4.970810e-02  0.4949
83237.3051  6.631562e-02  -5.004310e-02  0.4949
83297.3051  6.704365e-02  -5.038542e-02  0.4949
83357.3051  6.778970e-02  -5.074553e-02  0.4949
83417.3050  6.854836e-02  -5.112874e-02  0.4950
83477.3051  6.932050e-02  -5.150499e-02  0.4949
83537.3051  7.010739e-02  -5.186680e-02  0.4949
83597.3051  7.091501e-02  -5.222106e-02  0.4949
83657.3051  7.173521e-02  -5.260213e-02  0.4949
83717.3051  7.257338e-02  -5.300060e-02  0.4949
83777.3050  7.343054e-02  -5.340439e-02  0.4950
83837.3051  7.430327e-02  -5.381135e-02  0.4949
83897.3051  7.519751e-02  -5.422628e-02  0.4949
83957.3051  7.610787e-02  -5.465209e-02  0.4949
84017.3051  7.703930e-02  -5.508665e-02  0.4949
84077.3050  7.799127e-02  -5.553078e-02  0.4950
84137.3051  7.896328e-02  -5.598162e-02  0.4949
84197.3051  7.995869e-02  -5.644262e-02  0.4949
84257.3051  8.097702e-02  -5.691275e-02  0.4949
84317.3051  8.201674e-02  -5.739328e-02  0.4949
84377.3051  8.307948e-02  -5.788330e-02  0.4949
84437.3051  8.416683e-02  -5.838417e-02  0.4949
84497.3051  8.528057e-02  -5.889505e-02  0.4949
84557.3051  8.642349e-02  -5.941738e-02  0.4949
84617.3050  8.759123e-02  -5.995258e-02  0.4950
84677.3051  8.878568e-02  -6.049776e-02  0.4949
84737.3051  9.000979e-02  -6.105445e-02  0.4949
84797.3051  9.126469e-02  -6.162637e-02  0.4949
84857.3051  9.255264e-02  -6.220863e-02  0.4949
84917.3051  9.387128e-02  -6.280504e-02  0.4949
84977.3051  9.522209e-02  -6.341506e-02  0.4949
85037.3051  9.660833e-02  -6.404043e-02  0.4949
85097.3051  9.803505e-02  -6.467868e-02  0.4949
85157.3050  9.949350e-02  -6.533367e-02  0.4950
85217.3051  1.009955e-01  -6.600302e-02  0.4949
85277.3050  1.025374e-01  -6.668864e-02  0.4950
85337.3051  1.041172e-01  -6.739236e-02  0.4949
85397.3051  1.057439e-01  -6.811206e-02  0.4949
85457.3051  1.074148e-01  -6.884973e-02  0.4949
85517.3051  1.091335e-01  -6.960535e-02  0.4949
85577.3051  1.109007e-01  -7.038295e-02  0.4949
85637.3051  1.127198e-01  -7.117865e-02  0.4949
85697.3051  1.145924e-01  -7.199461e-02  0.4949
85757.3051  1.165189e-01  -7.283296e-02  0.4949
85817.3050  1.185076e-01  -7.369208e-02  0.4950
85877.3051  1.205496e-01  -7.457415e-02  0.4949
85937.3051  1.226567e-01  -7.548147e-02  0.4949
85997.3051  1.248341e-01  -7.641251e-02  0.4949
86057.3051  1.270769e-01  -7.736961e-02  0.4949
86117.3050  1.293873e-01  -7.835328e-02  0.4950
86177.3051  1.317749e-01  -7.936584e-02  0.4949
86237.3051  1.342423e-01  -8.040425e-02  0.4949
86297.3051  1.367855e-01  -8.147451e-02  0.4949
86357.3051  1.394148e-01  -8.257540e-02  0.4949
86417.3051  1.421377e-01  -8.370762e-02  0.4949
86477.3050  1.449507e-01  -8.487353e-02  0.4950
86537.3051  1.478619e-01  -8.607374e-02  0.4949
86597.3051  1.508761e-01  -8.730892e-02  0.4949
86657.3051  1.539942e-01  -8.858300e-02  0.4949
86717.3051  1.572214e-01  -8.989482e-02  0.4949
86777.3050  1.605719e-01  -9.124659e-02  0.4950
86837.3051  1.640403e-01  -9.264030e-02  0.4949
86897.3051  1.676360e-01  -9.407787e-02  0.4949
86957.3051  1.713679e-01  -9.555911e-02  0.4949
87017.3051  1.752390e-01  -9.708615e-02  0.4949
87077.3051  1.792611e-01  -9.866169e-02  0.4949
87137.3051  1.834356e-01  -1.002863e-01  0.4949
87197.3051  1.877663e-01  -1.019629e-01  0.4949
87257.3051  1.922684e-01  -1.036910e-01  0.4949
87317.3050  1.969425e-01  -1.054739e-01  0.4950
87377.3051  2.018011e-01  -1.073137e-01  0.4949
87437.3051  2.068495e-01  -1.092085e-01  0.4949
87497.3051  2.120992e-01  -1.111619e-01  0.4949
87557.3051  2.175484e-01  -1.131737e-01  0.4949
87617.3051  2.232090e-01  -1.152464e-01  0.4949
87677.3051  2.290932e-01  -1.173771e-01  0.4949
87737.3051  2.351925e-01  -1.195680e-01  0.4949
87797.3051  2.415181e-01  -1.218174e-01  0.4949
87857.3050  2.480738e-01  -1.241240e-01  0.4950
87917.3051  2.548550e-01  -1.264838e-01  0.4949
87977.3050  2.618618e-01  -1.288949e-01  0.4950
88037.3051  2.690845e-01  -1.313496e-01  0.4949
88097.3051  2.765091e-01  -1.338415e-01  0.4949
88157.3051  2.841075e-01  -1.363606e-01  0.4949
88217.3051  2.918703e-01  -1.388960e-01  0.4949
88277.3051  2.997357e-01  -1.414284e-01  0.4949
88337.3051  3.076567e-01  -1.439386e-01  0.4949
88397.3051  3.155720e-01  -1.464029e-01  0.4949
88457.3051  3.233834e-01  -1.487870e-01  0.4949
88517.3050  3.309697e-01  -1.510518e-01  0.4950
88577.3051  3.381931e-01  -1.531503e-01  0.4949
88637.3051  3.448504e-01  -1.550231e-01  0.4949
88697.3051  3.507467e-01  -1.565996e-01  0.4949
88757.3051  3.555879e-01  -1.577947e-01  0.4949
88817.3050  3.590578e-01  -1.585098e-01  0.4950
88877.3051  3.607954e-01  -1.586269e-01  0.4949
88937.3051  3.604246e-01  -1.588165e-01  0.4949
88997.3051  3.574533e-01  -1.566407e-01  0.4949
89057.3051  3.513307e-01  -1.532212e-01  0.4949
89117.3051  3.416777e-01  -1.500857e-01  0.4949
89177.3050  3.285346e-01  -1.571277e-01  0.4950
89237.3051  3.108459e-01  -1.345284e-01  0.4949
89297.3051  2.882644e-01  -1.209332e-01  0.4949
89357.3051  2.615614e-01  -1.191618e-01  0.4949
89417.3051  2.308361e-01  -1.069026e-01  0.4949
89477.3050  1.964398e-01  -9.630509e-02  0.4950
89537.3051  1.589557e-01  -8.559869e-02  0.4949
89597.3051  1.191114e-01  -7.342622e-02  0.4949
89657.3051  7.778395e-02  -6.002941e-02  0.4949
89717.3051  3.592126e-02  -4.575328e-02  0.4949
89777.3051  -5.527823e-03  -3.104169e-02  0.4949
89837.3051  -4.562577e-02  -1.164195e-02  0.4949
89897.3051  -8.344842e-02  9.349233e-03  0.4949
89957.3051  -1.183542e-01  2.988142e-02  0.4949
90017.3050  -1.499053e-01  4.939191e-02  0.4950
90077.3051  -1.778601e-01  6.748947e-02  0.4949
90137.3051  -2.021467e-01  8.384094e-02  0.4949
90197.3051  -2.228319e-01  9.823566e-02  0.4949
90257.3051  -2.400967e-01  1.105214e-01  0.4949
90317.3051  -2.541863e-01  1.206609e-01  0.4949
90377.3051  -2.651432e-01  1.690857e-01  0.4949
90437.3051  -2.730019e-01  1.764620e-01  0.4949
90497.3051  -2.783315e-01  1.809975e-01  0.4949
90557.3050  -2.815089e-01  1.837737e-01  0.4950
90617.3051  -2.828825e-01  1.850586e-01  0.4949
90677.3050  -2.827699e-01  1.850970e-01  0.4950
90737.3051  -2.814464e-01  1.841220e-01  0.4949
90797.3051  -2.791535e-01  1.823388e-01  0.4949
90857.3051  -2.760961e-01  1.799273e-01  0.4949
90917.3051  -2.724459e-01  1.770396e-01  0.4949
90977.3051  -2.683466e-01  1.738046e-01  0.4949
91037.3051  -2.639167e-01  1.703241e-01  0.4949
91097.3051  -2.592521e-01  1.666840e-01  0.4949
91157.3051  -2.544320e-01  1.629495e-01  0.4949
91217.3050  -2.495205e-01  1.591738e-01  0.4950
91277.3051  -2.445666e-01  1.553991e-01  0.4949
91337.3051  -2.396116e-01  1.516565e-01  0.4949
91397.3051  -2.346878e-01  1.479693e-01  0.4949
91457.3051  -2.298144e-01  1.443540e-01  0.4949
91517.3050  -2.250200e-01  1.408261e-01  0.4950
91577.3051  -2.203153e-01  1.373924e-01  0.4949
91637.3051  -2.157060e-01  1.340589e-01  0.4949
91697.3051  -2.112059e-01  1.308299e-01  0.4949
91757.3051  -2.068190e-01  1.277069e-01  0.4949
91817.3051  -2.025406e-01  1.246882e-01  0.4949
91877.3050  -1.983868e-01  1.217742e-01  0.4950
91937.3051  -1.943478e-01  1.189648e-01  0.4949
91997.3051  -1.904240e-01  1.162551e-01  0.4949
92057.3051  -1.866136e-01  1.136428e-01  0.4949
92117.3051  -1.829191e-01  1.111264e-01  0.4949
92177.3050  -1.793361e-01  1.087011e-01  0.4950
92237.3051  -1.758645e-01  1.063639e-01  0.4949
92297.3051  -1.724980e-01  1.041112e-01  0.4949
92357.3051  -1.692297e-01  1.019406e-01  0.4949
92417.3051  -1.660671e-01  9.984855e-02  0.4949
92477.3051  -1.629969e-01  9.783229e-02  0.4949
92537.3051  -1.600205e-01  9.588612e-02  0.4949
92597.3051  -1.571383e-01  9.400976e-02  0.4949
92657.3051  -1.543409e-01  9.219857e-02  0.4949
92717.3050  -1.516282e-01  9.045068e-02  0.4950
92777.3051  -1.489949e-01  8.876200e-02  0.4949
92837.3051  -1.464402e-01  8.713224e-02  0.4949
92897.3051  -1.439628e-01  8.555657e-02  0.4949
92957.3051  -1.415569e-01  8.403245e-02  0.4949
93017.3051  -1.392209e-01  8.256003e-02  0.4949
93077.3051  -1.369488e-01  8.113693e-02  0.4949
93137.3051  -1.347471e-01  7.975835e-02  0.4949
93197.3051  -1.326051e-01  7.842311e-02  0.4949
93257.3050  -1.305210e-01  7.713133e-02  0.4950
93317.3051  -1.284963e-01  7.587915e-02  0.4949
93377.3050  -1.265288e-01  7.466670e-02  0.4950
93437.3051  -1.246159e-01  7.348989e-02  0.4949
93497.3051  -1.227512e-01  7.235002e-02  0.4949
93557.3051  -1.209396e-01  7.124404e-02  0.4949
93617.3051  -1.191751e-01  7.016915e-02  0.4949
93677.3051  -1.174548e-01  6.912748e-02  0.4949
93737.3051  -1.157834e-01  6.811454e-02  0.4949
93797.3051  -1.141508e-01  6.713100e-02  0.4949
93857.3051  -1.125616e-01  6.617502e-02  0.4949
93917.3050  -1.110132e-01  6.524533e-02  0.4950
93977.3051  -1.095024e-01  6.434140e-02  0.4949
94037.3051  -1.080303e-01  6.346352e-02  0.4949
94097.3051  -1.065939e-01  6.260767e-02  0.4949
94157.3051  -1.051905e-01  6.177545e-02  0.4949
94217.3050  -1.038207e-01  6.096416e-02  0.4950
94277.3051  -1.024851e-01  6.017658e-02  0.4949
94337.3051  -1.011807e-01  5.940838e-02  0.4949
94397.3051  -9.990815e-02  5.865793e-02  0.4949
94457.3051  -9.866456e-02  5.792812e-02  0.4949
94517.3051  -9.744716e-02  5.721503e-02  0.4949
94577.3050  -9.625925e-02  5.652028e-02  0.4950
94637.3051  -9.509655e-02  5.584448e-02  0.4949
94697.3051  -9.395996e-02  5.518290e-02  0.4949
94757.3051  -9.284927e-02  5.453760e-02  0.4949
94817.3051  -9.176234e-02  5.390742e-02  0.4949
94877.3050  -9.069782e-02  5.329266e-02  0.4950
94937.3051  -8.966021e-02  5.269127e-02  0.4949
94997.3051  -8.864150e-02  5.210430e-02  0.4949
95057.3051  -8.764331e-02  5.153207e-02  0.4949
95117.3051  -8.666873e-02  5.097060e-02  0.4949
95177.3051  -8.571118e-02  5.042175e-02  0.4949
95237.3051  -8.477498e-02  4.988735e-02  0.4949
95297.3051  -8.385765e-02  4.936286e-02  0.4949
95357.3051  -8.295941e-02  4.885005e-02  0.4949
95417.3050  -8.207531e-02  4.834893e-02  0.4950
95477.3051  -8.121212e-02  4.785820e-02  0.4949
95537.3051  -8.036479e-02  4.737663e-02  0.4949
95597.3051  -7.953357e-02  4.690659e-02  0.4949
95657.3051  -7.871868e-02  4.644548e-02  0.4949
95717.3051  -7.791901e-02  4.599443e-02  0.4949
95777.3051  -7.713606e-02  4.555198e-02  0.4949
95837.3051  -7.636623e-02  4.511920e-02  0.4949
95897.3051  -7.561215e-02  4.469279e-02  0.4949
95957.3050  -7.487161e-02  4.427737e-02  0.4950
96017.3051  -7.414222e-02  4.386960e-02  0.4949
96077.3050  -7.342918e-02  4.346862e-02  0.4950
96137.3051  -7.272655e-02  4.307587e-02  0.4949
96197.3051  -7.203797e-02  4.269229e-02  0.4949
96257.3051  -7.136014e-02  4.231313e-02  0.4949
96317.3051  -7.069455e-02  4.194363e-02  0.4949
96377.3051  -7.004108e-02  4.158083e-02  0.4949
96437.3051  -6.939757e-02  4.122369e-02  0.4949
96497.3051  -6.876674e-02  4.087487e-02  0.4949
96557.3051  -6.814614e-02  4.052885e-02  0.4949
96617.3050  -6.753590e-02  4.019144e-02  0.4950
96677.3051  -6.693650e-02  3.986212e-02  0.4949
96737.3051  -6.634643e-02  3.953527e-02  0.4949
96797.3051  -6.576529e-02  3.921668e-02  0.4949
96857.3051  -6.519372e-02  3.890064e-02  0.4949
96917.3050  -6.463222e-02  3.859300e-02  0.4950
96977.3051  -6.408094e-02  3.828923e-02  0.4949
97037.3051  -6.353524e-02  3.799065e-02  0.4949
97097.3051  -6.299998e-02  3.769665e-02  0.4949
97157.3051  -6.247396e-02  3.740908e-02  0.4949
97217.3051  -6.195647e-02  3.712533e-02  0.4949
97277.3050  -6.144506e-02  3.684666e-02  0.4950
97337.3051  -6.094243e-02  3.657294e-02  0.4949
97397.3051  -6.044609e-02  3.630293e-02  0.4949
97457.3051  -5.995874e-02  3.603768e-02  0.4949
97517.3051  -5.947915e-02  3.577651e-02  0.4949
97577.3050  -5.900615e-02  3.552062e-02  0.4950
97637.3051  -5.854042e-02  3.526855e-02  0.4949
97697.3051  -5.807950e-02  3.501874e-02  0.4949
97757.3051  -5.762799e-02  3.477450e-02  0.4949
97817.3051  -5.718342e-02  3.453424e-02  0.4949
97877.3051  -5.674200e-02  3.429512e-02  0.4949
97937.3051  -5.631023e-02  3.406300e-02  0.4949
97997.3051  -5.588183e-02  3.383291e-02  0.4949
98057.3051  -5.546193e-02  3.360612e-02  0.4949
98117.3050  -5.504686e-02  3.338220e-02  0.4950
98177.3051  -5.463731e-02  3.316240e-02  0.4949
98237.3051  -5.423276e-02  3.294721e-02  0.4949
98297.3051  -5.383571e-02  3.273355e-02  0.4949
98357.3051  -5.344202e-02  3.252312e-02  0.4949
98417.3051  -5.305412e-02  3.231721e-02  0.4949
98477.3051  -5.267334e-02  3.211276e-02  0.4949
98537.3051  -5.229671e-02  3.191139e-02  0.4949
98597.3051  -5.192428e-02  3.171221e-02  0.4949
98657.3050  -5.155740e-02  3.151560e-02  0.4950
98717.3051  -5.119487e-02  3.132408e-02  0.4949
98777.3050  -5.083802e-02  3.113360e-02  0.4950
98837.3051  -5.048566e-02  3.094767e-02  0.4949
98897.3051  -5.013490e-02  3.076219e-02  0.4949
98957.3051  -4.979296e-02  3.058097e-02  0.4949
99017.3051  -4.945274e-02  3.040174e-02  0.4949
99077.3051  -4.911727e-02  3.022265e-02  0.4949
99137.3051  -4.878614e-02  3.004749e-02  0.4949
99197.3051  -4.845865e-02  2.987527e-02  0.4949
99257.3051  -4.813727e-02  2.970409e-02  0.4949
99317.3050  -4.781918e-02  2.953775e-02  0.4950
99377.3051  -4.750324e-02  2.937042e-02  0.4949
99437.3051  -4.719194e-02  2.920853e-02  0.4949
99497.3051  -4.688575e-02  2.904619e-02  0.4949
99557.3051  -4.658187e-02  2.888855e-02  0.4949
99617.3050  -4.628279e-02  2.873004e-02  0.4950
99677.3051  -4.598613e-02  2.857419e-02  0.4949
99737.3051  -4.569159e-02  2.842153e-02  0.4949
99797.3051  -4.540238e-02  2.826977e-02  0.4949
99857.3051  -4.511696e-02  2.812144e-02  0.4949
99917.3051  -4.483416e-02  2.797346e-02  0.4949
99977.3050  -4.455492e-02  2.782708e-02  0.4950
100037.3051  -4.434765e-02  2.772550e-02  -0.3051
100097.3051  -4.407489e-02  2.758315e-02  -0.3051
100157.3051  -4.380493e-02  2.744183e-02  -0.3051
100217.3051  -4.353752e-02  2.730436e-02  -0.3051
100277.3050  -4.327152e-02  2.716705e-02  -0.3050
100337.3051  -4.301235e-02  2.703039e-02  -0.3051
100397.3051  -4.275199e-02  2.689931e-02  -0.3051
100457.3051  -4.249706e-02  2.676427e-02  -0.3051
100517.3051  -4.224520e-02  2.663529e-02  -0.3051
100577.3051  -4.199497e-02  2.650644e-02  -0.3051
100637.3051  -4.174760e-02  2.637904e-02  -0.3051
100697.3051  -4.150315e-02  2.625221e-02  -0.3051
100757.3051  -4.126073e-02  2.612850e-02  -0.3051
100817.3050  -4.102249e-02  2.600572e-02  -0.3050
100877.3051  -4.078491e-02  2.588276e-02  -0.3051
100937.3051  -4.055158e-02  2.576222e-02  -0.3051
100997.3051  -4.031901e-02  2.564428e-02  -0.3051
101057.3051  -4.008957e-02  2.552557e-02  -0.3051
101117.3051  -3.986356e-02  2.540986e-02  -0.3051
101177.3051  -3.963818e-02  2.529482e-02  -0.3051
101237.3051  -3.941605e-02  2.518180e-02  -0.3051
101297.3051  -3.919604e-02  2.507117e-02  -0.3051
101357.3050  -3.897934e-02  2.495794e-02  -0.3050
101417.3051  -3.876230e-02  2.484858e-02  -0.3051
101477.3050  -3.854999e-02  2.473940e-02  -0.3050
101537.3051  -3.833858e-02  2.463198e-02  -0.3051
101597.3051  -3.812945e-02  2.452507e-02  -0.3051
101657.3051  -3.792262e-02  2.442267e-02  -0.3051
101717.3051  -3.771796e-02  2.431862e-02  -0.3051
101777.3051  -3.751452e-02  2.421559e-02  -0.3051
101837.3051  -3.731330e-02  2.411372e-02  -0.3051
101897.3051  -3.711453e-02  2.401313e-02  -0.3051
101957.3051  -3.691821e-02  2.391273e-02  -0.3051
102017.3050  -3.672306e-02  2.381518e-02  -0.3050
102077.3051  -3.653043e-02  2.371680e-02  -0.3051
102137.3051  -3.633903e-02  2.362025e-02  -0.3051
102197.3051  -3.614892e-02  2.352443e-02  -0.3051
102257.3051  -3.596140e-02  2.343075e-02  -0.3051
102317.3050  -3.577522e-02  2.333677e-02  -0.3050
102377.3051  -3.559168e-02  2.324389e-02  -0.3051
102437.3051  -3.540953e-02  2.315354e-02  -0.3051
102497.3051  -3.522768e-02  2.306193e-02  -0.3051
102557.3051  -3.504841e-02  2.297314e-02  -0.3051
102617.3051  -3.487189e-02  2.288464e-02  -0.3051
102677.3050  -3.469574e-02  2.279789e-02  -0.3050
102737.3051  -3.452224e-02  2.270907e-02  -0.3051
102797.3051  -3.434919e-02  2.262221e-02  -0.3051
102857.3051  -3.417774e-02  2.253877e-02  -0.3051
102917.3051  -3.400913e-02  2.245360e-02  -0.3051
102977.3050  -3.383982e-02  2.237204e-02  -0.3050
103037.3051  -3.367450e-02  2.228902e-02  -0.3051
103097.3051  -3.350855e-02  2.220588e-02  -0.3051
103157.3051  -3.334552e-02  2.212675e-02  -0.3051
103217.3051  -3.318302e-02  2.204643e-02  -0.3051
103277.3051  -3.302237e-02  2.196499e-02  -0.3051
103337.3051  -3.286342e-02  2.188788e-02  -0.3051
103397.3051  -3.270526e-02  2.180988e-02  -0.3051
103457.3051  -3.254883e-02  2.173110e-02  -0.3051
103517.3050  -3.239316e-02  2.165563e-02  -0.3050
103577.3051  -3.223936e-02  2.157825e-02  -0.3051
103637.3051  -3.208744e-02  2.150302e-02  -0.3051
103697.3051  -3.193633e-02  2.143145e-02  -0.3051
103757.3051  -3.178600e-02  2.135684e-02  -0.3051
103817.3051  -3.163762e-02  2.128339e-02  -0.3051
103877.3051  -3.149012e-02  2.121119e-02  -0.3051
103937.3051  -3.134352e-02  2.114029e-02  -0.3051
103997.3051  -3.119999e-02  2.106948e-02  -0.3051
104057.3050  -3.105521e-02  2.100015e-02  -0.3050
104117.3051  -3.091354e-02  2.093107e-02  -0.3051
104177.3050  -3.077171e-02  2.086099e-02  -0.3050
104237.3051  -3.063090e-02  2.079266e-02  -0.3051
104297.3051  -3.049217e-02  2.072485e-02  -0.3051
104357.3051  -3.035338e-02  2.065763e-02  -0.3051
104417.3051  -3.021671e-02  2.059108e-02  -0.3051
104477.3051  -3.008216e-02  2.052525e-02  -0.3051
104537.3051  -2.994762e-02  2.046033e-02  -0.3051
104597.3051  -2.981309e-02  2.039490e-02  -0.3051
104657.3051  -2.968074e-02  2.033191e-02  -0.3051
104717.3050  -2.954953e-02  2.026863e-02  -0.3050
104777.3051  -2.941945e-02  2.020370e-02  -0.3051
104837.3051  -2.928948e-02  2.014284e-02  -0.3051
104897.3051  -2.916069e-02  2.008048e-02  -0.3051
104957.3051  -2.903417e-02  2.001813e-02  -0.3051
105017.3050  -2.890779e-02  1.995728e-02  -0.3050
105077.3051  -2.878263e-02  1.989799e-02  -0.3051
105137.3051  -2.865767e-02  1.984031e-02  -0.3051
105197.3051  -2.853398e-02  1.977880e-02  -0.3051
105257.3051  -2.841156e-02  1.972040e-02  -0.3051
105317.3051  -2.828939e-02  1.966247e-02  -0.3051
105377.3050  -2.816957e-02  1.960651e-02  -0.3050
105437.3051  -2.804898e-02  1.954825e-02  -0.3051
105497.3051  -2.793078e-02  1.949074e-02  -0.3051
105557.3051  -2.781288e-02  1.943535e-02  -0.3051
105617.3051  -2.769533e-02  1.938080e-02  -0.3051
105677.3050  -2.757915e-02  1.932565e-02  -0.3050
105737.3051  -2.746435e-02  1.927143e-02  -0.3051
105797.3051  -2.734994e-02  1.921538e-02  -0.3051
105857.3051  -2.723594e-02  1.916178e-02  -0.3051
105917.3051  -2.712336e-02  1.910936e-02  -0.3051
105977.3051  -2.701121e-02  1.905528e-02  -0.3051
106037.3051  -2.690052e-02  1.900387e-02  -0.3051
106097.3051  -2.678929e-02  1.895084e-02  -0.3051
106157.3051  -2.667953e-02  1.890219e-02  -0.3051
106217.3050  -2.657126e-02  1.884920e-02  -0.3050
106277.3051  -2.646250e-02  1.879774e-02  -0.3051
106337.3051  -2.635526e-02  1.874790e-02  -0.3051
106397.3051  -2.624857e-02  1.869814e-02  -0.3051
106457.3051  -2.614339e-02  1.864875e-02  -0.3051
106517.3051  -2.603879e-02  1.859954e-02  -0.3051
106577.3051  -2.593377e-02  1.855219e-02  -0.3051
106637.3051  -2.583031e-02  1.850243e-02  -0.3051
106697.3051  -2.572747e-02  1.845304e-02  -0.3051
106757.3050  -2.562622e-02  1.840863e-02  -0.3050
106817.3051  -2.552363e-02  1.836032e-02  -0.3051
106877.3050  -2.542363e-02  1.831280e-02  -0.3050
106937.3051  -2.532333e-02  1.826586e-02  -0.3051
106997.3051  -2.522463e-02  1.821979e-02  -0.3051
107057.3051  -2.512567e-02  1.817436e-02  -0.3051
107117.3051  -2.502740e-02  1.812996e-02  -0.3051
107177.3051  -2.493075e-02  1.808495e-02  -0.3051
107237.3051  -2.483388e-02  1.803938e-02  -0.3051
107297.3051  -2.473773e-02  1.799631e-02  -0.3051
107357.3051  -2.464330e-02  1.795145e-02  -0.3051
107417.3050  -2.454862e-02  1.791054e-02  -0.3050
107477.3051  -2.445378e-02  1.786492e-02  -0.3051
107537.3051  -2.436061e-02  1.782197e-02  -0.3051
107597.3051  -2.426731e-02  1.778183e-02  -0.3051
107657.3051  -2.417572e-02  1.773704e-02  -0.3051
107717.3050  -2.408400e-02  1.769509e-02  -0.3050
107777.3051  -2.399308e-02  1.765609e-02  -0.3051
107837.3051  -2.390208e-02  1.761259e-02  -0.3051
107897.3051  -2.381281e-02  1.757346e-02  -0.3051
107957.3051  -2.372251e-02  1.753156e-02  -0.3051
108017.3051  -2.363491e-02  1.749111e-02  -0.3051
108077.3050  -2.354638e-02  1.745241e-02  -0.3050
108137.3051  -2.345865e-02  1.741386e-02  -0.3051
108197.3051  -2.337275e-02  1.737412e-02  -0.3051
108257.3051  -2.328588e-02  1.733456e-02  -0.3051
108317.3051  -2.319991e-02  1.729391e-02  -0.3051
108377.3050  -2.311396e-02  1.725660e-02  -0.3050
108437.3051  -2.302979e-02  1.721829e-02  -0.3051
108497.3051  -2.294567e-02  1.718035e-02  -0.3051
108557.3051  -2.286247e-02  1.714280e-02  -0.3051
108617.3051  -2.277839e-02  1.710745e-02  -0.3051
108677.3051  -2.269525e-02  1.706810e-02  -0.3051
108737.3051  -2.261403e-02  1.703240e-02  -0.3051
108797.3051  -2.253194e-02  1.699727e-02  -0.3051
108857.3051  -2.245074e-02  1.695825e-02  -0.3051
108917.3050  -2.236974e-02  1.692474e-02  -0.3050
108977.3051  -2.229059e-02  1.688879e-02  -0.3051
109037.3051  -2.221062e-02  1.685218e-02  -0.3051
109097.3051  -2.213166e-02  1.681496e-02  -0.3051
109157.3051  -2.205286e-02  1.678167e-02  -0.3051
109217.3051  -2.197414e-02  1.674923e-02  -0.3051
109277.3051  -2.189654e-02  1.671170e-02  -0.3051
109337.3051  -2.181903e-02  1.667824e-02  -0.3051
109397.3051  -2.174255e-02  1.664569e-02  -0.3051
109457.3050  -2.166535e-02  1.661142e-02  -0.3050
109517.3051  -2.159014e-02  1.657812e-02  -0.3051
109577.3050  -2.151421e-02  1.654586e-02  -0.3050
109637.3051  -2.143936e-02  1.651191e-02  -0.3051
109697.3051  -2.136557e-02  1.647908e-02  -0.3051
109757.3051  -2.129111e-02  1.644600e-02  -0.3051
109817.3051  -2.121692e-02  1.641411e-02  -0.3051
109877.3051  -2.114382e-02  1.638064e-02  -0.3051
109937.3051  -2.107089e-02  1.635164e-02  -0.3051
109997.3051  -2.099825e-02  1.632070e-02  -0.3051
110057.3051  -2.092591e-02  1.628830e-02  -0.3051
110117.3050  -2.085470e-02  1.625722e-02  -0.3050
110177.3051  -2.078368e-02  1.622472e-02  -0.3051
110237.3051  -2.071297e-02  1.619367e-02  -0.3051
110297.3051  -2.064261e-02  1.616401e-02  -0.3051
110357.3051  -2.057247e-02  1.613634e-02  -0.3051
110417.3050  -2.050268e-02  1.610554e-02  -0.3050
110477.3051  -2.043404e-02  1.607620e-02  -0.3051
110537.3051  -2.036485e-02  1.604381e-02  -0.3051
110597.3051  -2.029683e-02  1.601486e-02  -0.3051
110657.3051  -2.022828e-02  1.598618e-02  -0.3051
110717.3051  -2.016011e-02  1.595774e-02  -0.3051
110777.3050  -2.009313e-02  1.593100e-02  -0.3050
110837.3051  -2.002642e-02  1.589985e-02  -0.3051
110897.3051  -1.995934e-02  1.587377e-02  -0.3051
110957.3051  -1.989346e-02  1.584339e-02  -0.3051
111017.3051  -1.982787e-02  1.581478e-02  -0.3051
111077.3050  -1.976272e-02  1.578992e-02  -0.3050
111137.3051  -1.969799e-02  1.576223e-02  -0.3051
111197.3051  -1.963359e-02  1.573498e-02  -0.3051
111257.3051  -1.956874e-02  1.570828e-02  -0.3051
111317.3051  -1.950434e-02  1.567880e-02  -0.3051
111377.3051  -1.944119e-02  1.565325e-02  -0.3051
111437.3051  -1.937760e-02  1.562494e-02  -0.3051
111497.3051  -1.931449e-02  1.560054e-02  -0.3051
111557.3051  -1.925173e-02  1.557354e-02  -0.3051
111617.3050  -1.918947e-02  1.554715e-02  -0.3050
111677.3051  -1.912771e-02  1.552155e-02  -0.3051
111737.3051  -1.906555e-02  1.549661e-02  -0.3051
111797.3051  -1.900378e-02  1.546907e-02  -0.3051
111857.3051  -1.894415e-02  1.544234e-02  -0.3051
111917.3051  -1.888254e-02  1.541975e-02  -0.3051
111977.3051  -1.882219e-02  1.539469e-02  -0.3051
112037.3051  -1.876238e-02  1.537043e-02  -0.3051
112097.3051  -1.870223e-02  1.534370e-02  -0.3051
112157.3050  -1.864336e-02  1.531989e-02  -0.3050
112217.3051  -1.858417e-02  1.529496e-02  -0.3051
112277.3050  -1.852553e-02  1.527103e-02  -0.3050
112337.3051  -1.846658e-02  1.524667e-02  -0.3051
112397.3051  -1.840893e-02  1.522475e-02  -0.3051
112457.3051  -1.835098e-02  1.519904e-02  -0.3051
112517.3051  -1.829275e-02  1.517438e-02  -0.3051
112577.3051  -1.823509e-02  1.515083e-02  -0.3051
112637.3051  -1.817875e-02  1.512832e-02  -0.3051
112697.3051  -1.812214e-02  1.510357e-02  -0.3051
112757.3051  -1.806526e-02  1.508339e-02  -0.3051
112817.3050  -1.800898e-02  1.506093e-02  -0.3050
112877.3051  -1.795404e-02  1.503485e-02  -0.3051
112937.3051  -1.789727e-02  1.501481e-02  -0.3051
112997.3051  -1.784270e-02  1.499116e-02  -0.3051
113057.3051  -1.778703e-02  1.496881e-02  -0.3051
113117.3050  -1.773284e-02  1.494775e-02  -0.3050
113177.3051  -1.767830e-02  1.492656e-02  -0.3051
113237.3051  -1.762368e-02  1.490467e-02  -0.3051
113297.3051  -1.756955e-02  1.488271e-02  -0.3051
113357.3051  -1.751608e-02  1.485872e-02  -0.3051
113417.3051  -1.746326e-02  1.483953e-02  -0.3051
113477.3050  -1.740939e-02  1.481830e-02  -0.3050
113537.3051  -1.735689e-02  1.479850e-02  -0.3051
113597.3051  -1.730436e-02  1.477542e-02  -0.3051
113657.3051  -1.725149e-02  1.475399e-02  -0.3051
113717.3051  -1.720015e-02  1.473363e-02  -0.3051
113777.3050  -1.714781e-02  1.471450e-02  -0.3050
113837.3051  -1.709614e-02  1.469312e-02  -0.3051
113897.3051  -1.704517e-02  1.467296e-02  -0.3051
113957.3051  -1.699320e-02  1.465403e-02  -0.3051
114017.3051  -1.694193e-02  1.463291e-02  -0.3051
114077.3051  -1.689206e-02  1.461302e-02  -0.3051
114137.3051  -1.684204e-02  1.459436e-02  -0.3051
114197.3051  -1.679121e-02  1.457355e-02  -0.3051
114257.3051  -1.674095e-02  1.455417e-02  -0.3051
114317.3050  -1.669140e-02  1.453590e-02  -0.3050
114377.3051  -1.664174e-02  1.451555e-02  -0.3051
114437.3051  -1.659281e-02  1.449654e-02  -0.3051
114497.3051  -1.654378e-02  1.447530e-02  -0.3051
114557.3051  -1.649531e-02  1.445900e-02  -0.3051
114617.3051  -1.644691e-02  1.444063e-02  -0.3051
114677.3051  -1.639760e-02  1.442002e-02  -0.3051
114737.3051  -1.635053e-02  1.440097e-02  -0.3051
114797.3051  -1.630188e-02  1.438313e-02  -0.3051
114857.3050  -1.625466e-02  1.436681e-02  -0.3050
114917.3051  -1.620670e-02  1.434840e-02  -0.3051
114977.3050  -1.616016e-02  1.432790e-02  -0.3050
115037.3051  -1.611274e-02  1.431249e-02  -0.3051
115097.3051  -1.606542e-02  1.429486e-02  -0.3051
115157.3051  -1.601954e-02  1.427523e-02  -0.3051
115217.3051  -1.597280e-02  1.425701e-02  -0.3051
115277.3051  -1.592682e-02  1.424050e-02  -0.3051
115337.3051  -1.588015e-02  1.422176e-02  -0.3051
115397.3051  -1.583493e-02  1.420456e-02  -0.3051
115457.3051  -1.578967e-02  1.418907e-02  -0.3051
115517.3050  -1.574439e-02  1.417142e-02  -0.3050
115577.3051  -1.569908e-02  1.415549e-02  -0.3051
115637.3051  -1.565457e-02  1.413734e-02  -0.3051
115697.3051  -1.560924e-02  1.412102e-02  -0.3051
115757.3051  -1.556407e-02  1.410253e-02  -0.3051
115817.3050  -1.552035e-02  1.408578e-02  -0.3050
115877.3051  -1.547582e-02  1.407050e-02  -0.3051
115937.3051  -1.543210e-02  1.405336e-02  -0.3051
115997.3051  -1.538839e-02  1.403786e-02  -0.3051
116057.3051  -1.534549e-02  1.402404e-02  -0.3051
116117.3051  -1.530117e-02  1.400475e-02  -0.3051
116177.3050  -1.525832e-02  1.399069e-02  -0.3050
116237.3051  -1.521548e-02  1.397461e-02  -0.3051
116297.3051  -1.517204e-02  1.396035e-02  -0.3051
116357.3051  -1.513007e-02  1.394410e-02  -0.3051
116417.3051  -1.508732e-02  1.392590e-02  -0.3051
116477.3050  -1.504480e-02  1.391322e-02  -0.3050
116537.3051  -1.500311e-02  1.389854e-02  -0.3051
116597.3051  -1.496129e-02  1.388197e-02  -0.3051
116657.3051  -1.491890e-02  1.386728e-02  -0.3051
116717.3051  -1.487736e-02  1.385070e-02  -0.3051
116777.3051  -1.483650e-02  1.383584e-02  -0.3051
116837.3051  -1.479508e-02  1.382287e-02  -0.3051
116897.3051  -1.475453e-02  1.380793e-02  -0.3051
116957.3051  -1.471324e-02  1.379121e-02  -0.3051
117017.3050  -1.467281e-02  1.377629e-02  -0.3050
117077.3051  -1.463246e-02  1.376326e-02  -0.3051
117137.3051  -1.459157e-02  1.374838e-02  -0.3051
117197.3051  -1.455138e-02  1.373543e-02  -0.3051
117257.3051  -1.451207e-02  1.372061e-02  -0.3051
117317.3051  -1.447144e-02  1.370402e-02  -0.3051
117377.3051  -1.443169e-02  1.369292e-02  -0.3051
117437.3051  -1.439264e-02  1.367642e-02  -0.3051
117497.3051  -1.435309e-02  1.366189e-02  -0.3051
117557.3050  -1.431442e-02  1.364918e-02  -0.3050
117617.3051  -1.427507e-02  1.363476e-02  -0.3051
117677.3050  -1.423661e-02  1.362228e-02  -0.3050
117737.3051  -1.419687e-02  1.360804e-02  -0.3051
117797.3051  -1.415864e-02  1.359576e-02  -0.3051
117857.3051  -1.411992e-02  1.358174e-02  -0.3051
117917.3051  -1.408271e-02  1.356981e-02  -0.3051
117977.3051  -1.404423e-02  1.355597e-02  -0.3051
118037.3051  -1.400588e-02  1.354042e-02  -0.3051
118097.3051  -1.396844e-02  1.353085e-02  -0.3051
118157.3051  -1.393113e-02  1.351560e-02  -0.3051
118217.3050  -1.389336e-02  1.350237e-02  -0.3050
118277.3051  -1.385633e-02  1.349130e-02  -0.3051
118337.3051  -1.381884e-02  1.347853e-02  -0.3051
118397.3051  -1.378150e-02  1.346408e-02  -0.3051
118457.3051  -1.374429e-02  1.345158e-02  -0.3051
118517.3050  -1.370802e-02  1.344122e-02  -0.3050
118577.3051  -1.367190e-02  1.342921e-02  -0.3051
118637.3051  -1.363458e-02  1.341557e-02  -0.3051
118697.3051  -1.359877e-02  1.340396e-02  -0.3051
118757.3051  -1.356253e-02  1.339072e-02  -0.3051
118817.3051  -1.352646e-02  1.337970e-02  -0.3051
118877.3050  -1.349056e-02  1.336709e-02  -0.3050
118937.3051  -1.345482e-02  1.335251e-02  -0.3051
118997.3051  -1.341944e-02  1.334421e-02  -0.3051
119057.3051  -1.338405e-02  1.333037e-02  -0.3051
119117.3051  -1.334826e-02  1.331876e-02  -0.3051
119177.3050  -1.331342e-02  1.330546e-02  -0.3050
119237.3051  -1.327818e-02  1.329433e-02  -0.3051
119297.3051  -1.324294e-02  1.328549e-02  -0.3051
119357.3051  -1.320807e-02  1.327110e-02  -0.3051
119417.3051  -1.317397e-02  1.326292e-02  -0.3051
119477.3051  -1.313948e-02  1.324925e-02  -0.3051
119537.3051  -1.310462e-02  1.323790e-02  -0.3051
119597.3051  -1.307053e-02  1.322863e-02  -0.3051
119657.3051  -1.303607e-02  1.321800e-02  -0.3051
119717.3050  -1.300314e-02  1.320565e-02  -0.3050
119777.3051  -1.296852e-02  1.319569e-02  -0.3051
119837.3051  -1.293467e-02  1.318402e-02  -0.3051
119897.3051  -1.290179e-02  1.317084e-02  -0.3051
119957.3051  -1.286780e-02  1.316013e-02  -0.3051
120017.3051  -1.283403e-02  1.315158e-02  -0.3051
120077.3051  -1.280123e-02  1.314157e-02  -0.3051
120137.3051  -1.276864e-02  1.312988e-02  -0.3051
120197.3051  -1.273496e-02  1.312067e-02  -0.3051
120257.3050  -1.270227e-02  1.310992e-02  -0.3050
120317.3051  -1.266905e-02  1.309761e-02  -0.3051
120377.3050  -1.263680e-02  1.308775e-02  -0.3050
120437.3051  -1.260423e-02  1.307631e-02  -0.3051
120497.3051  -1.257189e-02  1.306727e-02  -0.3051
120557.3051  -1.253979e-02  1.305674e-02  -0.3051
120617.3051  -1.250717e-02  1.304850e-02  -0.3051
120677.3051  -1.247499e-02  1.303894e-02  -0.3051
120737.3051  -1.244360e-02  1.302784e-02  -0.3051
120797.3051  -1.241191e-02  1.301528e-02  -0.3051
120857.3051  -1.237992e-02  1.300897e-02  -0.3051
120917.3050  -1.234871e-02  1.299731e-02  -0.3050
120977.3051  -1.231722e-02  1.298810e-02  -0.3051
121037.3051  -1.228597e-02  1.297750e-02  -0.3051
121097.3051  -1.225443e-02  1.296939e-02  -0.3051
121157.3051  -1.222369e-02  1.295984e-02  -0.3051
121217.3050  -1.219193e-02  1.294871e-02  -0.3050
121277.3051  -1.216117e-02  1.294012e-02  -0.3051
121337.3051  -1.213012e-02  1.293015e-02  -0.3051
121397.3051  -1.209935e-02  1.292265e-02  -0.3051
121457.3051  -1.206884e-02  1.291369e-02  -0.3051
121517.3051  -1.203859e-02  1.290339e-02  -0.3051
121577.3050  -1.200861e-02  1.289553e-02  -0.3050
121637.3051  -1.197837e-02  1.288630e-02  -0.3051
121697.3051  -1.194788e-02  1.287571e-02  -0.3051
121757.3051  -1.191819e-02  1.286762e-02  -0.3051
121817.3051  -1.188751e-02  1.285815e-02  -0.3051
121877.3050  -1.185784e-02  1.284726e-02  -0.3050
121937.3051  -1.182845e-02  1.283895e-02  -0.3051
121997.3051  -1.179882e-02  1.283325e-02  -0.3051
122057.3051  -1.176874e-02  1.282217e-02  -0.3051
122117.3051  -1.173968e-02  1.281367e-02  -0.3051
122177.3051  -1.171090e-02  1.280384e-02  -0.3051
122237.3051  -1.168116e-02  1.279659e-02  -0.3051
122297.3051  -1.165244e-02  1.278810e-02  -0.3051
122357.3051  -1.162349e-02  1.277808e-02  -0.3051
122417.3050  -1.159411e-02  1.277078e-02  -0.3050
122477.3051  -1.156502e-02  1.276211e-02  -0.3051
122537.3051  -1.153696e-02  1.275613e-02  -0.3051
122597.3051  -1.150796e-02  1.274482e-02  -0.3051
122657.3051  -1.147998e-02  1.274020e-02  -0.3051
122717.3051  -1.145106e-02  1.273011e-02  -0.3051
122777.3051  -1.142296e-02  1.272290e-02  -0.3051
122837.3051  -1.139466e-02  1.271414e-02  -0.3051
122897.3051  -1.136614e-02  1.270818e-02  -0.3051
122957.3050  -1.133845e-02  1.269696e-02  -0.3050
123017.3051  -1.131056e-02  1.269236e-02  -0.3051
123077.3050  -1.128248e-02  1.268253e-02  -0.3050
123137.3051  -1.125521e-02  1.267534e-02  -0.3051
123197.3051  -1.122653e-02  1.266687e-02  -0.3051
123257.3051  -1.119939e-02  1.266113e-02  -0.3051
123317.3051  -1.117206e-02  1.265421e-02  -0.3051
123377.3051  -1.114433e-02  1.264581e-02  -0.3051
123437.3051  -1.111764e-02  1.263626e-02  -0.3051
123497.3051  -1.109006e-02  1.262947e-02  -0.3051
123557.3051  -1.106281e-02  1.262135e-02  -0.3051
123617.3050  -1.103608e-02  1.261606e-02  -0.3050
123677.3051  -1.100947e-02  1.260540e-02  -0.3051
123737.3051  -1.098220e-02  1.260163e-02  -0.3051
123797.3051  -1.095575e-02  1.259251e-02  -0.3051
123857.3051  -1.092843e-02  1.258618e-02  -0.3051
123917.3050  -1.090215e-02  1.257862e-02  -0.3050
123977.3051  -1.087570e-02  1.256991e-02  -0.3051
124037.3051  -1.084889e-02  1.256394e-02  -0.3051
124097.3051  -1.082312e-02  1.255674e-02  -0.3051
124157.3051  -1.079649e-02  1.255239e-02  -0.3051
124217.3051  -1.077020e-02  1.254263e-02  -0.3051
124277.3050  -1.074446e-02  1.253585e-02  -0.3050
124337.3051  -1.071836e-02  1.252780e-02  -0.3051
124397.3051  -1.069190e-02  1.252267e-02  -0.3051
124457.3051  -1.066600e-02  1.251621e-02  -0.3051
124517.3051  -1.064045e-02  1.250865e-02  -0.3051
124577.3050  -1.061525e-02  1.250388e-02  -0.3050
124637.3051  -1.058920e-02  1.249793e-02  -0.3051
124697.3051  -1.056351e-02  1.249093e-02  -0.3051
124757.3051  -1.053887e-02  1.248246e-02  -0.3051
124817.3051  -1.051340e-02  1.247713e-02  -0.3051
124877.3051  -1.048780e-02  1.247061e-02  -0.3051
124937.3051  -1.046304e-02  1.246277e-02  -0.3051
124997.3051  -1.043746e-02  1.245793e-02  -0.3051
125057.3051  -1.041245e-02  1.245190e-02  -0.3051
125117.3050  -1.038710e-02  1.244460e-02  -0.3050
125177.3051  -1.036281e-02  1.244050e-02  -0.3051
125237.3051  -1.033771e-02  1.243087e-02  -0.3051
125297.3051  -1.031297e-02  1.242429e-02  -0.3051
125357.3051  -1.028860e-02  1.242065e-02  -0.3051
125417.3051  -1.026411e-02  1.241590e-02  -0.3051
125477.3051  -1.023930e-02  1.240996e-02  -0.3051
125537.3051  -1.021507e-02  1.240280e-02  -0.3051
125597.3051  -1.019052e-02  1.239455e-02  -0.3051
125657.3050  -1.016656e-02  1.238935e-02  -0.3050
125717.3051  -1.014228e-02  1.238305e-02  -0.3051
125777.3050  -1.011837e-02  1.237976e-02  -0.3050
125837.3051  -1.009368e-02  1.237098e-02  -0.3051
125897.3051  -1.007004e-02  1.236529e-02  -0.3051
125957.3051  -1.004563e-02  1.236281e-02  -0.3051
126017.3051  -1.002228e-02  1.235486e-02  -0.3051
126077.3051  -9.998629e-03  1.235003e-02  -0.3051
126137.3051  -9.974884e-03  1.234417e-02  -0.3051
126197.3051  -9.951523e-03  1.233705e-02  -0.3051
126257.3051  -9.927384e-03  1.233304e-02  -0.3051
126317.3050  -9.904317e-03  1.232791e-02  -0.3050
126377.3051  -9.880483e-03  1.232175e-02  -0.3051
126437.3051  -9.857038e-03  1.231862e-02  -0.3051
126497.3051  -9.833976e-03  1.231011e-02  -0.3051
126557.3051  -9.810843e-03  1.230479e-02  -0.3051
126617.3050  -9.788095e-03  1.230253e-02  -0.3050
126677.3051  -9.764586e-03  1.229496e-02  -0.3051
126737.3051  -9.742157e-03  1.229055e-02  -0.3051
126797.3051  -9.718972e-03  1.228509e-02  -0.3051
126857.3051  -9.696183e-03  1.227849e-02  -0.3051
126917.3051  -9.673327e-03  1.227517e-02  -0.3051
126977.3050  -9.650185e-03  1.227066e-02  -0.3050
127037.3051  -9.628125e-03  1.226502e-02  -0.3051
127097.3051  -9.605320e-03  1.225835e-02  -0.3051
127157.3051  -9.582910e-03  1.225490e-02  -0.3051
127217.3051  -9.560447e-03  1.225026e-02  -0.3051
127277.3050  -9.537706e-03  1.224466e-02  -0.3050
127337.3051  -9.517609e-03  1.223791e-02  -0.3051
127397.3051  -9.491846e-03  1.223444e-02  -0.3051
127457.3051  -9.472549e-03  1.222986e-02  -0.3051
127517.3051  -9.445801e-03  1.222426e-02  -0.3051
127577.3051  -9.425058e-03  1.222200e-02  -0.3051
127637.3051  -9.404044e-03  1.221415e-02  -0.3051
127697.3051  -9.382771e-03  1.220971e-02  -0.3051
127757.3051  -9.360777e-03  1.220848e-02  -0.3051
127817.3050  -9.338524e-03  1.220196e-02  -0.3050
127877.3051  -9.315555e-03  1.219855e-02  -0.3051
127937.3051  -9.299030e-03  1.219418e-02  -0.3051
127997.3051  -9.275098e-03  1.218877e-02  -0.3051
128057.3051  -9.250917e-03  1.218240e-02  -0.3051
128117.3051  -9.232707e-03  1.217921e-02  -0.3051
128177.3051  -9.207577e-03  1.217503e-02  -0.3051
128237.3051  -9.188415e-03  1.216984e-02  -0.3051
128297.3051  -9.168995e-03  1.216797e-02  -0.3051
128357.3050  -9.142677e-03  1.216061e-02  -0.3050
128417.3051  -9.121873e-03  1.215676e-02  -0.3051
128477.3050  -9.101269e-03  1.215183e-02  -0.3050
128537.3051  -9.079972e-03  1.215012e-02  -0.3051
128597.3051  -9.058439e-03  1.214315e-02  -0.3051
128657.3051  -9.042845e-03  1.213950e-02  -0.3051
128717.3051  -9.019934e-03  1.213484e-02  -0.3051
128777.3051  -8.996795e-03  1.213364e-02  -0.3051
128837.3051  -8.980028e-03  1.212689e-02  -0.3051
128897.3051  -8.955975e-03  1.212368e-02  -0.3051
128957.3051  -8.937847e-03  1.211930e-02  -0.3051
129017.3050  -8.913335e-03  1.211850e-02  -0.3050
129077.3051  -8.894304e-03  1.211223e-02  -0.3051
129137.3051  -8.875035e-03  1.210926e-02  -0.3051
129197.3051  -8.855543e-03  1.210538e-02  -0.3051
129257.3051  -8.835380e-03  1.210056e-02  -0.3051
129317.3050  -8.814990e-03  1.209913e-02  -0.3050
129377.3051  -8.793935e-03  1.209233e-02  -0.3051
129437.3051  -8.772659e-03  1.208891e-02  -0.3051
129497.3051  -8.750728e-03  1.208457e-02  -0.3051
129557.3051  -8.734693e-03  1.208364e-02  -0.3051
129617.3051  -8.712318e-03  1.207729e-02  -0.3051
129677.3050  -8.695401e-03  1.207444e-02  -0.3050
129737.3051  -8.671730e-03  1.207063e-02  -0.3051
129797.3051  -8.654372e-03  1.206581e-02  -0.3051
129857.3051  -8.629842e-03  1.206454e-02  -0.3051
129917.3051  -8.611623e-03  1.206224e-02  -0.3051
129977.3050  -8.592755e-03  1.205889e-02  -0.3050
130037.3051  -8.573675e-03  1.205477e-02  -0.3051
130097.3051  -8.553956e-03  1.204964e-02  -0.3051
130157.3051  -8.533596e-03  1.204807e-02  -0.3051
130217.3051  -8.513030e-03  1.204543e-02  -0.3051
130277.3051  -8.492260e-03  1.204193e-02  -0.3051
130337.3051  -8.477343e-03  1.203738e-02  -0.3051
130397.3051  -8.455308e-03  1.203194e-02  -0.3051
130457.3051  -8.439547e-03  1.203001e-02  -0.3051
130517.3050  -8.417107e-03  1.202719e-02  -0.3050
130577.3051  -8.400509e-03  1.202347e-02  -0.3051
130637.3051  -8.376829e-03  1.201879e-02  -0.3051
130697.3051  -8.359410e-03  1.201769e-02  -0.3051
130757.3051  -8.341786e-03  1.201555e-02  -0.3051
130817.3051  -8.323543e-03  1.201253e-02  -0.3051
130877.3051  -8.304678e-03  1.200875e-02  -0.3051
130937.3051  -8.285626e-03  1.200392e-02  -0.3051
130997.3051  -8.265950e-03  1.200253e-02  -0.3051
131057.3050  -8.246091e-03  1.200044e-02  -0.3050
131117.3051  -8.225620e-03  1.199725e-02  -0.3051
131177.3050  -8.211374e-03  1.199339e-02  -0.3050
131237.3051  -8.190110e-03  1.198843e-02  -0.3051
131297.3051  -8.168240e-03  1.198719e-02  -0.3051
131357.3051  -8.153004e-03  1.198493e-02  -0.3051
131417.3051  -8.136741e-03  1.198187e-02  -0.3051
131477.3051  -8.113904e-03  1.197784e-02  -0.3051
131537.3051  -8.097274e-03  1.197752e-02  -0.3051
131597.3051  -8.080047e-03  1.197158e-02  -0.3051
131657.3051  -8.062200e-03  1.196949e-02  -0.3051
131717.3050  -8.044227e-03  1.196644e-02  -0.3050
131777.3051  -8.025598e-03  1.196252e-02  -0.3051
131837.3051  -8.006846e-03  1.196226e-02  -0.3051
131897.3051  -7.987444e-03  1.196110e-02  -0.3051
131957.3051  -7.967921e-03  1.195446e-02  -0.3051
132017.3050  -7.954096e-03  1.195612e-02  -0.3050
132077.3051  -7.933806e-03  1.195224e-02  -0.3051
132137.3051  -7.912931e-03  1.194764e-02  -0.3051
132197.3051  -7.897807e-03  1.194653e-02  -0.3051
132257.3051  -7.882502e-03  1.194471e-02  -0.3051
132317.3051  -7.860291e-03  1.194195e-02  -0.3051
132377.3050  -7.844230e-03  1.193835e-02  -0.3050
132437.3051  -7.827993e-03  1.193852e-02  -0.3051
132497.3051  -7.810770e-03  1.193313e-02  -0.3051
132557.3051  -7.793840e-03  1.193153e-02  -0.3051
132617.3051  -7.775871e-03  1.192911e-02  -0.3051
132677.3050  -7.757735e-03  1.192577e-02  -0.3050
132737.3051  -7.739489e-03  1.192621e-02  -0.3051
132797.3051  -7.720617e-03  1.192104e-02  -0.3051
132857.3051  -7.701236e-03  1.191973e-02  -0.3051
132917.3051  -7.687967e-03  1.191768e-02  -0.3051
132977.3051  -7.667800e-03  1.191461e-02  -0.3051
133037.3051  -7.653797e-03  1.191538e-02  -0.3051
133097.3051  -7.632965e-03  1.191074e-02  -0.3051
133157.3051  -7.618234e-03  1.190980e-02  -0.3051
133217.3050  -7.596689e-03  1.190797e-02  -0.3050
133277.3051  -7.580837e-03  1.190545e-02  -0.3051
133337.3051  -7.564827e-03  1.190202e-02  -0.3051
133397.3051  -7.548259e-03  1.190234e-02  -0.3051
133457.3051  -7.531535e-03  1.189725e-02  -0.3051
133517.3051  -7.514314e-03  1.189598e-02  -0.3051
133577.3051  -7.496883e-03  1.189387e-02  -0.3051
133637.3051  -7.478902e-03  1.189080e-02  -0.3051
133697.3051  -7.460432e-03  1.189180e-02  -0.3051
133757.3050  -7.447966e-03  1.188704e-02  -0.3050
133817.3051  -7.428799e-03  1.188644e-02  -0.3051
133877.3050  -7.409486e-03  1.188474e-02  -0.3050
133937.3051  -7.395774e-03  1.188238e-02  -0.3051
133997.3051  -7.381967e-03  1.187918e-02  -0.3051
134057.3051  -7.361427e-03  1.187980e-02  -0.3051
134117.3051  -7.346537e-03  1.187495e-02  -0.3051
134177.3051  -7.331501e-03  1.187393e-02  -0.3051
134237.3051  -7.309750e-03  1.187215e-02  -0.3051
134297.3051  -7.294035e-03  1.186949e-02  -0.3051
134357.3051  -7.277785e-03  1.187081e-02  -0.3051
134417.3050  -7.261002e-03  1.186651e-02  -0.3050
134477.3051  -7.244080e-03  1.186623e-02  -0.3051
134537.3051  -7.233228e-03  1.186507e-02  -0.3051
134597.3051  -7.215245e-03  1.186321e-02  -0.3051
134657.3051  -7.197184e-03  1.186044e-02  -0.3051
134717.3050  -7.178931e-03  1.186171e-02  -0.3050
134777.3051  -7.166349e-03  1.185740e-02  -0.3051
134837.3051  -7.147050e-03  1.185710e-02  -0.3051
134897.3051  -7.133806e-03  1.185578e-02  -0.3051
134957.3051  -7.120037e-03  1.185394e-02  -0.3051
135017.3051  -7.099956e-03  1.185121e-02  -0.3051
135077.3050  -7.085533e-03  1.185237e-02  -0.3050
135137.3051  -7.070593e-03  1.184796e-02  -0.3051
135197.3051  -7.055519e-03  1.184772e-02  -0.3051
135257.3051  -7.039931e-03  1.184654e-02  -0.3051
135317.3051  -7.024213e-03  1.184463e-02  -0.3051
135377.3050  -7.007983e-03  1.184190e-02  -0.3050
135437.3051  -6.991300e-03  1.184324e-02  -0.3051
135497.3051  -6.974435e-03  1.183897e-02  -0.3051
135557.3051  -6.957065e-03  1.183863e-02  -0.3051
135617.3051  -6.945703e-03  1.183767e-02  -0.3051
135677.3051  -6.927702e-03  1.183585e-02  -0.3051
135737.3051  -6.909256e-03  1.183335e-02  -0.3051
135797.3051  -6.896699e-03  1.183480e-02  -0.3051
135857.3051  -6.877633e-03  1.183543e-02  -0.3051
135917.3050  -6.864449e-03  1.183063e-02  -0.3050
135977.3051  -6.850819e-03  1.182968e-02  -0.3051
136037.3051  -6.836689e-03  1.182814e-02  -0.3051
136097.3051  -6.816394e-03  1.183051e-02  -0.3051
136157.3051  -6.801650e-03  1.182744e-02  -0.3051
136217.3051  -6.786787e-03  1.182846e-02  -0.3051
136277.3051  -6.771430e-03  1.182376e-02  -0.3051
136337.3051  -6.755581e-03  1.182321e-02  -0.3051
136397.3051  -6.739618e-03  1.182200e-02  -0.3051
136457.3050  -6.729184e-03  1.181986e-02  -0.3050
136517.3051  -6.712615e-03  1.182189e-02  -0.3051
136577.3050  -6.695243e-03  1.181832e-02  -0.3050
136637.3051  -6.684085e-03  1.181891e-02  -0.3051
136697.3051  -6.666117e-03  1.181871e-02  -0.3051
136757.3051  -6.653985e-03  1.181776e-02  -0.3051
136817.3051  -6.635799e-03  1.181600e-02  -0.3051
136877.3051  -6.623071e-03  1.181367e-02  -0.3051
136937.3051  -6.609915e-03  1.181533e-02  -0.3051
136997.3051  -6.590295e-03  1.181140e-02  -0.3051
137057.3051  -6.576497e-03  1.181168e-02  -0.3051
137117.3050  -6.562645e-03  1.181112e-02  -0.3050
137177.3051  -6.547947e-03  1.180983e-02  -0.3051
137237.3051  -6.533143e-03  1.180800e-02  -0.3051
137297.3051  -6.518234e-03  1.181007e-02  -0.3051
137357.3051  -6.502853e-03  1.180672e-02  -0.3051
137417.3050  -6.487001e-03  1.180745e-02  -0.3050
137477.3051  -6.476630e-03  1.180742e-02  -0.3051
137537.3051  -6.460206e-03  1.180674e-02  -0.3051
137597.3051  -6.443738e-03  1.180538e-02  -0.3051
137657.3051  -6.432321e-03  1.180322e-02  -0.3051
137717.3051  -6.414867e-03  1.180519e-02  -0.3051
137777.3050  -6.403302e-03  1.180157e-02  -0.3050
137837.3051  -6.385288e-03  1.180227e-02  -0.3051
137897.3051  -6.372793e-03  1.180217e-02  -0.3051
137957.3051  -6.359779e-03  1.180130e-02  -0.3051
138017.3051  -6.346722e-03  1.179974e-02  -0.3051
138077.3050  -6.327292e-03  1.180251e-02  -0.3050
138137.3051  -6.313681e-03  1.179949e-02  -0.3051
138197.3051  -6.299556e-03  1.180075e-02  -0.3051
138257.3051  -6.285030e-03  1.179644e-02  -0.3051
138317.3051  -6.270410e-03  1.179628e-02  -0.3051
138377.3051  -6.261228e-03  1.179554e-02  -0.3051
138437.3051  -6.246059e-03  1.179881e-02  -0.3051
138497.3051  -6.230079e-03  1.179660e-02  -0.3051
138557.3051  -6.214371e-03  1.179374e-02  -0.3051
138617.3050  -6.203784e-03  1.179507e-02  -0.3050
138677.3051  -6.187178e-03  1.179563e-02  -0.3051
138737.3051  -6.175995e-03  1.179561e-02  -0.3051
138797.3051  -6.158909e-03  1.179480e-02  -0.3051
138857.3051  -6.147187e-03  1.179338e-02  -0.3051
138917.3051  -6.135018e-03  1.179132e-02  -0.3051
138977.3051  -6.116961e-03  1.179342e-02  -0.3051
139037.3051  -6.104315e-03  1.179488e-02  -0.3051
139097.3051  -6.091172e-03  1.179079e-02  -0.3051
139157.3050  -6.077997e-03  1.179083e-02  -0.3050
139217.3051  -6.064381e-03  1.179033e-02  -0.3051
139277.3050  -6.050627e-03  1.179391e-02  -0.3050
139337.3051  -6.036134e-03  1.179201e-02  -0.3051
139397.3051  -6.021914e-03  1.178946e-02  -0.3051
139457.3051  -6.006904e-03  1.179115e-02  -0.3051
139517.3051  -5.991815e-03  1.179214e-02  -0.3051
139577.3051  -5.982109e-03  1.179242e-02  -0.3051
139637.3051  -5.966506e-03  1.179219e-02  -0.3051
139697.3051  -5.956281e-03  1.179115e-02  -0.3051
139757.3051  -5.939870e-03  1.178958e-02  -0.3051
139817.3050  -5.929131e-03  1.179233e-02  -0.3050
139877.3051  -5.911811e-03  1.178924e-02  -0.3051
139937.3051  -5.900616e-03  1.179059e-02  -0.3051
139997.3051  -5.888588e-03  1.179130e-02  -0.3051
140057.3051  -5.870748e-03  1.179134e-02  -0.3051
140117.3050  -5.858567e-03  1.179070e-02  -0.3050
140177.3051  -5.845664e-03  1.178937e-02  -0.3051
140237.3051  -5.832633e-03  1.178757e-02  -0.3051
140297.3051  -5.819580e-03  1.178997e-02  -0.3051
140357.3051  -5.805757e-03  1.179171e-02  -0.3051
140417.3051  -5.791862e-03  1.178786e-02  -0.3051
140477.3050  -5.777843e-03  1.178827e-02  -0.3050
140537.3051  -5.768867e-03  1.178821e-02  -0.3051
140597.3051  -5.754409e-03  1.179234e-02  -0.3051
140657.3051  -5.739189e-03  1.179087e-02  -0.3051
140717.3051  -5.729647e-03  1.178873e-02  -0.3051
140777.3050  -5.713943e-03  1.179101e-02  -0.3050
140837.3051  -5.703619e-03  1.179267e-02  -0.3051
140897.3051  -5.687436e-03  1.178869e-02  -0.3051
140957.3051  -5.676575e-03  1.178910e-02  -0.3051
141017.3051  -5.665300e-03  1.178867e-02  -0.3051
141077.3051  -5.648284e-03  1.179281e-02  -0.3051
141137.3051  -5.636531e-03  1.179128e-02  -0.3051
141197.3051  -5.624420e-03  1.178913e-02  -0.3051
141257.3051  -5.612191e-03  1.179138e-02  -0.3051
141317.3050  -5.599605e-03  1.179302e-02  -0.3050
141377.3051  -5.586903e-03  1.179396e-02  -0.3051
141437.3051  -5.573505e-03  1.179440e-02  -0.3051
141497.3051  -5.560045e-03  1.179409e-02  -0.3051
141557.3051  -5.546470e-03  1.179321e-02  -0.3051
141617.3051  -5.532205e-03  1.179171e-02  -0.3051
141677.3051  -5.523909e-03  1.179464e-02  -0.3051
141737.3051  -5.509181e-03  1.179189e-02  -0.3051
141797.3051  -5.494395e-03  1.179356e-02  -0.3051
141857.3050  -5.484891e-03  1.179447e-02  -0.3050
141917.3051  -5.469308e-03  1.179495e-02  -0.3051
141977.3050  -5.459342e-03  1.179476e-02  -0.3050
142037.3051  -5.448975e-03  1.179404e-02  -0.3051
142097.3051  -5.432597e-03  1.179777e-02  -0.3051
142157.3051  -5.421438e-03  1.179575e-02  -0.3051
142217.3051  -5.410219e-03  1.179809e-02  -0.3051
142277.3051  -5.398942e-03  1.180006e-02  -0.3051
142337.3051  -5.381335e-03  1.179626e-02  -0.3051
142397.3051  -5.369275e-03  1.179692e-02  -0.3051
142457.3051  -5.356874e-03  1.179687e-02  -0.3051
142517.3050  -5.344367e-03  1.180145e-02  -0.3050
142577.3051  -5.337159e-03  1.180025e-02  -0.3051
142637.3051  -5.323923e-03  1.179851e-02  -0.3051
142697.3051  -5.310582e-03  1.180117e-02  -0.3051
142757.3051  -5.296573e-03  1.180327e-02  -0.3051
142817.3050  -5.282847e-03  1.179980e-02  -0.3050
142877.3051  -5.274024e-03  1.180075e-02  -0.3051
142937.3051  -5.259529e-03  1.180107e-02  -0.3051
142997.3051  -5.250266e-03  1.180590e-02  -0.3051
143057.3051  -5.235006e-03  1.180507e-02  -0.3051
143117.3051  -5.225307e-03  1.180368e-02  -0.3051
143177.3050  -5.209619e-03  1.180674e-02  -0.3050
143237.3051  -5.199155e-03  1.180413e-02  -0.3051
143297.3051  -5.188641e-03  1.180611e-02  -0.3051
143357.3051  -5.177796e-03  1.180736e-02  -0.3051
143417.3051  -5.166521e-03  1.180824e-02  -0.3051
143477.3050  -5.149610e-03  1.180830e-02  -0.3050
143537.3051  -5.137962e-03  1.180784e-02  -0.3051
143597.3051  -5.125888e-03  1.181210e-02  -0.3051
143657.3051  -5.113489e-03  1.181046e-02  -0.3051
143717.3051  -5.106568e-03  1.181344e-02  -0.3051
143777.3051  -5.093747e-03  1.181068e-02  -0.3051
143837.3051  -5.080832e-03  1.181258e-02  -0.3051
143897.3051  -5.067269e-03  1.181370e-02  -0.3051
143957.3051  -5.059551e-03  1.181441e-02  -0.3051
144017.3050  -5.045574e-03  1.181459e-02  -0.3050
144077.3051  -5.031505e-03  1.181923e-02  -0.3051
144137.3051  -5.022345e-03  1.181813e-02  -0.3051
144197.3051  -5.007918e-03  1.181651e-02  -0.3051
144257.3051  -4.998346e-03  1.181944e-02  -0.3051
144317.3051  -4.988729e-03  1.182186e-02  -0.3051
144377.3051  -4.973205e-03  1.182378e-02  -0.3051
144437.3051  -4.963180e-03  1.181992e-02  -0.3051
144497.3051  -4.952788e-03  1.182573e-02  -0.3051
144557.3050  -4.942082e-03  1.182583e-02  -0.3050
144617.3051  -4.930960e-03  1.182556e-02  -0.3051
144677.3050  -4.914277e-03  1.182452e-02  -0.3050
144737.3051  -4.902807e-03  1.182818e-02  -0.3051
144797.3051  -4.896442e-03  1.182596e-02  -0.3051
144857.3051  -4.884519e-03  1.182857e-02  -0.3051
144917.3051  -4.871967e-03  1.183063e-02  -0.3051
144977.3051  -4.859649e-03  1.183197e-02  -0.3051
145037.3051  -4.846703e-03  1.183176e-02  -0.3051
145097.3051  -4.839223e-03  1.183260e-02  -0.3051
145157.3051  -4.825834e-03  1.183387e-02  -0.3051
145217.3050  -4.812142e-03  1.183791e-02  -0.3050
145277.3051  -4.803911e-03  1.179936e-02  -0.3051
145337.3051  -4.789839e-03  1.181883e-02  -0.3051
145397.3051  -4.780890e-03  1.187310e-02  -0.3051
145457.3051  -4.766048e-03  1.186079e-02  -0.3051
145517.3050  -4.756740e-03  1.154032e-02  -0.3050
145577.3051  -4.747122e-03  1.164278e-02  -0.3051
145637.3051  -4.731964e-03  1.214210e-02  -0.3051
145697.3051  -4.721811e-03  1.205682e-02  -0.3051
145757.3051  -4.711169e-03  1.061124e-02  -0.3051
145817.3051  -4.701108e-03  9.939865e-03  -0.3051
145877.3050  -4.690314e-03  1.111491e-02  -0.3050
145937.3051  -4.679164e-03  1.221098e-02  -0.3051
145997.3051  -4.667633e-03  1.201328e-02  -0.3051
146057.3051  -4.656120e-03  1.155094e-02  -0.3051
146117.3051  -4.644046e-03  1.165626e-02  -0.3051
146177.3050  -4.637273e-03  1.189729e-02  -0.3050
146237.3051  -4.625059e-03  1.188053e-02  -0.3051
146297.3051  -4.612149e-03  1.182431e-02  -0.3051
146357.3051  -4.599269e-03  1.183824e-02  -0.3051
146417.3051  -4.591423e-03  1.186325e-02  -0.3051
146477.3051  -4.578166e-03  1.186630e-02  -0.3051
146537.3051  -4.569683e-03  1.186256e-02  -0.3051
146597.3051  -4.555747e-03  1.186519e-02  -0.3051
146657.3051  -4.547158e-03  1.186787e-02  -0.3051
146717.3050  -4.537964e-03  1.186927e-02  -0.3050
146777.3051  -4.523329e-03  1.187026e-02  -0.3051
146837.3051  -4.513771e-03  1.187059e-02  -0.3051
146897.3051  -4.504186e-03  1.187039e-02  -0.3051
146957.3051  -4.493952e-03  1.187501e-02  -0.3051
147017.3051  -4.483693e-03  1.187390e-02  -0.3051
147077.3051  -4.473409e-03  1.187754e-02  -0.3051
147137.3051  -4.462529e-03  1.188052e-02  -0.3051
147197.3051  -4.451576e-03  1.187778e-02  -0.3051
147257.3050  -4.440290e-03  1.187978e-02  -0.3050
147317.3051  -4.428722e-03  1.188123e-02  -0.3051
147377.3050  -4.417083e-03  1.188218e-02  -0.3050
147437.3051  -4.405114e-03  1.188804e-02  -0.3051
147497.3051  -4.398242e-03  1.188787e-02  -0.3051
147557.3051  -4.385921e-03  1.188737e-02  -0.3051
147617.3051  -4.373013e-03  1.189161e-02  -0.3051
147677.3051  -4.365406e-03  1.188999e-02  -0.3051
147737.3051  -4.352460e-03  1.189322e-02  -0.3051
147797.3051  -4.344244e-03  1.189598e-02  -0.3051
147857.3051  -4.330597e-03  1.189819e-02  -0.3051
147917.3050  -4.322032e-03  1.189984e-02  -0.3050
147977.3051  -4.313446e-03  1.190107e-02  -0.3051
148037.3051  -4.298877e-03  1.190165e-02  -0.3051
148097.3051  -4.289641e-03  1.190177e-02  -0.3051
148157.3051  -4.280080e-03  1.190142e-02  -0.3051
148217.3050  -4.270500e-03  1.190600e-02  -0.3050
148277.3051  -4.260597e-03  1.190459e-02  -0.3051
148337.3051  -4.250371e-03  1.190819e-02  -0.3051
148397.3051  -4.239824e-03  1.191105e-02  -0.3051
148457.3051  -4.229260e-03  1.191364e-02  -0.3051
148517.3051  -4.218073e-03  1.191557e-02  -0.3051
148577.3050  -4.207223e-03  1.191711e-02  -0.3050
148637.3051  -4.195703e-03  1.191807e-02  -0.3051
148697.3051  -4.184168e-03  1.191853e-02  -0.3051
148757.3051  -4.177682e-03  1.191863e-02  -0.3051
148817.3051  -4.165512e-03  1.192358e-02  -0.3051
148877.3050  -4.153029e-03  1.192247e-02  -0.3050
148937.3051  -4.145889e-03  1.192636e-02  -0.3051
148997.3051  -4.133078e-03  1.192431e-02  -0.3051
149057.3051  -4.125305e-03  1.192729e-02  -0.3051
149117.3051  -4.112218e-03  1.192961e-02  -0.3051
149177.3051  -4.103766e-03  1.193171e-02  -0.3051
149237.3051  -4.095349e-03  1.193302e-02  -0.3051
149297.3051  -4.081628e-03  1.193408e-02  -0.3051
149357.3051  -4.072586e-03  1.193995e-02  -0.3051
149417.3050  -4.063531e-03  1.193989e-02  -0.3050
149477.3051  -4.054116e-03  1.193926e-02  -0.3051
149537.3051  -4.044737e-03  1.194382e-02  -0.3051
149597.3051  -4.034750e-03  1.194233e-02  -0.3051
149657.3051  -4.024752e-03  1.194567e-02  -0.3051
149717.3051  -4.014445e-03  1.194857e-02  -0.3051
149777.3051  -4.004177e-03  1.195112e-02  -0.3051
149837.3051  -3.993256e-03  1.195310e-02  -0.3051
149897.3051  -3.982327e-03  1.195458e-02  -0.3051
149957.3050  -3.971093e-03  1.195560e-02  -0.3050
150017.3051  -3.965107e-03  1.195617e-02  -0.3051
150077.3050  -3.953310e-03  1.196165e-02  -0.3050
150137.3051  -3.941459e-03  1.196126e-02  -0.3051
150197.3051  -3.934851e-03  1.196040e-02  -0.3051
150257.3051  -3.922442e-03  1.196447e-02  -0.3051
150317.3051  -3.915223e-03  1.196805e-02  -0.3051
150377.3051  -3.902507e-03  1.197126e-02  -0.3051
150437.3051  -3.894730e-03  1.196839e-02  -0.3051
150497.3051  -3.881662e-03  1.197053e-02  -0.3051
150557.3051  -3.873281e-03  1.197229e-02  -0.3051
150617.3050  -3.864845e-03  1.197903e-02  -0.3050
150677.3051  -3.856450e-03  1.197978e-02  -0.3051
150737.3051  -3.842238e-03  1.198012e-02  -0.3051
150797.3051  -3.833246e-03  1.197997e-02  -0.3051
150857.3051  -3.823955e-03  1.198475e-02  -0.3051
150917.3050  -3.814366e-03  1.198372e-02  -0.3050
150977.3051  -3.804772e-03  1.198760e-02  -0.3051
151037.3051  -3.794590e-03  1.199109e-02  -0.3051
151097.3051  -3.784697e-03  1.199396e-02  -0.3051
151157.3051  -3.774217e-03  1.199665e-02  -0.3051
151217.3051  -3.768644e-03  1.199852e-02  -0.3051
151277.3050  -3.757866e-03  1.200024e-02  -0.3050
151337.3051  -3.746795e-03  1.200136e-02  -0.3051
151397.3051  -3.735432e-03  1.200209e-02  -0.3051
151457.3051  -3.729307e-03  1.200219e-02  -0.3051
151517.3051  -3.717651e-03  1.200749e-02  -0.3051
151577.3050  -3.710891e-03  1.200660e-02  -0.3050
151637.3051  -3.698702e-03  1.201110e-02  -0.3051
151697.3051  -3.691647e-03  1.201485e-02  -0.3051
151757.3051  -3.678880e-03  1.201280e-02  -0.3051
151817.3051  -3.671243e-03  1.201574e-02  -0.3051
151877.3051  -3.663651e-03  1.201829e-02  -0.3051
151937.3051  -3.650264e-03  1.202027e-02  -0.3051
151997.3051  -3.642095e-03  1.202187e-02  -0.3051
152057.3051  -3.633637e-03  1.202867e-02  -0.3051
152117.3050  -3.624843e-03  1.202932e-02  -0.3050
152177.3051  -3.616098e-03  1.202956e-02  -0.3051
152237.3051  -3.606778e-03  1.203488e-02  -0.3051
152297.3051  -3.597460e-03  1.203421e-02  -0.3051
152357.3051  -3.588144e-03  1.203868e-02  -0.3051
152417.3051  -3.578256e-03  1.203706e-02  -0.3051
152477.3051  -3.568371e-03  1.204063e-02  -0.3051
152537.3051  -3.558203e-03  1.204370e-02  -0.3051
152597.3051  -3.547753e-03  1.204631e-02  -0.3051
152657.3050  -3.537307e-03  1.204858e-02  -0.3050
152717.3051  -3.531430e-03  1.205025e-02  -0.3051
152777.3050  -3.520421e-03  1.205157e-02  -0.3050
152837.3051  -3.509132e-03  1.205253e-02  -0.3051
152897.3051  -3.502977e-03  1.205850e-02  -0.3051
152957.3051  -3.491176e-03  1.205839e-02  -0.3051
153017.3051  -3.484458e-03  1.206352e-02  -0.3051
153077.3051  -3.472338e-03  1.206259e-02  -0.3051
153137.3051  -3.465391e-03  1.206691e-02  -0.3051
153197.3051  -3.452718e-03  1.207070e-02  -0.3051
153257.3051  -3.445212e-03  1.206837e-02  -0.3051
153317.3050  -3.437381e-03  1.207142e-02  -0.3050
153377.3051  -3.429602e-03  1.207382e-02  -0.3051
153437.3051  -3.415972e-03  1.206453e-02  -0.3051
153497.3051  -3.407634e-03  1.210639e-02  -0.3051
153557.3051  -3.399016e-03  1.209771e-02  -0.3051
153617.3050  -3.390129e-03  1.208867e-02  -0.3050
153677.3051  -3.381204e-03  1.208947e-02  -0.3051
153737.3051  -3.372051e-03  1.209706e-02  -0.3051
153797.3051  -3.362624e-03  1.209599e-02  -0.3051
153857.3051  -3.352925e-03  1.209942e-02  -0.3051
153917.3051  -3.348039e-03  1.210375e-02  -0.3051
153977.3050  -3.338075e-03  1.210255e-02  -0.3050
154037.3051  -3.327840e-03  1.210592e-02  -0.3051
154097.3051  -3.317336e-03  1.210829e-02  -0.3051
154157.3051  -3.311636e-03  1.211059e-02  -0.3051
154217.3051  -3.300871e-03  1.211324e-02  -0.3051
154277.3050  -3.289837e-03  1.211526e-02  -0.3050
154337.3051  -3.283603e-03  1.212139e-02  -0.3051
154397.3051  -3.272080e-03  1.212136e-02  -0.3051
154457.3051  -3.265585e-03  1.212345e-02  -0.3051
154517.3051  -3.253758e-03  1.213408e-02  -0.3051
154577.3051  -3.246721e-03  1.213462e-02  -0.3051
154637.3051  -3.239463e-03  1.213512e-02  -0.3051
154697.3051  -3.226841e-03  1.213587e-02  -0.3051
154757.3051  -3.219330e-03  1.213434e-02  -0.3051
154817.3050  -3.211506e-03  1.213891e-02  -0.3050
154877.3051  -3.203461e-03  1.214178e-02  -0.3051
154937.3051  -3.195381e-03  1.214374e-02  -0.3051
154997.3051  -3.186806e-03  1.214578e-02  -0.3051
155057.3051  -3.178243e-03  1.214812e-02  -0.3051
155117.3051  -3.169370e-03  1.215523e-02  -0.3051
155177.3051  -3.160281e-03  1.215550e-02  -0.3051
155237.3051  -3.151205e-03  1.215622e-02  -0.3051
155297.3051  -3.141866e-03  1.216251e-02  -0.3051
155357.3050  -3.132267e-03  1.216200e-02  -0.3050
155417.3051  -3.122361e-03  1.216655e-02  -0.3051
155477.3050  -3.112241e-03  1.216558e-02  -0.3050
155537.3051  -3.107154e-03  1.217040e-02  -0.3051
155597.3051  -3.096788e-03  1.217412e-02  -0.3051
155657.3051  -3.086165e-03  1.217718e-02  -0.3051
155717.3051  -3.080294e-03  1.218014e-02  -0.3051
155777.3051  -3.069473e-03  1.218281e-02  -0.3051
155837.3051  -3.063356e-03  1.218473e-02  -0.3051
155897.3051  -3.051975e-03  1.218638e-02  -0.3051
155957.3051  -3.045340e-03  1.218767e-02  -0.3051
156017.3050  -3.038446e-03  1.219428e-02  -0.3050
156077.3051  -3.026617e-03  1.219480e-02  -0.3051
156137.3051  -3.019482e-03  1.219476e-02  -0.3051
156197.3051  -3.012090e-03  1.220019e-02  -0.3051
156257.3051  -2.999499e-03  1.220508e-02  -0.3051
156317.3050  -2.991868e-03  1.220397e-02  -0.3050
156377.3051  -2.984027e-03  1.220803e-02  -0.3051
156437.3051  -2.975886e-03  1.221185e-02  -0.3051
156497.3051  -2.967537e-03  1.221512e-02  -0.3051
156557.3051  -2.959205e-03  1.221806e-02  -0.3051
156617.3051  -2.950304e-03  1.222056e-02  -0.3051
156677.3050  -2.941467e-03  1.222271e-02  -0.3050
156737.3051  -2.932378e-03  1.222453e-02  -0.3051
156797.3051  -2.923262e-03  1.222570e-02  -0.3051
156857.3051  -2.918637e-03  1.223251e-02  -0.3051
156917.3051  -2.909064e-03  1.223306e-02  -0.3051
156977.3050  -2.899241e-03  1.223310e-02  -0.3050
157037.3051  -2.889170e-03  1.223860e-02  -0.3051
157097.3051  -2.884075e-03  1.224370e-02  -0.3051
157157.3051  -2.873506e-03  1.224264e-02  -0.3051
157217.3051  -2.867909e-03  1.224702e-02  -0.3051
157277.3051  -2.857114e-03  1.225095e-02  -0.3051
157337.3051  -2.851018e-03  1.225441e-02  -0.3051
157397.3051  -2.839996e-03  1.225757e-02  -0.3051
157457.3051  -2.833671e-03  1.226020e-02  -0.3051
157517.3050  -2.822159e-03  1.226254e-02  -0.3050
157577.3051  -2.815385e-03  1.226458e-02  -0.3051
157637.3051  -2.808318e-03  1.226620e-02  -0.3051
157697.3051  -2.801271e-03  1.226725e-02  -0.3051
157757.3051  -2.788783e-03  1.227386e-02  -0.3051
157817.3051  -2.781291e-03  1.227420e-02  -0.3051
157877.3051  -2.773775e-03  1.228004e-02  -0.3051
157937.3051  -2.765794e-03  1.227969e-02  -0.3051
157997.3051  -2.757790e-03  1.228454e-02  -0.3051
158057.3050  -2.749587e-03  1.228931e-02  -0.3050
158117.3051  -2.741096e-03  1.228769e-02  -0.3051
158177.3050  -2.732408e-03  1.229153e-02  -0.3050
158237.3051  -2.723743e-03  1.229504e-02  -0.3051
158297.3051  -2.714527e-03  1.229810e-02  -0.3051
158357.3051  -2.710286e-03  1.230084e-02  -0.3051
158417.3051  -2.700897e-03  1.230313e-02  -0.3051
158477.3051  -2.691533e-03  1.231078e-02  -0.3051
158537.3051  -2.681620e-03  1.231241e-02  -0.3051
158597.3051  -2.676675e-03  1.231348e-02  -0.3051
158657.3051  -2.666593e-03  1.231428e-02  -0.3051
158717.3050  -2.661166e-03  1.232054e-02  -0.3050
158777.3051  -2.650871e-03  1.232056e-02  -0.3051
158837.3051  -2.644965e-03  1.232611e-02  -0.3051
158897.3051  -2.634195e-03  1.233122e-02  -0.3051
158957.3051  -2.628074e-03  1.232997e-02  -0.3051
159017.3050  -2.616832e-03  1.233438e-02  -0.3050
159077.3051  -2.610498e-03  1.233843e-02  -0.3051
159137.3051  -2.603709e-03  1.234185e-02  -0.3051
159197.3051  -2.596899e-03  1.234519e-02  -0.3051
159257.3051  -2.584980e-03  1.234805e-02  -0.3051
159317.3051  -2.577961e-03  1.235051e-02  -0.3051
159377.3050  -2.570489e-03  1.235258e-02  -0.3050
159437.3051  -2.562999e-03  1.235429e-02  -0.3051
159497.3051  -2.555273e-03  1.236154e-02  -0.3051
159557.3051  -2.547359e-03  1.236252e-02  -0.3051
159617.3051  -2.539166e-03  1.236296e-02  -0.3051
159677.3050  -2.531044e-03  1.236906e-02  -0.3050
159737.3051  -2.522386e-03  1.236897e-02  -0.3051
159797.3051  -2.513800e-03  1.237432e-02  -0.3051
159857.3051  -2.504938e-03  1.237921e-02  -0.3051
159917.3051  -2.500997e-03  1.238396e-02  -0.3051
159977.3051  -2.491716e-03  1.238223e-02  -0.3051
160037.3051  -2.482464e-03  1.238613e-02  -0.3051
160097.3051  -2.472939e-03  1.238954e-02  -0.3051
160157.3051  -2.468068e-03  1.239279e-02  -0.3051
160217.3050  -2.458127e-03  1.239549e-02  -0.3050
160277.3051  -2.453052e-03  1.239802e-02  -0.3051
160337.3051  -2.442912e-03  1.240594e-02  -0.3051
160397.3051  -2.437376e-03  1.240755e-02  -0.3051
160457.3051  -2.426736e-03  1.240882e-02  -0.3051
160517.3051  -2.420742e-03  1.240976e-02  -0.3051
160577.3051  -2.409995e-03  1.241630e-02  -0.3051
160637.3051  -2.403544e-03  1.241648e-02  -0.3051
160697.3051  -2.397122e-03  1.242231e-02  -0.3051
160757.3050  -2.390728e-03  1.242771e-02  -0.3050
160817.3051  -2.379034e-03  1.242689e-02  -0.3051
160877.3050  -2.371932e-03  1.243152e-02  -0.3050
160937.3051  -2.364858e-03  1.243577e-02  -0.3051
160997.3051  -2.357603e-03  1.243980e-02  -0.3051
161057.3051  -2.350079e-03  1.244336e-02  -0.3051
161117.3051  -2.342584e-03  1.244667e-02  -0.3051
161177.3051  -2.334654e-03  1.244950e-02  -0.3051
161237.3051  -2.326711e-03  1.245205e-02  -0.3051
161297.3051  -2.318589e-03  1.245427e-02  -0.3051
161357.3051  -2.310199e-03  1.245595e-02  -0.3051
161417.3050  -2.301632e-03  1.246344e-02  -0.3050
161477.3051  -2.297844e-03  1.246460e-02  -0.3051
161537.3051  -2.289085e-03  1.246519e-02  -0.3051
161597.3051  -2.280060e-03  1.247155e-02  -0.3051
161657.3051  -2.270859e-03  1.247161e-02  -0.3051
161717.3050  -2.266222e-03  1.247731e-02  -0.3050
161777.3051  -2.256789e-03  1.248267e-02  -0.3051
161837.3051  -2.251707e-03  1.248150e-02  -0.3051
161897.3051  -2.241878e-03  1.248614e-02  -0.3051
161957.3051  -2.236606e-03  1.249032e-02  -0.3051
162017.3051  -2.226592e-03  1.249431e-02  -0.3051
162077.3050  -2.220879e-03  1.249771e-02  -0.3050
162137.3051  -2.210385e-03  1.250088e-02  -0.3051
162197.3051  -2.204485e-03  1.250370e-02  -0.3051
162257.3051  -2.198366e-03  1.250615e-02  -0.3051
162317.3051  -2.187265e-03  1.250825e-02  -0.3051
162377.3050  -2.180960e-03  1.251614e-02  -0.3050
162437.3051  -2.174230e-03  1.251751e-02  -0.3051
162497.3051  -2.167489e-03  1.251865e-02  -0.3051
162557.3051  -2.160531e-03  1.252525e-02  -0.3051
162617.3051  -2.153606e-03  1.252574e-02  -0.3051
162677.3051  -2.146215e-03  1.253169e-02  -0.3051
162737.3051  -2.134153e-03  1.253756e-02  -0.3051
162797.3051  -2.131079e-03  1.253681e-02  -0.3051
162857.3051  -2.123291e-03  1.254175e-02  -0.3051
162917.3050  -2.115581e-03  1.254639e-02  -0.3050
162977.3051  -2.107365e-03  1.255074e-02  -0.3051
163037.3051  -2.099184e-03  1.255472e-02  -0.3051
163097.3051  -2.090585e-03  1.255242e-02  -0.3051
163157.3051  -2.081978e-03  1.256175e-02  -0.3051
163217.3051  -2.078182e-03  1.256464e-02  -0.3051
163277.3051  -2.069149e-03  1.256726e-02  -0.3051
163337.3051  -2.059949e-03  1.256955e-02  -0.3051
163397.3051  -2.055511e-03  1.257150e-02  -0.3051
163457.3050  -2.046092e-03  1.257901e-02  -0.3050
163517.3051  -2.041227e-03  1.258036e-02  -0.3051
163577.3050  -2.031430e-03  1.258121e-02  -0.3050
163637.3051  -2.026389e-03  1.258785e-02  -0.3051
163697.3051  -2.016376e-03  1.258801e-02  -0.3051
163757.3051  -2.010664e-03  1.259393e-02  -0.3051
163817.3051  -2.004988e-03  1.259969e-02  -0.3051
163877.3051  -1.994638e-03  1.259875e-02  -0.3051
163937.3051  -1.988542e-03  1.260365e-02  -0.3051
163997.3051  -1.982481e-03  1.260838e-02  -0.3051
164057.3051  -1.971508e-03  1.261266e-02  -0.3051
164117.3050  -1.965030e-03  1.261652e-02  -0.3050
164177.3051  -1.958343e-03  1.262016e-02  -0.3051
164237.3051  -1.951448e-03  1.262337e-02  -0.3051
164297.3051  -1.944590e-03  1.262626e-02  -0.3051
164357.3051  -1.937279e-03  1.262880e-02  -0.3051
164417.3050  -1.930049e-03  1.263105e-02  -0.3050
164477.3051  -1.922570e-03  1.263305e-02  -0.3051
164537.3051  -1.915128e-03  1.264069e-02  -0.3051
164597.3051  -1.907236e-03  1.264195e-02  -0.3051
164657.3051  -1.899426e-03  1.264901e-02  -0.3051
164717.3051  -1.891368e-03  1.264955e-02  -0.3051
164777.3050  -1.887785e-03  1.265601e-02  -0.3050
164837.3051  -1.879359e-03  1.265595e-02  -0.3051
164897.3051  -1.870687e-03  1.266154e-02  -0.3051
164957.3051  -1.866771e-03  1.266704e-02  -0.3051
165017.3051  -1.857690e-03  1.266594e-02  -0.3051
165077.3050  -1.848694e-03  1.267062e-02  -0.3050
165137.3051  -1.844362e-03  1.267502e-02  -0.3051
165197.3051  -1.834960e-03  1.267912e-02  -0.3051
165257.3051  -1.830021e-03  1.268292e-02  -0.3051
165317.3051  -1.820414e-03  1.268636e-02  -0.3051
165377.3051  -1.815310e-03  1.268936e-02  -0.3051
165437.3051  -1.805345e-03  1.269220e-02  -0.3051
165497.3051  -1.799835e-03  1.269460e-02  -0.3051
165557.3051  -1.794080e-03  1.270280e-02  -0.3051
165617.3050  -1.783755e-03  1.270461e-02  -0.3050
165677.3051  -1.777882e-03  1.270604e-02  -0.3051
165737.3051  -1.771807e-03  1.271342e-02  -0.3051
165797.3051  -1.765531e-03  1.271426e-02  -0.3051
165857.3051  -1.759054e-03  1.272085e-02  -0.3051
165917.3051  -1.752617e-03  1.272093e-02  -0.3051
165977.3051  -1.745740e-03  1.272693e-02  -0.3051
166037.3051  -1.734265e-03  1.273275e-02  -0.3051
166097.3051  -1.727232e-03  1.273196e-02  -0.3051
166157.3050  -1.720000e-03  1.273697e-02  -0.3050
166217.3051  -1.717484e-03  1.274162e-02  -0.3051
166277.3050  -1.709854e-03  1.274612e-02  -0.3050
166337.3051  -1.702266e-03  1.275018e-02  -0.3051
166397.3051  -1.694480e-03  1.275396e-02  -0.3051
166457.3051  -1.686541e-03  1.275742e-02  -0.3051
166517.3051  -1.678363e-03  1.276050e-02  -0.3051
166577.3051  -1.674849e-03  1.276321e-02  -0.3051
166637.3051  -1.666320e-03  1.276577e-02  -0.3051
166697.3051  -1.657793e-03  1.277425e-02  -0.3051
166757.3051  -1.653728e-03  1.277600e-02  -0.3051
166817.3050  -1.644810e-03  1.277753e-02  -0.3050
166877.3051  -1.640352e-03  1.278505e-02  -0.3051
166937.3051  -1.631282e-03  1.278597e-02  -0.3051
166997.3051  -1.626432e-03  1.279276e-02  -0.3051
167057.3051  -1.616975e-03  1.279300e-02  -0.3051
167117.3050  -1.611972e-03  1.279919e-02  -0.3050
167177.3051  -1.602409e-03  1.280507e-02  -0.3051
167237.3051  -1.596975e-03  1.280441e-02  -0.3051
167297.3051  -1.591388e-03  1.280970e-02  -0.3051
167357.3051  -1.581248e-03  1.281463e-02  -0.3051
167417.3051  -1.575511e-03  1.281917e-02  -0.3051
167477.3050  -1.569539e-03  1.282348e-02  -0.3050
167537.3051  -1.563416e-03  1.282758e-02  -0.3051
167597.3051  -1.557336e-03  1.283121e-02  -0.3051
167657.3051  -1.550828e-03  1.283456e-02  -0.3051
167717.3051  -1.539778e-03  1.283760e-02  -0.3051
167777.3050  -1.533124e-03  1.284042e-02  -0.3050
167837.3051  -1.526278e-03  1.284287e-02  -0.3051
167897.3051  -1.519242e-03  1.285122e-02  -0.3051
167957.3051  -1.512251e-03  1.285305e-02  -0.3051
168017.3051  -1.509644e-03  1.285452e-02  -0.3051
168077.3051  -1.502036e-03  1.286212e-02  -0.3051
168137.3051  -1.494516e-03  1.286297e-02  -0.3051
168197.3051  -1.486764e-03  1.286981e-02  -0.3051
168257.3051  -1.479058e-03  1.287016e-02  -0.3051
168317.3050  -1.475497e-03  1.287631e-02  -0.3050
168377.3051  -1.467455e-03  1.288227e-02  -0.3051
168437.3051  -1.459184e-03  1.288169e-02  -0.3051
168497.3051  -1.455286e-03  1.288703e-02  -0.3051
168557.3051  -1.446682e-03  1.289207e-02  -0.3051
168617.3051  -1.437849e-03  1.289675e-02  -0.3051
168677.3051  -1.433661e-03  1.290118e-02  -0.3051
168737.3051  -1.424455e-03  1.290531e-02  -0.3051
168797.3051  -1.419891e-03  1.290908e-02  -0.3051
168857.3050  -1.415096e-03  1.291268e-02  -0.3050
168917.3051  -1.405608e-03  1.291585e-02  -0.3051
168977.3050  -1.400672e-03  1.291879e-02  -0.3050
169037.3051  -1.390813e-03  1.292133e-02  -0.3051
169097.3051  -1.385547e-03  1.292992e-02  -0.3051
169157.3051  -1.380052e-03  1.293201e-02  -0.3051
169217.3051  -1.374412e-03  1.293358e-02  -0.3051
169277.3051  -1.364050e-03  1.294153e-02  -0.3051
169337.3051  -1.358042e-03  1.294256e-02  -0.3051
169397.3051  -1.352037e-03  1.294972e-02  -0.3051
169457.3051  -1.345890e-03  1.295022e-02  -0.3051
169517.3050  -1.339559e-03  1.295668e-02  -0.3050
169577.3051  -1.333043e-03  1.295663e-02  -0.3051
169637.3051  -1.326345e-03  1.296251e-02  -0.3051
169697.3051  -1.319463e-03  1.296813e-02  -0.3051
169757.3051  -1.312628e-03  1.297355e-02  -0.3051
169817.3050  -1.305381e-03  1.297228e-02  -0.3050
169877.3051  -1.298182e-03  1.297694e-02  -0.3051
169937.3051  -1.290801e-03  1.298142e-02  -0.3051
169997.3051  -1.287984e-03  1.298562e-02  -0.3051
170057.3051  -1.280281e-03  1.298943e-02  -0.3051
170117.3051  -1.272356e-03  1.299293e-02  -0.3051
170177.3050  -1.264479e-03  1.299621e-02  -0.3050
170237.3051  -1.260931e-03  1.300570e-02  -0.3051
170297.3051  -1.252693e-03  1.300830e-02  -0.3051
170357.3051  -1.248823e-03  1.301073e-02  -0.3051
170417.3051  -1.240454e-03  1.301278e-02  -0.3051
170477.3050  -1.231678e-03  1.302107e-02  -0.3050
170537.3051  -1.227493e-03  1.302245e-02  -0.3051
170597.3051  -1.223086e-03  1.303013e-02  -0.3051
170657.3051  -1.214042e-03  1.303097e-02  -0.3051
170717.3051  -1.209275e-03  1.303805e-02  -0.3051
170777.3051  -1.199876e-03  1.303835e-02  -0.3051
170837.3051  -1.194978e-03  1.304479e-02  -0.3051
170897.3051  -1.189715e-03  1.305097e-02  -0.3051
170957.3051  -1.179970e-03  1.305041e-02  -0.3051
171017.3050  -1.174578e-03  1.305595e-02  -0.3050
171077.3051  -1.169006e-03  1.306128e-02  -0.3051
171137.3051  -1.163442e-03  1.306629e-02  -0.3051
171197.3051  -1.157515e-03  1.307094e-02  -0.3051
171257.3051  -1.151637e-03  1.307548e-02  -0.3051
171317.3051  -1.140879e-03  1.307945e-02  -0.3051
171377.3051  -1.134648e-03  1.308339e-02  -0.3051
171437.3051  -1.128426e-03  1.308693e-02  -0.3051
171497.3051  -1.121844e-03  1.309019e-02  -0.3051
171557.3050  -1.115085e-03  1.309315e-02  -0.3050
171617.3051  -1.112845e-03  1.309578e-02  -0.3051
171677.3050  -1.105960e-03  1.310469e-02  -0.3050
171737.3051  -1.098900e-03  1.310680e-02  -0.3051
171797.3051  -1.091666e-03  1.310860e-02  -0.3051
171857.3051  -1.084258e-03  1.311668e-02  -0.3051
171917.3051  -1.076676e-03  1.311792e-02  -0.3051
171977.3051  -1.073603e-03  1.312533e-02  -0.3051
172037.3051  -1.065898e-03  1.312595e-02  -0.3051
172097.3051  -1.057837e-03  1.313282e-02  -0.3051
172157.3051  -1.054239e-03  1.313291e-02  -0.3051
172217.3050  -1.046239e-03  1.313931e-02  -0.3050
172277.3051  -1.042293e-03  1.314524e-02  -0.3051
172337.3051  -1.033988e-03  1.315095e-02  -0.3051
172397.3051  -1.029695e-03  1.315004e-02  -0.3051
172457.3051  -1.021006e-03  1.315512e-02  -0.3051
172517.3050  -1.016631e-03  1.316005e-02  -0.3050
172577.3051  -1.007600e-03  1.316468e-02  -0.3051
172637.3051  -1.002839e-03  1.316901e-02  -0.3051
172697.3051  -9.981691e-04  1.317315e-02  -0.3051
172757.3051  -9.888496e-04  1.317687e-02  -0.3051
172817.3051  -9.836141e-04  1.318033e-02  -0.3051
172877.3050  -9.783886e-04  1.319007e-02  -0.3050
172937.3051  -9.730322e-04  1.319306e-02  -0.3051
172997.3051  -9.632974e-04  1.319562e-02  -0.3051
173057.3051  -9.575603e-04  1.319807e-02  -0.3051
173117.3051  -9.519150e-04  1.320657e-02  -0.3051
173177.3050  -9.458781e-04  1.320833e-02  -0.3050
173237.3051  -9.398523e-04  1.321000e-02  -0.3051
173297.3051  -9.336976e-04  1.321781e-02  -0.3051
173357.3051  -9.273737e-04  1.321879e-02  -0.3051
173417.3051  -9.211019e-04  1.322598e-02  -0.3051
173477.3051  -9.144003e-04  1.323280e-02  -0.3051
173537.3051  -9.077917e-04  1.323300e-02  -0.3051
173597.3051  -9.010151e-04  1.323934e-02  -0.3051
173657.3051  -8.940710e-04  1.324558e-02  -0.3051
173717.3050  -8.913688e-04  1.324485e-02  -0.3050
173777.3051  -8.840889e-04  1.325034e-02  -0.3051
173837.3051  -8.766425e-04  1.325576e-02  -0.3051
173897.3051  -8.692496e-04  1.326075e-02  -0.3051
173957.3051  -8.660933e-04  1.326547e-02  -0.3051
174017.3051  -8.583670e-04  1.326995e-02  -0.3051
174077.3051  -8.504754e-04  1.327425e-02  -0.3051
174137.3051  -8.468164e-04  1.327806e-02  -0.3051
174197.3051  -8.386338e-04  1.328181e-02  -0.3051
174257.3050  -8.348598e-04  1.328532e-02  -0.3050
174317.3051  -8.263068e-04  1.328833e-02  -0.3051
174377.3050  -8.222000e-04  1.329780e-02  -0.3050
174437.3051  -8.135771e-04  1.330033e-02  -0.3051
174497.3051  -8.091387e-04  1.330255e-02  -0.3051
174557.3051  -8.045342e-04  1.331125e-02  -0.3051
174617.3051  -7.956376e-04  1.331305e-02  -0.3051
174677.3051  -7.907035e-04  1.331448e-02  -0.3051
174737.3051  -7.858622e-04  1.332240e-02  -0.3051
174797.3051  -7.764361e-04  1.332320e-02  -0.3051
174857.3051  -7.712268e-04  1.333049e-02  -0.3051
174917.3050  -7.658933e-04  1.333756e-02  -0.3050
174977.3051  -7.603959e-04  1.333764e-02  -0.3051
175037.3051  -7.549119e-04  1.334415e-02  -0.3051
175097.3051  -7.493045e-04  1.335030e-02  -0.3051
175157.3051  -7.432771e-04  1.334974e-02  -0.3051
175217.3050  -7.373438e-04  1.335526e-02  -0.3050
175277.3051  -7.312481e-04  1.336073e-02  -0.3051
175337.3051  -7.249502e-04  1.336594e-02  -0.3051
175397.3051  -7.187468e-04  1.337074e-02  -0.3051
175457.3051  -7.121656e-04  1.337537e-02  -0.3051
175517.3051  -7.056392e-04  1.337969e-02  -0.3051
175577.3050  -6.989518e-04  1.338371e-02  -0.3050
175637.3051  -6.920637e-04  1.338763e-02  -0.3051
175697.3051  -6.894108e-04  1.339117e-02  -0.3051
175757.3051  -6.822407e-04  1.339446e-02  -0.3051
175817.3051  -6.751262e-04  1.340400e-02  -0.3051
175877.3050  -6.676369e-04  1.340683e-02  -0.3050
175937.3051  -6.645528e-04  1.340935e-02  -0.3051
175997.3051  -6.569590e-04  1.341818e-02  -0.3051
176057.3051  -6.492065e-04  1.342006e-02  -0.3051
176117.3051  -6.456402e-04  1.342185e-02  -0.3051
176177.3051  -6.375699e-04  1.342991e-02  -0.3051
176237.3051  -6.338976e-04  1.343106e-02  -0.3051
176297.3051  -6.255504e-04  1.343865e-02  -0.3051
176357.3051  -6.215587e-04  1.343933e-02  -0.3051
176417.3050  -6.174069e-04  1.344637e-02  -0.3050
176477.3051  -6.087604e-04  1.345307e-02  -0.3051
176537.3051  -6.043308e-04  1.345304e-02  -0.3051
176597.3051  -5.953706e-04  1.345919e-02  -0.3051
176657.3051  -5.907984e-04  1.346519e-02  -0.3051
176717.3051  -5.860675e-04  1.347103e-02  -0.3051
176777.3051  -5.810049e-04  1.347641e-02  -0.3051
176837.3051  -5.716322e-04  1.347503e-02  -0.3051
176897.3051  -5.664686e-04  1.347994e-02  -0.3051
176957.3050  -5.611080e-04  1.348480e-02  -0.3050
177017.3051  -5.558426e-04  1.348915e-02  -0.3051
177077.3050  -5.501680e-04  1.349333e-02  -0.3050
177137.3051  -5.445890e-04  1.350409e-02  -0.3051
177197.3051  -5.388141e-04  1.350773e-02  -0.3051
177257.3051  -5.329227e-04  1.351120e-02  -0.3051
177317.3051  -5.268756e-04  1.351434e-02  -0.3051
177377.3051  -5.206336e-04  1.351724e-02  -0.3051
177437.3051  -5.142760e-04  1.352654e-02  -0.3051
177497.3051  -5.079752e-04  1.352898e-02  -0.3051
177557.3051  -5.014803e-04  1.353110e-02  -0.3051
177617.3050  -4.946591e-04  1.353974e-02  -0.3050
177677.3051  -4.921991e-04  1.354144e-02  -0.3051
177737.3051  -4.852800e-04  1.354946e-02  -0.3051
177797.3051  -4.784184e-04  1.355055e-02  -0.3051
177857.3051  -4.711532e-04  1.355825e-02  -0.3051
177917.3050  -4.680722e-04  1.355876e-02  -0.3050
177977.3051  -4.607501e-04  1.356591e-02  -0.3051
178037.3051  -4.575702e-04  1.357275e-02  -0.3051
178097.3051  -4.499420e-04  1.357261e-02  -0.3051
178157.3051  -4.421619e-04  1.357881e-02  -0.3051
178217.3051  -4.385204e-04  1.358492e-02  -0.3051
178277.3050  -4.306460e-04  1.359080e-02  -0.3050
178337.3051  -4.266977e-04  1.359629e-02  -0.3051
178397.3051  -4.228053e-04  1.360169e-02  -0.3051
178457.3051  -4.145148e-04  1.360011e-02  -0.3051
178517.3051  -4.101077e-04  1.360493e-02  -0.3051
178577.3050  -4.016856e-04  1.360946e-02  -0.3050
178637.3051  -3.971838e-04  1.361373e-02  -0.3051
178697.3051  -3.925297e-04  1.362454e-02  -0.3051
178757.3051  -3.879717e-04  1.362842e-02  -0.3051
178817.3051  -3.787388e-04  1.363198e-02  -0.3051
178877.3051  -3.738395e-04  1.363537e-02  -0.3051
178937.3051  -3.688280e-04  1.363837e-02  -0.3051
178997.3051  -3.636262e-04  1.364791e-02  -0.3051
179057.3051  -3.582737e-04  1.365050e-02  -0.3051
179117.3050  -3.530180e-04  1.365292e-02  -0.3050
179177.3051  -3.473647e-04  1.366180e-02  -0.3051
179237.3051  -3.418086e-04  1.366367e-02  -0.3051
179297.3051  -3.358557e-04  1.367201e-02  -0.3051
179357.3051  -3.300003e-04  1.367332e-02  -0.3051
179417.3051  -3.239567e-04  1.368124e-02  -0.3051
179477.3051  -3.180105e-04  1.368214e-02  -0.3051
179537.3051  -3.117082e-04  1.368944e-02  -0.3051
179597.3051  -3.052185e-04  1.368978e-02  -0.3051
179657.3050  -2.988269e-04  1.369673e-02  -0.3050
179717.3051  -2.922872e-04  1.370344e-02  -0.3051
179777.3050  -2.898118e-04  1.370986e-02  -0.3050
179837.3051  -2.829755e-04  1.370914e-02  -0.3051
179897.3051  -2.759921e-04  1.371513e-02  -0.3051
179957.3051  -2.731084e-04  1.372068e-02  -0.3051
180017.3051  -2.660365e-04  1.372612e-02  -0.3051
180077.3051  -2.585730e-04  1.373145e-02  -0.3051
180137.3051  -2.554506e-04  1.373627e-02  -0.3051
180197.3051  -2.479388e-04  1.374106e-02  -0.3051
180257.3051  -2.445204e-04  1.374553e-02  -0.3051
180317.3050  -2.367162e-04  1.374976e-02  -0.3050
180377.3051  -2.330031e-04  1.375381e-02  -0.3051
180437.3051  -2.249076e-04  1.375743e-02  -0.3051
180497.3051  -2.211062e-04  1.376098e-02  -0.3051
180557.3051  -2.129257e-04  1.377101e-02  -0.3051
180617.3050  -2.086262e-04  1.377411e-02  -0.3050
180677.3051  -2.044240e-04  1.377680e-02  -0.3051
180737.3051  -1.958092e-04  1.378616e-02  -0.3051
180797.3051  -1.914817e-04  1.378852e-02  -0.3051
180857.3051  -1.868035e-04  1.379065e-02  -0.3051
180917.3051  -1.821841e-04  1.379921e-02  -0.3051
180977.3050  -1.730319e-04  1.380085e-02  -0.3050
181037.3051  -1.681233e-04  1.380901e-02  -0.3051
181097.3051  -1.630696e-04  1.381007e-02  -0.3051
181157.3051  -1.578712e-04  1.381783e-02  -0.3051
181217.3051  -1.525670e-04  1.382541e-02  -0.3051
181277.3050  -1.470799e-04  1.382566e-02  -0.3050
181337.3051  -1.416913e-04  1.383277e-02  -0.3051
181397.3051  -1.359167e-04  1.383943e-02  -0.3051
181457.3051  -1.302021e-04  1.383917e-02  -0.3051
181517.3051  -1.243829e-04  1.384547e-02  -0.3051
181577.3051  -1.183821e-04  1.385152e-02  -0.3051
181637.3051  -1.122772e-04  1.385733e-02  -0.3051
181697.3051  -1.060297e-04  1.386283e-02  -0.3051
181757.3051  -1.040072e-04  1.386824e-02  -0.3051
181817.3050  -9.747411e-05  1.387332e-02  -0.3050
181877.3051  -9.096347e-05  1.387816e-02  -0.3051
181937.3051  -8.414730e-05  1.388292e-02  -0.3051
181997.3051  -8.158947e-05  1.388720e-02  -0.3051
182057.3051  -7.469209e-05  1.389145e-02  -0.3051
182117.3051  -6.781760e-05  1.389539e-02  -0.3051
182177.3051  -6.483165e-05  1.389917e-02  -0.3051
182237.3051  -5.751124e-05  1.390255e-02  -0.3051
182297.3051  -5.444260e-05  1.391280e-02  -0.3051
182357.3050  -4.700426e-05  1.391578e-02  -0.3050
182417.3051  -3.926316e-05  1.391849e-02  -0.3051
182477.3050  -3.577004e-05  1.392802e-02  -0.3050
182537.3051  -3.233628e-05  1.393025e-02  -0.3051
182597.3051  -2.437656e-05  1.393238e-02  -0.3051
182657.3051  -2.045974e-05  1.394121e-02  -0.3051
182717.3051  -1.242268e-05  1.394284e-02  -0.3051
182777.3051  -8.225178e-06  1.395103e-02  -0.3051
182837.3051  -4.087809e-06  1.395218e-02  -0.3051
182897.3051  4.365955e-06  1.396001e-02  -0.3051
182957.3051  8.782743e-06  1.396762e-02  -0.3051
183017.3050  1.333954e-05  1.396818e-02  -0.3050
183077.3051  1.799783e-05  1.397515e-02  -0.3051
183137.3051  2.263372e-05  1.398214e-02  -0.3051
183197.3051  3.177793e-05  1.398190e-02  -0.3051
183257.3051  3.669092e-05  1.398849e-02  -0.3051
183317.3050  4.170463e-05  1.399463e-02  -0.3050
183377.3051  4.689519e-05  1.400068e-02  -0.3051
183437.3051  5.222413e-05  1.400648e-02  -0.3051
183497.3051  5.769120e-05  1.401201e-02  -0.3051
183557.3051  6.325797e-05  1.401725e-02  -0.3051
183617.3051  6.880128e-05  1.402245e-02  -0.3051
183677.3050  7.444402e-05  1.402734e-02  -0.3050
183737.3051  8.046119e-05  1.403199e-02  -0.3051
183797.3051  8.641629e-05  1.403631e-02  -0.3051
183857.3051  8.831653e-05  1.404063e-02  -0.3051
183917.3051  9.454633e-05  1.404453e-02  -0.3051
183977.3050  1.008743e-04  1.404826e-02  -0.3050
184037.3051  1.071399e-04  1.405176e-02  -0.3051
184097.3051  1.096298e-04  1.406198e-02  -0.3051
184157.3051  1.161684e-04  1.406507e-02  -0.3051
184217.3051  1.228805e-04  1.406796e-02  -0.3051
184277.3051  1.296898e-04  1.407754e-02  -0.3051
184337.3051  1.324915e-04  1.407987e-02  -0.3051
184397.3051  1.396098e-04  1.408203e-02  -0.3051
184457.3051  1.426847e-04  1.409103e-02  -0.3051
184517.3050  1.500351e-04  1.409278e-02  -0.3050
184577.3051  1.531849e-04  1.410105e-02  -0.3051
184637.3051  1.606450e-04  1.410246e-02  -0.3051
184697.3051  1.642637e-04  1.411040e-02  -0.3051
184757.3051  1.719543e-04  1.411831e-02  -0.3051
184817.3051  1.756463e-04  1.411890e-02  -0.3051
184877.3051  1.836043e-04  1.412626e-02  -0.3051
184937.3051  1.873693e-04  1.413344e-02  -0.3051
184997.3051  1.914663e-04  1.413321e-02  -0.3051
185057.3050  1.955016e-04  1.413998e-02  -0.3050
185117.3051  2.039930e-04  1.414649e-02  -0.3051
185177.3050  2.082964e-04  1.415278e-02  -0.3050
185237.3051  2.127340e-04  1.415874e-02  -0.3051
185297.3051  2.173058e-04  1.416460e-02  -0.3051
185357.3051  2.261309e-04  1.416310e-02  -0.3051
185417.3051  2.307729e-04  1.416847e-02  -0.3051
185477.3051  2.357443e-04  1.417367e-02  -0.3051
185537.3051  2.406153e-04  1.417869e-02  -0.3051
185597.3051  2.458528e-04  1.418333e-02  -0.3051
185657.3051  2.510274e-04  1.419490e-02  -0.3051
185717.3050  2.563346e-04  1.419919e-02  -0.3050
185777.3051  2.617742e-04  1.420325e-02  -0.3051
185837.3051  2.673082e-04  1.420704e-02  -0.3051
185897.3051  2.728167e-04  1.421072e-02  -0.3051
185957.3051  2.786520e-04  1.422110e-02  -0.3051
186017.3050  2.843862e-04  1.422422e-02  -0.3050
186077.3051  2.863806e-04  1.422724e-02  -0.3051
186137.3051  2.923786e-04  1.423003e-02  -0.3051
186197.3051  2.985449e-04  1.423957e-02  -0.3051
186257.3051  3.048044e-04  1.424193e-02  -0.3051
186317.3051  3.071337e-04  1.425112e-02  -0.3051
186377.3050  3.134608e-04  1.425292e-02  -0.3050
186437.3051  3.201497e-04  1.426168e-02  -0.3051
186497.3051  3.267368e-04  1.426313e-02  -0.3051
186557.3051  3.295921e-04  1.427149e-02  -0.3051
186617.3051  3.364394e-04  1.427252e-02  -0.3051
186677.3050  3.393258e-04  1.428031e-02  -0.3050
186737.3051  3.464701e-04  1.428799e-02  -0.3051
186797.3051  3.496181e-04  1.428835e-02  -0.3051
186857.3051  3.569833e-04  1.429548e-02  -0.3051
186917.3051  3.602362e-04  1.430259e-02  -0.3051
186977.3051  3.678592e-04  1.430220e-02  -0.3051
187037.3051  3.713346e-04  1.430888e-02  -0.3051
187097.3051  3.790214e-04  1.431524e-02  -0.3051
187157.3051  3.827561e-04  1.432136e-02  -0.3051
187217.3050  3.866580e-04  1.432738e-02  -0.3050
187277.3051  3.947292e-04  1.433309e-02  -0.3051
187337.3051  3.988515e-04  1.433862e-02  -0.3051
187397.3051  4.029107e-04  1.434383e-02  -0.3051
187457.3051  4.072912e-04  1.434901e-02  -0.3051
187517.3051  4.116084e-04  1.435388e-02  -0.3051
187577.3051  4.201247e-04  1.435849e-02  -0.3051
187637.3051  4.248897e-04  1.436293e-02  -0.3051
187697.3051  4.295908e-04  1.436727e-02  -0.3051
187757.3050  4.342282e-04  1.437121e-02  -0.3050
187817.3051  4.391853e-04  1.438220e-02  -0.3051
187877.3050  4.442698e-04  1.438580e-02  -0.3050
187937.3051  4.492530e-04  1.438929e-02  -0.3051
187997.3051  4.545921e-04  1.439246e-02  -0.3051
188057.3051  4.598668e-04  1.440262e-02  -0.3051
188117.3051  4.652684e-04  1.440522e-02  -0.3051
188177.3051  4.707966e-04  1.440780e-02  -0.3051
188237.3051  4.764139e-04  1.441722e-02  -0.3051
188297.3051  4.821947e-04  1.441951e-02  -0.3051
188357.3051  4.881013e-04  1.442852e-02  -0.3051
188417.3050  4.898534e-04  1.443019e-02  -0.3050
188477.3051  4.958221e-04  1.443889e-02  -0.3051
188537.3051  5.021067e-04  1.444014e-02  -0.3051
188597.3051  5.082889e-04  1.444837e-02  -0.3051
188657.3051  5.105858e-04  1.445651e-02  -0.3051
188717.3050  5.170191e-04  1.445714e-02  -0.3050
188777.3051  5.236140e-04  1.446485e-02  -0.3051
188837.3051  5.262527e-04  1.447225e-02  -0.3051
188897.3051  5.329076e-04  1.447220e-02  -0.3051
188957.3051  5.357982e-04  1.447912e-02  -0.3051
189017.3051  5.427022e-04  1.448598e-02  -0.3051
189077.3050  5.456544e-04  1.449262e-02  -0.3050
189137.3051  5.527699e-04  1.449900e-02  -0.3051
189197.3051  5.560095e-04  1.449798e-02  -0.3051
189257.3051  5.633724e-04  1.450380e-02  -0.3051
189317.3051  5.668247e-04  1.450966e-02  -0.3051
189377.3050  5.744712e-04  1.451527e-02  -0.3050
189437.3051  5.779833e-04  1.452049e-02  -0.3051
189497.3051  5.816203e-04  1.452582e-02  -0.3051
189557.3051  5.895989e-04  1.453060e-02  -0.3051
189617.3051  5.935205e-04  1.453530e-02  -0.3051
189677.3051  5.975294e-04  1.454712e-02  -0.3051
189737.3051  6.016622e-04  1.455147e-02  -0.3051
189797.3051  6.099422e-04  1.455563e-02  -0.3051
189857.3051  6.141330e-04  1.455948e-02  -0.3051
189917.3050  6.186353e-04  1.456329e-02  -0.3050
189977.3051  6.230728e-04  1.457393e-02  -0.3051
190037.3051  6.278212e-04  1.457726e-02  -0.3051
190097.3051  6.325046e-04  1.458034e-02  -0.3051
190157.3051  6.373106e-04  1.459046e-02  -0.3051
190217.3051  6.422391e-04  1.459311e-02  -0.3051
190277.3051  6.472898e-04  1.459567e-02  -0.3051
190337.3051  6.524625e-04  1.460513e-02  -0.3051
190397.3051  6.575698e-04  1.460724e-02  -0.3051
190457.3050  6.629860e-04  1.461630e-02  -0.3050
190517.3051  6.683366e-04  1.461792e-02  -0.3051
190577.3050  6.739587e-04  1.462684e-02  -0.3050
190637.3051  6.795516e-04  1.462796e-02  -0.3051
190697.3051  6.852655e-04  1.463631e-02  -0.3051
190757.3051  6.911002e-04  1.464450e-02  -0.3051
190817.3051  6.930163e-04  1.464508e-02  -0.3051
190877.3051  6.989066e-04  1.465270e-02  -0.3051
190937.3051  7.051035e-04  1.466035e-02  -0.3051
190997.3051  7.111974e-04  1.466028e-02  -0.3051
191057.3051  7.136366e-04  1.466743e-02  -0.3051
191117.3050  7.200078e-04  1.467436e-02  -0.3050
191177.3051  7.224669e-04  1.468108e-02  -0.3051
191237.3051  7.290780e-04  1.468765e-02  -0.3051
191297.3051  7.357716e-04  1.469391e-02  -0.3051
191357.3051  7.386294e-04  1.469282e-02  -0.3051
191417.3050  7.453761e-04  1.469873e-02  -0.3050
191477.3051  7.484747e-04  1.470443e-02  -0.3051
191537.3051  7.554596e-04  1.470998e-02  -0.3051
191597.3051  7.587982e-04  1.471535e-02  -0.3051
191657.3051  7.660204e-04  1.472039e-02  -0.3051
191717.3051  7.693766e-04  1.473272e-02  -0.3051
191777.3050  7.728893e-04  1.473749e-02  -0.3050
191837.3051  7.804668e-04  1.474194e-02  -0.3051
191897.3051  7.841812e-04  1.474620e-02  -0.3051
191957.3051  7.878668e-04  1.475044e-02  -0.3051
192017.3051  7.957978e-04  1.475429e-02  -0.3051
192077.3050  7.996842e-04  1.476543e-02  -0.3050
192137.3051  8.038740e-04  1.476892e-02  -0.3051
192197.3051  8.080346e-04  1.477224e-02  -0.3051
192257.3051  8.122773e-04  1.477537e-02  -0.3051
192317.3051  8.206102e-04  1.478574e-02  -0.3051
192377.3051  8.250883e-04  1.478839e-02  -0.3051
192437.3051  8.295005e-04  1.479826e-02  -0.3051
192497.3051  8.342144e-04  1.480062e-02  -0.3051
192557.3051  8.390459e-04  1.480280e-02  -0.3051
192617.3050  8.438112e-04  1.481215e-02  -0.3050
192677.3051  8.486938e-04  1.481391e-02  -0.3051
192737.3051  8.536936e-04  1.482292e-02  -0.3051
192797.3051  8.589937e-04  1.483160e-02  -0.3051
192857.3051  8.642272e-04  1.483274e-02  -0.3051
192917.3051  8.693940e-04  1.484115e-02  -0.3051
192977.3051  8.709018e-04  1.484188e-02  -0.3051
193037.3051  8.764857e-04  1.484986e-02  -0.3051
193097.3051  8.820026e-04  1.485773e-02  -0.3051
193157.3050  8.878183e-04  1.486515e-02  -0.3050
193217.3051  8.935307e-04  1.486509e-02  -0.3051
193277.3050  8.954421e-04  1.487244e-02  -0.3050
193337.3051  9.014228e-04  1.487933e-02  -0.3051
193397.3051  9.075187e-04  1.488626e-02  -0.3051
193457.3051  9.136934e-04  1.489272e-02  -0.3051
193517.3051  9.160711e-04  1.489915e-02  -0.3051
193577.3051  9.223305e-04  1.489795e-02  -0.3051
193637.3051  9.249046e-04  1.490403e-02  -0.3051
193697.3051  9.313940e-04  1.490986e-02  -0.3051
193757.3051  9.379977e-04  1.491544e-02  -0.3051
193817.3050  9.409188e-04  1.492099e-02  -0.3050
193877.3051  9.477513e-04  1.492622e-02  -0.3051
193937.3051  9.507216e-04  1.493135e-02  -0.3051
193997.3051  9.576009e-04  1.494356e-02  -0.3051
194057.3051  9.608014e-04  1.494819e-02  -0.3051
194117.3050  9.641535e-04  1.495277e-02  -0.3050
194177.3051  9.713386e-04  1.495712e-02  -0.3051
194237.3051  9.749198e-04  1.496114e-02  -0.3051
194297.3051  9.783987e-04  1.496507e-02  -0.3051
194357.3051  9.859241e-04  1.497630e-02  -0.3051
194417.3051  9.896673e-04  1.497973e-02  -0.3051
194477.3050  9.934890e-04  1.498318e-02  -0.3050
194537.3051  9.974249e-04  1.499367e-02  -0.3051
194597.3051  1.005438e-03  1.499663e-02  -0.3051
194657.3051  1.009420e-03  1.499942e-02  -0.3051
194717.3051  1.013696e-03  1.500946e-02  -0.3051
194777.3050  1.017906e-03  1.501196e-02  -0.3050
194837.3051  1.022445e-03  1.502151e-02  -0.3051
194897.3051  1.026882e-03  1.502357e-02  -0.3051
194957.3051  1.031431e-03  1.503285e-02  -0.3051
195017.3051  1.036093e-03  1.503441e-02  -0.3051
195077.3051  1.040868e-03  1.504347e-02  -0.3051
195137.3051  1.045756e-03  1.504470e-02  -0.3051
195197.3051  1.050576e-03  1.505310e-02  -0.3051
195257.3051  1.055689e-03  1.506150e-02  -0.3051
195317.3050  1.060769e-03  1.506225e-02  -0.3050
195377.3051  1.065926e-03  1.507021e-02  -0.3051
195437.3051  1.071338e-03  1.507801e-02  -0.3051
195497.3051  1.076718e-03  1.508562e-02  -0.3051
195557.3051  1.082209e-03  1.508543e-02  -0.3051
195617.3051  1.087812e-03  1.509269e-02  -0.3051
195677.3051  1.089619e-03  1.509985e-02  -0.3051
195737.3051  1.095266e-03  1.510669e-02  -0.3051
195797.3051  1.101203e-03  1.511334e-02  -0.3051
195857.3050  1.103168e-03  1.511982e-02  -0.3050
195917.3051  1.109327e-03  1.511856e-02  -0.3051
195977.3050  1.115381e-03  1.512477e-02  -0.3050
196037.3051  1.117682e-03  1.513057e-02  -0.3051
196097.3051  1.123994e-03  1.513634e-02  -0.3051
196157.3051  1.130415e-03  1.514193e-02  -0.3051
196217.3051  1.133014e-03  1.514721e-02  -0.3051
196277.3051  1.139656e-03  1.516004e-02  -0.3051
196337.3051  1.142335e-03  1.516496e-02  -0.3051
196397.3051  1.149160e-03  1.516984e-02  -0.3051
196457.3051  1.152060e-03  1.517441e-02  -0.3051
196517.3050  1.158927e-03  1.517886e-02  -0.3050
196577.3051  1.162226e-03  1.518308e-02  -0.3051
196637.3051  1.165458e-03  1.519485e-02  -0.3051
196697.3051  1.172652e-03  1.519869e-02  -0.3051
196757.3051  1.175927e-03  1.520244e-02  -0.3051
196817.3050  1.179453e-03  1.520587e-02  -0.3050
196877.3051  1.186974e-03  1.521672e-02  -0.3051
196937.3051  1.190578e-03  1.521993e-02  -0.3051
196997.3051  1.194433e-03  1.522290e-02  -0.3051
197057.3051  1.198257e-03  1.523330e-02  -0.3051
197117.3051  1.206033e-03  1.523590e-02  -0.3051
197177.3050  1.210216e-03  1.524587e-02  -0.3050
197237.3051  1.214366e-03  1.524819e-02  -0.3051
197297.3051  1.218590e-03  1.525767e-02  -0.3051
197357.3051  1.222746e-03  1.525971e-02  -0.3051
197417.3051  1.227223e-03  1.526890e-02  -0.3051
197477.3050  1.231773e-03  1.527036e-02  -0.3050
197537.3051  1.236255e-03  1.527927e-02  -0.3051
197597.3051  1.241021e-03  1.528030e-02  -0.3051
197657.3051  1.245719e-03  1.528887e-02  -0.3051
197717.3051  1.250561e-03  1.529733e-02  -0.3051
197777.3051  1.255475e-03  1.529789e-02  -0.3051
197837.3051  1.260496e-03  1.530592e-02  -0.3051
197897.3051  1.265625e-03  1.531370e-02  -0.3051
197957.3051  1.270862e-03  1.532139e-02  -0.3051
198017.3050  1.276029e-03  1.532874e-02  -0.3050
198077.3051  1.281480e-03  1.532849e-02  -0.3051
198137.3051  1.283001e-03  1.533556e-02  -0.3051
198197.3051  1.288666e-03  1.534259e-02  -0.3051
198257.3051  1.294262e-03  1.534923e-02  -0.3051
198317.3051  1.299964e-03  1.535571e-02  -0.3051
198377.3051  1.301917e-03  1.536222e-02  -0.3051
198437.3051  1.307832e-03  1.536840e-02  -0.3051
198497.3051  1.313854e-03  1.537449e-02  -0.3051
198557.3050  1.316128e-03  1.538033e-02  -0.3050
198617.3051  1.322152e-03  1.538599e-02  -0.3051
198677.3050  1.324641e-03  1.539153e-02  -0.3050
198737.3051  1.330913e-03  1.539683e-02  -0.3051
198797.3051  1.337463e-03  1.540194e-02  -0.3051
198857.3051  1.340062e-03  1.540696e-02  -0.3051
198917.3051  1.346649e-03  1.541180e-02  -0.3051
198977.3051  1.349496e-03  1.541630e-02  -0.3051
199037.3051  1.352450e-03  1.542834e-02  -0.3051
199097.3051  1.359318e-03  1.543257e-02  -0.3051
199157.3051  1.362309e-03  1.543662e-02  -0.3051
199217.3050  1.369422e-03  1.544056e-02  -0.3050
199277.3051  1.372590e-03  1.545196e-02  -0.3051
199337.3051  1.376072e-03  1.545555e-02  -0.3051
199397.3051  1.383289e-03  1.545882e-02  -0.3051
199457.3051  1.386808e-03  1.546962e-02  -0.3051
199517.3050  1.390398e-03  1.547259e-02  -0.3050
199577.3051  1.394128e-03  1.547554e-02  -0.3051
199637.3051  1.401762e-03  1.548589e-02  -0.3051
199697.3051  1.405701e-03  1.548840e-02  -0.3051
199757.3051  1.409710e-03  1.549831e-02  -0.3051
199817.3051  1.413686e-03  1.550039e-02  -0.3051
199877.3050  1.417905e-03  1.550997e-02  -0.3050
199937.3051  1.422055e-03  1.551183e-02  -0.3051
199997.3051  1.426517e-03  1.552103e-02  -0.3051
200057.3051  1.430876e-03  1.552248e-02  -0.3051
200117.3051  1.435338e-03  1.553140e-02  -0.3051
200177.3050  1.443763e-03  1.554023e-02  -0.3050
200237.3051  1.444610e-03  1.554104e-02  -0.3051
200297.3051  1.449211e-03  1.554945e-02  -0.3051
200357.3051  1.454089e-03  1.555775e-02  -0.3051
200417.3051  1.459104e-03  1.555802e-02  -0.3051
200477.3051  1.464016e-03  1.556596e-02  -0.3051
200537.3051  1.469202e-03  1.557366e-02  -0.3051
200597.3051  1.474320e-03  1.558123e-02  -0.3051
200657.3051  1.479540e-03  1.558856e-02  -0.3051
200717.3050  1.484863e-03  1.558816e-02  -0.3050
200777.3051  1.486475e-03  1.559506e-02  -0.3051
200837.3051  1.492003e-03  1.560208e-02  -0.3051
200897.3051  1.497634e-03  1.560863e-02  -0.3051
200957.3051  1.499386e-03  1.561516e-02  -0.3051
201017.3051  1.505221e-03  1.562149e-02  -0.3051
201077.3051  1.511158e-03  1.562764e-02  -0.3051
201137.3051  1.513219e-03  1.563376e-02  -0.3051
201197.3051  1.519189e-03  1.563949e-02  -0.3051
201257.3050  1.525261e-03  1.564519e-02  -0.3050
201317.3051  1.527630e-03  1.565056e-02  -0.3051
201377.3050  1.533904e-03  1.565590e-02  -0.3050
201437.3051  1.536478e-03  1.566106e-02  -0.3051
201497.3051  1.542956e-03  1.567370e-02  -0.3051
201557.3051  1.545699e-03  1.567865e-02  -0.3051
201617.3051  1.552208e-03  1.568320e-02  -0.3051
201677.3051  1.555190e-03  1.568772e-02  -0.3051
201737.3051  1.561901e-03  1.569191e-02  -0.3051
201797.3051  1.565051e-03  1.570374e-02  -0.3051
201857.3051  1.568168e-03  1.570773e-02  -0.3051
201917.3050  1.575180e-03  1.571152e-02  -0.3050
201977.3051  1.578465e-03  1.571507e-02  -0.3051
202037.3051  1.581886e-03  1.572634e-02  -0.3051
202097.3051  1.589029e-03  1.572954e-02  -0.3051
202157.3051  1.592617e-03  1.574045e-02  -0.3051
202217.3050  1.596341e-03  1.574335e-02  -0.3050
202277.3051  1.599962e-03  1.574616e-02  -0.3051
202337.3051  1.603887e-03  1.575655e-02  -0.3051
202397.3051  1.611494e-03  1.575890e-02  -0.3051
202457.3051  1.615450e-03  1.576893e-02  -0.3051
202517.3051  1.619473e-03  1.577109e-02  -0.3051
202577.3050  1.623630e-03  1.578069e-02  -0.3050
202637.3051  1.627852e-03  1.578241e-02  -0.3051
202697.3051  1.632210e-03  1.579180e-02  -0.3051
202757.3051  1.636632e-03  1.580095e-02  -0.3051
202817.3051  1.641020e-03  1.580219e-02  -0.3051
202877.3050  1.645642e-03  1.581099e-02  -0.3050
202937.3051  1.650194e-03  1.581975e-02  -0.3051
202997.3051  1.655049e-03  1.582037e-02  -0.3051
203057.3051  1.659800e-03  1.582879e-02  -0.3051
203117.3051  1.664650e-03  1.583708e-02  -0.3051
203177.3051  1.669599e-03  1.583732e-02  -0.3051
203237.3051  1.674682e-03  1.584510e-02  -0.3051
203297.3051  1.676059e-03  1.585280e-02  -0.3051
203357.3051  1.681305e-03  1.586022e-02  -0.3051
203417.3050  1.686481e-03  1.586770e-02  -0.3050
203477.3051  1.691924e-03  1.587479e-02  -0.3051
203537.3051  1.693531e-03  1.587409e-02  -0.3051
203597.3051  1.699205e-03  1.588095e-02  -0.3051
203657.3051  1.704775e-03  1.588765e-02  -0.3051
203717.3051  1.710442e-03  1.589415e-02  -0.3051
203777.3051  1.712446e-03  1.590049e-02  -0.3051
203837.3051  1.718310e-03  1.590680e-02  -0.3051
203897.3051  1.720511e-03  1.591269e-02  -0.3051
203957.3050  1.726570e-03  1.591871e-02  -0.3050
204017.3051  1.732726e-03  1.592439e-02  -0.3051
204077.3050  1.735055e-03  1.592999e-02  -0.3050
204137.3051  1.741406e-03  1.593530e-02  -0.3051
204197.3051  1.743932e-03  1.594838e-02  -0.3051
204257.3051  1.750442e-03  1.595335e-02  -0.3051
204317.3051  1.753164e-03  1.595830e-02  -0.3051
204377.3051  1.755984e-03  1.596312e-02  -0.3051
204437.3051  1.762653e-03  1.596756e-02  -0.3051
204497.3051  1.765668e-03  1.597990e-02  -0.3051
204557.3051  1.772530e-03  1.598412e-02  -0.3051
204617.3050  1.775705e-03  1.598816e-02  -0.3050
204677.3051  1.778846e-03  1.599210e-02  -0.3051
204737.3051  1.785996e-03  1.600372e-02  -0.3051
204797.3051  1.789331e-03  1.600722e-02  -0.3051
204857.3051  1.792895e-03  1.601077e-02  -0.3051
204917.3050  1.796425e-03  1.602187e-02  -0.3050
204977.3051  1.800051e-03  1.602497e-02  -0.3051
205037.3051  1.807480e-03  1.603586e-02  -0.3051
205097.3051  1.811299e-03  1.603862e-02  -0.3051
205157.3051  1.815180e-03  1.604111e-02  -0.3051
205217.3051  1.819192e-03  1.605138e-02  -0.3051
205277.3050  1.823266e-03  1.605372e-02  -0.3050
205337.3051  1.827304e-03  1.606380e-02  -0.3051
205397.3051  1.831605e-03  1.606565e-02  -0.3051
205457.3051  1.835801e-03  1.607528e-02  -0.3051
205517.3051  1.840093e-03  1.608482e-02  -0.3051
205577.3050  1.844681e-03  1.608642e-02  -0.3050
205637.3051  1.849164e-03  1.609560e-02  -0.3051
205697.3051  1.853777e-03  1.610460e-02  -0.3051
205757.3051  1.858452e-03  1.610566e-02  -0.3051
205817.3051  1.863255e-03  1.611446e-02  -0.3051
205877.3051  1.868120e-03  1.612291e-02  -0.3051
205937.3051  1.872914e-03  1.612343e-02  -0.3051
205997.3051  1.877968e-03  1.613169e-02  -0.3051
206057.3051  1.879263e-03  1.613990e-02  -0.3051
206117.3050  1.884507e-03  1.614773e-02  -0.3050
206177.3051  1.889681e-03  1.614752e-02  -0.3051
206237.3051  1.894983e-03  1.615520e-02  -0.3051
206297.3051  1.900346e-03  1.616257e-02  -0.3051
206357.3051  1.902084e-03  1.616997e-02  -0.3051
206417.3051  1.907635e-03  1.617711e-02  -0.3051
206477.3051  1.913280e-03  1.618409e-02  -0.3051
206537.3051  1.915303e-03  1.619088e-02  -0.3051
206597.3051  1.921170e-03  1.619757e-02  -0.3051
206657.3050  1.923219e-03  1.620400e-02  -0.3050
206717.3051  1.929240e-03  1.621046e-02  -0.3051
206777.3050  1.935190e-03  1.621655e-02  -0.3050
206837.3051  1.937522e-03  1.622259e-02  -0.3051
206897.3051  1.943823e-03  1.622853e-02  -0.3051
206957.3051  1.946344e-03  1.623427e-02  -0.3051
207017.3051  1.952667e-03  1.623979e-02  -0.3051
207077.3051  1.955376e-03  1.624533e-02  -0.3051
207137.3051  1.958017e-03  1.625048e-02  -0.3051
207197.3051  1.964619e-03  1.625557e-02  -0.3051
207257.3051  1.967576e-03  1.626850e-02  -0.3051
207317.3050  1.974201e-03  1.627324e-02  -0.3050
207377.3051  1.977378e-03  1.627787e-02  -0.3051
207437.3051  1.980486e-03  1.628235e-02  -0.3051
207497.3051  1.983851e-03  1.628662e-02  -0.3051
207557.3051  1.990846e-03  1.629886e-02  -0.3051
207617.3050  1.994200e-03  1.630279e-02  -0.3050
207677.3051  1.997681e-03  1.630668e-02  -0.3051
207737.3051  2.001255e-03  1.631824e-02  -0.3051
207797.3051  2.008617e-03  1.632184e-02  -0.3051
207857.3051  2.012180e-03  1.632519e-02  -0.3051
207917.3051  2.016032e-03  1.633644e-02  -0.3051
207977.3050  2.019976e-03  1.633942e-02  -0.3050
208037.3051  2.023817e-03  1.635031e-02  -0.3051
208097.3051  2.027946e-03  1.635316e-02  -0.3051
208157.3051  2.032005e-03  1.636363e-02  -0.3051
208217.3051  2.036123e-03  1.636610e-02  -0.3051
208277.3050  2.040366e-03  1.637635e-02  -0.3050
208337.3051  2.044668e-03  1.637848e-02  -0.3051
208397.3051  2.049095e-03  1.638837e-02  -0.3051
208457.3051  2.053580e-03  1.639020e-02  -0.3051
208517.3051  2.058190e-03  1.640004e-02  -0.3051
208577.3051  2.062697e-03  1.640946e-02  -0.3051
208637.3051  2.067490e-03  1.641076e-02  -0.3051
208697.3051  2.072179e-03  1.642005e-02  -0.3051
208757.3051  2.077154e-03  1.642105e-02  -0.3051
208817.3050  2.082025e-03  1.642999e-02  -0.3050
208877.3051  2.083309e-03  1.643868e-02  -0.3051
208937.3051  2.088396e-03  1.644740e-02  -0.3051
208997.3051  2.093540e-03  1.644774e-02  -0.3051
209057.3051  2.098775e-03  1.645604e-02  -0.3051
209117.3051  2.100459e-03  1.646407e-02  -0.3051
209177.3051  2.105876e-03  1.647216e-02  -0.3051
209237.3051  2.111382e-03  1.648007e-02  -0.3051
209297.3051  2.113146e-03  1.647957e-02  -0.3051
209357.3050  2.118867e-03  1.648713e-02  -0.3050
209417.3051  2.124483e-03  1.649449e-02  -0.3051
209477.3050  2.126681e-03  1.650176e-02  -0.3050
209537.3051  2.132478e-03  1.650897e-02  -0.3051
209597.3051  2.134697e-03  1.651588e-02  -0.3051
209657.3051  2.140673e-03  1.652260e-02  -0.3051
209717.3051  2.143073e-03  1.652921e-02  -0.3051
209777.3051  2.149262e-03  1.653572e-02  -0.3051
209837.3051  2.151843e-03  1.654198e-02  -0.3051
209897.3051  2.158018e-03  1.654820e-02  -0.3051
209957.3051  2.160779e-03  1.655417e-02  -0.3051
210017.3050  2.167132e-03  1.656379e-02  -0.3050
210077.3051  2.170076e-03  1.657278e-02  -0.3051
210137.3051  2.172948e-03  1.656840e-02  -0.3051
210197.3051  2.179726e-03  1.656917e-02  -0.3051
210257.3051  2.182783e-03  1.673284e-02  -0.3051
210317.3050  2.185970e-03  1.688025e-02  -0.3050
210377.3051  2.192891e-03  1.649188e-02  -0.3051
210437.3051  2.196129e-03  1.628370e-02  -0.3051
210497.3051  2.199562e-03  1.791774e-02  -0.3051
210557.3051  2.203676e-03  1.957944e-02  -0.3051
210617.3051  2.211346e-03  1.589105e-02  -0.3051
210677.3050  2.214220e-03  1.307593e-02  -0.3050
210737.3051  2.217609e-03  2.272419e-02  -0.3051
210797.3051  2.226023e-03  4.108145e-02  -0.3051
210857.3051  2.237890e-03  4.237404e-02  -0.3051
210917.3051  2.247071e-03  2.510680e-02  -0.3051
210977.3050  2.251195e-03  1.339602e-02  -0.3050
211037.3051  2.254388e-03  1.548313e-02  -0.3051
211097.3051  2.258850e-03  1.955618e-02  -0.3051
211157.3051  2.263883e-03  1.850302e-02  -0.3051
211217.3051  2.268306e-03  1.649192e-02  -0.3051
211277.3051  2.272488e-03  1.663270e-02  -0.3051
211337.3051  2.276990e-03  1.706456e-02  -0.3051
211397.3051  2.282150e-03  1.699169e-02  -0.3051
211457.3051  2.285553e-03  1.680851e-02  -0.3051
211517.3050  2.290645e-03  1.681341e-02  -0.3050
211577.3051  2.295793e-03  1.683416e-02  -0.3051
211637.3051  2.301064e-03  1.683441e-02  -0.3051
211697.3051  2.304807e-03  1.683960e-02  -0.3051
211757.3051  2.306616e-03  1.684106e-02  -0.3051
211817.3051  2.312113e-03  1.685073e-02  -0.3051
211877.3051  2.316153e-03  1.686022e-02  -0.3051
211937.3051  2.321824e-03  1.686120e-02  -0.3051
211997.3051  2.323951e-03  1.687024e-02  -0.3051
212057.3050  2.328253e-03  1.687927e-02  -0.3050
212117.3051  2.334184e-03  1.688827e-02  -0.3051
212177.3050  2.336574e-03  1.688874e-02  -0.3050
212237.3051  2.341138e-03  1.689722e-02  -0.3051
212297.3051  2.347328e-03  1.690575e-02  -0.3051
212357.3051  2.349979e-03  1.691396e-02  -0.3051
212417.3051  2.354803e-03  1.692213e-02  -0.3051
212477.3051  2.357628e-03  1.692190e-02  -0.3051
212537.3051  2.362593e-03  1.692971e-02  -0.3051
212597.3051  2.365592e-03  1.693742e-02  -0.3051
212657.3051  2.370729e-03  1.694495e-02  -0.3051
212717.3050  2.373935e-03  1.695228e-02  -0.3050
212777.3051  2.380812e-03  1.695945e-02  -0.3051
212837.3051  2.382590e-03  1.696666e-02  -0.3051
212897.3051  2.389638e-03  1.697352e-02  -0.3051
212957.3051  2.391589e-03  1.698037e-02  -0.3051
213017.3050  2.395193e-03  1.698702e-02  -0.3050
213077.3051  2.400932e-03  1.699359e-02  -0.3051
213137.3051  2.404707e-03  1.699996e-02  -0.3051
213197.3051  2.407005e-03  1.700615e-02  -0.3051
213257.3051  2.414564e-03  1.701225e-02  -0.3051
213317.3051  2.417034e-03  1.701822e-02  -0.3051
213377.3050  2.421152e-03  1.702395e-02  -0.3050
213437.3051  2.423795e-03  1.702972e-02  -0.3051
213497.3051  2.431691e-03  1.703508e-02  -0.3051
213557.3051  2.434505e-03  1.704875e-02  -0.3051
213617.3051  2.437406e-03  1.705397e-02  -0.3051
213677.3050  2.441950e-03  1.705910e-02  -0.3050
213737.3051  2.445022e-03  1.706396e-02  -0.3051
213797.3051  2.449702e-03  1.706871e-02  -0.3051
213857.3051  2.452945e-03  1.708169e-02  -0.3051
213917.3051  2.461430e-03  1.708617e-02  -0.3051
213977.3051  2.464843e-03  1.709051e-02  -0.3051
214037.3051  2.468308e-03  1.710297e-02  -0.3051
214097.3051  2.473443e-03  1.710706e-02  -0.3051
214157.3051  2.477111e-03  1.711101e-02  -0.3051
214217.3050  2.480864e-03  1.712299e-02  -0.3050
214277.3051  2.486220e-03  1.712668e-02  -0.3051
214337.3051  2.486546e-03  1.713010e-02  -0.3051
214397.3051  2.490554e-03  1.714169e-02  -0.3051
214457.3051  2.496161e-03  1.714497e-02  -0.3051
214517.3051  2.500337e-03  1.715629e-02  -0.3051
214577.3051  2.504565e-03  1.715920e-02  -0.3051
214637.3051  2.510456e-03  1.717039e-02  -0.3051
214697.3051  2.514884e-03  1.717287e-02  -0.3051
214757.3050  2.515774e-03  1.718369e-02  -0.3050
214817.3051  2.520371e-03  1.718602e-02  -0.3051
214877.3050  2.526563e-03  1.719649e-02  -0.3050
214937.3051  2.531326e-03  1.719868e-02  -0.3051
214997.3051  2.532555e-03  1.720877e-02  -0.3051
215057.3051  2.537487e-03  1.721053e-02  -0.3051
215117.3051  2.544010e-03  1.722050e-02  -0.3051
215177.3051  2.545491e-03  1.723044e-02  -0.3051
215237.3051  2.550673e-03  1.723157e-02  -0.3051
215297.3051  2.555905e-03  1.724113e-02  -0.3051
215357.3051  2.557639e-03  1.725053e-02  -0.3051
215417.3050  2.564608e-03  1.725149e-02  -0.3050
215477.3051  2.566509e-03  1.726060e-02  -0.3051
215537.3051  2.572073e-03  1.726951e-02  -0.3051
215597.3051  2.574174e-03  1.727836e-02  -0.3051
215657.3051  2.579904e-03  1.727880e-02  -0.3051
215717.3050  2.582140e-03  1.728727e-02  -0.3050
215777.3051  2.589569e-03  1.729569e-02  -0.3051
215837.3051  2.592004e-03  1.730394e-02  -0.3051
215897.3051  2.594489e-03  1.731208e-02  -0.3051
215957.3051  2.600631e-03  1.732005e-02  -0.3051
216017.3051  2.603282e-03  1.732791e-02  -0.3051
216077.3050  2.609588e-03  1.732723e-02  -0.3050
216137.3051  2.612405e-03  1.733472e-02  -0.3051
216197.3051  2.615338e-03  1.734226e-02  -0.3051
216257.3051  2.618322e-03  1.734948e-02  -0.3051
216317.3051  2.624955e-03  1.735663e-02  -0.3051
216377.3050  2.629631e-03  1.736370e-02  -0.3050
216437.3051  2.632861e-03  1.737060e-02  -0.3051
216497.3051  2.636173e-03  1.737725e-02  -0.3051
216557.3051  2.643132e-03  1.738399e-02  -0.3051
216617.3051  2.646608e-03  1.739041e-02  -0.3051
216677.3051  2.650167e-03  1.739671e-02  -0.3051
216737.3051  2.653807e-03  1.740286e-02  -0.3051
216797.3051  2.657530e-03  1.741734e-02  -0.3051
216857.3051  2.661302e-03  1.742320e-02  -0.3051
216917.3050  2.665188e-03  1.742900e-02  -0.3050
216977.3051  2.669156e-03  1.743465e-02  -0.3051
217037.3051  2.673205e-03  1.744024e-02  -0.3051
217097.3051  2.677336e-03  1.744543e-02  -0.3051
217157.3051  2.681548e-03  1.745073e-02  -0.3051
217217.3051  2.684322e-03  1.746421e-02  -0.3051
217277.3051  2.688664e-03  1.746908e-02  -0.3051
217337.3051  2.693120e-03  1.747385e-02  -0.3051
217397.3051  2.697657e-03  1.747857e-02  -0.3051
217457.3050  2.702275e-03  1.749139e-02  -0.3050
217517.3051  2.706940e-03  1.749591e-02  -0.3051
217577.3050  2.711719e-03  1.750017e-02  -0.3050
217637.3051  2.716578e-03  1.751267e-02  -0.3051
217697.3051  2.717937e-03  1.751673e-02  -0.3051
217757.3051  2.722958e-03  1.752051e-02  -0.3051
217817.3051  2.726546e-03  1.753271e-02  -0.3051
217877.3051  2.731695e-03  1.753613e-02  -0.3051
217937.3051  2.733412e-03  1.754798e-02  -0.3051
217997.3051  2.738721e-03  1.755131e-02  -0.3051
218057.3051  2.744143e-03  1.756288e-02  -0.3051
218117.3050  2.749612e-03  1.756595e-02  -0.3050
218177.3051  2.751652e-03  1.756883e-02  -0.3051
218237.3051  2.755772e-03  1.758006e-02  -0.3051
218297.3051  2.757973e-03  1.758265e-02  -0.3051
218357.3051  2.763762e-03  1.759360e-02  -0.3051
218417.3050  2.769662e-03  1.760429e-02  -0.3050
218477.3051  2.770566e-03  1.760650e-02  -0.3051
218537.3051  2.776625e-03  1.761711e-02  -0.3051
218597.3051  2.779195e-03  1.761895e-02  -0.3051
218657.3051  2.785380e-03  1.762930e-02  -0.3051
218717.3051  2.786640e-03  1.763931e-02  -0.3051
218777.3050  2.792983e-03  1.764082e-02  -0.3050
218837.3051  2.795873e-03  1.765079e-02  -0.3051
218897.3051  2.802407e-03  1.766040e-02  -0.3051
218957.3051  2.803955e-03  1.766158e-02  -0.3051
219017.3051  2.807084e-03  1.767100e-02  -0.3051
219077.3050  2.813821e-03  1.768031e-02  -0.3050
219137.3051  2.815642e-03  1.768093e-02  -0.3051
219197.3051  2.819009e-03  1.769002e-02  -0.3051
219257.3051  2.825982e-03  1.769896e-02  -0.3051
219317.3051  2.829507e-03  1.770774e-02  -0.3051
219377.3051  2.831615e-03  1.771636e-02  -0.3051
219437.3051  2.835331e-03  1.771647e-02  -0.3051
219497.3051  2.841121e-03  1.772472e-02  -0.3051
219557.3051  2.844962e-03  1.773310e-02  -0.3051
219617.3050  2.848723e-03  1.772725e-02  -0.3050
219677.3051  2.851225e-03  1.773511e-02  -0.3051
219737.3051  2.855301e-03  1.774286e-02  -0.3051
219797.3051  2.862974e-03  1.775057e-02  -0.3051
219857.3051  2.865713e-03  1.775806e-02  -0.3051
219917.3051  2.870023e-03  1.776548e-02  -0.3051
219977.3051  2.872921e-03  1.777266e-02  -0.3051
220037.3051  2.877388e-03  1.777982e-02  -0.3051
220097.3051  2.880443e-03  1.778686e-02  -0.3051
220157.3050  2.885066e-03  1.779371e-02  -0.3050
220217.3051  2.889766e-03  1.780048e-02  -0.3051
220277.3050  2.893057e-03  1.780704e-02  -0.3050
220337.3051  2.897913e-03  1.781343e-02  -0.3051
220397.3051  2.901328e-03  1.781995e-02  -0.3051
220457.3051  2.906339e-03  1.782605e-02  -0.3051
220517.3051  2.909942e-03  1.783220e-02  -0.3051
220577.3051  2.915108e-03  1.783816e-02  -0.3051
220637.3051  2.915360e-03  1.784403e-02  -0.3051
220697.3051  2.920681e-03  1.784970e-02  -0.3051
220757.3051  2.924565e-03  1.786390e-02  -0.3051
220817.3050  2.930040e-03  1.786930e-02  -0.3050
220877.3051  2.934110e-03  1.787458e-02  -0.3051
220937.3051  2.936203e-03  1.787976e-02  -0.3051
220997.3051  2.940429e-03  1.788498e-02  -0.3051
221057.3051  2.944732e-03  1.789837e-02  -0.3051
221117.3050  2.950560e-03  1.790307e-02  -0.3050
221177.3051  2.951517e-03  1.790756e-02  -0.3051
221237.3051  2.957530e-03  1.792079e-02  -0.3051
221297.3051  2.962110e-03  1.792516e-02  -0.3051
221357.3051  2.964777e-03  1.792930e-02  -0.3051
221417.3051  2.969543e-03  1.794198e-02  -0.3051
221477.3050  2.970857e-03  1.794603e-02  -0.3050
221537.3051  2.977251e-03  1.794997e-02  -0.3051
221597.3051  2.982215e-03  1.796226e-02  -0.3051
221657.3051  2.983794e-03  1.796586e-02  -0.3051
221717.3051  2.990384e-03  1.797801e-02  -0.3051
221777.3050  2.992117e-03  1.798131e-02  -0.3050
221837.3051  2.997387e-03  1.798456e-02  -0.3051
221897.3051  3.000714e-03  1.799609e-02  -0.3051
221957.3051  3.006169e-03  1.799920e-02  -0.3051
222017.3051  3.008178e-03  1.801067e-02  -0.3051
222077.3051  3.011766e-03  1.801342e-02  -0.3051
222137.3051  3.017417e-03  1.802460e-02  -0.3051
222197.3051  3.019656e-03  1.802714e-02  -0.3051
222257.3051  3.026959e-03  1.803819e-02  -0.3051
222317.3050  3.029351e-03  1.804896e-02  -0.3050
222377.3051  3.031820e-03  1.805095e-02  -0.3051
222437.3051  3.034398e-03  1.806169e-02  -0.3051
222497.3051  3.041969e-03  1.806352e-02  -0.3051
222557.3051  3.044667e-03  1.807374e-02  -0.3051
222617.3051  3.047442e-03  1.808392e-02  -0.3051
222677.3051  3.050325e-03  1.808544e-02  -0.3051
222737.3051  3.058195e-03  1.809542e-02  -0.3051
222797.3051  3.061197e-03  1.810523e-02  -0.3051
222857.3050  3.064275e-03  1.811492e-02  -0.3050
222917.3051  3.067429e-03  1.811590e-02  -0.3051
222977.3050  3.072120e-03  1.812526e-02  -0.3050
223037.3051  3.075426e-03  1.813458e-02  -0.3051
223097.3051  3.078807e-03  1.814384e-02  -0.3051
223157.3051  3.085770e-03  1.814426e-02  -0.3051
223217.3051  3.089301e-03  1.815308e-02  -0.3051
223277.3051  3.092908e-03  1.816195e-02  -0.3051
223337.3051  3.098048e-03  1.817065e-02  -0.3051
223397.3051  3.101805e-03  1.817916e-02  -0.3051
223457.3051  3.105638e-03  1.817888e-02  -0.3051
223517.3050  3.109545e-03  1.818717e-02  -0.3050
223577.3051  3.110058e-03  1.819552e-02  -0.3051
223637.3051  3.114116e-03  1.820353e-02  -0.3051
223697.3051  3.118217e-03  1.821135e-02  -0.3051
223757.3051  3.122425e-03  1.821923e-02  -0.3051
223817.3050  3.128160e-03  1.822690e-02  -0.3050
223877.3051  3.132516e-03  1.823434e-02  -0.3051
223937.3051  3.136947e-03  1.824174e-02  -0.3051
223997.3051  3.141451e-03  1.824894e-02  -0.3051
224057.3051  3.142568e-03  1.825604e-02  -0.3051
224117.3051  3.147190e-03  1.826295e-02  -0.3051
224177.3050  3.151918e-03  1.826976e-02  -0.3050
224237.3051  3.156720e-03  1.827640e-02  -0.3051
224297.3051  3.158136e-03  1.828305e-02  -0.3051
224357.3051  3.163055e-03  1.828940e-02  -0.3051
224417.3051  3.168079e-03  1.829578e-02  -0.3051
224477.3050  3.169719e-03  1.830191e-02  -0.3050
224537.3051  3.174891e-03  1.831673e-02  -0.3051
224597.3051  3.180104e-03  1.832262e-02  -0.3051
224657.3051  3.181968e-03  1.832851e-02  -0.3051
224717.3051  3.187360e-03  1.833413e-02  -0.3051
224777.3051  3.189341e-03  1.833943e-02  -0.3051
224837.3051  3.194880e-03  1.835357e-02  -0.3051
224897.3051  3.197009e-03  1.835888e-02  -0.3051
224957.3051  3.202695e-03  1.836390e-02  -0.3051
225017.3050  3.204971e-03  1.836914e-02  -0.3050
225077.3051  3.210803e-03  1.838272e-02  -0.3051
225137.3051  3.213259e-03  1.838759e-02  -0.3051
225197.3051  3.219205e-03  1.839212e-02  -0.3051
225257.3051  3.221808e-03  1.839669e-02  -0.3051
225317.3051  3.227900e-03  1.840985e-02  -0.3051
225377.3051  3.229180e-03  1.841420e-02  -0.3051
225437.3051  3.232004e-03  1.841838e-02  -0.3051
225497.3051  3.238314e-03  1.843122e-02  -0.3051
225557.3050  3.241284e-03  1.843511e-02  -0.3050
225617.3051  3.244296e-03  1.844798e-02  -0.3051
225677.3050  3.250823e-03  1.845166e-02  -0.3050
225737.3051  3.254013e-03  1.845523e-02  -0.3051
225797.3051  3.257243e-03  1.846764e-02  -0.3051
225857.3051  3.259114e-03  1.847106e-02  -0.3051
225917.3051  3.265962e-03  1.848295e-02  -0.3051
225977.3051  3.269411e-03  1.848617e-02  -0.3051
226037.3051  3.272934e-03  1.849800e-02  -0.3051
226097.3051  3.276560e-03  1.850085e-02  -0.3051
226157.3051  3.280228e-03  1.851247e-02  -0.3051
226217.3050  3.282537e-03  1.851510e-02  -0.3050
226277.3051  3.289785e-03  1.852643e-02  -0.3051
226337.3051  3.293670e-03  1.852884e-02  -0.3051
226397.3051  3.297658e-03  1.853998e-02  -0.3051
226457.3051  3.301687e-03  1.855098e-02  -0.3051
226517.3050  3.304361e-03  1.855293e-02  -0.3050
226577.3051  3.308534e-03  1.856378e-02  -0.3051
226637.3051  3.312780e-03  1.857439e-02  -0.3051
226697.3051  3.317097e-03  1.857594e-02  -0.3051
226757.3051  3.320061e-03  1.858636e-02  -0.3051
226817.3051  3.324522e-03  1.859652e-02  -0.3051
226877.3050  3.329055e-03  1.859788e-02  -0.3050
226937.3051  3.332236e-03  1.860797e-02  -0.3051
226997.3051  3.333486e-03  1.861781e-02  -0.3051
227057.3051  3.338235e-03  1.861863e-02  -0.3051
227117.3051  3.343054e-03  1.862841e-02  -0.3051
227177.3050  3.346523e-03  1.863794e-02  -0.3050
227237.3051  3.351485e-03  1.864736e-02  -0.3051
227297.3051  3.356518e-03  1.864774e-02  -0.3051
227357.3051  3.356781e-03  1.865695e-02  -0.3051
227417.3051  3.361957e-03  1.866596e-02  -0.3051
227477.3051  3.367204e-03  1.867497e-02  -0.3051
227537.3051  3.371102e-03  1.868370e-02  -0.3051
227597.3051  3.373073e-03  1.869224e-02  -0.3051
227657.3051  3.378501e-03  1.870069e-02  -0.3051
227717.3050  3.382614e-03  1.870017e-02  -0.3050
227777.3051  3.384798e-03  1.870855e-02  -0.3051
227837.3051  3.389054e-03  1.871652e-02  -0.3051
227897.3051  3.394765e-03  1.872461e-02  -0.3051
227957.3051  3.397163e-03  1.873237e-02  -0.3051
228017.3051  3.401632e-03  1.874018e-02  -0.3051
228077.3051  3.404173e-03  1.874788e-02  -0.3051
228137.3051  3.408752e-03  1.875538e-02  -0.3051
228197.3051  3.411435e-03  1.876270e-02  -0.3051
228257.3050  3.416187e-03  1.877002e-02  -0.3050
228317.3051  3.418980e-03  1.877714e-02  -0.3051
228377.3050  3.425285e-03  1.878398e-02  -0.3050
228437.3051  3.426840e-03  1.879089e-02  -0.3051
228497.3051  3.433253e-03  1.879776e-02  -0.3051
228557.3051  3.434950e-03  1.880438e-02  -0.3051
228617.3051  3.441502e-03  1.881995e-02  -0.3051
228677.3051  3.443341e-03  1.882627e-02  -0.3051
228737.3051  3.446629e-03  1.883264e-02  -0.3051
228797.3051  3.452013e-03  1.883882e-02  -0.3051
228857.3051  3.455441e-03  1.884475e-02  -0.3051
228917.3050  3.457564e-03  1.885072e-02  -0.3050
228977.3051  3.464533e-03  1.885659e-02  -0.3051
229037.3051  3.466796e-03  1.887120e-02  -0.3051
229097.3051  3.470504e-03  1.887692e-02  -0.3051
229157.3051  3.472909e-03  1.888230e-02  -0.3051
229217.3050  3.478751e-03  1.888767e-02  -0.3050
229277.3051  3.482668e-03  1.890193e-02  -0.3051
229337.3051  3.485284e-03  1.890692e-02  -0.3051
229397.3051  3.489340e-03  1.891196e-02  -0.3051
229457.3051  3.492096e-03  1.891674e-02  -0.3051
229517.3051  3.496292e-03  1.893051e-02  -0.3051
229577.3050  3.502551e-03  1.893522e-02  -0.3050
229637.3051  3.505485e-03  1.893975e-02  -0.3051
229697.3051  3.509919e-03  1.895313e-02  -0.3051
229757.3051  3.512993e-03  1.895737e-02  -0.3051
229817.3051  3.517535e-03  1.897048e-02  -0.3051
229877.3050  3.520748e-03  1.897450e-02  -0.3050
229937.3051  3.524062e-03  1.897856e-02  -0.3051
229997.3051  3.528811e-03  1.899126e-02  -0.3051
230057.3051  3.532232e-03  1.899503e-02  -0.3051
230117.3051  3.535723e-03  1.900754e-02  -0.3051
230177.3051  3.540679e-03  1.901092e-02  -0.3051
230237.3051  3.544308e-03  1.902329e-02  -0.3051
230297.3051  3.548037e-03  1.902632e-02  -0.3051
230357.3051  3.549814e-03  1.903846e-02  -0.3051
230417.3050  3.553650e-03  1.904144e-02  -0.3050
230477.3051  3.557556e-03  1.905330e-02  -0.3051
230537.3051  3.562923e-03  1.905606e-02  -0.3051
230597.3051  3.566966e-03  1.906777e-02  -0.3051
230657.3051  3.571078e-03  1.907024e-02  -0.3051
230717.3051  3.573269e-03  1.908159e-02  -0.3051
230777.3051  3.577518e-03  1.908393e-02  -0.3051
230837.3051  3.581836e-03  1.909504e-02  -0.3051
230897.3051  3.586223e-03  1.910611e-02  -0.3051
230957.3050  3.588688e-03  1.910791e-02  -0.3050
231017.3051  3.593212e-03  1.911877e-02  -0.3051
231077.3050  3.597803e-03  1.912954e-02  -0.3050
231137.3051  3.599057e-03  1.913109e-02  -0.3051
231197.3051  3.603785e-03  1.914157e-02  -0.3051
231257.3051  3.609967e-03  1.915193e-02  -0.3051
231317.3051  3.611457e-03  1.915309e-02  -0.3051
231377.3051  3.616390e-03  1.916317e-02  -0.3051
231437.3051  3.618018e-03  1.917328e-02  -0.3051
231497.3051  3.624439e-03  1.917404e-02  -0.3051
231557.3051  3.626204e-03  1.918387e-02  -0.3051
231617.3050  3.631407e-03  1.919345e-02  -0.3050
231677.3051  3.633309e-03  1.920299e-02  -0.3051
231737.3051  3.638618e-03  1.921252e-02  -0.3051
231797.3051  3.640656e-03  1.921258e-02  -0.3051
231857.3051  3.647511e-03  1.922179e-02  -0.3051
231917.3050  3.649685e-03  1.923084e-02  -0.3050
231977.3051  3.655263e-03  1.923961e-02  -0.3051
232037.3051  3.657574e-03  1.924845e-02  -0.3051
232097.3051  3.659921e-03  1.925724e-02  -0.3051
232157.3051  3.665732e-03  1.926579e-02  -0.3051
232217.3051  3.668246e-03  1.927425e-02  -0.3051
232277.3050  3.670798e-03  1.927356e-02  -0.3050
232337.3051  3.676809e-03  1.928181e-02  -0.3051
232397.3051  3.680872e-03  1.928999e-02  -0.3051
232457.3051  3.683657e-03  1.929787e-02  -0.3051
232517.3051  3.689838e-03  1.930585e-02  -0.3051
232577.3050  3.692757e-03  1.931366e-02  -0.3050
232637.3051  3.695713e-03  1.932136e-02  -0.3051
232697.3051  3.698768e-03  1.932895e-02  -0.3051
232757.3051  3.701859e-03  1.933635e-02  -0.3051
232817.3051  3.708404e-03  1.934375e-02  -0.3051
232877.3051  3.711629e-03  1.935096e-02  -0.3051
232937.3051  3.714951e-03  1.935796e-02  -0.3051
232997.3051  3.718311e-03  1.936510e-02  -0.3051
233057.3051  3.721737e-03  1.938103e-02  -0.3051
233117.3050  3.725261e-03  1.938786e-02  -0.3050
233177.3051  3.728821e-03  1.939447e-02  -0.3051
233237.3051  3.732478e-03  1.940111e-02  -0.3051
233297.3051  3.736172e-03  1.940757e-02  -0.3051
233357.3051  3.739932e-03  1.941378e-02  -0.3051
233417.3051  3.743759e-03  1.942003e-02  -0.3051
233477.3051  3.747682e-03  1.943530e-02  -0.3051
233537.3051  3.751642e-03  1.944125e-02  -0.3051
233597.3051  3.755668e-03  1.944720e-02  -0.3051
233657.3050  3.759760e-03  1.945308e-02  -0.3050
233717.3051  3.763949e-03  1.945873e-02  -0.3051
233777.3050  3.768174e-03  1.947315e-02  -0.3050
233837.3051  3.772464e-03  1.947864e-02  -0.3051
233897.3051  3.776820e-03  1.948399e-02  -0.3051
233957.3051  3.777900e-03  1.948919e-02  -0.3051
234017.3051  3.781026e-03  1.950337e-02  -0.3051
234077.3051  3.785612e-03  1.950836e-02  -0.3051
234137.3051  3.790233e-03  1.951334e-02  -0.3051
234197.3051  3.794919e-03  1.952729e-02  -0.3051
234257.3051  3.796331e-03  1.953188e-02  -0.3051
234317.3050  3.801149e-03  1.953646e-02  -0.3050
234377.3051  3.806032e-03  1.955002e-02  -0.3051
234437.3051  3.810981e-03  1.955429e-02  -0.3051
234497.3051  3.812658e-03  1.956765e-02  -0.3051
234557.3051  3.816379e-03  1.957177e-02  -0.3051
234617.3050  3.821524e-03  1.957575e-02  -0.3050
234677.3051  3.823400e-03  1.958886e-02  -0.3051
234737.3051  3.828676e-03  1.959254e-02  -0.3051
234797.3051  3.830683e-03  1.960535e-02  -0.3051
234857.3051  3.836089e-03  1.960882e-02  -0.3051
234917.3051  3.840204e-03  1.962142e-02  -0.3051
234977.3050  3.842409e-03  1.962474e-02  -0.3050
235037.3051  3.847979e-03  1.963706e-02  -0.3051
235097.3051  3.850315e-03  1.964016e-02  -0.3051
235157.3051  3.856045e-03  1.965227e-02  -0.3051
235217.3051  3.857159e-03  1.965509e-02  -0.3051
235277.3050  3.863019e-03  1.966700e-02  -0.3050
235337.3051  3.865586e-03  1.966965e-02  -0.3051
235397.3051  3.868248e-03  1.968136e-02  -0.3051
235457.3051  3.872951e-03  1.969302e-02  -0.3051
235517.3051  3.875744e-03  1.969512e-02  -0.3051
235577.3051  3.881927e-03  1.970641e-02  -0.3051
235637.3051  3.884819e-03  1.970830e-02  -0.3051
235697.3051  3.886458e-03  1.971946e-02  -0.3051
235757.3051  3.892834e-03  1.973051e-02  -0.3051
235817.3050  3.895921e-03  1.973224e-02  -0.3050
235877.3051  3.897756e-03  1.974301e-02  -0.3051
235937.3051  3.901004e-03  1.975377e-02  -0.3051
235997.3051  3.907606e-03  1.975509e-02  -0.3051
236057.3051  3.910982e-03  1.976545e-02  -0.3051
236117.3051  3.913047e-03  1.977595e-02  -0.3051
236177.3051  3.916553e-03  1.978602e-02  -0.3051
236237.3051  3.923440e-03  1.978684e-02  -0.3051
236297.3051  3.925700e-03  1.979703e-02  -0.3051
236357.3050  3.929399e-03  1.980696e-02  -0.3050
236417.3051  3.933131e-03  1.981694e-02  -0.3051
236477.3050  3.935616e-03  1.981757e-02  -0.3050
236537.3051  3.939477e-03  1.982731e-02  -0.3051
236597.3051  3.942091e-03  1.983699e-02  -0.3051
236657.3051  3.946081e-03  1.984657e-02  -0.3051
236717.3051  3.950134e-03  1.985606e-02  -0.3051
236777.3051  3.952942e-03  1.986544e-02  -0.3051
236837.3051  3.960434e-03  1.987472e-02  -0.3051
236897.3051  3.964709e-03  1.987467e-02  -0.3051
236957.3051  3.964370e-03  1.988365e-02  -0.3051
237017.3050  3.968743e-03  1.989254e-02  -0.3050
237077.3051  3.971871e-03  1.990164e-02  -0.3051
237137.3051  3.976372e-03  1.991033e-02  -0.3051
237197.3051  3.979599e-03  1.991906e-02  -0.3051
237257.3051  3.984256e-03  1.992757e-02  -0.3051
237317.3050  3.988947e-03  1.993584e-02  -0.3050
237377.3051  3.992365e-03  1.994416e-02  -0.3051
237437.3051  3.997212e-03  1.995237e-02  -0.3051
237497.3051  4.000758e-03  1.996050e-02  -0.3051
237557.3051  4.002399e-03  1.996840e-02  -0.3051
237617.3051  4.006072e-03  1.997622e-02  -0.3051
237677.3050  4.011143e-03  1.998394e-02  -0.3050
237737.3051  4.014973e-03  1.999154e-02  -0.3051
237797.3051  4.020169e-03  1.999910e-02  -0.3051
237857.3051  4.020797e-03  2.000650e-02  -0.3051
237917.3051  4.026119e-03  2.001370e-02  -0.3051
237977.3050  4.030173e-03  2.002105e-02  -0.3050
238037.3051  4.032323e-03  2.003751e-02  -0.3051
238097.3051  4.036503e-03  2.004432e-02  -0.3051
238157.3051  4.042076e-03  2.005125e-02  -0.3051
238217.3051  4.043117e-03  2.005789e-02  -0.3051
238277.3051  4.048815e-03  2.006452e-02  -0.3051
238337.3051  4.053247e-03  2.007096e-02  -0.3051
238397.3051  4.055777e-03  2.007728e-02  -0.3051
238457.3051  4.060335e-03  2.009285e-02  -0.3051
238517.3050  4.061663e-03  2.009897e-02  -0.3050
238577.3051  4.067673e-03  2.010491e-02  -0.3051
238637.3051  4.069129e-03  2.011082e-02  -0.3051
238697.3051  4.075233e-03  2.012602e-02  -0.3051
238757.3051  4.076815e-03  2.013155e-02  -0.3051
238817.3051  4.081749e-03  2.013721e-02  -0.3051
238877.3051  4.084781e-03  2.014271e-02  -0.3051
238937.3051  4.089839e-03  2.015743e-02  -0.3051
238997.3051  4.092996e-03  2.016267e-02  -0.3051
239057.3050  4.094893e-03  2.016782e-02  -0.3050
239117.3051  4.100139e-03  2.018199e-02  -0.3051
239177.3050  4.103453e-03  2.018691e-02  -0.3050
239237.3051  4.105539e-03  2.019166e-02  -0.3051
239297.3051  4.110971e-03  2.020567e-02  -0.3051
239357.3051  4.114502e-03  2.021023e-02  -0.3051
239417.3051  4.116776e-03  2.021465e-02  -0.3051
239477.3051  4.122363e-03  2.022826e-02  -0.3051
239537.3051  4.126080e-03  2.023239e-02  -0.3051
239597.3051  4.128541e-03  2.024593e-02  -0.3051
239657.3051  4.131035e-03  2.024984e-02  -0.3051
239717.3050  4.138217e-03  2.025380e-02  -0.3050
239777.3051  4.140864e-03  2.026714e-02  -0.3051
239837.3051  4.143544e-03  2.027074e-02  -0.3051
239897.3051  4.147632e-03  2.028369e-02  -0.3051
239957.3051  4.150466e-03  2.028712e-02  -0.3051
240017.3050  4.156608e-03  2.029985e-02  -0.3050
240077.3051  4.159566e-03  2.030307e-02  -0.3051
240137.3051  4.163900e-03  2.031561e-02  -0.3051
240197.3051  4.166952e-03  2.031854e-02  -0.3051
240257.3051  4.170095e-03  2.033088e-02  -0.3051
240317.3051  4.173271e-03  2.034301e-02  -0.3051
240377.3050  4.177850e-03  2.034576e-02  -0.3050
240437.3051  4.181149e-03  2.035769e-02  -0.3051
240497.3051  4.184539e-03  2.036023e-02  -0.3051
240557.3051  4.187961e-03  2.037197e-02  -0.3051
240617.3051  4.192785e-03  2.038364e-02  -0.3051
240677.3050  4.196330e-03  2.038592e-02  -0.3050
240737.3051  4.199966e-03  2.039749e-02  -0.3051
240797.3051  4.203633e-03  2.039941e-02  -0.3051
240857.3051  4.207362e-03  2.041068e-02  -0.3051
240917.3051  4.212490e-03  2.042184e-02  -0.3051
240977.3051  4.213076e-03  2.042354e-02  -0.3051
241037.3051  4.216988e-03  2.043448e-02  -0.3051
241097.3051  4.220992e-03  2.044526e-02  -0.3051
241157.3051  4.225026e-03  2.045601e-02  -0.3051
241217.3050  4.229122e-03  2.045733e-02  -0.3050
241277.3051  4.234613e-03  2.046778e-02  -0.3051
241337.3051  4.235568e-03  2.047824e-02  -0.3051
241397.3051  4.239846e-03  2.048862e-02  -0.3051
241457.3051  4.244215e-03  2.048951e-02  -0.3051
241517.3051  4.248614e-03  2.049956e-02  -0.3051
241577.3051  4.249814e-03  2.050985e-02  -0.3051
241637.3051  4.254335e-03  2.051981e-02  -0.3051
241697.3051  4.258917e-03  2.052970e-02  -0.3051
241757.3050  4.261632e-03  2.052974e-02  -0.3050
241817.3051  4.266335e-03  2.053940e-02  -0.3051
241877.3050  4.271097e-03  2.054897e-02  -0.3050
241937.3051  4.272664e-03  2.055846e-02  -0.3051
241997.3051  4.277547e-03  2.056774e-02  -0.3051
242057.3051  4.279236e-03  2.057699e-02  -0.3051
242117.3051  4.284239e-03  2.058606e-02  -0.3051
242177.3051  4.286050e-03  2.058563e-02  -0.3051
242237.3051  4.291204e-03  2.059448e-02  -0.3051
242297.3051  4.293135e-03  2.060337e-02  -0.3051
242357.3051  4.298380e-03  2.061201e-02  -0.3051
242417.3050  4.300433e-03  2.062058e-02  -0.3050
242477.3051  4.305797e-03  2.062936e-02  -0.3051
242537.3051  4.307971e-03  2.063760e-02  -0.3051
242597.3051  4.313454e-03  2.064597e-02  -0.3051
242657.3051  4.315749e-03  2.065412e-02  -0.3051
242717.3050  4.321351e-03  2.066218e-02  -0.3050
242777.3051  4.323737e-03  2.067015e-02  -0.3051
242837.3051  4.326212e-03  2.067801e-02  -0.3051
242897.3051  4.331994e-03  2.068588e-02  -0.3051
242957.3051  4.334589e-03  2.069353e-02  -0.3051
243017.3051  4.337245e-03  2.070108e-02  -0.3051
243077.3050  4.343205e-03  2.070843e-02  -0.3050
243137.3051  4.345980e-03  2.072545e-02  -0.3051
243197.3051  4.348816e-03  2.073259e-02  -0.3051
243257.3051  4.351681e-03  2.073985e-02  -0.3051
243317.3051  4.357878e-03  2.074691e-02  -0.3051
243377.3050  4.360892e-03  2.075394e-02  -0.3050
243437.3051  4.363967e-03  2.076089e-02  -0.3051
243497.3051  4.367101e-03  2.076764e-02  -0.3051
243557.3051  4.370265e-03  2.077430e-02  -0.3051
243617.3051  4.376756e-03  2.079032e-02  -0.3051
243677.3051  4.380068e-03  2.079676e-02  -0.3051
243737.3051  4.382123e-03  2.080310e-02  -0.3051
243797.3051  4.385554e-03  2.080932e-02  -0.3051
243857.3051  4.389045e-03  2.081548e-02  -0.3051
243917.3050  4.392566e-03  2.083110e-02  -0.3050
243977.3051  4.396175e-03  2.083692e-02  -0.3051
244037.3051  4.399843e-03  2.084276e-02  -0.3051
244097.3051  4.403541e-03  2.084847e-02  -0.3051
244157.3051  4.407328e-03  2.086371e-02  -0.3051
244217.3051  4.411144e-03  2.086911e-02  -0.3051
244277.3051  4.413764e-03  2.087475e-02  -0.3051
244337.3051  4.417728e-03  2.088957e-02  -0.3051
244397.3051  4.421721e-03  2.089480e-02  -0.3051
244457.3050  4.425802e-03  2.089991e-02  -0.3050
244517.3051  4.429912e-03  2.091444e-02  -0.3051
244577.3050  4.434111e-03  2.091935e-02  -0.3050
244637.3051  4.437057e-03  2.092432e-02  -0.3051
244697.3051  4.441373e-03  2.093882e-02  -0.3051
244757.3051  4.445718e-03  2.094347e-02  -0.3051
244817.3051  4.446924e-03  2.094815e-02  -0.3051
244877.3051  4.451386e-03  2.096245e-02  -0.3051
244937.3051  4.454628e-03  2.096680e-02  -0.3051
244997.3051  4.459236e-03  2.098092e-02  -0.3051
245057.3051  4.463873e-03  2.098506e-02  -0.3051
245117.3050  4.465375e-03  2.099871e-02  -0.3050
245177.3051  4.468851e-03  2.100280e-02  -0.3051
245237.3051  4.473663e-03  2.100635e-02  -0.3051
245297.3051  4.478563e-03  2.101967e-02  -0.3051
245357.3051  4.480270e-03  2.102314e-02  -0.3051
245417.3050  4.483981e-03  2.103626e-02  -0.3050
245477.3051  4.489025e-03  2.103953e-02  -0.3051
245537.3051  4.490937e-03  2.105235e-02  -0.3051
245597.3051  4.496097e-03  2.105539e-02  -0.3051
245657.3051  4.496823e-03  2.106800e-02  -0.3051
245717.3051  4.502098e-03  2.108065e-02  -0.3051
245777.3050  4.507461e-03  2.108338e-02  -0.3050
245837.3051  4.508363e-03  2.109567e-02  -0.3051
245897.3051  4.513812e-03  2.109833e-02  -0.3051
245957.3051  4.516103e-03  2.111042e-02  -0.3051
246017.3051  4.521666e-03  2.111287e-02  -0.3051
246077.3050  4.522803e-03  2.112500e-02  -0.3050
246137.3051  4.528511e-03  2.113678e-02  -0.3051
246197.3051  4.531034e-03  2.113889e-02  -0.3051
246257.3051  4.535558e-03  2.115060e-02  -0.3051
246317.3051  4.538197e-03  2.116212e-02  -0.3051
246377.3051  4.544105e-03  2.116393e-02  -0.3051
246437.3051  4.545591e-03  2.117533e-02  -0.3051
246497.3051  4.548404e-03  2.118662e-02  -0.3051
246557.3051  4.553216e-03  2.118801e-02  -0.3051
246617.3050  4.556144e-03  2.119910e-02  -0.3050
246677.3051  4.559130e-03  2.121023e-02  -0.3051
246737.3051  4.564114e-03  2.122112e-02  -0.3051
246797.3051  4.567215e-03  2.122231e-02  -0.3051
246857.3051  4.570373e-03  2.123298e-02  -0.3051
246917.3051  4.575529e-03  2.124381e-02  -0.3051
246977.3051  4.578802e-03  2.125448e-02  -0.3051
247037.3051  4.580868e-03  2.125525e-02  -0.3051
247097.3051  4.584256e-03  2.126565e-02  -0.3051
247157.3050  4.589641e-03  2.127591e-02  -0.3050
247217.3051  4.593114e-03  2.128610e-02  -0.3051
247277.3050  4.596673e-03  2.129629e-02  -0.3050
247337.3051  4.599027e-03  2.129663e-02  -0.3051
247397.3051  4.602701e-03  2.130651e-02  -0.3051
247457.3051  4.605170e-03  2.131638e-02  -0.3051
247517.3051  4.612157e-03  2.132614e-02  -0.3051
247577.3051  4.614712e-03  2.133584e-02  -0.3051
247637.3051  4.618613e-03  2.134541e-02  -0.3051
247697.3051  4.621311e-03  2.135487e-02  -0.3051
247757.3051  4.625326e-03  2.136438e-02  -0.3051
247817.3050  4.628110e-03  2.136384e-02  -0.3050
247877.3051  4.632238e-03  2.137334e-02  -0.3051
247937.3051  4.635166e-03  2.138238e-02  -0.3051
247997.3051  4.639378e-03  2.139144e-02  -0.3051
248057.3051  4.642419e-03  2.140042e-02  -0.3051
248117.3050  4.646774e-03  2.140937e-02  -0.3050
248177.3051  4.649900e-03  2.141815e-02  -0.3051
248237.3051  4.654367e-03  2.142666e-02  -0.3051
248297.3051  4.657636e-03  2.143530e-02  -0.3051
248357.3051  4.662187e-03  2.144388e-02  -0.3051
248417.3051  4.665569e-03  2.145232e-02  -0.3051
248477.3050  4.667042e-03  2.146056e-02  -0.3050
248537.3051  4.670538e-03  2.146879e-02  -0.3051
248597.3051  4.675343e-03  2.147691e-02  -0.3051
248657.3051  4.678923e-03  2.148496e-02  -0.3051
248717.3051  4.682588e-03  2.149287e-02  -0.3051
248777.3050  4.687532e-03  2.151083e-02  -0.3050
248837.3051  4.688123e-03  2.151855e-02  -0.3051
248897.3051  4.693179e-03  2.152617e-02  -0.3051
248957.3051  4.697070e-03  2.153368e-02  -0.3051
249017.3051  4.702237e-03  2.154120e-02  -0.3051
249077.3051  4.703027e-03  2.154862e-02  -0.3051
249137.3051  4.707086e-03  2.155591e-02  -0.3051
249197.3051  4.712421e-03  2.156313e-02  -0.3051
249257.3051  4.713410e-03  2.158006e-02  -0.3051
249317.3050  4.717608e-03  2.158695e-02  -0.3050
249377.3051  4.723110e-03  2.159384e-02  -0.3051
249437.3051  4.724269e-03  2.160062e-02  -0.3051
249497.3051  4.729882e-03  2.160729e-02  -0.3051
249557.3051  4.734303e-03  2.162385e-02  -0.3051
249617.3051  4.735631e-03  2.163030e-02  -0.3051
249677.3051  4.741410e-03  2.163687e-02  -0.3051
249737.3051  4.742821e-03  2.164326e-02  -0.3051
249797.3051  4.747495e-03  2.164939e-02  -0.3051
249857.3050  4.750263e-03  2.166544e-02  -0.3050
249917.3051  4.755019e-03  2.167150e-02  -0.3051
249977.3050  4.756655e-03  2.167731e-02  -0.3050
250037.3051  4.762766e-03  2.169304e-02  -0.3051
250097.3051  4.764542e-03  2.169878e-02  -0.3051
250157.3051  4.769520e-03  2.170443e-02  -0.3051
250217.3051  4.771380e-03  2.171007e-02  -0.3051
250277.3051  4.774538e-03  2.172537e-02  -0.3051
250337.3051  4.779682e-03  2.173069e-02  -0.3051
250397.3051  4.781709e-03  2.174589e-02  -0.3051
250457.3051  4.788233e-03  2.175100e-02  -0.3051
250517.3050  4.790371e-03  2.175611e-02  -0.3050
250577.3051  4.792566e-03  2.177122e-02  -0.3051
250637.3051  4.797985e-03  2.177612e-02  -0.3051
250697.3051  4.801530e-03  2.178093e-02  -0.3051
250757.3051  4.803891e-03  2.179551e-02  -0.3051
250817.3050  4.806308e-03  2.180022e-02  -0.3050
250877.3051  4.811947e-03  2.181448e-02  -0.3051
250937.3051  4.815712e-03  2.181898e-02  -0.3051
250997.3051  4.818295e-03  2.183327e-02  -0.3051
251057.3051  4.820933e-03  2.183754e-02  -0.3051
251117.3051  4.826791e-03  2.185149e-02  -0.3051
251177.3050  4.829540e-03  2.185555e-02  -0.3050
251237.3051  4.833579e-03  2.185951e-02  -0.3051
251297.3051  4.836438e-03  2.187327e-02  -0.3051
251357.3051  4.839352e-03  2.187702e-02  -0.3051
251417.3051  4.842321e-03  2.189061e-02  -0.3051
251477.3050  4.845316e-03  2.190412e-02  -0.3050
251537.3051  4.849629e-03  2.190754e-02  -0.3051
251597.3051  4.855923e-03  2.192080e-02  -0.3051
251657.3051  4.859112e-03  2.192414e-02  -0.3051
251717.3051  4.862355e-03  2.193718e-02  -0.3051
251777.3051  4.865653e-03  2.194032e-02  -0.3051
251837.3051  4.868977e-03  2.195325e-02  -0.3051
251897.3051  4.872385e-03  2.196113e-02  -0.3051
251957.3051  4.877078e-03  2.196991e-02  -0.3051
252017.3050  4.880595e-03  2.197860e-02  -0.3050
252077.3051  4.884137e-03  2.198801e-02  -0.3051
252137.3051  4.884608e-03  2.199657e-02  -0.3051
252197.3051  4.888289e-03  2.200593e-02  -0.3051
252257.3051  4.892024e-03  2.201428e-02  -0.3051
252317.3051  4.895785e-03  2.202342e-02  -0.3051
252377.3051  4.899629e-03  2.203139e-02  -0.3051
252437.3051  4.903527e-03  2.204054e-02  -0.3051
252497.3051  4.908677e-03  2.204948e-02  -0.3051
252557.3050  4.912684e-03  2.205829e-02  -0.3050
252617.3051  4.913593e-03  2.206708e-02  -0.3051
252677.3050  4.917679e-03  2.207692e-02  -0.3050
252737.3051  4.921848e-03  2.208551e-02  -0.3051
252797.3051  4.926042e-03  2.209411e-02  -0.3051
252857.3051  4.930319e-03  2.210347e-02  -0.3051
252917.3051  4.931473e-03  2.211297e-02  -0.3051
252977.3051  4.935858e-03  2.212125e-02  -0.3051
253037.3051  4.940268e-03  2.213043e-02  -0.3051
253097.3051  4.941615e-03  2.213948e-02  -0.3051
253157.3051  4.946161e-03  2.214846e-02  -0.3051
253217.3050  4.950733e-03  2.215741e-02  -0.3050
253277.3051  4.952213e-03  2.216646e-02  -0.3051
253337.3051  4.956921e-03  2.217620e-02  -0.3051
253397.3051  4.961654e-03  2.218494e-02  -0.3051
253457.3051  4.963326e-03  2.219361e-02  -0.3051
253517.3050  4.968165e-03  2.220333e-02  -0.3050
253577.3051  4.969946e-03  2.221264e-02  -0.3051
253637.3051  4.974893e-03  2.222095e-02  -0.3051
253697.3051  4.976752e-03  2.223016e-02  -0.3051
253757.3051  4.981835e-03  2.223907e-02  -0.3051
253817.3051  4.986941e-03  2.224809e-02  -0.3051
253877.3050  4.988962e-03  2.225667e-02  -0.3050
253937.3051  4.991066e-03  2.226640e-02  -0.3051
253997.3051  4.996333e-03  2.227511e-02  -0.3051
254057.3051  4.998515e-03  2.228360e-02  -0.3051
254117.3051  5.003916e-03  2.229287e-02  -0.3051
254177.3050  5.006206e-03  2.230126e-02  -0.3050
254237.3051  5.011685e-03  2.231055e-02  -0.3051
254297.3051  5.014081e-03  2.231962e-02  -0.3051
254357.3051  5.016560e-03  2.232869e-02  -0.3051
254417.3051  5.022198e-03  2.233765e-02  -0.3051
254477.3051  5.023540e-03  2.234665e-02  -0.3051
254537.3051  5.026151e-03  2.235540e-02  -0.3051
254597.3051  5.031947e-03  2.236406e-02  -0.3051
254657.3051  5.034693e-03  2.237369e-02  -0.3051
254717.3050  5.037464e-03  2.238226e-02  -0.3050
254777.3051  5.043418e-03  2.239169e-02  -0.3051
254837.3051  5.046294e-03  2.240004e-02  -0.3051
254897.3051  5.049224e-03  2.240926e-02  -0.3051
254957.3051  5.052207e-03  2.241850e-02  -0.3051
255017.3051  5.057161e-03  2.242764e-02  -0.3051
255077.3051  5.060249e-03  2.243643e-02  -0.3051
255137.3051  5.063391e-03  2.244546e-02  -0.3051
255197.3051  5.066586e-03  2.245427e-02  -0.3051
255257.3050  5.069834e-03  2.246299e-02  -0.3050
255317.3051  5.073134e-03  2.247260e-02  -0.3051
255377.3050  5.079613e-03  2.248120e-02  -0.3050
255437.3051  5.081810e-03  2.249070e-02  -0.3051
255497.3051  5.085269e-03  2.249998e-02  -0.3051
255557.3051  5.088780e-03  2.250826e-02  -0.3051
255617.3051  5.092344e-03  2.251757e-02  -0.3051
255677.3051  5.095961e-03  2.252664e-02  -0.3051
255737.3051  5.098424e-03  2.253560e-02  -0.3051
255797.3051  5.102145e-03  2.254471e-02  -0.3051
255857.3051  5.105920e-03  2.255345e-02  -0.3051
255917.3050  5.109746e-03  2.256323e-02  -0.3050
255977.3051  5.113625e-03  2.257186e-02  -0.3051
256037.3051  5.116352e-03  2.258144e-02  -0.3051
256097.3051  5.120307e-03  2.258999e-02  -0.3051
256157.3051  5.124343e-03  2.259944e-02  -0.3051
256217.3050  5.128431e-03  2.260867e-02  -0.3050
256277.3051  5.132571e-03  2.261780e-02  -0.3051
256337.3051  5.132444e-03  2.262604e-02  -0.3051
256397.3051  5.136660e-03  2.263607e-02  -0.3051
256457.3051  5.140957e-03  2.264511e-02  -0.3051
256517.3051  5.144104e-03  2.265391e-02  -0.3051
256577.3050  5.148505e-03  2.266274e-02  -0.3050
256637.3051  5.152929e-03  2.267248e-02  -0.3051
256697.3051  5.154320e-03  2.268106e-02  -0.3051
256757.3051  5.157676e-03  2.269055e-02  -0.3051
256817.3051  5.162256e-03  2.269908e-02  -0.3051
256877.3050  5.166916e-03  2.270836e-02  -0.3050
256937.3051  5.168516e-03  2.271767e-02  -0.3051
256997.3051  5.172053e-03  2.272684e-02  -0.3051
257057.3051  5.176868e-03  2.273605e-02  -0.3051
257117.3051  5.181735e-03  2.274503e-02  -0.3051
257177.3051  5.182318e-03  2.275388e-02  -0.3051
257237.3051  5.187288e-03  2.276378e-02  -0.3051
257297.3051  5.192281e-03  2.277242e-02  -0.3051
257357.3051  5.193049e-03  2.278221e-02  -0.3051
257417.3050  5.198174e-03  2.279076e-02  -0.3050
257477.3051  5.200214e-03  2.280022e-02  -0.3051
257537.3051  5.204246e-03  2.280970e-02  -0.3051
257597.3051  5.209496e-03  2.281791e-02  -0.3051
257657.3051  5.211721e-03  2.282714e-02  -0.3051
257717.3051  5.215879e-03  2.283628e-02  -0.3051
257777.3051  5.218207e-03  2.284647e-02  -0.3051
257837.3051  5.222469e-03  2.285537e-02  -0.3051
257897.3051  5.224872e-03  2.286418e-02  -0.3051
257957.3050  5.230457e-03  2.287311e-02  -0.3050
258017.3051  5.231771e-03  2.288272e-02  -0.3051
258077.3050  5.237459e-03  2.289134e-02  -0.3050
258137.3051  5.240068e-03  2.290098e-02  -0.3051
258197.3051  5.241537e-03  2.291036e-02  -0.3051
258257.3051  5.247378e-03  2.291978e-02  -0.3051
258317.3051  5.248951e-03  2.292909e-02  -0.3051
258377.3051  5.254865e-03  2.293829e-02  -0.3051
258437.3051  5.256569e-03  2.294749e-02  -0.3051
258497.3051  5.259487e-03  2.295647e-02  -0.3051
258557.3051  5.265553e-03  2.296534e-02  -0.3051
258617.3050  5.267412e-03  2.297523e-02  -0.3050
258677.3051  5.270483e-03  2.298399e-02  -0.3051
258737.3051  5.275513e-03  2.299367e-02  -0.3051
258797.3051  5.278686e-03  2.300221e-02  -0.3051
258857.3051  5.280751e-03  2.301168e-02  -0.3051
258917.3050  5.284027e-03  2.302116e-02  -0.3050
258977.3051  5.289260e-03  2.303052e-02  -0.3051
259037.3051  5.292637e-03  2.303978e-02  -0.3051
259097.3051  5.294908e-03  2.304890e-02  -0.3051
259157.3051  5.298386e-03  2.305805e-02  -0.3051
259217.3051  5.301916e-03  2.306696e-02  -0.3051
259277.3050  5.307403e-03  2.307682e-02  -0.3050
259337.3051  5.311033e-03  2.308576e-02  -0.3051
259397.3051  5.313531e-03  2.309551e-02  -0.3051
259457.3051  5.317263e-03  2.310407e-02  -0.3051
259517.3051  5.319863e-03  2.311359e-02  -0.3051
259577.3050  5.323696e-03  2.312312e-02  -0.3050
259637.3051  5.326426e-03  2.313151e-02  -0.3051
259697.3051  5.329179e-03  2.314060e-02  -0.3051
259757.3051  5.333164e-03  2.314970e-02  -0.3051
259817.3051  5.336018e-03  2.315987e-02  -0.3051
259877.3051  5.340104e-03  2.316865e-02  -0.3051
259937.3051  5.343059e-03  2.317753e-02  -0.3051
259997.3051  5.347246e-03  2.318743e-02  -0.3051
260057.3051  5.350302e-03  2.319642e-02  -0.3051
260117.3050  5.354589e-03  2.320610e-02  -0.3050
260177.3051  5.357747e-03  2.321488e-02  -0.3051
260237.3051  5.360927e-03  2.322445e-02  -0.3051
260297.3051  5.365365e-03  2.323404e-02  -0.3051
260357.3051  5.368674e-03  2.324339e-02  -0.3051
260417.3051  5.373211e-03  2.325276e-02  -0.3051
260477.3051  5.376621e-03  2.326214e-02  -0.3051
260537.3051  5.381258e-03  2.327128e-02  -0.3051
260597.3051  5.384768e-03  2.328045e-02  -0.3051
260657.3050  5.385250e-03  2.329052e-02  -0.3050
260717.3051  5.390009e-03  2.329946e-02  -0.3051
260777.3050  5.393670e-03  2.330826e-02  -0.3050
260837.3051  5.398557e-03  2.331802e-02  -0.3051
260897.3051  5.402318e-03  2.332777e-02  -0.3051
260957.3051  5.403052e-03  2.333730e-02  -0.3051
261017.3051  5.408060e-03  2.334578e-02  -0.3051
261077.3051  5.411971e-03  2.335544e-02  -0.3051
261137.3051  5.415933e-03  2.336476e-02  -0.3051
261197.3051  5.418042e-03  2.337499e-02  -0.3051
261257.3051  5.422075e-03  2.338431e-02  -0.3051
261317.3050  5.426186e-03  2.339340e-02  -0.3050
261377.3051  5.428446e-03  2.340241e-02  -0.3051
261437.3051  5.432629e-03  2.341254e-02  -0.3051
261497.3051  5.436889e-03  2.342129e-02  -0.3051
261557.3051  5.439298e-03  2.343112e-02  -0.3051
261617.3050  5.443630e-03  2.344093e-02  -0.3050
261677.3051  5.444969e-03  2.345054e-02  -0.3051
261737.3051  5.450598e-03  2.345910e-02  -0.3051
261797.3051  5.452008e-03  2.346861e-02  -0.3051
261857.3051  5.456566e-03  2.347789e-02  -0.3051
261917.3051  5.459246e-03  2.348822e-02  -0.3051
261977.3050  5.463903e-03  2.349738e-02  -0.3050
262037.3051  5.468581e-03  2.350644e-02  -0.3051
262097.3051  5.470270e-03  2.351654e-02  -0.3051
262157.3051  5.473148e-03  2.352538e-02  -0.3051
262217.3051  5.478002e-03  2.353539e-02  -0.3051
262277.3050  5.479840e-03  2.354402e-02  -0.3050
262337.3051  5.484765e-03  2.355367e-02  -0.3051
262397.3051  5.487840e-03  2.356347e-02  -0.3051
262457.3051  5.492891e-03  2.357305e-02  -0.3051
262517.3051  5.494899e-03  2.358248e-02  -0.3051
262577.3051  5.496986e-03  2.359173e-02  -0.3051
262637.3051  5.503321e-03  2.360085e-02  -0.3051
262697.3051  5.505506e-03  2.361019e-02  -0.3051
262757.3051  5.507712e-03  2.361933e-02  -0.3051
262817.3050  5.513029e-03  2.362939e-02  -0.3050
262877.3051  5.516526e-03  2.363841e-02  -0.3051
262937.3051  5.518881e-03  2.364835e-02  -0.3051
262997.3051  5.524344e-03  2.365818e-02  -0.3051
263057.3051  5.526825e-03  2.366687e-02  -0.3051
263117.3051  5.529328e-03  2.367649e-02  -0.3051
263177.3051  5.533042e-03  2.368601e-02  -0.3051
263237.3051  5.535671e-03  2.369551e-02  -0.3051
263297.3051  5.541378e-03  2.370503e-02  -0.3051
263357.3050  5.544077e-03  2.371430e-02  -0.3050
263417.3051  5.546825e-03  2.372453e-02  -0.3051
263477.3050  5.550811e-03  2.373364e-02  -0.3050
263537.3051  5.553657e-03  2.374258e-02  -0.3051
263597.3051  5.556552e-03  2.375272e-02  -0.3051
263657.3051  5.562550e-03  2.376156e-02  -0.3051
263717.3051  5.565571e-03  2.377157e-02  -0.3051
263777.3051  5.568613e-03  2.378136e-02  -0.3051
263837.3051  5.571704e-03  2.379112e-02  -0.3051
263897.3051  5.576001e-03  2.380066e-02  -0.3051
263957.3051  5.579189e-03  2.381022e-02  -0.3051
264017.3050  5.582425e-03  2.381978e-02  -0.3050
264077.3051  5.585711e-03  2.382912e-02  -0.3051
264137.3051  5.589073e-03  2.383844e-02  -0.3051
264197.3051  5.592456e-03  2.384767e-02  -0.3051
264257.3051  5.595888e-03  2.385782e-02  -0.3051
264317.3050  5.599368e-03  2.386707e-02  -0.3050
264377.3051  5.604051e-03  2.387700e-02  -0.3051
264437.3051  5.607627e-03  2.388578e-02  -0.3051
264497.3051  5.611252e-03  2.389561e-02  -0.3051
264557.3051  5.614926e-03  2.390546e-02  -0.3051
264617.3051  5.615602e-03  2.391517e-02  -0.3051
264677.3050  5.619372e-03  2.392479e-02  -0.3050
264737.3051  5.623191e-03  2.393429e-02  -0.3051
264797.3051  5.627058e-03  2.394379e-02  -0.3051
264857.3051  5.630973e-03  2.395307e-02  -0.3051
264917.3051  5.634937e-03  2.396341e-02  -0.3051
264977.3050  5.638948e-03  2.397259e-02  -0.3050
265037.3051  5.639965e-03  2.398175e-02  -0.3051
265097.3051  5.644045e-03  2.399189e-02  -0.3051
265157.3051  5.648201e-03  2.400176e-02  -0.3051
265217.3051  5.652404e-03  2.401059e-02  -0.3051
265277.3051  5.653616e-03  2.402038e-02  -0.3051
265337.3051  5.657915e-03  2.403006e-02  -0.3051
265397.3051  5.663412e-03  2.403985e-02  -0.3051
265457.3051  5.664768e-03  2.404941e-02  -0.3051
265517.3050  5.669183e-03  2.405887e-02  -0.3050
265577.3051  5.673674e-03  2.406821e-02  -0.3051
265637.3051  5.675175e-03  2.407873e-02  -0.3051
265697.3051  5.679761e-03  2.408795e-02  -0.3051
265757.3051  5.684395e-03  2.409706e-02  -0.3051
265817.3051  5.686012e-03  2.410725e-02  -0.3051
265877.3051  5.690742e-03  2.411613e-02  -0.3051
265937.3051  5.691337e-03  2.412622e-02  -0.3051
265997.3051  5.696134e-03  2.413607e-02  -0.3051
266057.3050  5.701006e-03  2.414580e-02  -0.3050
266117.3051  5.702892e-03  2.415554e-02  -0.3051
266177.3050  5.707831e-03  2.416517e-02  -0.3050
266237.3051  5.709813e-03  2.417468e-02  -0.3051
266297.3051  5.714875e-03  2.418419e-02  -0.3051
266357.3051  5.716924e-03  2.419345e-02  -0.3051
266417.3051  5.722080e-03  2.420276e-02  -0.3051
266477.3051  5.724253e-03  2.421300e-02  -0.3051
266537.3051  5.726446e-03  2.422229e-02  -0.3051
266597.3051  5.731744e-03  2.423232e-02  -0.3051
266657.3051  5.734032e-03  2.424235e-02  -0.3051
266717.3050  5.739425e-03  2.425129e-02  -0.3050
266777.3051  5.741836e-03  2.426107e-02  -0.3051
266837.3051  5.744266e-03  2.427100e-02  -0.3051
266897.3051  5.749800e-03  2.428067e-02  -0.3051
266957.3051  5.751185e-03  2.429047e-02  -0.3051
267017.3050  5.753787e-03  2.429992e-02  -0.3050
267077.3051  5.759434e-03  2.430949e-02  -0.3051
267137.3051  5.762130e-03  2.431989e-02  -0.3051
267197.3051  5.764845e-03  2.432935e-02  -0.3051
267257.3051  5.770633e-03  2.433860e-02  -0.3051
267317.3051  5.773470e-03  2.434876e-02  -0.3051
267377.3050  5.776328e-03  2.435790e-02  -0.3050
267437.3051  5.778122e-03  2.436798e-02  -0.3051
267497.3051  5.784097e-03  2.437805e-02  -0.3051
267557.3051  5.787124e-03  2.438802e-02  -0.3051
267617.3051  5.790170e-03  2.439788e-02  -0.3051
267677.3050  5.793263e-03  2.440763e-02  -0.3050
267737.3051  5.796431e-03  2.441736e-02  -0.3051
267797.3051  5.799618e-03  2.442700e-02  -0.3051
267857.3051  5.804737e-03  2.443665e-02  -0.3051
267917.3051  5.808035e-03  2.430892e-02  -0.3051
267977.3051  5.811335e-03  2.431936e-02  -0.3051
268037.3051  5.814681e-03  2.432874e-02  -0.3051
268097.3051  5.818075e-03  2.433895e-02  -0.3051
268157.3051  5.821543e-03  2.434799e-02  -0.3051
268217.3050  5.823897e-03  2.435821e-02  -0.3050
268277.3051  5.827431e-03  2.436819e-02  -0.3051
268337.3051  5.831012e-03  2.437831e-02  -0.3051
268397.3051  5.834667e-03  2.438820e-02  -0.3051
268457.3051  5.838341e-03  2.439808e-02  -0.3051
268517.3051  5.840931e-03  2.440773e-02  -0.3051
268577.3051  5.844698e-03  2.441750e-02  -0.3051
268637.3051  5.848512e-03  2.442705e-02  -0.3051
268697.3051  5.852400e-03  2.443767e-02  -0.3051
268757.3050  5.855177e-03  2.444711e-02  -0.3050
268817.3051  5.859131e-03  2.445643e-02  -0.3051
268877.3050  5.863124e-03  2.438692e-02  -0.3050
268937.3051  5.867152e-03  2.439708e-02  -0.3051
268997.3051  5.870098e-03  2.440604e-02  -0.3051
269057.3051  5.871209e-03  2.441623e-02  -0.3051
269117.3051  5.875377e-03  2.442617e-02  -0.3051
269177.3051  5.879591e-03  2.443587e-02  -0.3051
269237.3051  5.882723e-03  2.444569e-02  -0.3051
269297.3051  5.887029e-03  2.445554e-02  -0.3051
269357.3051  5.888374e-03  2.446513e-02  -0.3051
269417.3050  5.892773e-03  2.447462e-02  -0.3050
269477.3051  5.896091e-03  2.448517e-02  -0.3051
269537.3051  5.900582e-03  2.449466e-02  -0.3051
269597.3051  5.902113e-03  2.450501e-02  -0.3051
269657.3051  5.905570e-03  2.451429e-02  -0.3051
269717.3050  5.910200e-03  2.452451e-02  -0.3050
269777.3051  5.914874e-03  2.453461e-02  -0.3051
269837.3051  5.915467e-03  2.454335e-02  -0.3051
269897.3051  5.920233e-03  2.455296e-02  -0.3051
269957.3051  5.925046e-03  2.456255e-02  -0.3051
270017.3051  5.926901e-03  2.457203e-02  -0.3051
270077.3050  5.930682e-03  2.458140e-02  -0.3050
270137.3051  5.932630e-03  2.459066e-02  -0.3051
270197.3051  5.937598e-03  2.460098e-02  -0.3051
270257.3051  5.941517e-03  2.461024e-02  -0.3051
270317.3051  5.943603e-03  2.461959e-02  -0.3051
270377.3050  5.947614e-03  2.462998e-02  -0.3050
270437.3051  5.949792e-03  2.463931e-02  -0.3051
270497.3051  5.955016e-03  2.464959e-02  -0.3051
270557.3051  5.956138e-03  2.465976e-02  -0.3051
270617.3051  5.961453e-03  2.466984e-02  -0.3051
270677.3051  5.963816e-03  2.467883e-02  -0.3051
270737.3051  5.968101e-03  2.468877e-02  -0.3051
270797.3051  5.970528e-03  2.469861e-02  -0.3051
270857.3051  5.976024e-03  2.470833e-02  -0.3051
270917.3050  5.977451e-03  2.471901e-02  -0.3050
270977.3051  5.983011e-03  2.472861e-02  -0.3051
271037.3051  5.984530e-03  2.473824e-02  -0.3051
271097.3051  5.987213e-03  2.474871e-02  -0.3051
271157.3051  5.992908e-03  2.475809e-02  -0.3051
271217.3051  5.994565e-03  2.476844e-02  -0.3051
271277.3051  5.997386e-03  2.477760e-02  -0.3051
271337.3051  6.002100e-03  2.478782e-02  -0.3051
271397.3051  6.005011e-03  2.479785e-02  -0.3051
271457.3050  6.006824e-03  2.480701e-02  -0.3050
271517.3051  6.012818e-03  2.481691e-02  -0.3051
271577.3050  6.015865e-03  2.482669e-02  -0.3050
271637.3051  6.017816e-03  2.483646e-02  -0.3051
271697.3051  6.023944e-03  2.484734e-02  -0.3051
271757.3051  6.025986e-03  2.485702e-02  -0.3051
271817.3051  6.029215e-03  2.486657e-02  -0.3051
271877.3051  6.031348e-03  2.487601e-02  -0.3051
271937.3051  6.034668e-03  2.488667e-02  -0.3051
271997.3051  6.039880e-03  2.489600e-02  -0.3051
272057.3051  6.043290e-03  2.490618e-02  -0.3051
272117.3050  6.045605e-03  2.491662e-02  -0.3050
272177.3051  6.049106e-03  2.492570e-02  -0.3051
272237.3051  6.051512e-03  2.493580e-02  -0.3051
272297.3051  6.055103e-03  2.494588e-02  -0.3051
272357.3051  6.057600e-03  2.495595e-02  -0.3051
272417.3050  6.064238e-03  2.496569e-02  -0.3050
272477.3051  6.066853e-03  2.497553e-02  -0.3051
272537.3051  6.070596e-03  2.498526e-02  -0.3051
272597.3051  6.073274e-03  2.499598e-02  -0.3051
272657.3051  6.077135e-03  2.500559e-02  -0.3051
272717.3051  6.079903e-03  2.501511e-02  -0.3051
272777.3050  6.087714e-03  2.550994e-02  -0.3050
272837.3051  6.090618e-03  2.551966e-02  -0.3051
272897.3051  6.094649e-03  2.553050e-02  -0.3051
272957.3051  6.097616e-03  2.554107e-02  -0.3051
273017.3051  6.101763e-03  2.555056e-02  -0.3051
273077.3050  6.104821e-03  2.556116e-02  -0.3050
273137.3051  6.109030e-03  2.557164e-02  -0.3051
273197.3051  6.112177e-03  2.558189e-02  -0.3051
273257.3051  6.113525e-03  2.559226e-02  -0.3051
273317.3051  6.116763e-03  2.560250e-02  -0.3051
273377.3051  6.120045e-03  2.561361e-02  -0.3051
273437.3051  6.124478e-03  2.562374e-02  -0.3051
273497.3051  6.127849e-03  2.563376e-02  -0.3051
273557.3051  6.132398e-03  2.564476e-02  -0.3051
273617.3050  6.135859e-03  2.565456e-02  -0.3050
273677.3051  6.137495e-03  2.566544e-02  -0.3051
273737.3051  6.141046e-03  2.567510e-02  -0.3051
273797.3051  6.144641e-03  2.568577e-02  -0.3051
273857.3051  6.149385e-03  2.569642e-02  -0.3051
273917.3051  6.153069e-03  2.570710e-02  -0.3051
273977.3051  6.154956e-03  2.571752e-02  -0.3051
274037.3051  6.158729e-03  2.572783e-02  -0.3051
274097.3051  6.162548e-03  2.573827e-02  -0.3051
274157.3050  6.164541e-03  2.574846e-02  -0.3050
274217.3051  6.168448e-03  2.575878e-02  -0.3051
274277.3050  6.172400e-03  2.576875e-02  -0.3050
274337.3051  6.174527e-03  2.577993e-02  -0.3051
274397.3051  6.178568e-03  2.578979e-02  -0.3051
274457.3051  6.183753e-03  2.580085e-02  -0.3051
274517.3051  6.184913e-03  2.581072e-02  -0.3051
274577.3051  6.189087e-03  2.582143e-02  -0.3051
274637.3051  6.194404e-03  2.583216e-02  -0.3051
274697.3051  6.195698e-03  2.584288e-02  -0.3051
274757.3051  6.200004e-03  2.585349e-02  -0.3051
274817.3050  6.202486e-03  2.586290e-02  -0.3050
274877.3051  6.206853e-03  2.587450e-02  -0.3051
274937.3051  6.208326e-03  2.588477e-02  -0.3051
274997.3051  6.213906e-03  2.589515e-02  -0.3051
275057.3051  6.215468e-03  2.590530e-02  -0.3051
275117.3050  6.220039e-03  2.591544e-02  -0.3050
275177.3051  6.222786e-03  2.592672e-02  -0.3051
275237.3051  6.227444e-03  2.593664e-02  -0.3051
275297.3051  6.229184e-03  2.594765e-02  -0.3051
275357.3051  6.233903e-03  2.595757e-02  -0.3051
275417.3051  6.236826e-03  2.596837e-02  -0.3051
275477.3050  6.241660e-03  2.597929e-02  -0.3050
275537.3051  6.243577e-03  2.598997e-02  -0.3051
275597.3051  6.246605e-03  2.599955e-02  -0.3051
275657.3051  6.251570e-03  2.600998e-02  -0.3051
275717.3051  6.253619e-03  2.602057e-02  -0.3051
275777.3050  6.255712e-03  2.603211e-02  -0.3050
275837.3051  6.261875e-03  2.604243e-02  -0.3051
275897.3051  6.264056e-03  2.605265e-02  -0.3051
275957.3051  6.266282e-03  2.606287e-02  -0.3051
276017.3051  6.271509e-03  2.607422e-02  -0.3051
276077.3051  6.274887e-03  2.608420e-02  -0.3051
276137.3051  6.277244e-03  2.609530e-02  -0.3051
276197.3051  6.279646e-03  2.610527e-02  -0.3051
276257.3051  6.285020e-03  2.611614e-02  -0.3051
276317.3050  6.288600e-03  2.612702e-02  -0.3050
276377.3051  6.291105e-03  2.613665e-02  -0.3051
276437.3051  6.293682e-03  2.614752e-02  -0.3051
276497.3051  6.299256e-03  2.615816e-02  -0.3051
276557.3051  6.301893e-03  2.616867e-02  -0.3051
276617.3051  6.305690e-03  2.617920e-02  -0.3051
276677.3051  6.308415e-03  2.619072e-02  -0.3051
276737.3051  6.311210e-03  2.620112e-02  -0.3051
276797.3051  6.314022e-03  2.621128e-02  -0.3051
276857.3050  6.317993e-03  2.622157e-02  -0.3050
276917.3051  6.320892e-03  2.623273e-02  -0.3051
276977.3050  6.326811e-03  2.624279e-02  -0.3050
277037.3051  6.329797e-03  2.625396e-02  -0.3051
277097.3051  6.332853e-03  2.626503e-02  -0.3051
277157.3051  6.335926e-03  2.627471e-02  -0.3051
277217.3051  6.340156e-03  2.628564e-02  -0.3051
277277.3051  6.343315e-03  2.629647e-02  -0.3051
277337.3051  6.346545e-03  2.630716e-02  -0.3051
277397.3051  6.349791e-03  2.631787e-02  -0.3051
277457.3051  6.353108e-03  2.632834e-02  -0.3051
277517.3050  6.356441e-03  2.633894e-02  -0.3050
277577.3051  6.360901e-03  2.634930e-02  -0.3051
277637.3051  6.364347e-03  2.636088e-02  -0.3051
277697.3051  6.367810e-03  2.637113e-02  -0.3051
277757.3051  6.368371e-03  2.638248e-02  -0.3051
277817.3050  6.371947e-03  2.639260e-02  -0.3050
277877.3051  6.375539e-03  2.640385e-02  -0.3051
277937.3051  6.379174e-03  2.641373e-02  -0.3051
277997.3051  6.382879e-03  2.642485e-02  -0.3051
278057.3051  6.387682e-03  2.643574e-02  -0.3051
278117.3051  6.391446e-03  2.644551e-02  -0.3051
278177.3050  6.392338e-03  2.645641e-02  -0.3050
278237.3051  6.396188e-03  2.646707e-02  -0.3051
278297.3051  6.400081e-03  2.647785e-02  -0.3051
278357.3051  6.404017e-03  2.648951e-02  -0.3051
278417.3051  6.407995e-03  2.650004e-02  -0.3051
278477.3050  6.409104e-03  2.651046e-02  -0.3050
278537.3051  6.413166e-03  2.639950e-02  -0.3051
278597.3051  6.417266e-03  2.644230e-02  -0.3051
278657.3051  6.421417e-03  2.665821e-02  -0.3051
278717.3051  6.423758e-03  2.665302e-02  -0.3051
278777.3051  6.427954e-03  2.266149e-02  -0.3051
278837.3051  6.432019e-03  2.365030e-02  -0.3051
278897.3051  6.433424e-03  3.021315e-02  -0.3051
278957.3051  6.438012e-03  2.975794e-02  -0.3051
279017.3050  6.442022e-03  -3.597386e-04  -0.3050
279077.3051  6.442142e-03  5.824439e-03  -0.3051
279137.3051  6.446742e-03  4.814334e-02  -0.3051
279197.3051  6.449829e-03  4.649823e-02  -0.3051
279257.3051  6.453655e-03  -4.138466e-02  -0.3051
279317.3051  6.451681e-03  -4.951620e-02  -0.3051
279377.3051  6.455071e-03  2.611624e-02  -0.3051
279437.3051  6.459753e-03  2.612650e-02  -0.3051
279497.3051  6.461546e-03  2.613766e-02  -0.3051
279557.3050  6.466312e-03  2.614767e-02  -0.3050
279617.3051  6.468190e-03  2.615883e-02  -0.3051
279677.3050  6.473041e-03  2.616860e-02  -0.3050
279737.3051  6.475004e-03  2.617953e-02  -0.3051
279797.3051  6.479939e-03  2.619046e-02  -0.3051
279857.3051  6.481988e-03  2.620127e-02  -0.3051
279917.3051  6.484078e-03  2.621206e-02  -0.3051
279977.3051  6.489140e-03  2.622263e-02  -0.3051
280037.3051  6.491316e-03  2.623332e-02  -0.3051
280097.3051  6.496462e-03  2.624378e-02  -0.3051
280157.3051  6.498723e-03  2.625424e-02  -0.3051
280217.3050  6.501026e-03  2.626460e-02  -0.3050
280277.3051  6.506298e-03  2.627496e-02  -0.3051
280337.3051  6.508659e-03  2.628621e-02  -0.3051
280397.3051  6.514015e-03  2.629645e-02  -0.3051
280457.3051  6.516487e-03  2.630760e-02  -0.3051
280517.3050  6.519002e-03  2.631765e-02  -0.3050
280577.3051  6.521559e-03  2.632869e-02  -0.3051
280637.3051  6.527082e-03  2.633974e-02  -0.3051
280697.3051  6.529696e-03  2.634955e-02  -0.3051
280757.3051  6.532380e-03  2.636037e-02  -0.3051
280817.3051  6.538028e-03  2.637120e-02  -0.3051
280877.3050  6.540795e-03  2.638193e-02  -0.3050
280937.3051  6.542510e-03  2.639253e-02  -0.3051
280997.3051  6.545362e-03  2.640314e-02  -0.3051
281057.3051  6.548256e-03  2.641365e-02  -0.3051
281117.3051  6.554112e-03  2.642516e-02  -0.3051
281177.3050  6.557063e-03  2.643555e-02  -0.3050
281237.3051  6.560083e-03  2.644585e-02  -0.3051
281297.3051  6.563145e-03  2.645715e-02  -0.3051
281357.3051  6.566222e-03  2.646733e-02  -0.3051
281417.3051  6.569367e-03  2.647851e-02  -0.3051
281477.3051  6.572528e-03  2.648846e-02  -0.3051
281537.3051  6.577609e-03  2.649956e-02  -0.3051
281597.3051  6.580880e-03  2.651054e-02  -0.3051
281657.3051  6.584166e-03  2.652150e-02  -0.3051
281717.3050  6.587520e-03  2.653238e-02  -0.3050
281777.3051  6.590916e-03  2.654314e-02  -0.3051
281837.3051  6.594327e-03  2.655389e-02  -0.3051
281897.3051  6.597806e-03  2.656456e-02  -0.3051
281957.3051  6.601300e-03  2.657508e-02  -0.3051
282017.3051  6.603799e-03  2.658562e-02  -0.3051
282077.3051  6.607377e-03  2.659604e-02  -0.3051
282137.3051  6.611022e-03  2.660749e-02  -0.3051
282197.3051  6.614683e-03  2.661782e-02  -0.3051
282257.3050  6.618411e-03  2.662917e-02  -0.3050
282317.3051  6.622154e-03  2.663927e-02  -0.3051
282377.3050  6.623054e-03  2.665051e-02  -0.3050
282437.3051  6.625819e-03  2.666163e-02  -0.3051
282497.3051  6.629713e-03  2.667161e-02  -0.3051
282557.3051  6.633623e-03  2.668263e-02  -0.3051
282617.3051  6.637573e-03  2.669354e-02  -0.3051
282677.3051  6.641591e-03  2.670445e-02  -0.3051
282737.3051  6.644564e-03  2.671524e-02  -0.3051
282797.3051  6.645756e-03  2.672592e-02  -0.3051
282857.3051  6.649871e-03  2.673663e-02  -0.3051
282917.3050  6.654028e-03  2.674720e-02  -0.3050
282977.3051  6.658252e-03  2.675880e-02  -0.3051
283037.3051  6.661433e-03  2.676927e-02  -0.3051
283097.3051  6.662806e-03  2.678076e-02  -0.3051
283157.3051  6.667154e-03  2.679112e-02  -0.3051
283217.3050  6.671516e-03  2.680251e-02  -0.3050
283277.3051  6.675919e-03  2.681265e-02  -0.3051
283337.3051  6.676427e-03  2.682381e-02  -0.3051
283397.3051  6.680912e-03  2.683499e-02  -0.3051
283457.3051  6.685439e-03  2.684500e-02  -0.3051
283517.3051  6.687102e-03  2.685594e-02  -0.3051
283577.3050  6.690680e-03  2.686701e-02  -0.3050
283637.3051  6.695329e-03  2.687785e-02  -0.3051
283697.3051  6.697116e-03  2.688867e-02  -0.3051
283757.3051  6.701846e-03  2.689942e-02  -0.3051
283817.3051  6.705563e-03  2.691129e-02  -0.3051
283877.3050  6.707500e-03  2.692190e-02  -0.3050
283937.3051  6.712353e-03  2.693241e-02  -0.3051
283997.3051  6.714345e-03  2.694291e-02  -0.3051
284057.3051  6.718226e-03  2.695447e-02  -0.3051
284117.3051  6.720301e-03  2.696473e-02  -0.3051
284177.3051  6.725316e-03  2.697617e-02  -0.3051
284237.3051  6.727500e-03  2.698749e-02  -0.3051
284297.3051  6.731544e-03  2.699766e-02  -0.3051
284357.3051  6.733783e-03  2.700886e-02  -0.3051
284417.3050  6.738961e-03  2.701997e-02  -0.3050
284477.3051  6.740230e-03  2.703106e-02  -0.3051
284537.3051  6.745489e-03  2.704207e-02  -0.3051
284597.3051  6.747892e-03  2.705294e-02  -0.3051
284657.3051  6.752180e-03  2.706382e-02  -0.3051
284717.3051  6.754665e-03  2.707458e-02  -0.3051
284777.3051  6.757190e-03  2.708535e-02  -0.3051
284837.3051  6.762651e-03  2.709716e-02  -0.3051
284897.3051  6.764208e-03  2.710770e-02  -0.3051
284957.3050  6.769749e-03  2.711826e-02  -0.3050
285017.3051  6.772437e-03  2.712983e-02  -0.3051
285077.3050  6.774116e-03  2.714015e-02  -0.3050
285137.3051  6.779779e-03  2.715163e-02  -0.3051
285197.3051  6.782589e-03  2.716297e-02  -0.3051
285257.3051  6.784391e-03  2.717322e-02  -0.3051
285317.3051  6.790174e-03  2.718445e-02  -0.3051
285377.3051  6.792057e-03  2.719559e-02  -0.3051
285437.3051  6.795003e-03  2.720676e-02  -0.3051
285497.3051  6.798016e-03  2.721778e-02  -0.3051
285557.3051  6.802912e-03  2.722880e-02  -0.3051
285617.3050  6.806005e-03  2.723972e-02  -0.3050
285677.3051  6.809139e-03  2.725053e-02  -0.3051
285737.3051  6.811267e-03  2.726250e-02  -0.3051
285797.3051  6.814482e-03  2.727318e-02  -0.3051
285857.3051  6.820599e-03  2.728379e-02  -0.3051
285917.3050  6.822848e-03  2.729552e-02  -0.3050
285977.3051  6.826184e-03  2.730599e-02  -0.3051
286037.3051  6.828515e-03  2.731762e-02  -0.3051
286097.3051  6.831931e-03  2.732799e-02  -0.3051
286157.3051  6.835361e-03  2.733939e-02  -0.3051
286217.3051  6.837813e-03  2.735081e-02  -0.3051
286277.3050  6.841350e-03  2.736095e-02  -0.3050
286337.3051  6.846768e-03  2.737225e-02  -0.3051
286397.3051  6.850358e-03  2.738342e-02  -0.3051
286457.3051  6.854015e-03  2.739450e-02  -0.3051
286517.3051  6.856669e-03  2.740557e-02  -0.3051
286577.3050  6.860379e-03  2.741653e-02  -0.3050
286637.3051  6.863114e-03  2.742855e-02  -0.3051
286697.3051  6.866931e-03  2.743939e-02  -0.3051
286757.3051  6.869719e-03  2.745015e-02  -0.3051
286817.3051  6.873616e-03  2.746204e-02  -0.3051
286877.3051  6.877552e-03  2.747266e-02  -0.3051
286937.3051  6.880462e-03  2.748329e-02  -0.3051
286997.3051  6.884478e-03  2.749486e-02  -0.3051
287057.3051  6.884587e-03  2.750653e-02  -0.3051
287117.3050  6.888683e-03  2.751682e-02  -0.3050
287177.3051  6.891779e-03  2.752827e-02  -0.3051
287237.3051  6.895929e-03  2.753973e-02  -0.3051
287297.3051  6.899105e-03  2.755108e-02  -0.3051
287357.3051  6.903333e-03  2.756231e-02  -0.3051
287417.3051  6.906589e-03  2.757354e-02  -0.3051
287477.3051  6.910897e-03  2.758466e-02  -0.3051
287537.3051  6.911356e-03  2.759566e-02  -0.3051
287597.3051  6.915743e-03  2.760666e-02  -0.3051
287657.3050  6.919159e-03  2.761756e-02  -0.3050
287717.3051  6.923625e-03  2.762846e-02  -0.3051
287777.3050  6.927120e-03  2.764041e-02  -0.3050
287837.3051  6.928790e-03  2.765107e-02  -0.3051
287897.3051  6.932365e-03  2.766291e-02  -0.3051
287957.3051  6.936989e-03  2.767348e-02  -0.3051
288017.3051  6.940617e-03  2.768520e-02  -0.3051
288077.3051  6.942473e-03  2.769680e-02  -0.3051
288137.3051  6.946180e-03  2.770713e-02  -0.3051
288197.3051  6.950988e-03  2.771865e-02  -0.3051
288257.3051  6.951902e-03  2.773004e-02  -0.3051
288317.3050  6.956763e-03  2.774143e-02  -0.3050
288377.3051  6.960654e-03  2.775269e-02  -0.3051
288437.3051  6.962722e-03  2.776386e-02  -0.3051
288497.3051  6.966666e-03  2.777502e-02  -0.3051
288557.3051  6.971710e-03  2.778607e-02  -0.3051
288617.3050  6.972863e-03  2.779713e-02  -0.3050
288677.3051  6.977959e-03  2.780924e-02  -0.3051
288737.3051  6.979218e-03  2.782018e-02  -0.3051
288797.3051  6.984392e-03  2.783100e-02  -0.3051
288857.3051  6.985705e-03  2.784289e-02  -0.3051
288917.3051  6.989925e-03  2.785349e-02  -0.3051
288977.3050  6.995242e-03  2.786538e-02  -0.3050
289037.3051  6.996674e-03  2.787704e-02  -0.3051
289097.3051  7.002043e-03  2.788752e-02  -0.3051
289157.3051  7.003554e-03  2.789908e-02  -0.3051
289217.3051  7.009027e-03  2.791063e-02  -0.3051
289277.3050  7.010617e-03  2.792206e-02  -0.3050
289337.3051  7.012246e-03  2.793350e-02  -0.3051
289397.3051  7.017810e-03  2.794483e-02  -0.3051
289457.3051  7.019519e-03  2.795602e-02  -0.3051
289517.3051  7.025160e-03  2.796725e-02  -0.3051
289577.3051  7.026974e-03  2.797833e-02  -0.3051
289637.3051  7.031664e-03  2.798944e-02  -0.3051
289697.3051  7.034559e-03  2.800162e-02  -0.3051
289757.3051  7.036464e-03  2.801248e-02  -0.3051
289817.3050  7.042300e-03  2.802334e-02  -0.3050
289877.3051  7.044284e-03  2.803529e-02  -0.3051
289937.3051  7.046307e-03  2.804604e-02  -0.3051
289997.3051  7.052259e-03  2.805786e-02  -0.3051
290057.3051  7.054361e-03  2.806969e-02  -0.3051
290117.3051  7.056502e-03  2.808010e-02  -0.3051
290177.3051  7.059709e-03  2.809182e-02  -0.3051
290237.3051  7.064788e-03  2.810342e-02  -0.3051
290297.3051  7.068073e-03  2.811489e-02  -0.3051
290357.3050  7.070371e-03  2.812627e-02  -0.3050
290417.3051  7.072709e-03  2.813764e-02  -0.3051
290477.3050  7.078968e-03  2.814900e-02  -0.3050
290537.3051  7.081383e-03  2.816026e-02  -0.3051
290597.3051  7.083838e-03  2.817142e-02  -0.3051
290657.3051  7.087356e-03  2.818375e-02  -0.3051
290717.3051  7.089888e-03  2.819478e-02  -0.3051
290777.3051  7.095315e-03  2.820569e-02  -0.3051
290837.3051  7.098949e-03  2.821780e-02  -0.3051
290897.3051  7.101598e-03  2.822871e-02  -0.3051
290957.3051  7.104286e-03  2.824059e-02  -0.3051
291017.3050  7.108036e-03  2.825259e-02  -0.3050
291077.3051  7.110776e-03  2.826316e-02  -0.3051
291137.3051  7.113580e-03  2.827490e-02  -0.3051
291197.3051  7.117446e-03  2.828667e-02  -0.3051
291257.3051  7.120328e-03  2.829833e-02  -0.3051
291317.3050  7.123249e-03  2.830986e-02  -0.3050
291377.3051  7.129061e-03  2.832140e-02  -0.3051
291437.3051  7.133054e-03  2.833280e-02  -0.3051
291497.3051  7.136091e-03  2.834424e-02  -0.3051
291557.3051  7.139167e-03  2.835554e-02  -0.3051
291617.3051  7.143301e-03  2.836674e-02  -0.3051
291677.3050  7.146428e-03  2.837794e-02  -0.3050
291737.3051  7.146770e-03  2.839020e-02  -0.3051
291797.3051  7.150000e-03  2.840128e-02  -0.3051
291857.3051  7.154288e-03  2.841343e-02  -0.3051
291917.3051  7.157569e-03  2.842441e-02  -0.3051
291977.3050  7.160915e-03  2.843645e-02  -0.3050
292037.3051  7.164299e-03  2.844718e-02  -0.3051
292097.3051  7.168714e-03  2.845909e-02  -0.3051
292157.3051  7.172175e-03  2.847090e-02  -0.3051
292217.3051  7.175674e-03  2.848273e-02  -0.3051
292277.3051  7.179186e-03  2.849323e-02  -0.3051
292337.3051  7.180933e-03  2.850494e-02  -0.3051
292397.3051  7.184548e-03  2.851653e-02  -0.3051
292457.3051  7.188174e-03  2.852800e-02  -0.3051
292517.3050  7.191865e-03  2.854066e-02  -0.3050
292577.3051  7.196611e-03  2.855213e-02  -0.3051
292637.3051  7.197508e-03  2.856337e-02  -0.3051
292697.3051  7.201314e-03  2.857475e-02  -0.3051
292757.3051  7.205132e-03  2.858707e-02  -0.3051
292817.3051  7.210029e-03  2.859820e-02  -0.3051
292877.3051  7.211081e-03  2.860933e-02  -0.3051
292937.3051  7.215039e-03  2.862153e-02  -0.3051
292997.3051  7.219009e-03  2.863241e-02  -0.3051
293057.3050  7.223044e-03  2.864452e-02  -0.3050
293117.3051  7.225263e-03  2.865652e-02  -0.3051
293177.3050  7.229374e-03  2.866728e-02  -0.3050
293237.3051  7.233496e-03  2.867914e-02  -0.3051
293297.3051  7.234843e-03  2.869089e-02  -0.3051
293357.3051  7.239041e-03  2.870265e-02  -0.3051
293417.3051  7.241477e-03  2.871442e-02  -0.3051
293477.3051  7.245751e-03  2.872605e-02  -0.3051
293537.3051  7.250089e-03  2.873757e-02  -0.3051
293597.3051  7.251602e-03  2.874910e-02  -0.3051
293657.3051  7.255989e-03  2.876050e-02  -0.3051
293717.3050  7.257604e-03  2.877299e-02  -0.3050
293777.3051  7.263079e-03  2.878430e-02  -0.3051
293837.3051  7.264770e-03  2.879559e-02  -0.3051
293897.3051  7.269309e-03  2.880796e-02  -0.3051
293957.3051  7.271050e-03  2.881902e-02  -0.3051
294017.3050  7.275691e-03  2.883129e-02  -0.3050
294077.3051  7.277508e-03  2.884345e-02  -0.3051
294137.3051  7.283208e-03  2.885439e-02  -0.3051
294197.3051  7.285127e-03  2.886643e-02  -0.3051
294257.3051  7.289892e-03  2.887847e-02  -0.3051
294317.3051  7.291861e-03  2.889039e-02  -0.3051
294377.3050  7.296727e-03  2.890100e-02  -0.3050
294437.3051  7.298772e-03  2.891280e-02  -0.3051
294497.3051  7.303687e-03  2.892461e-02  -0.3051
294557.3051  7.305808e-03  2.893617e-02  -0.3051
294617.3051  7.309001e-03  2.894908e-02  -0.3051
294677.3050  7.314029e-03  2.896054e-02  -0.3050
294737.3051  7.316263e-03  2.897211e-02  -0.3051
294797.3051  7.318535e-03  2.898347e-02  -0.3051
294857.3051  7.323675e-03  2.899602e-02  -0.3051
294917.3051  7.326048e-03  2.900737e-02  -0.3051
294977.3051  7.328434e-03  2.901860e-02  -0.3051
295037.3051  7.333686e-03  2.903091e-02  -0.3051
295097.3051  7.336147e-03  2.904323e-02  -0.3051
295157.3051  7.339651e-03  2.905423e-02  -0.3051
295217.3050  7.342187e-03  2.906644e-02  -0.3050
295277.3051  7.347588e-03  2.907853e-02  -0.3051
295337.3051  7.350225e-03  2.908943e-02  -0.3051
295397.3051  7.352873e-03  2.910141e-02  -0.3051
295457.3051  7.355560e-03  2.911325e-02  -0.3051
295517.3051  7.361109e-03  2.912511e-02  -0.3051
295577.3051  7.363871e-03  2.913699e-02  -0.3051
295637.3051  7.366669e-03  2.914874e-02  -0.3051
295697.3051  7.369506e-03  2.916037e-02  -0.3051
295757.3050  7.372379e-03  2.917322e-02  -0.3050
295817.3051  7.375290e-03  2.918472e-02  -0.3051
295877.3050  7.378239e-03  2.919626e-02  -0.3050
295937.3051  7.384048e-03  2.920886e-02  -0.3051
295997.3051  7.387071e-03  2.922026e-02  -0.3051
296057.3051  7.390132e-03  2.923154e-02  -0.3051
296117.3051  7.394231e-03  2.924391e-02  -0.3051
296177.3051  7.397366e-03  2.925630e-02  -0.3051
296237.3051  7.400538e-03  2.926747e-02  -0.3051
296297.3051  7.403748e-03  2.927962e-02  -0.3051
296357.3051  7.406994e-03  2.929190e-02  -0.3051
296417.3050  7.410278e-03  2.930283e-02  -0.3050
296477.3051  7.413599e-03  2.931486e-02  -0.3051
296537.3051  7.416957e-03  2.932690e-02  -0.3051
296597.3051  7.420326e-03  2.933881e-02  -0.3051
296657.3051  7.423759e-03  2.935062e-02  -0.3051
296717.3050  7.427228e-03  2.936255e-02  -0.3050
296777.3051  7.430734e-03  2.937544e-02  -0.3051
296837.3051  7.434278e-03  2.938713e-02  -0.3051
296897.3051  7.437858e-03  2.939881e-02  -0.3051
296957.3051  7.441475e-03  2.941027e-02  -0.3051
297017.3051  7.445104e-03  2.942305e-02  -0.3051
297077.3050  7.448795e-03  2.943452e-02  -0.3050
297137.3051  7.449707e-03  2.944708e-02  -0.3051
297197.3051  7.453472e-03  2.945843e-02  -0.3051
297257.3051  7.457274e-03  2.947085e-02  -0.3051
297317.3051  7.461087e-03  2.948207e-02  -0.3051
297377.3050  7.464963e-03  2.949440e-02  -0.3050
297437.3051  7.468875e-03  2.950673e-02  -0.3051
297497.3051  7.470011e-03  2.951894e-02  -0.3051
297557.3051  7.473971e-03  2.952982e-02  -0.3051
297617.3051  7.476998e-03  2.954191e-02  -0.3051
297677.3051  7.481058e-03  2.955400e-02  -0.3051
297737.3051  7.482316e-03  2.956598e-02  -0.3051
297797.3051  7.486449e-03  2.957906e-02  -0.3051
297857.3051  7.490619e-03  2.959091e-02  -0.3051
297917.3050  7.494799e-03  2.960266e-02  -0.3050
297977.3051  7.496231e-03  2.961441e-02  -0.3051
298037.3051  7.500511e-03  2.962617e-02  -0.3051
298097.3051  7.504801e-03  2.963890e-02  -0.3051
298157.3051  7.506344e-03  2.965041e-02  -0.3051
298217.3051  7.510733e-03  2.966313e-02  -0.3051
298277.3051  7.515132e-03  2.967454e-02  -0.3051
298337.3051  7.516786e-03  2.968716e-02  -0.3051
298397.3051  7.521258e-03  2.969844e-02  -0.3051
298457.3050  7.525793e-03  2.971094e-02  -0.3050
298517.3051  7.527531e-03  2.972333e-02  -0.3051
298577.3050  7.531147e-03  2.973562e-02  -0.3050
298637.3051  7.532984e-03  2.974787e-02  -0.3051
298697.3051  7.537639e-03  2.975892e-02  -0.3051
298757.3051  7.542356e-03  2.977107e-02  -0.3051
298817.3051  7.544277e-03  2.978311e-02  -0.3051
298877.3051  7.549067e-03  2.979515e-02  -0.3051
298937.3051  7.551061e-03  2.980830e-02  -0.3051
298997.3051  7.555923e-03  2.982022e-02  -0.3051
299057.3051  7.557991e-03  2.983203e-02  -0.3051
299117.3050  7.562900e-03  2.984384e-02  -0.3050
299177.3051  7.564077e-03  2.985673e-02  -0.3051
299237.3051  7.569058e-03  2.986843e-02  -0.3051
299297.3051  7.571298e-03  2.988001e-02  -0.3051
299357.3051  7.573548e-03  2.989280e-02  -0.3051
299417.3050  7.578663e-03  2.990549e-02  -0.3050
299477.3051  7.580987e-03  2.991680e-02  -0.3051
299537.3051  7.586148e-03  2.992950e-02  -0.3051
299597.3051  7.588570e-03  2.994196e-02  -0.3051
299657.3051  7.590016e-03  2.995319e-02  -0.3051
299717.3051  7.595285e-03  2.996564e-02  -0.3051
299777.3050  7.597816e-03  2.997797e-02  -0.3050
299837.3051  7.603158e-03  2.999018e-02  -0.3051
299897.3051  7.605735e-03  3.000240e-02  -0.3051
299957.3051  7.608375e-03  3.001464e-02  -0.3051
300017.3051  7.610040e-03  3.002659e-02  -0.3051
300077.3050  7.615525e-03  3.003870e-02  -0.3050
300137.3051  7.618273e-03  3.005068e-02  -0.3051
300197.3051  7.621033e-03  3.006379e-02  -0.3051
300257.3051  7.626625e-03  3.007565e-02  -0.3051
300317.3051  7.629456e-03  3.008741e-02  -0.3051
300377.3051  7.631365e-03  3.010037e-02  -0.3051
300437.3051  7.634269e-03  3.011202e-02  -0.3051
300497.3051  7.640004e-03  3.012489e-02  -0.3051
300557.3051  7.642980e-03  3.013639e-02  -0.3051
300617.3050  7.646017e-03  3.014914e-02  -0.3050
300677.3051  7.648081e-03  3.016178e-02  -0.3051
300737.3051  7.651165e-03  3.017318e-02  -0.3051
300797.3051  7.654285e-03  3.018568e-02  -0.3051
300857.3051  7.660235e-03  3.019821e-02  -0.3051
300917.3051  7.663426e-03  3.021061e-02  -0.3051
300977.3051  7.665697e-03  3.022288e-02  -0.3051
301037.3051  7.668960e-03  3.023517e-02  -0.3051
301097.3051  7.672260e-03  3.024743e-02  -0.3051
301157.3050  7.675595e-03  3.025960e-02  -0.3050
301217.3051  7.678966e-03  3.027178e-02  -0.3051
301277.3050  7.681391e-03  3.028382e-02  -0.3050
301337.3051  7.684834e-03  3.029698e-02  -0.3051
301397.3051  7.688313e-03  3.030891e-02  -0.3051
301457.3051  7.691827e-03  3.032084e-02  -0.3051
301517.3051  7.694397e-03  3.033389e-02  -0.3051
301577.3051  7.697982e-03  3.034558e-02  -0.3051
301637.3051  7.701604e-03  3.035851e-02  -0.3051
301697.3051  7.705261e-03  3.037022e-02  -0.3051
301757.3051  7.708953e-03  3.038304e-02  -0.3051
301817.3050  7.711702e-03  3.039573e-02  -0.3050
301877.3051  7.715466e-03  3.040841e-02  -0.3051
301937.3051  7.719265e-03  3.041976e-02  -0.3051
301997.3051  7.723100e-03  3.043234e-02  -0.3051
302057.3051  7.725992e-03  3.044495e-02  -0.3051
302117.3050  7.729898e-03  3.045740e-02  -0.3050
302177.3051  7.733839e-03  3.046975e-02  -0.3051
302237.3051  7.736839e-03  3.048210e-02  -0.3051
302297.3051  7.740851e-03  3.049432e-02  -0.3051
302357.3051  7.742114e-03  3.050655e-02  -0.3051
302417.3051  7.746197e-03  3.052002e-02  -0.3051
302477.3050  7.749339e-03  3.053200e-02  -0.3050
302537.3051  7.753493e-03  3.054413e-02  -0.3051
302597.3051  7.757657e-03  3.055736e-02  -0.3051
302657.3051  7.758122e-03  3.056925e-02  -0.3051
302717.3051  7.762382e-03  3.058112e-02  -0.3051
302777.3050  7.766678e-03  3.059411e-02  -0.3050
302837.3051  7.771008e-03  3.060712e-02  -0.3051
302897.3051  7.774399e-03  3.061876e-02  -0.3051
302957.3051  7.775993e-03  3.063165e-02  -0.3051
303017.3051  7.780429e-03  3.064441e-02  -0.3051
303077.3051  7.783926e-03  3.065595e-02  -0.3051
303137.3051  7.785652e-03  3.066858e-02  -0.3051
303197.3051  7.790194e-03  3.068124e-02  -0.3051
303257.3051  7.793772e-03  3.069377e-02  -0.3051
303317.3050  7.795604e-03  3.070631e-02  -0.3050
303377.3051  7.800252e-03  3.071884e-02  -0.3051
303437.3051  7.803961e-03  3.073114e-02  -0.3051
303497.3051  7.805874e-03  3.074357e-02  -0.3051
303557.3051  7.810626e-03  3.075698e-02  -0.3051
303617.3051  7.814441e-03  3.076928e-02  -0.3051
303677.3051  7.816461e-03  3.078147e-02  -0.3051
303737.3051  7.821318e-03  3.079352e-02  -0.3051
303797.3051  7.822462e-03  3.080684e-02  -0.3051
303857.3050  7.827364e-03  3.081876e-02  -0.3050
303917.3051  7.829550e-03  3.083196e-02  -0.3051
303977.3050  7.833576e-03  3.084379e-02  -0.3050
304037.3051  7.838582e-03  3.085688e-02  -0.3051
304097.3051  7.840873e-03  3.086982e-02  -0.3051
304157.3051  7.844979e-03  3.088153e-02  -0.3051
304217.3051  7.847341e-03  3.089437e-02  -0.3051
304277.3051  7.852512e-03  3.090721e-02  -0.3051
304337.3051  7.853949e-03  3.091993e-02  -0.3051
304397.3051  7.856417e-03  3.093264e-02  -0.3051
304457.3051  7.861666e-03  3.094537e-02  -0.3051
304517.3050  7.863235e-03  3.095785e-02  -0.3050
304577.3051  7.868554e-03  3.097046e-02  -0.3051
304637.3051  7.870193e-03  3.098295e-02  -0.3051
304697.3051  7.875582e-03  3.099531e-02  -0.3051
304757.3051  7.878259e-03  3.100769e-02  -0.3051
304817.3050  7.879978e-03  3.102118e-02  -0.3050
304877.3051  7.885496e-03  3.103344e-02  -0.3051
304937.3051  7.887286e-03  3.104556e-02  -0.3051
304997.3051  7.890103e-03  3.105894e-02  -0.3051
305057.3051  7.895699e-03  3.107107e-02  -0.3051
305117.3051  7.897619e-03  3.108434e-02  -0.3051
305177.3050  7.900516e-03  3.109622e-02  -0.3050
305237.3051  7.905275e-03  3.110938e-02  -0.3051
305297.3051  7.908240e-03  3.112241e-02  -0.3051
305357.3051  7.911241e-03  3.113417e-02  -0.3051
305417.3051  7.913337e-03  3.114722e-02  -0.3051
305477.3050  7.919174e-03  3.116013e-02  -0.3050
305537.3051  7.921339e-03  3.117292e-02  -0.3051
305597.3051  7.924479e-03  3.118572e-02  -0.3051
305657.3051  7.926689e-03  3.119851e-02  -0.3051
305717.3051  7.932689e-03  3.121120e-02  -0.3051
305777.3051  7.935932e-03  3.122374e-02  -0.3051
305837.3051  7.938246e-03  3.123632e-02  -0.3051
305897.3051  7.941585e-03  3.124886e-02  -0.3051
305957.3051  7.943969e-03  3.126129e-02  -0.3051
306017.3050  7.947351e-03  3.127487e-02  -0.3050
306077.3051  7.952593e-03  3.128719e-02  -0.3051
306137.3051  7.956044e-03  3.129952e-02  -0.3051
306197.3051  7.958567e-03  3.131300e-02  -0.3051
306257.3051  7.962087e-03  3.132518e-02  -0.3051
306317.3051  7.965667e-03  3.133853e-02  -0.3051
306377.3051  7.968294e-03  3.135060e-02  -0.3051
306437.3051  7.971917e-03  3.136383e-02  -0.3051
306497.3051  7.974614e-03  3.137707e-02  -0.3051
306557.3050  7.978306e-03  3.138889e-02  -0.3050
306617.3051  7.981097e-03  3.140188e-02  -0.3051
306677.3050  7.984858e-03  3.141500e-02  -0.3050
306737.3051  7.987693e-03  3.142787e-02  -0.3051
306797.3051  7.991522e-03  3.144085e-02  -0.3051
306857.3051  7.994426e-03  3.145373e-02  -0.3051
306917.3051  7.998349e-03  3.146645e-02  -0.3051
306977.3051  8.001322e-03  3.147923e-02  -0.3051
307037.3051  8.005289e-03  3.149186e-02  -0.3051
307097.3051  8.008330e-03  3.150448e-02  -0.3051
307157.3051  8.012365e-03  3.151699e-02  -0.3051
307217.3050  8.015476e-03  3.153077e-02  -0.3050
307277.3051  8.019579e-03  3.154328e-02  -0.3051
307337.3051  8.022758e-03  3.155567e-02  -0.3051
307397.3051  8.026930e-03  3.156922e-02  -0.3051
307457.3051  8.030177e-03  3.158148e-02  -0.3051
307517.3050  8.031661e-03  3.159504e-02  -0.3050
307577.3051  8.035003e-03  3.160720e-02  -0.3051
307637.3051  8.039311e-03  3.162048e-02  -0.3051
307697.3051  8.042696e-03  3.163378e-02  -0.3051
307757.3051  8.047071e-03  3.164583e-02  -0.3051
307817.3051  8.050524e-03  3.165901e-02  -0.3051
307877.3050  8.052215e-03  3.167221e-02  -0.3050
307937.3051  8.055736e-03  3.168526e-02  -0.3051
307997.3051  8.060248e-03  3.169833e-02  -0.3051
308057.3051  8.063838e-03  3.171128e-02  -0.3051
308117.3051  8.065639e-03  3.172423e-02  -0.3051
308177.3050  8.069298e-03  3.173705e-02  -0.3050
308237.3051  8.072990e-03  3.174988e-02  -0.3051
308297.3051  8.077671e-03  3.176259e-02  -0.3051
308357.3051  8.078680e-03  3.177528e-02  -0.3051
308417.3051  8.083428e-03  3.178916e-02  -0.3051
308477.3051  8.087257e-03  3.180174e-02  -0.3051
308537.3051  8.089323e-03  3.181433e-02  -0.3051
308597.3051  8.093219e-03  3.182794e-02  -0.3051
308657.3051  8.098102e-03  3.184042e-02  -0.3051
308717.3050  8.099292e-03  3.185406e-02  -0.3050
308777.3051  8.103290e-03  3.186640e-02  -0.3051
308837.3051  8.108274e-03  3.187989e-02  -0.3051
308897.3051  8.109592e-03  3.189200e-02  -0.3051
308957.3051  8.114644e-03  3.190539e-02  -0.3051
309017.3051  8.116030e-03  3.191877e-02  -0.3051
309077.3051  8.121124e-03  3.193205e-02  -0.3051
309137.3051  8.122578e-03  3.194531e-02  -0.3051
309197.3051  8.126812e-03  3.195717e-02  -0.3051
309257.3050  8.132032e-03  3.197032e-02  -0.3050
309317.3051  8.133563e-03  3.198336e-02  -0.3051
309377.3050  8.138850e-03  3.199636e-02  -0.3050
309437.3051  8.140474e-03  3.201069e-02  -0.3051
309497.3051  8.144877e-03  3.202358e-02  -0.3051
309557.3051  8.147495e-03  3.203637e-02  -0.3051
309617.3051  8.151965e-03  3.204915e-02  -0.3051
309677.3051  8.154675e-03  3.206182e-02  -0.3051
309737.3051  8.156469e-03  3.207589e-02  -0.3051
309797.3051  8.161015e-03  3.208844e-02  -0.3051
309857.3051  8.163827e-03  3.210099e-02  -0.3051
309917.3050  8.168465e-03  3.211482e-02  -0.3050
309977.3051  8.171318e-03  3.212726e-02  -0.3051
310037.3051  8.173282e-03  3.214096e-02  -0.3051
310097.3051  8.177996e-03  3.215454e-02  -0.3051
310157.3051  8.180975e-03  3.216685e-02  -0.3051
310217.3050  8.185780e-03  3.218030e-02  -0.3050
310277.3051  8.187854e-03  3.219377e-02  -0.3051
310337.3051  8.190934e-03  3.220714e-02  -0.3051
310397.3051  8.195815e-03  3.221920e-02  -0.3051
310457.3051  8.198961e-03  3.223254e-02  -0.3051
310517.3051  8.201195e-03  3.224577e-02  -0.3051
310577.3050  8.203437e-03  3.225887e-02  -0.3050
310637.3051  8.209423e-03  3.227211e-02  -0.3051
310697.3051  8.211732e-03  3.228510e-02  -0.3051
310757.3051  8.214100e-03  3.229937e-02  -0.3051
310817.3051  8.217422e-03  3.231236e-02  -0.3051
310877.3050  8.222595e-03  3.232521e-02  -0.3050
310937.3051  8.225038e-03  3.233810e-02  -0.3051
310997.3051  8.228486e-03  3.235213e-02  -0.3051
311057.3051  8.230997e-03  3.236489e-02  -0.3051
311117.3051  8.236302e-03  3.237763e-02  -0.3051
311177.3051  8.239824e-03  3.239156e-02  -0.3051
311237.3051  8.242460e-03  3.240405e-02  -0.3051
311297.3051  8.245104e-03  3.241785e-02  -0.3051
311357.3051  8.248751e-03  3.243164e-02  -0.3051
311417.3050  8.251463e-03  3.244404e-02  -0.3050
311477.3051  8.254208e-03  3.245770e-02  -0.3051
311537.3051  8.260688e-03  3.247127e-02  -0.3051
311597.3051  8.263499e-03  3.248353e-02  -0.3051
311657.3051  8.266369e-03  3.249696e-02  -0.3051
311717.3051  8.270189e-03  3.251040e-02  -0.3051
311777.3051  8.273101e-03  3.252370e-02  -0.3051
311837.3051  8.276070e-03  3.253703e-02  -0.3051
311897.3051  8.279990e-03  3.255034e-02  -0.3051
311957.3050  8.283001e-03  3.256353e-02  -0.3050
312017.3051  8.286071e-03  3.257660e-02  -0.3051
312077.3050  8.289148e-03  3.259097e-02  -0.3050
312137.3051  8.293200e-03  3.260404e-02  -0.3051
312197.3051  8.296369e-03  3.261699e-02  -0.3051
312257.3051  8.299546e-03  3.262995e-02  -0.3051
312317.3051  8.303697e-03  3.264407e-02  -0.3051
312377.3051  8.306940e-03  3.265690e-02  -0.3051
312437.3051  8.310242e-03  3.267091e-02  -0.3051
312497.3051  8.313551e-03  3.268362e-02  -0.3051
312557.3051  8.317833e-03  3.269763e-02  -0.3051
312617.3050  8.321209e-03  3.271022e-02  -0.3050
312677.3051  8.321915e-03  3.272397e-02  -0.3051
312737.3051  8.325357e-03  3.273788e-02  -0.3051
312797.3051  8.329770e-03  3.275020e-02  -0.3051
312857.3051  8.333278e-03  3.276399e-02  -0.3051
312917.3050  8.336818e-03  3.277749e-02  -0.3050
312977.3051  8.341355e-03  3.279116e-02  -0.3051
313037.3051  8.344961e-03  3.280468e-02  -0.3051
313097.3051  8.345875e-03  3.281806e-02  -0.3051
313157.3051  8.349547e-03  3.283147e-02  -0.3051
313217.3051  8.354189e-03  3.284488e-02  -0.3051
313277.3050  8.357927e-03  3.285817e-02  -0.3050
313337.3051  8.361698e-03  3.287132e-02  -0.3051
313397.3051  8.362777e-03  3.288460e-02  -0.3051
313457.3051  8.367575e-03  3.289763e-02  -0.3051
313517.3051  8.371444e-03  3.291211e-02  -0.3051
313577.3050  8.375346e-03  3.292502e-02  -0.3050
313637.3051  8.376558e-03  3.293805e-02  -0.3051
313697.3051  8.380525e-03  3.295228e-02  -0.3051
313757.3051  8.385460e-03  3.296507e-02  -0.3051
313817.3051  8.386771e-03  3.297917e-02  -0.3051
313877.3051  8.390837e-03  3.299196e-02  -0.3051
313937.3051  8.394935e-03  3.300595e-02  -0.3051
313997.3051  8.397279e-03  3.301992e-02  -0.3051
314057.3051  8.401442e-03  3.303247e-02  -0.3051
314117.3050  8.405638e-03  3.304633e-02  -0.3050
314177.3051  8.407147e-03  3.306021e-02  -0.3051
314237.3051  8.411407e-03  3.307395e-02  -0.3051
314297.3051  8.413916e-03  3.308755e-02  -0.3051
314357.3051  8.418241e-03  3.310115e-02  -0.3051
314417.3051  8.422600e-03  3.311480e-02  -0.3051
314477.3051  8.424273e-03  3.312827e-02  -0.3051
314537.3051  8.428696e-03  3.314177e-02  -0.3051
314597.3051  8.431367e-03  3.315515e-02  -0.3051
314657.3050  8.435855e-03  3.316850e-02  -0.3050
314717.3051  8.437634e-03  3.318189e-02  -0.3051
314777.3050  8.442187e-03  3.319514e-02  -0.3050
314837.3051  8.444056e-03  3.320958e-02  -0.3051
314897.3051  8.449606e-03  3.322270e-02  -0.3051
314957.3051  8.451540e-03  3.323584e-02  -0.3051
315017.3051  8.456223e-03  3.325015e-02  -0.3051
315077.3051  8.458222e-03  3.326316e-02  -0.3051
315137.3051  8.462944e-03  3.327735e-02  -0.3051
315197.3051  8.465010e-03  3.329025e-02  -0.3051
315257.3051  8.470751e-03  3.330443e-02  -0.3051
315317.3050  8.472881e-03  3.331851e-02  -0.3050
315377.3051  8.475044e-03  3.333115e-02  -0.3051
315437.3051  8.479927e-03  3.334523e-02  -0.3051
315497.3051  8.482155e-03  3.335905e-02  -0.3051
315557.3051  8.484415e-03  3.337302e-02  -0.3051
315617.3050  8.490349e-03  3.338684e-02  -0.3050
315677.3051  8.492674e-03  3.340055e-02  -0.3051
315737.3051  8.495007e-03  3.341426e-02  -0.3051
315797.3051  8.500108e-03  3.342798e-02  -0.3051
315857.3051  8.502530e-03  3.344158e-02  -0.3051
315917.3051  8.504960e-03  3.345502e-02  -0.3051
315977.3050  8.511085e-03  3.346863e-02  -0.3050
316037.3051  8.513604e-03  3.348209e-02  -0.3051
316097.3051  8.516158e-03  3.470239e-02  -0.3051
316157.3051  8.518748e-03  3.599026e-02  -0.3051
316217.3051  8.524086e-03  3.253110e-02  -0.3051
316277.3050  8.526704e-03  3.072286e-02  -0.3050
316337.3051  8.529411e-03  5.810368e-02  -0.3051
316397.3051  8.532980e-03  5.939503e-02  -0.3051
316457.3051  8.539680e-03  -9.106954e-04  -0.3051
316517.3051  8.541607e-03  -7.652727e-02  -0.3051
316577.3051  8.544345e-03  -6.980823e-02  -0.3051
316637.3051  8.551554e-03  -3.522505e-01  -0.3051
316697.3051  8.555984e-03  -2.263777e-01  -0.3051
316757.3051  8.554540e-03  -4.942494e-01  -0.3051
316817.3050  8.558680e-03  -1.702152e-01  -0.3050
316877.3051  8.566508e-03  -2.394209e-01  -0.3051
316937.3051  8.569396e-03  -4.784163e-01  -0.3051
316997.3051  8.567932e-03  -2.783406e-01  -0.3051
317057.3051  8.572146e-03  -3.291532e-01  -0.3051
317117.3051  8.579784e-03  -1.287699e-01  -0.3051
317177.3051  8.583038e-03  -7.080493e-02  -0.3051
317237.3051  8.585322e-03  -9.461346e-03  -0.3051
317297.3051  8.588768e-03  6.040828e-02  -0.3051
317357.3050  8.592890e-03  6.068108e-02  -0.3050
317417.3051  8.596216e-03  3.163771e-02  -0.3051
317477.3050  8.599485e-03  3.312316e-02  -0.3050
317537.3051  8.602802e-03  3.674016e-02  -0.3051
317597.3051  8.607120e-03  3.580814e-02  -0.3051
317657.3051  8.610495e-03  3.439624e-02  -0.3051
317717.3051  8.613898e-03  3.441097e-02  -0.3051
317777.3051  8.617357e-03  3.442436e-02  -0.3051
317837.3051  8.620824e-03  3.443911e-02  -0.3051
317897.3051  8.624347e-03  3.445237e-02  -0.3051
317957.3051  8.627878e-03  3.446700e-02  -0.3051
318017.3050  8.631464e-03  3.448028e-02  -0.3050
318077.3051  8.635058e-03  3.449476e-02  -0.3051
318137.3051  8.638684e-03  3.450911e-02  -0.3051
318197.3051  8.642366e-03  3.452361e-02  -0.3051
318257.3051  8.646055e-03  3.453785e-02  -0.3051
318317.3050  8.647078e-03  3.455088e-02  -0.3050
318377.3051  8.650855e-03  3.456513e-02  -0.3051
318437.3051  8.655559e-03  3.457924e-02  -0.3051
318497.3051  8.659374e-03  3.459336e-02  -0.3051
318557.3051  8.663246e-03  3.460748e-02  -0.3051
318617.3051  8.667125e-03  3.462146e-02  -0.3051
318677.3050  8.668339e-03  3.463680e-02  -0.3050
318737.3051  8.672281e-03  3.465065e-02  -0.3051
318797.3051  8.676279e-03  3.466455e-02  -0.3051
318857.3051  8.680284e-03  3.467841e-02  -0.3051
318917.3051  8.681626e-03  3.469350e-02  -0.3051
318977.3050  8.685694e-03  3.470725e-02  -0.3050
319037.3051  8.689819e-03  3.472088e-02  -0.3051
319097.3051  8.693950e-03  3.473584e-02  -0.3051
319157.3051  8.695419e-03  3.474934e-02  -0.3051
319217.3051  8.699613e-03  3.476416e-02  -0.3051
319277.3051  8.703863e-03  3.477769e-02  -0.3051
319337.3051  8.705427e-03  3.479239e-02  -0.3051
319397.3051  8.709715e-03  3.480712e-02  -0.3051
319457.3051  8.714035e-03  3.482036e-02  -0.3051
319517.3050  8.715694e-03  3.483495e-02  -0.3050
319577.3051  8.720077e-03  3.484956e-02  -0.3051
319637.3051  8.724490e-03  3.486403e-02  -0.3051
319697.3051  8.726269e-03  3.487703e-02  -0.3051
319757.3051  8.730745e-03  3.489150e-02  -0.3051
319817.3051  8.732562e-03  3.490585e-02  -0.3051
319877.3051  8.737101e-03  3.492006e-02  -0.3051
319937.3051  8.741671e-03  3.493429e-02  -0.3051
319997.3051  8.743583e-03  3.494852e-02  -0.3051
320057.3050  8.748216e-03  3.496395e-02  -0.3050
320117.3051  8.750190e-03  3.497805e-02  -0.3051
320177.3050  8.754885e-03  3.499203e-02  -0.3050
320237.3051  8.756923e-03  3.500600e-02  -0.3051
320297.3051  8.761680e-03  3.501999e-02  -0.3051
320357.3051  8.763781e-03  3.503518e-02  -0.3051
320417.3051  8.768600e-03  3.504889e-02  -0.3051
320477.3051  8.770763e-03  3.506411e-02  -0.3051
320537.3051  8.775645e-03  3.507784e-02  -0.3051
320597.3051  8.777871e-03  3.509278e-02  -0.3051
320657.3051  8.782815e-03  3.510638e-02  -0.3051
320717.3050  8.785103e-03  3.512134e-02  -0.3050
320777.3051  8.787423e-03  3.513481e-02  -0.3051
320837.3051  8.792460e-03  3.514964e-02  -0.3051
320897.3051  8.794843e-03  3.516433e-02  -0.3051
320957.3051  8.799941e-03  3.517903e-02  -0.3051
321017.3050  8.802386e-03  3.519240e-02  -0.3050
321077.3051  8.804863e-03  3.520698e-02  -0.3051
321137.3051  8.810054e-03  3.522155e-02  -0.3051
321197.3051  8.812593e-03  3.523600e-02  -0.3051
321257.3051  8.815163e-03  3.525046e-02  -0.3051
321317.3051  8.820446e-03  3.526492e-02  -0.3051
321377.3050  8.823079e-03  3.527925e-02  -0.3050
321437.3051  8.825717e-03  3.529359e-02  -0.3051
321497.3051  8.831094e-03  3.530780e-02  -0.3051
321557.3051  8.833819e-03  3.532201e-02  -0.3051
321617.3051  8.835666e-03  3.533756e-02  -0.3051
321677.3050  8.838454e-03  3.535165e-02  -0.3050
321737.3051  8.843954e-03  3.536572e-02  -0.3051
321797.3051  8.846779e-03  3.538105e-02  -0.3051
321857.3051  8.849660e-03  3.539499e-02  -0.3051
321917.3051  8.852572e-03  3.540884e-02  -0.3051
321977.3051  8.858194e-03  3.542415e-02  -0.3051
322037.3051  8.861167e-03  3.543785e-02  -0.3051
322097.3051  8.864147e-03  3.545304e-02  -0.3051
322157.3051  8.867183e-03  3.546798e-02  -0.3051
322217.3050  8.870249e-03  3.548170e-02  -0.3050
322277.3051  8.873347e-03  3.549664e-02  -0.3051
322337.3051  8.879128e-03  3.551158e-02  -0.3051
322397.3051  8.882287e-03  3.552504e-02  -0.3051
322457.3051  8.885477e-03  3.553986e-02  -0.3051
322517.3051  8.887767e-03  3.555455e-02  -0.3051
322577.3051  8.891018e-03  3.556924e-02  -0.3051
322637.3051  8.894301e-03  3.558394e-02  -0.3051
322697.3051  8.897614e-03  3.559851e-02  -0.3051
322757.3050  8.900934e-03  3.561308e-02  -0.3050
322817.3051  8.904308e-03  3.562767e-02  -0.3051
322877.3050  8.907714e-03  3.564210e-02  -0.3050
322937.3051  8.911125e-03  3.565642e-02  -0.3051
322997.3051  8.914592e-03  3.567086e-02  -0.3051
323057.3051  8.918065e-03  3.568519e-02  -0.3051
323117.3051  8.921594e-03  3.570072e-02  -0.3051
323177.3051  8.924248e-03  3.571492e-02  -0.3051
323237.3051  8.927813e-03  3.572914e-02  -0.3051
323297.3051  8.931434e-03  3.574456e-02  -0.3051
323357.3051  8.935060e-03  3.575863e-02  -0.3051
323417.3050  8.938741e-03  3.577394e-02  -0.3050
323477.3051  8.942453e-03  3.578803e-02  -0.3051
323537.3051  8.946171e-03  3.580319e-02  -0.3051
323597.3051  8.949944e-03  3.581714e-02  -0.3051
323657.3051  8.953723e-03  3.583220e-02  -0.3051
323717.3050  8.956654e-03  3.584738e-02  -0.3050
323777.3051  8.960494e-03  3.586108e-02  -0.3051
323837.3051  8.964389e-03  3.587615e-02  -0.3051
323897.3051  8.968290e-03  3.589108e-02  -0.3051
323957.3051  8.969576e-03  3.590602e-02  -0.3051
324017.3051  8.973537e-03  3.592082e-02  -0.3051
324077.3050  8.977554e-03  3.593440e-02  -0.3050
324137.3051  8.981576e-03  3.594908e-02  -0.3051
324197.3051  8.984753e-03  3.596391e-02  -0.3051
324257.3051  8.986168e-03  3.597859e-02  -0.3051
324317.3051  8.990281e-03  3.599451e-02  -0.3051
324377.3050  8.994450e-03  3.600909e-02  -0.3050
324437.3051  8.998624e-03  3.602365e-02  -0.3051
324497.3051  9.002853e-03  3.603806e-02  -0.3051
324557.3051  9.004421e-03  3.605251e-02  -0.3051
324617.3051  9.007811e-03  3.606833e-02  -0.3051
324677.3051  9.012106e-03  3.608263e-02  -0.3051
324737.3051  9.013766e-03  3.609696e-02  -0.3051
324797.3051  9.018146e-03  3.611250e-02  -0.3051
324857.3051  9.022532e-03  3.612670e-02  -0.3051
324917.3050  9.026949e-03  3.614226e-02  -0.3050
324977.3051  9.027856e-03  3.615632e-02  -0.3051
325037.3051  9.032333e-03  3.617175e-02  -0.3051
325097.3051  9.036839e-03  3.618583e-02  -0.3051
325157.3051  9.038736e-03  3.620114e-02  -0.3051
325217.3051  9.043303e-03  3.621631e-02  -0.3051
325277.3051  9.045237e-03  3.623026e-02  -0.3051
325337.3051  9.048991e-03  3.624544e-02  -0.3051
325397.3051  9.053648e-03  3.626049e-02  -0.3051
325457.3050  9.055673e-03  3.627554e-02  -0.3050
325517.3051  9.060390e-03  3.629062e-02  -0.3051
325577.3050  9.062500e-03  3.630418e-02  -0.3050
325637.3051  9.067278e-03  3.631911e-02  -0.3051
325697.3051  9.068527e-03  3.633407e-02  -0.3051
325757.3051  9.073364e-03  3.634886e-02  -0.3051
325817.3051  9.078256e-03  3.636505e-02  -0.3051
325877.3051  9.080493e-03  3.637973e-02  -0.3051
325937.3051  9.085420e-03  3.639442e-02  -0.3051
325997.3051  9.087717e-03  3.640912e-02  -0.3051
326057.3051  9.091808e-03  3.642366e-02  -0.3051
326117.3050  9.094165e-03  3.643961e-02  -0.3050
326177.3051  9.096577e-03  3.645417e-02  -0.3051
326237.3051  9.101654e-03  3.646859e-02  -0.3051
326297.3051  9.104102e-03  3.648428e-02  -0.3051
326357.3051  9.108343e-03  3.649872e-02  -0.3051
326417.3050  9.110851e-03  3.651441e-02  -0.3050
326477.3051  9.116047e-03  3.652858e-02  -0.3051
326537.3051  9.118615e-03  3.654415e-02  -0.3051
326597.3051  9.121237e-03  3.655835e-02  -0.3051
326657.3051  9.125629e-03  3.657393e-02  -0.3051
326717.3051  9.128287e-03  3.658797e-02  -0.3051
326777.3050  9.130975e-03  3.660328e-02  -0.3050
326837.3051  9.136349e-03  3.661873e-02  -0.3051
326897.3051  9.139097e-03  3.663406e-02  -0.3051
326957.3051  9.140983e-03  3.664923e-02  -0.3051
327017.3051  9.146446e-03  3.666304e-02  -0.3051
327077.3050  9.149284e-03  3.667823e-02  -0.3050
327137.3051  9.152152e-03  3.669329e-02  -0.3051
327197.3051  9.156812e-03  3.670836e-02  -0.3051
327257.3051  9.159739e-03  3.672343e-02  -0.3051
327317.3051  9.162697e-03  3.673837e-02  -0.3051
327377.3051  9.165684e-03  3.675329e-02  -0.3051
327437.3051  9.171354e-03  3.676963e-02  -0.3051
327497.3051  9.173510e-03  3.678445e-02  -0.3051
327557.3051  9.176586e-03  3.679913e-02  -0.3051
327617.3050  9.179693e-03  3.681395e-02  -0.3050
327677.3051  9.185481e-03  3.683004e-02  -0.3051
327737.3051  9.187757e-03  3.684459e-02  -0.3051
327797.3051  9.190952e-03  3.685913e-02  -0.3051
327857.3051  9.194177e-03  3.687509e-02  -0.3051
327917.3051  9.197433e-03  3.688968e-02  -0.3051
327977.3051  9.199804e-03  3.690549e-02  -0.3051
328037.3051  9.205768e-03  3.691995e-02  -0.3051
328097.3051  9.209112e-03  3.693564e-02  -0.3051
328157.3050  9.212486e-03  3.694995e-02  -0.3050
328217.3051  9.215000e-03  3.696550e-02  -0.3051
328277.3050  9.218433e-03  3.698123e-02  -0.3050
328337.3051  9.221896e-03  3.699542e-02  -0.3051
328397.3051  9.225388e-03  3.701084e-02  -0.3051
328457.3051  9.227997e-03  3.702630e-02  -0.3051
328517.3051  9.231548e-03  3.704174e-02  -0.3051
328577.3051  9.235129e-03  3.705708e-02  -0.3051
328637.3051  9.238739e-03  3.707240e-02  -0.3051
328697.3051  9.241492e-03  3.708634e-02  -0.3051
328757.3051  9.245137e-03  3.710153e-02  -0.3051
328817.3050  9.248835e-03  3.711814e-02  -0.3050
328877.3051  9.252564e-03  3.713320e-02  -0.3051
328937.3051  9.255435e-03  3.714828e-02  -0.3051
328997.3051  9.259197e-03  3.716334e-02  -0.3051
329057.3051  9.263014e-03  3.717829e-02  -0.3051
329117.3050  9.265974e-03  3.719324e-02  -0.3050
329177.3051  9.269849e-03  3.720821e-02  -0.3051
329237.3051  9.273729e-03  3.722441e-02  -0.3051
329297.3051  9.277663e-03  3.723924e-02  -0.3051
329357.3051  9.280741e-03  3.725407e-02  -0.3051
329417.3051  9.284733e-03  3.727015e-02  -0.3051
329477.3050  9.288731e-03  3.728486e-02  -0.3050
329537.3051  9.290138e-03  3.730082e-02  -0.3051
329597.3051  9.293334e-03  3.731539e-02  -0.3051
329657.3051  9.297420e-03  3.733136e-02  -0.3051
329717.3051  9.301559e-03  3.734719e-02  -0.3051
329777.3050  9.304843e-03  3.736166e-02  -0.3050
329837.3051  9.309016e-03  3.737750e-02  -0.3051
329897.3051  9.313242e-03  3.739320e-02  -0.3051
329957.3051  9.314832e-03  3.740753e-02  -0.3051
330017.3051  9.318233e-03  3.742313e-02  -0.3051
330077.3051  9.322547e-03  3.743870e-02  -0.3051
330137.3051  9.326866e-03  3.745433e-02  -0.3051
330197.3051  9.327715e-03  3.746977e-02  -0.3051
330257.3051  9.332093e-03  3.748523e-02  -0.3051
330317.3050  9.336523e-03  3.750070e-02  -0.3050
330377.3051  9.340076e-03  3.751606e-02  -0.3051
330437.3051  9.341926e-03  3.753138e-02  -0.3051
330497.3051  9.346443e-03  3.754674e-02  -0.3051
330557.3051  9.350966e-03  3.756195e-02  -0.3051
330617.3051  9.352021e-03  3.757717e-02  -0.3051
330677.3051  9.356602e-03  3.759226e-02  -0.3051
330737.3051  9.361235e-03  3.760735e-02  -0.3051
330797.3051  9.362355e-03  3.762384e-02  -0.3051
330857.3050  9.367047e-03  3.763894e-02  -0.3050
330917.3051  9.371743e-03  3.765390e-02  -0.3051
330977.3050  9.372976e-03  3.767013e-02  -0.3050
331037.3051  9.377730e-03  3.768497e-02  -0.3051
331097.3051  9.382537e-03  3.770120e-02  -0.3051
331157.3051  9.383833e-03  3.771606e-02  -0.3051
331217.3051  9.388674e-03  3.773216e-02  -0.3051
331277.3051  9.390933e-03  3.774690e-02  -0.3051
331337.3051  9.394952e-03  3.776301e-02  -0.3051
331397.3051  9.397269e-03  3.777760e-02  -0.3051
331457.3051  9.402225e-03  3.779344e-02  -0.3051
331517.3050  9.406331e-03  3.780945e-02  -0.3050
331577.3051  9.408735e-03  3.782534e-02  -0.3051
331637.3051  9.413777e-03  3.783978e-02  -0.3051
331697.3051  9.415361e-03  3.785552e-02  -0.3051
331757.3051  9.420461e-03  3.787126e-02  -0.3051
331817.3050  9.422957e-03  3.788685e-02  -0.3050
331877.3051  9.424628e-03  3.790262e-02  -0.3051
331937.3051  9.429814e-03  3.791823e-02  -0.3051
331997.3051  9.432397e-03  3.793372e-02  -0.3051
332057.3051  9.436787e-03  3.794921e-02  -0.3051
332117.3051  9.439428e-03  3.796472e-02  -0.3051
332177.3050  9.444729e-03  3.798020e-02  -0.3050
332237.3051  9.446574e-03  3.799557e-02  -0.3051
332297.3051  9.449302e-03  3.801236e-02  -0.3051
332357.3051  9.454688e-03  3.802757e-02  -0.3051
332417.3051  9.456597e-03  3.804282e-02  -0.3051
332477.3050  9.462065e-03  3.805806e-02  -0.3050
332537.3051  9.464908e-03  3.807458e-02  -0.3051
332597.3051  9.466903e-03  3.808969e-02  -0.3051
332657.3051  9.472433e-03  3.810480e-02  -0.3051
332717.3051  9.474510e-03  3.812119e-02  -0.3051
332777.3051  9.477468e-03  3.813619e-02  -0.3051
332837.3051  9.483083e-03  3.815261e-02  -0.3051
332897.3051  9.485223e-03  3.816747e-02  -0.3051
332957.3051  9.488268e-03  3.818374e-02  -0.3051
333017.3050  9.491365e-03  3.819989e-02  -0.3050
333077.3051  9.496218e-03  3.821460e-02  -0.3051
333137.3051  9.499349e-03  3.823077e-02  -0.3051
333197.3051  9.502507e-03  3.824691e-02  -0.3051
333257.3051  9.504821e-03  3.826295e-02  -0.3051
333317.3051  9.510663e-03  3.827755e-02  -0.3051
333377.3051  9.513058e-03  3.829344e-02  -0.3051
333437.3051  9.516332e-03  3.830934e-02  -0.3051
333497.3051  9.519633e-03  3.832525e-02  -0.3051
333557.3050  9.522091e-03  3.834101e-02  -0.3050
333617.3051  9.528074e-03  3.835679e-02  -0.3051
333677.3050  9.531462e-03  3.837256e-02  -0.3050
333737.3051  9.534005e-03  3.838821e-02  -0.3051
333797.3051  9.537450e-03  3.840385e-02  -0.3051
333857.3051  9.540051e-03  3.841951e-02  -0.3051
333917.3051  9.543553e-03  3.843503e-02  -0.3051
333977.3051  9.547083e-03  3.845197e-02  -0.3051
334037.3051  9.552392e-03  3.846750e-02  -0.3051
334097.3051  9.555979e-03  3.848290e-02  -0.3051
334157.3051  9.558747e-03  3.849830e-02  -0.3051
334217.3050  9.562391e-03  3.851496e-02  -0.3050
334277.3051  9.566063e-03  3.853023e-02  -0.3051
334337.3051  9.568892e-03  3.854551e-02  -0.3051
334397.3051  9.572621e-03  3.856221e-02  -0.3051
334457.3051  9.576378e-03  3.857736e-02  -0.3051
334517.3050  9.579294e-03  3.859393e-02  -0.3050
334577.3051  9.583083e-03  3.860893e-02  -0.3051
334637.3051  9.586056e-03  3.862537e-02  -0.3051
334697.3051  9.589926e-03  3.864183e-02  -0.3051
334757.3051  9.593825e-03  3.865683e-02  -0.3051
334817.3051  9.596882e-03  3.867315e-02  -0.3051
334877.3050  9.600838e-03  3.868947e-02  -0.3050
334937.3051  9.603952e-03  3.870567e-02  -0.3051
334997.3051  9.607964e-03  3.872043e-02  -0.3051
335057.3051  9.612004e-03  3.873661e-02  -0.3051
335117.3051  9.615203e-03  3.875267e-02  -0.3051
335177.3050  9.616682e-03  3.876874e-02  -0.3050
335237.3051  9.619938e-03  3.878481e-02  -0.3051
335297.3051  9.624067e-03  3.880073e-02  -0.3051
335357.3051  9.627380e-03  3.881668e-02  -0.3051
335417.3051  9.631589e-03  3.883262e-02  -0.3051
335477.3051  9.635826e-03  3.884843e-02  -0.3051
335537.3051  9.639223e-03  3.886424e-02  -0.3051
335597.3051  9.643516e-03  3.888006e-02  -0.3051
335657.3051  9.644331e-03  3.889575e-02  -0.3051
335717.3050  9.648681e-03  3.891285e-02  -0.3050
335777.3051  9.653058e-03  3.892856e-02  -0.3051
335837.3051  9.656597e-03  3.894412e-02  -0.3051
335897.3051  9.661030e-03  3.895968e-02  -0.3051
335957.3051  9.661987e-03  3.897669e-02  -0.3051
336017.3051  9.666476e-03  3.899211e-02  -0.3051
336077.3051  9.670128e-03  3.900898e-02  -0.3051
336137.3051  9.674673e-03  3.902443e-02  -0.3051
336197.3051  9.676609e-03  3.904114e-02  -0.3051
336257.3050  9.680345e-03  3.905647e-02  -0.3050
336317.3051  9.684974e-03  3.907323e-02  -0.3051
336377.3050  9.686154e-03  3.908841e-02  -0.3050
336437.3051  9.690815e-03  3.910501e-02  -0.3051
336497.3051  9.694663e-03  3.912151e-02  -0.3051
336557.3051  9.699403e-03  3.913669e-02  -0.3051
336617.3051  9.701536e-03  3.915319e-02  -0.3051
336677.3051  9.705468e-03  3.916954e-02  -0.3051
336737.3051  9.707682e-03  3.918607e-02  -0.3051
336797.3051  9.711646e-03  3.920098e-02  -0.3051
336857.3051  9.716525e-03  3.921721e-02  -0.3051
336917.3050  9.717959e-03  3.923344e-02  -0.3050
336977.3051  9.722870e-03  3.924969e-02  -0.3051
337037.3051  9.726970e-03  3.926593e-02  -0.3051
337097.3051  9.729351e-03  3.928205e-02  -0.3051
337157.3051  9.734345e-03  3.929815e-02  -0.3051
337217.3050  9.735920e-03  3.931428e-02  -0.3050
337277.3051  9.740970e-03  3.933028e-02  -0.3051
337337.3051  9.742601e-03  3.934627e-02  -0.3051
337397.3051  9.747730e-03  3.936370e-02  -0.3051
337457.3051  9.749393e-03  3.937956e-02  -0.3051
337517.3051  9.754577e-03  3.939544e-02  -0.3051
337577.3050  9.756297e-03  3.941130e-02  -0.3050
337637.3051  9.761536e-03  3.942845e-02  -0.3051
337697.3051  9.764173e-03  3.944420e-02  -0.3051
337757.3051  9.768606e-03  3.945980e-02  -0.3051
337817.3051  9.771299e-03  3.947701e-02  -0.3051
337877.3050  9.775787e-03  3.949261e-02  -0.3050
337937.3051  9.778535e-03  3.950952e-02  -0.3051
337997.3051  9.783079e-03  3.952515e-02  -0.3051
338057.3051  9.785883e-03  3.954208e-02  -0.3051
338117.3051  9.787878e-03  3.955743e-02  -0.3051
338177.3051  9.793341e-03  3.957438e-02  -0.3051
338237.3051  9.795392e-03  3.958974e-02  -0.3051
338297.3051  9.800910e-03  3.960656e-02  -0.3051
338357.3051  9.803017e-03  3.962321e-02  -0.3051
338417.3050  9.805987e-03  3.963844e-02  -0.3050
338477.3051  9.811611e-03  3.965513e-02  -0.3051
338537.3051  9.813777e-03  3.967168e-02  -0.3051
338597.3051  9.816854e-03  3.968823e-02  -0.3051
338657.3051  9.821677e-03  3.970479e-02  -0.3051
338717.3051  9.824785e-03  3.972120e-02  -0.3051
338777.3051  9.827086e-03  3.973764e-02  -0.3051
338837.3051  9.832851e-03  3.975409e-02  -0.3051
338897.3051  9.835207e-03  3.977052e-02  -0.3051
338957.3050  9.838426e-03  3.978683e-02  -0.3050
339017.3051  9.840814e-03  3.980313e-02  -0.3051
339077.3050  9.846711e-03  3.981930e-02  -0.3050
339137.3051  9.849155e-03  3.983546e-02  -0.3051
339197.3051  9.852483e-03  3.985163e-02  -0.3051
339257.3051  9.855006e-03  3.986783e-02  -0.3051
339317.3051  9.858390e-03  3.988387e-02  -0.3051
339377.3051  9.863543e-03  3.990140e-02  -0.3051
339437.3051  9.867005e-03  3.991731e-02  -0.3051
339497.3051  9.869614e-03  3.993338e-02  -0.3051
339557.3051  9.873107e-03  3.995074e-02  -0.3051
339617.3050  9.875772e-03  3.996653e-02  -0.3050
339677.3051  9.879344e-03  3.998232e-02  -0.3051
339737.3051  9.884661e-03  3.999960e-02  -0.3051
339797.3051  9.888263e-03  4.001541e-02  -0.3051
339857.3051  9.891893e-03  4.003252e-02  -0.3051
339917.3050  9.894719e-03  4.004820e-02  -0.3050
339977.3051  9.898404e-03  4.006534e-02  -0.3051
340037.3051  9.901261e-03  4.008233e-02  -0.3051
340097.3051  9.905000e-03  4.009804e-02  -0.3051
340157.3051  9.907936e-03  4.011490e-02  -0.3051
340217.3051  9.911729e-03  4.013192e-02  -0.3051
340277.3050  9.914696e-03  4.014735e-02  -0.3050
340337.3051  9.918545e-03  4.016422e-02  -0.3051
340397.3051  9.921566e-03  4.018097e-02  -0.3051
340457.3051  9.925493e-03  4.019771e-02  -0.3051
340517.3051  9.928569e-03  4.021446e-02  -0.3051
340577.3050  9.932526e-03  4.023123e-02  -0.3050
340637.3051  9.935657e-03  4.024786e-02  -0.3051
340697.3051  9.939669e-03  4.026450e-02  -0.3051
340757.3051  9.942855e-03  4.028099e-02  -0.3051
340817.3051  9.946920e-03  4.029764e-02  -0.3051
340877.3051  9.950184e-03  4.031414e-02  -0.3051
340937.3051  9.954304e-03  4.033051e-02  -0.3051
340997.3051  9.957599e-03  4.034702e-02  -0.3051
341057.3051  9.961773e-03  4.036339e-02  -0.3051
341117.3050  9.965122e-03  4.037963e-02  -0.3050
341177.3051  9.969350e-03  4.039603e-02  -0.3051
341237.3051  9.972753e-03  4.041376e-02  -0.3051
341297.3051  9.977035e-03  4.043000e-02  -0.3051
341357.3051  9.977903e-03  4.044612e-02  -0.3051
341417.3051  9.982239e-03  4.046372e-02  -0.3051
341477.3051  9.985751e-03  4.047986e-02  -0.3051
341537.3051  9.990141e-03  4.049599e-02  -0.3051
341597.3051  9.993708e-03  4.051345e-02  -0.3051
341657.3050  9.997301e-03  4.052945e-02  -0.3050
341717.3051  9.999183e-03  4.054695e-02  -0.3051
341777.3050  1.000283e-02  4.056282e-02  -0.3050
341837.3051  1.000736e-02  4.058015e-02  -0.3051
341897.3051  1.001106e-02  4.059603e-02  -0.3051
341957.3051  1.001564e-02  4.061325e-02  -0.3051
342017.3051  1.001680e-02  4.063046e-02  -0.3051
342077.3051  1.002144e-02  4.064623e-02  -0.3051
342137.3051  1.002525e-02  4.066331e-02  -0.3051
342197.3051  1.002993e-02  4.068040e-02  -0.3051
342257.3051  1.003121e-02  4.069753e-02  -0.3051
342317.3050  1.003595e-02  4.071315e-02  -0.3050
342377.3051  1.003987e-02  4.073011e-02  -0.3051
342437.3051  1.004207e-02  4.074708e-02  -0.3051
342497.3051  1.004604e-02  4.076406e-02  -0.3051
342557.3051  1.005087e-02  4.078089e-02  -0.3051
342617.3050  1.005231e-02  4.079775e-02  -0.3050
342677.3051  1.005721e-02  4.081460e-02  -0.3051
342737.3051  1.006129e-02  4.083131e-02  -0.3051
342797.3051  1.006365e-02  4.084802e-02  -0.3051
342857.3051  1.006779e-02  4.086523e-02  -0.3051
342917.3051  1.007021e-02  4.088164e-02  -0.3051
342977.3050  1.007440e-02  4.089777e-02  -0.3050
343037.3051  1.007943e-02  4.091438e-02  -0.3051
343097.3051  1.008109e-02  4.093465e-02  -0.3051
343157.3051  1.008536e-02  4.095050e-02  -0.3051
343217.3051  1.008791e-02  4.096384e-02  -0.3051
343277.3050  1.009223e-02  4.098062e-02  -0.3050
343337.3051  1.009482e-02  4.100314e-02  -0.3051
343397.3051  1.009919e-02  4.102199e-02  -0.3051
343457.3051  1.010186e-02  4.103082e-02  -0.3051
343517.3051  1.010628e-02  4.104396e-02  -0.3051
343577.3051  1.010898e-02  4.106833e-02  -0.3051
343637.3051  1.011346e-02  4.109105e-02  -0.3051
343697.3051  1.011623e-02  4.109832e-02  -0.3051
343757.3051  1.012076e-02  4.111184e-02  -0.3051
343817.3050  1.012356e-02  4.113356e-02  -0.3050
343877.3051  1.012815e-02  4.114440e-02  -0.3051
343937.3051  1.013103e-02  4.117097e-02  -0.3051
343997.3051  1.013567e-02  4.119196e-02  -0.3051
344057.3051  1.013773e-02  4.120080e-02  -0.3051
344117.3051  1.014069e-02  4.121398e-02  -0.3051
344177.3051  1.014541e-02  4.122814e-02  -0.3051
344237.3051  1.014840e-02  4.126573e-02  -0.3051
344297.3051  1.015317e-02  4.120020e-02  -0.3051
344357.3050  1.015622e-02  4.127987e-02  -0.3050
344417.3051  1.015846e-02  4.083794e-02  -0.3051
344477.3050  1.016399e-02  3.616305e-02  -0.3050
344537.3051  1.016612e-02  4.230082e-02  -0.3051
344597.3051  1.016949e-02  4.737517e-02  -0.3051
344657.3051  1.017461e-02  4.075939e-02  -0.3051
344717.3051  1.017756e-02  3.449344e-02  -0.3051
344777.3051  1.017976e-02  4.149059e-02  -0.3051
344837.3051  1.018480e-02  4.221425e-02  -0.3051
344897.3051  1.018810e-02  4.109109e-02  -0.3051
344957.3051  1.019054e-02  4.039515e-02  -0.3051
345017.3050  1.019383e-02  4.134507e-02  -0.3050
345077.3051  1.019894e-02  4.137323e-02  -0.3051
345137.3051  1.020234e-02  4.137060e-02  -0.3051
345197.3051  1.020490e-02  4.137651e-02  -0.3051
345257.3051  1.020835e-02  4.140963e-02  -0.3051
345317.3050  1.021354e-02  4.142615e-02  -0.3050
345377.3051  1.021704e-02  4.144285e-02  -0.3051
345437.3051  1.021971e-02  4.145939e-02  -0.3051
345497.3051  1.022243e-02  4.147743e-02  -0.3051
345557.3051  1.022599e-02  4.149386e-02  -0.3051
345617.3051  1.022876e-02  4.151192e-02  -0.3051
345677.3050  1.023494e-02  4.152834e-02  -0.3050
345737.3051  1.023777e-02  4.154611e-02  -0.3051
345797.3051  1.024143e-02  4.156258e-02  -0.3051
345857.3051  1.024431e-02  4.158035e-02  -0.3051
345917.3051  1.024803e-02  4.159666e-02  -0.3051
345977.3050  1.025096e-02  4.161432e-02  -0.3050
346037.3051  1.025389e-02  4.163064e-02  -0.3051
346097.3051  1.025768e-02  4.164833e-02  -0.3051
346157.3051  1.026069e-02  4.166584e-02  -0.3051
346217.3051  1.026454e-02  4.168354e-02  -0.3051
346277.3051  1.027017e-02  4.169958e-02  -0.3051
346337.3051  1.027407e-02  4.171713e-02  -0.3051
346397.3051  1.027718e-02  4.173454e-02  -0.3051
346457.3051  1.028114e-02  4.175196e-02  -0.3051
346517.3050  1.028428e-02  4.176789e-02  -0.3050
346577.3051  1.028747e-02  4.178532e-02  -0.3051
346637.3051  1.029150e-02  4.180279e-02  -0.3051
346697.3051  1.029472e-02  4.182007e-02  -0.3051
346757.3051  1.029883e-02  4.183738e-02  -0.3051
346817.3051  1.030210e-02  4.185453e-02  -0.3051
346877.3051  1.030367e-02  4.187186e-02  -0.3051
346937.3051  1.030702e-02  4.188904e-02  -0.3051
346997.3051  1.031121e-02  4.190607e-02  -0.3051
347057.3050  1.031459e-02  4.192329e-02  -0.3050
347117.3051  1.031802e-02  4.194184e-02  -0.3051
347177.3050  1.032228e-02  4.195889e-02  -0.3050
347237.3051  1.032574e-02  4.197597e-02  -0.3051
347297.3051  1.033008e-02  4.199288e-02  -0.3051
347357.3051  1.033359e-02  4.200981e-02  -0.3051
347417.3051  1.033796e-02  4.202827e-02  -0.3051
347477.3051  1.033895e-02  4.204506e-02  -0.3051
347537.3051  1.034340e-02  4.206204e-02  -0.3051
347597.3051  1.034701e-02  4.207884e-02  -0.3051
347657.3051  1.035065e-02  4.209700e-02  -0.3051
347717.3050  1.035515e-02  4.211384e-02  -0.3050
347777.3051  1.035886e-02  4.213204e-02  -0.3051
347837.3051  1.036085e-02  4.214873e-02  -0.3051
347897.3051  1.036459e-02  4.216680e-02  -0.3051
347957.3051  1.036919e-02  4.218350e-02  -0.3051
348017.3050  1.037299e-02  4.220156e-02  -0.3050
348077.3051  1.037510e-02  4.221815e-02  -0.3051
348137.3051  1.037895e-02  4.223608e-02  -0.3051
348197.3051  1.038282e-02  4.225252e-02  -0.3051
348257.3051  1.038755e-02  4.227047e-02  -0.3051
348317.3051  1.038891e-02  4.228845e-02  -0.3051
348377.3050  1.039370e-02  4.230491e-02  -0.3050
348437.3051  1.039770e-02  4.232274e-02  -0.3051
348497.3051  1.039997e-02  4.234058e-02  -0.3051
348557.3051  1.040400e-02  4.235826e-02  -0.3051
348617.3051  1.040805e-02  4.237460e-02  -0.3051
348677.3050  1.041040e-02  4.239233e-02  -0.3050
348737.3051  1.041451e-02  4.240988e-02  -0.3051
348797.3051  1.041947e-02  4.242762e-02  -0.3051
348857.3051  1.042106e-02  4.244520e-02  -0.3051
348917.3051  1.042608e-02  4.246279e-02  -0.3051
348977.3051  1.043031e-02  4.248039e-02  -0.3051
349037.3051  1.043198e-02  4.249782e-02  -0.3051
349097.3051  1.043707e-02  4.251546e-02  -0.3051
349157.3051  1.043880e-02  4.253294e-02  -0.3051
349217.3050  1.044291e-02  4.253964e-02  -0.3050
349277.3051  1.044725e-02  4.255697e-02  -0.3051
349337.3051  1.044988e-02  4.257415e-02  -0.3051
349397.3051  1.045426e-02  4.259118e-02  -0.3051
349457.3051  1.045695e-02  4.260839e-02  -0.3051
349517.3051  1.046138e-02  4.262562e-02  -0.3051
349577.3051  1.046329e-02  4.264444e-02  -0.3051
349637.3051  1.046860e-02  4.266152e-02  -0.3051
349697.3051  1.047056e-02  4.267875e-02  -0.3051
349757.3050  1.047593e-02  4.269570e-02  -0.3050
349817.3051  1.047793e-02  4.271435e-02  -0.3051
349877.3050  1.048335e-02  4.273131e-02  -0.3050
349937.3051  1.048541e-02  4.274829e-02  -0.3051
349997.3051  1.048750e-02  4.276662e-02  -0.3051
350057.3051  1.049299e-02  4.278362e-02  -0.3051
350117.3051  1.049513e-02  4.280200e-02  -0.3051
350177.3051  1.050065e-02  4.281883e-02  -0.3051
350237.3051  1.050284e-02  4.283707e-02  -0.3051
350297.3051  1.050843e-02  4.285376e-02  -0.3051
350357.3051  1.051067e-02  4.287202e-02  -0.3051
350417.3050  1.051294e-02  4.288875e-02  -0.3050
350477.3051  1.051861e-02  4.290710e-02  -0.3051
350537.3051  1.052093e-02  4.292385e-02  -0.3051
350597.3051  1.052410e-02  4.294197e-02  -0.3051
350657.3051  1.052902e-02  4.296028e-02  -0.3051
350717.3050  1.053221e-02  4.297705e-02  -0.3050
350777.3051  1.053463e-02  4.299520e-02  -0.3051
350837.3051  1.054045e-02  4.301337e-02  -0.3051
350897.3051  1.054292e-02  4.303001e-02  -0.3051
350957.3051  1.054542e-02  4.304818e-02  -0.3051
351017.3051  1.055132e-02  4.306623e-02  -0.3051
351077.3050  1.055384e-02  4.308427e-02  -0.3050
351137.3051  1.055724e-02  4.310232e-02  -0.3051
351197.3051  1.055984e-02  4.312038e-02  -0.3051
351257.3051  1.056584e-02  4.313829e-02  -0.3051
351317.3051  1.056848e-02  4.315468e-02  -0.3051
351377.3050  1.057113e-02  4.317307e-02  -0.3050
351437.3051  1.057466e-02  4.319085e-02  -0.3051
351497.3051  1.057739e-02  4.320865e-02  -0.3051
351557.3051  1.058351e-02  4.322661e-02  -0.3051
351617.3051  1.058628e-02  4.324426e-02  -0.3051
351677.3051  1.058989e-02  4.326207e-02  -0.3051
351737.3051  1.059271e-02  4.328111e-02  -0.3051
351797.3051  1.059557e-02  4.329862e-02  -0.3051
351857.3051  1.059924e-02  4.331600e-02  -0.3051
351917.3050  1.060469e-02  4.333338e-02  -0.3050
351977.3051  1.060845e-02  4.335078e-02  -0.3051
352037.3051  1.061140e-02  4.336818e-02  -0.3051
352097.3051  1.061518e-02  4.338698e-02  -0.3051
352157.3051  1.061818e-02  4.340439e-02  -0.3051
352217.3051  1.062203e-02  4.342168e-02  -0.3051
352277.3051  1.062507e-02  4.343877e-02  -0.3051
352337.3051  1.062815e-02  4.345744e-02  -0.3051
352397.3051  1.063207e-02  4.347459e-02  -0.3051
352457.3050  1.063518e-02  4.349173e-02  -0.3050
352517.3051  1.063916e-02  4.351047e-02  -0.3051
352577.3050  1.064234e-02  4.352763e-02  -0.3050
352637.3051  1.064634e-02  4.354619e-02  -0.3051
352697.3051  1.064957e-02  4.356323e-02  -0.3051
352757.3051  1.065281e-02  4.358183e-02  -0.3051
352817.3051  1.065691e-02  4.359889e-02  -0.3051
352877.3051  1.066022e-02  4.361733e-02  -0.3051
352937.3051  1.066435e-02  4.363442e-02  -0.3051
352997.3051  1.066770e-02  4.365289e-02  -0.3051
353057.3051  1.067188e-02  4.366982e-02  -0.3051
353117.3050  1.067529e-02  4.368831e-02  -0.3050
353177.3051  1.067954e-02  4.370664e-02  -0.3051
353237.3051  1.068297e-02  4.372346e-02  -0.3051
353297.3051  1.068646e-02  4.374183e-02  -0.3051
353357.3051  1.069076e-02  4.376021e-02  -0.3051
353417.3050  1.069429e-02  4.377706e-02  -0.3050
353477.3051  1.069865e-02  4.379544e-02  -0.3051
353537.3051  1.069969e-02  4.381371e-02  -0.3051
353597.3051  1.070409e-02  4.383197e-02  -0.3051
353657.3051  1.070772e-02  4.384868e-02  -0.3051
353717.3051  1.071218e-02  4.386699e-02  -0.3051
353777.3050  1.071586e-02  4.388527e-02  -0.3050
353837.3051  1.071954e-02  4.390311e-02  -0.3051
353897.3051  1.072155e-02  4.392113e-02  -0.3051
353957.3051  1.072529e-02  4.393884e-02  -0.3051
354017.3051  1.072989e-02  4.395672e-02  -0.3051
354077.3050  1.073367e-02  4.397442e-02  -0.3050
354137.3051  1.073832e-02  4.399216e-02  -0.3051
354197.3051  1.073961e-02  4.400992e-02  -0.3051
354257.3051  1.074429e-02  4.402769e-02  -0.3051
354317.3051  1.074819e-02  4.404560e-02  -0.3051
354377.3051  1.075210e-02  4.406368e-02  -0.3051
354437.3051  1.075434e-02  4.408161e-02  -0.3051
354497.3051  1.075829e-02  4.409955e-02  -0.3051
354557.3051  1.076312e-02  4.411735e-02  -0.3051
354617.3050  1.076459e-02  4.413533e-02  -0.3050
354677.3051  1.076944e-02  4.415313e-02  -0.3051
354737.3051  1.077351e-02  4.417251e-02  -0.3051
354797.3051  1.077588e-02  4.419017e-02  -0.3051
354857.3051  1.077998e-02  4.420804e-02  -0.3051
354917.3051  1.078413e-02  4.422573e-02  -0.3051
354977.3051  1.078657e-02  4.424481e-02  -0.3051
355037.3051  1.079077e-02  4.426255e-02  -0.3051
355097.3051  1.079579e-02  4.428026e-02  -0.3051
355157.3050  1.079749e-02  4.429785e-02  -0.3050
355217.3051  1.080256e-02  4.431699e-02  -0.3051
355277.3050  1.080433e-02  4.433460e-02  -0.3050
355337.3051  1.080944e-02  4.435360e-02  -0.3051
355397.3051  1.081377e-02  4.437124e-02  -0.3051
355457.3051  1.081643e-02  4.438870e-02  -0.3051
355517.3051  1.082081e-02  4.440775e-02  -0.3051
355577.3051  1.082267e-02  4.442508e-02  -0.3051
355637.3051  1.082794e-02  4.444398e-02  -0.3051
355697.3051  1.082986e-02  4.446134e-02  -0.3051
355757.3051  1.083515e-02  4.448025e-02  -0.3051
355817.3050  1.083711e-02  4.449764e-02  -0.3050
355877.3051  1.084247e-02  4.451624e-02  -0.3051
355937.3051  1.084449e-02  4.453504e-02  -0.3051
355997.3051  1.084988e-02  4.455229e-02  -0.3051
356057.3051  1.085194e-02  4.457114e-02  -0.3051
356117.3050  1.085740e-02  4.458822e-02  -0.3050
356177.3051  1.085952e-02  4.460691e-02  -0.3051
356237.3051  1.086500e-02  4.462559e-02  -0.3051
356297.3051  1.086717e-02  4.464273e-02  -0.3051
356357.3051  1.086936e-02  4.466130e-02  -0.3051
356417.3051  1.087492e-02  4.467985e-02  -0.3051
356477.3050  1.087718e-02  4.469844e-02  -0.3050
356537.3051  1.088278e-02  4.471548e-02  -0.3051
356597.3051  1.088507e-02  4.473407e-02  -0.3051
356657.3051  1.088820e-02  4.475252e-02  -0.3051
356717.3051  1.089306e-02  4.477095e-02  -0.3051
356777.3050  1.089624e-02  4.478927e-02  -0.3050
356837.3051  1.089865e-02  4.480757e-02  -0.3051
356897.3051  1.090440e-02  4.482451e-02  -0.3051
356957.3051  1.090683e-02  4.484285e-02  -0.3051
357017.3051  1.091010e-02  4.486103e-02  -0.3051
357077.3051  1.091511e-02  4.487941e-02  -0.3051
357137.3051  1.091844e-02  4.489764e-02  -0.3051
357197.3051  1.092097e-02  4.491601e-02  -0.3051
357257.3051  1.092353e-02  4.493410e-02  -0.3051
357317.3050  1.092945e-02  4.495235e-02  -0.3050
357377.3051  1.093207e-02  4.497060e-02  -0.3051
357437.3051  1.093552e-02  4.498871e-02  -0.3051
357497.3051  1.093817e-02  4.500684e-02  -0.3051
357557.3051  1.094419e-02  4.502496e-02  -0.3051
357617.3051  1.094689e-02  4.504311e-02  -0.3051
357677.3051  1.095043e-02  4.506236e-02  -0.3051
357737.3051  1.095318e-02  4.508038e-02  -0.3051
357797.3051  1.095677e-02  4.509825e-02  -0.3051
357857.3050  1.096210e-02  4.511613e-02  -0.3050
357917.3051  1.096573e-02  4.513402e-02  -0.3051
357977.3050  1.096858e-02  4.515209e-02  -0.3050
358037.3051  1.097227e-02  4.517157e-02  -0.3051
358097.3051  1.097516e-02  4.518964e-02  -0.3051
358157.3051  1.097890e-02  4.520758e-02  -0.3051
358217.3051  1.098437e-02  4.522553e-02  -0.3051
358277.3051  1.098815e-02  4.524507e-02  -0.3051
358337.3051  1.099114e-02  4.526303e-02  -0.3051
358397.3051  1.099497e-02  4.528101e-02  -0.3051
358457.3051  1.099802e-02  4.530042e-02  -0.3051
358517.3050  1.100189e-02  4.531844e-02  -0.3050
358577.3051  1.100498e-02  4.533612e-02  -0.3051
358637.3051  1.100889e-02  4.535572e-02  -0.3051
358697.3051  1.101203e-02  4.537361e-02  -0.3051
358757.3051  1.101600e-02  4.539132e-02  -0.3051
358817.3050  1.101919e-02  4.541083e-02  -0.3050
358877.3051  1.102321e-02  4.542874e-02  -0.3051
358937.3051  1.102645e-02  4.544809e-02  -0.3051
358997.3051  1.103052e-02  4.546604e-02  -0.3051
359057.3051  1.103380e-02  4.548544e-02  -0.3051
359117.3051  1.103792e-02  4.550323e-02  -0.3051
359177.3050  1.104125e-02  4.552263e-02  -0.3050
359237.3051  1.104539e-02  4.554046e-02  -0.3051
359297.3051  1.104878e-02  4.555973e-02  -0.3051
359357.3051  1.105299e-02  4.557759e-02  -0.3051
359417.3051  1.105642e-02  4.559687e-02  -0.3051
359477.3050  1.106068e-02  4.561443e-02  -0.3050
359537.3051  1.106416e-02  4.563372e-02  -0.3051
359597.3051  1.106844e-02  4.565307e-02  -0.3051
359657.3051  1.107197e-02  4.567082e-02  -0.3051
359717.3051  1.107381e-02  4.569002e-02  -0.3051
359777.3051  1.107738e-02  4.570928e-02  -0.3051
359837.3051  1.108178e-02  4.572691e-02  -0.3051
359897.3051  1.108538e-02  4.574600e-02  -0.3051
359957.3051  1.108983e-02  4.576509e-02  -0.3051
360017.3050  1.109350e-02  4.578260e-02  -0.3050
360077.3051  1.109548e-02  4.580158e-02  -0.3051
360137.3051  1.109920e-02  4.582073e-02  -0.3051
360197.3051  1.110372e-02  4.583972e-02  -0.3051
360257.3051  1.110750e-02  4.553791e-02  -0.3051
360317.3051  1.111212e-02  4.555693e-02  -0.3051
360377.3051  1.111345e-02  4.557578e-02  -0.3051
360437.3051  1.111810e-02  4.559482e-02  -0.3051
360497.3051  1.112199e-02  4.561390e-02  -0.3051
360557.3050  1.112671e-02  4.563314e-02  -0.3050
360617.3051  1.112812e-02  4.565062e-02  -0.3051
360677.3050  1.113288e-02  4.566976e-02  -0.3050
360737.3051  1.113687e-02  4.568870e-02  -0.3051
360797.3051  1.114168e-02  4.570783e-02  -0.3051
360857.3051  1.114399e-02  4.572698e-02  -0.3051
360917.3051  1.114804e-02  4.574598e-02  -0.3051
360977.3051  1.115293e-02  4.576499e-02  -0.3051
361037.3051  1.115450e-02  4.578401e-02  -0.3051
361097.3051  1.115943e-02  4.580305e-02  -0.3051
361157.3051  1.116358e-02  4.582212e-02  -0.3051
361217.3050  1.116603e-02  4.584102e-02  -0.3050
361277.3051  1.117023e-02  4.585993e-02  -0.3051
361337.3051  1.117523e-02  4.587887e-02  -0.3051
361397.3051  1.117697e-02  4.589781e-02  -0.3051
361457.3051  1.118204e-02  4.591678e-02  -0.3051
361517.3050  1.118380e-02  4.593576e-02  -0.3050
361577.3051  1.118892e-02  4.595458e-02  -0.3051
361637.3051  1.119156e-02  4.597343e-02  -0.3051
361697.3051  1.119590e-02  4.599229e-02  -0.3051
361757.3051  1.120109e-02  4.601119e-02  -0.3051
361817.3051  1.120297e-02  4.603005e-02  -0.3051
361877.3050  1.120821e-02  4.604879e-02  -0.3050
361937.3051  1.121013e-02  4.606755e-02  -0.3051
361997.3051  1.121542e-02  4.608633e-02  -0.3051
362057.3051  1.121742e-02  4.610510e-02  -0.3051
362117.3051  1.122272e-02  4.612551e-02  -0.3051
362177.3050  1.122477e-02  4.614413e-02  -0.3050
362237.3051  1.123012e-02  4.616279e-02  -0.3051
362297.3051  1.123302e-02  4.618147e-02  -0.3051
362357.3051  1.123762e-02  4.620017e-02  -0.3051
362417.3051  1.124056e-02  4.622031e-02  -0.3051
362477.3051  1.124520e-02  4.623903e-02  -0.3051
362537.3051  1.124819e-02  4.625759e-02  -0.3051
362597.3051  1.125038e-02  4.627620e-02  -0.3051
362657.3051  1.125592e-02  4.629478e-02  -0.3051
362717.3050  1.125895e-02  4.631501e-02  -0.3050
362777.3051  1.126374e-02  4.633348e-02  -0.3051
362837.3051  1.126682e-02  4.635212e-02  -0.3051
362897.3051  1.126915e-02  4.637063e-02  -0.3051
362957.3051  1.127478e-02  4.639072e-02  -0.3051
363017.3051  1.127716e-02  4.640927e-02  -0.3051
363077.3051  1.128033e-02  4.642763e-02  -0.3051
363137.3051  1.128604e-02  4.644763e-02  -0.3051
363197.3051  1.128848e-02  4.646620e-02  -0.3051
363257.3050  1.129173e-02  4.648461e-02  -0.3050
363317.3051  1.129672e-02  4.650449e-02  -0.3051
363377.3050  1.130002e-02  4.652296e-02  -0.3050
363437.3051  1.130335e-02  4.654140e-02  -0.3051
363497.3051  1.130840e-02  4.656135e-02  -0.3051
363557.3051  1.131176e-02  4.657969e-02  -0.3051
363617.3051  1.131437e-02  4.659963e-02  -0.3051
363677.3051  1.131778e-02  4.661800e-02  -0.3051
363737.3051  1.132291e-02  4.663639e-02  -0.3051
363797.3051  1.132639e-02  4.665624e-02  -0.3051
363857.3051  1.132987e-02  4.667448e-02  -0.3051
363917.3050  1.133259e-02  4.669452e-02  -0.3050
363977.3051  1.133612e-02  4.671262e-02  -0.3051
364037.3051  1.134137e-02  4.673092e-02  -0.3051
364097.3051  1.134496e-02  4.675084e-02  -0.3051
364157.3051  1.134855e-02  4.676900e-02  -0.3051
364217.3050  1.135137e-02  4.678896e-02  -0.3050
364277.3051  1.135504e-02  4.680714e-02  -0.3051
364337.3051  1.135870e-02  4.682715e-02  -0.3051
364397.3051  1.136409e-02  4.684535e-02  -0.3051
364457.3051  1.136780e-02  4.686522e-02  -0.3051
364517.3051  1.137076e-02  4.688349e-02  -0.3051
364577.3050  1.137451e-02  4.690338e-02  -0.3050
364637.3051  1.137829e-02  4.692166e-02  -0.3051
364697.3051  1.138132e-02  4.694142e-02  -0.3051
364757.3051  1.138514e-02  4.695975e-02  -0.3051
364817.3051  1.138820e-02  4.697972e-02  -0.3051
364877.3050  1.139207e-02  4.699771e-02  -0.3050
364937.3051  1.139598e-02  4.701773e-02  -0.3051
364997.3051  1.139910e-02  4.703595e-02  -0.3051
365057.3051  1.140304e-02  4.705582e-02  -0.3051
365117.3051  1.140701e-02  4.707407e-02  -0.3051
365177.3051  1.141022e-02  4.709400e-02  -0.3051
365237.3051  1.141423e-02  4.711228e-02  -0.3051
365297.3051  1.141826e-02  4.713205e-02  -0.3051
365357.3051  1.142152e-02  4.715037e-02  -0.3051
365417.3050  1.142560e-02  4.717018e-02  -0.3050
365477.3051  1.142892e-02  4.719017e-02  -0.3051
365537.3051  1.143305e-02  4.720840e-02  -0.3051
365597.3051  1.143719e-02  4.722826e-02  -0.3051
365657.3051  1.144057e-02  4.724650e-02  -0.3051
365717.3051  1.144476e-02  4.726624e-02  -0.3051
365777.3051  1.144897e-02  4.728595e-02  -0.3051
365837.3051  1.145244e-02  4.730426e-02  -0.3051
365897.3051  1.145670e-02  4.732404e-02  -0.3051
365957.3050  1.146098e-02  4.734237e-02  -0.3050
366017.3051  1.146449e-02  4.736219e-02  -0.3051
366077.3050  1.146882e-02  4.738203e-02  -0.3050
366137.3051  1.147068e-02  4.740026e-02  -0.3051
366197.3051  1.147426e-02  4.742013e-02  -0.3051
366257.3051  1.147868e-02  4.743840e-02  -0.3051
366317.3051  1.148310e-02  4.745814e-02  -0.3051
366377.3051  1.148675e-02  4.747806e-02  -0.3051
366437.3051  1.149121e-02  4.749638e-02  -0.3051
366497.3051  1.149321e-02  4.751617e-02  -0.3051
366557.3051  1.149693e-02  4.753435e-02  -0.3051
366617.3050  1.150146e-02  4.755436e-02  -0.3050
366677.3051  1.150601e-02  4.757402e-02  -0.3051
366737.3051  1.150731e-02  4.759226e-02  -0.3051
366797.3051  1.151191e-02  4.761214e-02  -0.3051
366857.3051  1.151653e-02  4.763223e-02  -0.3051
366917.3050  1.152118e-02  4.765054e-02  -0.3050
366977.3051  1.152257e-02  4.767032e-02  -0.3051
367037.3051  1.152726e-02  4.768867e-02  -0.3051
367097.3051  1.153197e-02  4.770863e-02  -0.3051
367157.3051  1.153592e-02  4.772866e-02  -0.3051
367217.3051  1.153821e-02  4.774687e-02  -0.3051
367277.3050  1.154299e-02  4.776692e-02  -0.3050
367337.3051  1.154700e-02  4.778683e-02  -0.3051
367397.3051  1.154934e-02  4.780526e-02  -0.3051
367457.3051  1.155419e-02  4.782523e-02  -0.3051
367517.3051  1.155906e-02  4.784516e-02  -0.3051
367577.3050  1.156065e-02  4.786331e-02  -0.3050
367637.3051  1.156557e-02  4.788330e-02  -0.3051
367697.3051  1.156802e-02  4.790169e-02  -0.3051
367757.3051  1.157219e-02  4.792173e-02  -0.3051
367817.3051  1.157718e-02  4.794161e-02  -0.3051
367877.3051  1.157970e-02  4.795986e-02  -0.3051
367937.3051  1.158472e-02  4.797998e-02  -0.3051
367997.3051  1.158650e-02  4.799991e-02  -0.3051
368057.3051  1.159157e-02  4.801825e-02  -0.3051
368117.3050  1.159418e-02  4.803824e-02  -0.3050
368177.3051  1.159930e-02  4.805642e-02  -0.3051
368237.3051  1.160365e-02  4.807644e-02  -0.3051
368297.3051  1.160633e-02  4.809650e-02  -0.3051
368357.3051  1.161152e-02  4.811474e-02  -0.3051
368417.3051  1.161424e-02  4.813468e-02  -0.3051
368477.3051  1.161866e-02  4.815294e-02  -0.3051
368537.3051  1.162142e-02  4.817288e-02  -0.3051
368597.3051  1.162421e-02  4.819269e-02  -0.3051
368657.3050  1.162951e-02  4.821103e-02  -0.3050
368717.3051  1.163156e-02  4.823105e-02  -0.3051
368777.3050  1.163690e-02  4.824929e-02  -0.3050
368837.3051  1.163978e-02  4.826934e-02  -0.3051
368897.3051  1.164516e-02  4.828923e-02  -0.3051
368957.3051  1.164728e-02  4.830770e-02  -0.3051
369017.3051  1.165271e-02  4.832765e-02  -0.3051
369077.3051  1.165568e-02  4.834597e-02  -0.3051
369137.3051  1.165867e-02  4.836597e-02  -0.3051
369197.3051  1.166338e-02  4.838433e-02  -0.3051
369257.3051  1.166642e-02  4.840437e-02  -0.3051
369317.3050  1.166945e-02  4.842260e-02  -0.3050
369377.3051  1.167502e-02  4.844250e-02  -0.3051
369437.3051  1.167812e-02  4.846260e-02  -0.3051
369497.3051  1.168046e-02  4.848106e-02  -0.3051
369557.3051  1.168609e-02  4.850120e-02  -0.3051
369617.3050  1.168924e-02  4.851969e-02  -0.3050
369677.3051  1.169243e-02  4.853988e-02  -0.3051
369737.3051  1.169813e-02  4.855841e-02  -0.3051
369797.3051  1.170058e-02  4.857862e-02  -0.3051
369857.3051  1.170381e-02  4.859706e-02  -0.3051
369917.3051  1.170710e-02  4.861732e-02  -0.3051
369977.3050  1.171288e-02  4.863580e-02  -0.3050
370037.3051  1.171621e-02  4.865611e-02  -0.3051
370097.3051  1.171875e-02  4.867461e-02  -0.3051
370157.3051  1.172212e-02  4.869332e-02  -0.3051
370217.3051  1.172799e-02  4.871353e-02  -0.3051
370277.3050  1.173140e-02  4.873226e-02  -0.3050
370337.3051  1.173482e-02  4.875269e-02  -0.3051
370397.3051  1.173828e-02  4.877133e-02  -0.3051
370457.3051  1.174098e-02  4.879164e-02  -0.3051
370517.3051  1.174693e-02  4.881033e-02  -0.3051
370577.3051  1.175046e-02  4.882901e-02  -0.3051
370637.3051  1.175401e-02  4.884939e-02  -0.3051
370697.3051  1.175755e-02  4.886814e-02  -0.3051
370757.3051  1.176115e-02  4.888675e-02  -0.3051
370817.3050  1.176398e-02  4.890719e-02  -0.3050
370877.3051  1.176759e-02  4.892600e-02  -0.3051
370937.3051  1.177125e-02  4.894468e-02  -0.3051
370997.3051  1.177740e-02  4.896520e-02  -0.3051
371057.3051  1.178108e-02  4.898391e-02  -0.3051
371117.3051  1.178481e-02  4.900266e-02  -0.3051
371177.3051  1.178855e-02  4.902326e-02  -0.3051
371237.3051  1.179230e-02  4.904223e-02  -0.3051
371297.3051  1.179531e-02  4.906103e-02  -0.3051
371357.3050  1.179912e-02  4.907989e-02  -0.3050
371417.3051  1.180293e-02  4.910043e-02  -0.3051
371477.3050  1.180679e-02  4.911930e-02  -0.3050
371537.3051  1.181064e-02  4.913823e-02  -0.3051
371597.3051  1.181454e-02  4.915716e-02  -0.3051
371657.3051  1.181846e-02  4.917611e-02  -0.3051
371717.3051  1.182238e-02  4.919679e-02  -0.3051
371777.3051  1.182557e-02  4.921579e-02  -0.3051
371837.3051  1.182953e-02  4.923482e-02  -0.3051
371897.3051  1.183354e-02  4.925388e-02  -0.3051
371957.3051  1.183755e-02  4.927299e-02  -0.3051
372017.3050  1.184160e-02  4.929190e-02  -0.3050
372077.3051  1.184565e-02  4.931108e-02  -0.3051
372137.3051  1.184728e-02  4.932927e-02  -0.3051
372197.3051  1.185140e-02  4.934753e-02  -0.3051
372257.3051  1.185551e-02  4.936729e-02  -0.3051
372317.3050  1.185968e-02  4.938558e-02  -0.3050
372377.3051  1.186384e-02  4.940371e-02  -0.3051
372437.3051  1.186804e-02  4.942188e-02  -0.3051
372497.3051  1.187147e-02  4.944006e-02  -0.3051
372557.3051  1.187571e-02  4.945843e-02  -0.3051
372617.3051  1.187749e-02  4.947579e-02  -0.3051
372677.3050  1.188178e-02  4.949520e-02  -0.3050
372737.3051  1.188607e-02  4.951446e-02  -0.3051
372797.3051  1.189041e-02  4.953374e-02  -0.3051
372857.3051  1.189474e-02  4.955305e-02  -0.3051
372917.3051  1.189665e-02  4.957239e-02  -0.3051
372977.3050  1.190103e-02  4.959175e-02  -0.3050
373037.3051  1.190545e-02  4.961116e-02  -0.3051
373097.3051  1.190987e-02  4.962889e-02  -0.3051
373157.3051  1.191184e-02  4.964835e-02  -0.3051
373217.3051  1.191633e-02  4.966761e-02  -0.3051
373277.3051  1.192082e-02  4.968714e-02  -0.3051
373337.3051  1.192535e-02  4.970497e-02  -0.3051
373397.3051  1.192741e-02  4.972455e-02  -0.3051
373457.3051  1.193198e-02  4.974413e-02  -0.3051
373517.3050  1.193655e-02  4.976373e-02  -0.3050
373577.3051  1.193868e-02  4.978136e-02  -0.3051
373637.3051  1.194331e-02  4.980084e-02  -0.3051
373697.3051  1.194795e-02  4.981887e-02  -0.3051
373757.3051  1.195016e-02  4.983861e-02  -0.3051
373817.3051  1.195484e-02  4.985836e-02  -0.3051
373877.3051  1.195954e-02  4.987645e-02  -0.3051
373937.3051  1.196182e-02  4.989628e-02  -0.3051
373997.3051  1.196656e-02  4.991444e-02  -0.3051
374057.3050  1.196889e-02  4.993430e-02  -0.3050
374117.3051  1.197367e-02  4.995254e-02  -0.3051
374177.3050  1.197848e-02  4.997094e-02  -0.3050
374237.3051  1.198087e-02  4.999093e-02  -0.3051
374297.3051  1.198572e-02  5.000924e-02  -0.3051
374357.3051  1.198813e-02  5.002926e-02  -0.3051
374417.3051  1.199304e-02  5.004762e-02  -0.3051
374477.3051  1.199549e-02  5.006602e-02  -0.3051
374537.3051  1.200043e-02  5.008631e-02  -0.3051
374597.3051  1.200294e-02  5.010477e-02  -0.3051
374657.3051  1.200792e-02  5.012328e-02  -0.3051
374717.3050  1.201046e-02  5.014195e-02  -0.3050
374777.3051  1.201550e-02  5.016051e-02  -0.3051
374837.3051  1.201808e-02  5.018094e-02  -0.3051
374897.3051  1.202315e-02  5.019958e-02  -0.3051
374957.3051  1.202657e-02  5.021839e-02  -0.3051
375017.3050  1.203167e-02  5.023722e-02  -0.3050
375077.3051  1.203434e-02  5.025593e-02  -0.3051
375137.3051  1.203949e-02  5.027485e-02  -0.3051
375197.3051  1.204222e-02  5.029380e-02  -0.3051
375257.3051  1.204741e-02  5.031277e-02  -0.3051
375317.3051  1.205016e-02  5.033159e-02  -0.3051
375377.3050  1.205293e-02  5.035028e-02  -0.3050
375437.3051  1.205821e-02  5.036933e-02  -0.3051
375497.3051  1.206102e-02  5.038675e-02  -0.3051
375557.3051  1.206386e-02  5.040607e-02  -0.3051
375617.3051  1.206995e-02  5.042526e-02  -0.3051
375677.3050  1.207285e-02  5.044444e-02  -0.3050
375737.3051  1.207576e-02  5.046367e-02  -0.3051
375797.3051  1.208114e-02  5.048139e-02  -0.3051
375857.3051  1.208408e-02  5.050088e-02  -0.3051
375917.3051  1.208707e-02  5.052054e-02  -0.3051
375977.3051  1.209251e-02  5.053835e-02  -0.3051
376037.3051  1.209629e-02  5.055810e-02  -0.3051
376097.3051  1.209932e-02  5.057598e-02  -0.3051
376157.3051  1.210483e-02  5.059577e-02  -0.3051
376217.3050  1.210792e-02  5.061391e-02  -0.3050
376277.3051  1.211101e-02  5.063382e-02  -0.3051
376337.3051  1.211413e-02  5.065202e-02  -0.3051
376397.3051  1.211972e-02  5.067023e-02  -0.3051
376457.3051  1.212365e-02  5.069023e-02  -0.3051
376517.3051  1.212682e-02  5.070855e-02  -0.3051
376577.3051  1.213004e-02  5.072688e-02  -0.3051
376637.3051  1.213326e-02  5.074714e-02  -0.3051
376697.3051  1.213896e-02  5.076556e-02  -0.3051
376757.3050  1.214299e-02  5.078418e-02  -0.3050
376817.3051  1.214627e-02  5.080286e-02  -0.3051
376877.3050  1.214958e-02  5.082138e-02  -0.3050
376937.3051  1.215290e-02  5.084013e-02  -0.3051
376997.3051  1.215627e-02  5.085889e-02  -0.3051
377057.3051  1.216041e-02  5.087771e-02  -0.3051
377117.3051  1.216625e-02  5.089675e-02  -0.3051
377177.3051  1.216966e-02  5.091572e-02  -0.3051
377237.3051  1.217309e-02  5.093485e-02  -0.3051
377297.3051  1.217654e-02  5.095379e-02  -0.3051
377357.3051  1.218078e-02  5.097126e-02  -0.3051
377417.3050  1.218428e-02  5.099050e-02  -0.3050
377477.3051  1.218779e-02  5.100973e-02  -0.3051
377537.3051  1.219133e-02  5.102750e-02  -0.3051
377597.3051  1.219567e-02  5.104683e-02  -0.3051
377657.3051  1.219925e-02  5.106621e-02  -0.3051
377717.3050  1.220285e-02  5.108407e-02  -0.3050
377777.3051  1.220647e-02  5.110352e-02  -0.3051
377837.3051  1.221088e-02  5.112149e-02  -0.3051
377897.3051  1.221454e-02  5.113915e-02  -0.3051
377957.3051  1.221822e-02  5.115871e-02  -0.3051
378017.3051  1.222269e-02  5.117681e-02  -0.3051
378077.3050  1.222642e-02  5.119478e-02  -0.3050
378137.3051  1.223016e-02  5.121446e-02  -0.3051
378197.3051  1.223393e-02  5.123270e-02  -0.3051
378257.3051  1.223848e-02  5.125077e-02  -0.3051
378317.3051  1.224229e-02  5.126905e-02  -0.3051
378377.3050  1.224611e-02  5.128739e-02  -0.3050
378437.3051  1.225073e-02  5.130577e-02  -0.3051
378497.3051  1.225215e-02  5.132420e-02  -0.3051
378557.3051  1.225604e-02  5.134281e-02  -0.3051
378617.3051  1.226072e-02  5.136134e-02  -0.3051
378677.3051  1.226465e-02  5.138003e-02  -0.3051
378737.3051  1.226860e-02  5.139708e-02  -0.3051
378797.3051  1.227334e-02  5.141588e-02  -0.3051
378857.3051  1.227734e-02  5.143475e-02  -0.3051
378917.3050  1.227890e-02  5.145210e-02  -0.3050
378977.3051  1.228371e-02  5.147065e-02  -0.3051
379037.3051  1.228776e-02  5.148809e-02  -0.3051
379097.3051  1.229184e-02  5.150731e-02  -0.3051
379157.3051  1.229670e-02  5.152480e-02  -0.3051
379217.3051  1.229837e-02  5.154239e-02  -0.3051
379277.3051  1.230251e-02  5.156171e-02  -0.3051
379337.3051  1.230744e-02  5.157954e-02  -0.3051
379397.3051  1.231162e-02  5.159722e-02  -0.3051
379457.3050  1.231414e-02  5.161516e-02  -0.3050
379517.3051  1.231836e-02  5.163313e-02  -0.3051
379577.3050  1.232258e-02  5.165132e-02  -0.3050
379637.3051  1.232761e-02  5.166939e-02  -0.3051
379697.3051  1.232945e-02  5.168767e-02  -0.3051
379757.3051  1.233451e-02  5.170601e-02  -0.3051
379817.3051  1.233884e-02  5.172436e-02  -0.3051
379877.3051  1.234150e-02  5.174279e-02  -0.3051
379937.3051  1.234587e-02  5.175953e-02  -0.3051
379997.3051  1.235025e-02  5.177822e-02  -0.3051
380057.3051  1.235298e-02  5.179695e-02  -0.3051
380117.3050  1.235741e-02  5.181405e-02  -0.3050
380177.3051  1.236015e-02  5.183113e-02  -0.3051
380237.3051  1.236462e-02  5.185021e-02  -0.3051
380297.3051  1.236987e-02  5.186759e-02  -0.3051
380357.3051  1.237194e-02  5.188483e-02  -0.3051
380417.3050  1.237723e-02  5.190422e-02  -0.3050
380477.3051  1.237934e-02  5.192174e-02  -0.3051
380537.3051  1.238467e-02  5.193953e-02  -0.3051
380597.3051  1.238680e-02  5.195714e-02  -0.3051
380657.3051  1.239217e-02  5.197498e-02  -0.3051
380717.3051  1.239680e-02  5.199310e-02  -0.3051
380777.3050  1.239978e-02  5.200895e-02  -0.3050
380837.3051  1.240445e-02  5.202715e-02  -0.3051
380897.3051  1.240746e-02  5.204537e-02  -0.3051
380957.3051  1.241215e-02  5.206368e-02  -0.3051
381017.3051  1.241521e-02  5.208048e-02  -0.3051
381077.3050  1.241752e-02  5.209885e-02  -0.3050
381137.3051  1.242306e-02  5.211576e-02  -0.3051
381197.3051  1.242541e-02  5.213268e-02  -0.3051
381257.3051  1.243097e-02  5.215163e-02  -0.3051
381317.3051  1.243336e-02  5.216884e-02  -0.3051
381377.3051  1.243898e-02  5.218611e-02  -0.3051
381437.3051  1.244217e-02  5.220346e-02  -0.3051
381497.3051  1.244463e-02  5.222087e-02  -0.3051
381557.3051  1.245029e-02  5.223848e-02  -0.3051
381617.3050  1.245278e-02  5.225618e-02  -0.3050
381677.3051  1.245850e-02  5.227391e-02  -0.3051
381737.3051  1.246180e-02  5.229014e-02  -0.3051
381797.3051  1.246433e-02  5.230816e-02  -0.3051
381857.3051  1.247011e-02  5.232451e-02  -0.3051
381917.3051  1.247271e-02  5.234263e-02  -0.3051
381977.3051  1.247609e-02  5.235927e-02  -0.3051
382037.3051  1.248193e-02  5.237773e-02  -0.3051
382097.3051  1.248457e-02  5.239447e-02  -0.3051
382157.3050  1.248801e-02  5.241145e-02  -0.3050
382217.3051  1.249391e-02  5.242849e-02  -0.3051
382277.3050  1.249660e-02  5.244561e-02  -0.3050
382337.3051  1.250011e-02  5.246277e-02  -0.3051
382397.3051  1.250287e-02  5.248017e-02  -0.3051
382457.3051  1.250885e-02  5.249760e-02  -0.3051
382517.3051  1.251239e-02  5.251357e-02  -0.3051
382577.3051  1.251521e-02  5.253078e-02  -0.3051
382637.3051  1.251881e-02  5.254860e-02  -0.3051
382697.3051  1.252241e-02  5.256493e-02  -0.3051
382757.3051  1.252849e-02  5.258110e-02  -0.3051
382817.3050  1.253139e-02  5.259929e-02  -0.3050
382877.3051  1.253507e-02  5.261597e-02  -0.3051
382937.3051  1.253875e-02  5.263256e-02  -0.3051
382997.3051  1.254172e-02  5.264934e-02  -0.3051
383057.3051  1.254546e-02  5.266639e-02  -0.3051
383117.3050  1.255164e-02  5.268330e-02  -0.3050
383177.3051  1.255542e-02  5.269874e-02  -0.3051
383237.3051  1.255846e-02  5.271616e-02  -0.3051
383297.3051  1.256226e-02  5.273363e-02  -0.3051
383357.3051  1.256611e-02  5.274943e-02  -0.3051
383417.3051  1.256997e-02  5.276705e-02  -0.3051
383477.3050  1.257307e-02  5.278315e-02  -0.3050
383537.3051  1.257698e-02  5.279935e-02  -0.3051
383597.3051  1.258090e-02  5.281555e-02  -0.3051
383657.3051  1.258482e-02  5.283203e-02  -0.3051
383717.3051  1.258878e-02  5.284861e-02  -0.3051
383777.3050  1.259198e-02  5.286542e-02  -0.3050
383837.3051  1.259599e-02  5.288230e-02  -0.3051
383897.3051  1.260001e-02  5.289747e-02  -0.3051
383957.3051  1.260403e-02  5.291468e-02  -0.3051
384017.3051  1.260809e-02  5.293014e-02  -0.3051
384077.3051  1.261142e-02  5.294770e-02  -0.3051
384137.3051  1.261550e-02  5.296350e-02  -0.3051
384197.3051  1.261962e-02  5.297941e-02  -0.3051
384257.3051  1.262374e-02  5.299556e-02  -0.3051
384317.3050  1.262790e-02  5.301175e-02  -0.3050
384377.3051  1.263209e-02  5.302787e-02  -0.3051
384437.3051  1.263627e-02  5.304264e-02  -0.3051
384497.3051  1.264049e-02  5.305927e-02  -0.3051
384557.3051  1.264395e-02  5.307613e-02  -0.3051
384617.3051  1.264821e-02  5.309131e-02  -0.3051
384677.3051  1.265004e-02  5.310674e-02  -0.3051
384737.3051  1.265434e-02  5.312404e-02  -0.3051
384797.3051  1.265866e-02  5.313961e-02  -0.3051
384857.3050  1.266298e-02  5.315547e-02  -0.3050
384917.3051  1.266734e-02  5.316962e-02  -0.3051
384977.3050  1.267170e-02  5.318581e-02  -0.3050
385037.3051  1.267367e-02  5.320224e-02  -0.3051
385097.3051  1.267806e-02  5.321685e-02  -0.3051
385157.3051  1.268250e-02  5.323344e-02  -0.3051
385217.3051  1.268694e-02  5.324853e-02  -0.3051
385277.3051  1.269142e-02  5.326369e-02  -0.3051
385337.3051  1.269349e-02  5.327913e-02  -0.3051
385397.3051  1.269798e-02  5.329464e-02  -0.3051
385457.3051  1.270252e-02  5.331022e-02  -0.3051
385517.3050  1.270463e-02  5.332610e-02  -0.3050
385577.3051  1.270921e-02  5.334042e-02  -0.3051
385637.3051  1.271378e-02  5.335664e-02  -0.3051
385697.3051  1.271840e-02  5.337114e-02  -0.3051
385757.3051  1.272058e-02  5.338594e-02  -0.3051
385817.3050  1.272524e-02  5.340079e-02  -0.3050
385877.3051  1.272989e-02  5.341594e-02  -0.3051
385937.3051  1.273216e-02  5.343134e-02  -0.3051
385997.3051  1.273685e-02  5.344682e-02  -0.3051
386057.3051  1.274158e-02  5.346239e-02  -0.3051
386117.3051  1.274389e-02  5.347647e-02  -0.3051
386177.3050  1.274866e-02  5.349045e-02  -0.3050
386237.3051  1.275101e-02  5.350663e-02  -0.3051
386297.3051  1.275582e-02  5.352115e-02  -0.3051
386357.3051  1.276063e-02  5.353591e-02  -0.3051
386417.3051  1.276305e-02  5.354921e-02  -0.3051
386477.3050  1.276866e-02  5.356433e-02  -0.3050
386537.3051  1.277112e-02  5.357978e-02  -0.3051
386597.3051  1.277601e-02  5.359352e-02  -0.3051
386657.3051  1.277851e-02  5.360753e-02  -0.3051
386717.3051  1.278344e-02  5.362162e-02  -0.3051
386777.3051  1.278596e-02  5.363603e-02  -0.3051
386837.3051  1.279095e-02  5.365066e-02  -0.3051
386897.3051  1.279426e-02  5.366541e-02  -0.3051
386957.3051  1.279929e-02  5.368045e-02  -0.3051
387017.3050  1.280189e-02  5.369379e-02  -0.3050
387077.3051  1.280695e-02  5.370740e-02  -0.3051
387137.3051  1.280959e-02  5.372115e-02  -0.3051
387197.3051  1.281545e-02  5.373512e-02  -0.3051
387257.3051  1.281813e-02  5.374945e-02  -0.3051
387317.3051  1.282083e-02  5.376381e-02  -0.3051
387377.3051  1.282599e-02  5.377668e-02  -0.3051
387437.3051  1.282948e-02  5.379147e-02  -0.3051
387497.3051  1.283468e-02  5.380471e-02  -0.3051
387557.3050  1.283745e-02  5.381826e-02  -0.3050
387617.3051  1.284025e-02  5.383192e-02  -0.3051
387677.3050  1.284626e-02  5.384585e-02  -0.3050
387737.3051  1.284909e-02  5.385832e-02  -0.3051
387797.3051  1.285197e-02  5.387265e-02  -0.3051
387857.3051  1.285726e-02  5.388550e-02  -0.3051
387917.3051  1.286093e-02  5.389842e-02  -0.3051
387977.3051  1.286384e-02  5.391149e-02  -0.3051
388037.3051  1.286919e-02  5.392498e-02  -0.3051
388097.3051  1.287292e-02  5.393860e-02  -0.3051
388157.3051  1.287589e-02  5.395077e-02  -0.3051
388217.3050  1.287888e-02  5.396498e-02  -0.3050
388277.3051  1.288508e-02  5.397772e-02  -0.3051
388337.3051  1.288811e-02  5.399056e-02  -0.3051
388397.3051  1.289193e-02  5.400369e-02  -0.3051
388457.3051  1.289500e-02  5.401533e-02  -0.3051
388517.3050  1.289809e-02  5.402886e-02  -0.3050
388577.3051  1.290439e-02  5.404093e-02  -0.3051
388637.3051  1.290751e-02  5.405327e-02  -0.3051
388697.3051  1.291141e-02  5.406575e-02  -0.3051
388757.3051  1.291459e-02  5.407852e-02  -0.3051
388817.3051  1.291778e-02  5.408977e-02  -0.3051
388877.3050  1.292175e-02  5.410316e-02  -0.3050
388937.3051  1.292739e-02  5.411485e-02  -0.3051
388997.3051  1.293138e-02  5.412702e-02  -0.3051
389057.3051  1.293467e-02  5.413916e-02  -0.3051
389117.3051  1.293870e-02  5.414998e-02  -0.3051
389177.3050  1.294200e-02  5.416290e-02  -0.3050
389237.3051  1.294609e-02  5.417417e-02  -0.3051
389297.3051  1.294943e-02  5.418572e-02  -0.3051
389357.3051  1.295353e-02  5.419760e-02  -0.3051
389417.3051  1.295693e-02  5.420959e-02  -0.3051
389477.3051  1.296108e-02  5.422009e-02  -0.3051
389537.3051  1.296449e-02  5.423290e-02  -0.3051
389597.3051  1.296870e-02  5.424382e-02  -0.3051
389657.3051  1.297290e-02  5.425527e-02  -0.3051
389717.3050  1.297637e-02  5.426707e-02  -0.3050
389777.3051  1.298064e-02  5.427679e-02  -0.3051
389837.3051  1.298415e-02  5.428718e-02  -0.3051
389897.3051  1.298842e-02  5.429990e-02  -0.3051
389957.3051  1.299272e-02  5.430900e-02  -0.3051
390017.3051  1.299631e-02  5.432037e-02  -0.3051
390077.3051  1.300065e-02  5.433204e-02  -0.3051
390137.3051  1.300425e-02  5.434208e-02  -0.3051
390197.3051  1.300865e-02  5.435264e-02  -0.3051
390257.3050  1.301304e-02  5.436330e-02  -0.3050
390317.3051  1.301430e-02  5.437434e-02  -0.3051
390377.3050  1.301875e-02  5.438385e-02  -0.3050
390437.3051  1.302320e-02  5.439371e-02  -0.3051
390497.3051  1.302767e-02  5.440370e-02  -0.3051
390557.3051  1.303141e-02  5.441423e-02  -0.3051
390617.3051  1.303594e-02  5.442329e-02  -0.3051
390677.3051  1.303805e-02  5.443428e-02  -0.3051
390737.3051  1.304185e-02  5.444398e-02  -0.3051
390797.3051  1.304641e-02  5.445382e-02  -0.3051
390857.3051  1.305102e-02  5.446221e-02  -0.3051
390917.3050  1.305562e-02  5.447276e-02  -0.3050
390977.3051  1.305708e-02  5.448201e-02  -0.3051
391037.3051  1.306174e-02  5.449141e-02  -0.3051
391097.3051  1.306640e-02  5.449934e-02  -0.3051
391157.3051  1.307108e-02  5.450943e-02  -0.3051
391217.3050  1.307337e-02  5.451807e-02  -0.3050
391277.3051  1.307810e-02  5.452702e-02  -0.3051
391337.3051  1.308209e-02  5.453630e-02  -0.3051
391397.3051  1.308443e-02  5.454415e-02  -0.3051
391457.3051  1.308920e-02  5.455236e-02  -0.3051
391517.3051  1.309402e-02  5.456090e-02  -0.3051
391577.3050  1.309642e-02  5.456939e-02  -0.3050
391637.3051  1.310125e-02  5.457865e-02  -0.3051
391697.3051  1.310368e-02  5.458663e-02  -0.3051
391757.3051  1.310857e-02  5.459476e-02  -0.3051
391817.3051  1.311271e-02  5.460145e-02  -0.3051
391877.3050  1.311521e-02  5.461029e-02  -0.3050
391937.3051  1.312013e-02  5.461790e-02  -0.3051
391997.3051  1.312268e-02  5.462564e-02  -0.3051
392057.3051  1.312764e-02  5.463211e-02  -0.3051
392117.3051  1.313022e-02  5.464062e-02  -0.3051
392177.3051  1.313521e-02  5.464782e-02  -0.3051
392237.3051  1.314023e-02  5.465525e-02  -0.3051
392297.3051  1.314288e-02  5.466147e-02  -0.3051
392357.3051  1.314793e-02  5.466815e-02  -0.3051
392417.3050  1.315060e-02  5.467497e-02  -0.3050
392477.3051  1.315328e-02  5.468245e-02  -0.3051
392537.3051  1.315842e-02  5.468808e-02  -0.3051
392597.3051  1.316114e-02  5.469617e-02  -0.3051
392657.3051  1.316703e-02  5.470108e-02  -0.3051
392717.3051  1.316979e-02  5.470832e-02  -0.3051
392777.3051  1.317498e-02  5.471383e-02  -0.3051
392837.3051  1.317780e-02  5.471984e-02  -0.3051
392897.3051  1.318061e-02  5.472648e-02  -0.3051
392957.3050  1.318585e-02  5.473181e-02  -0.3050
393017.3051  1.318871e-02  5.473727e-02  -0.3051
393077.3050  1.319158e-02  5.474319e-02  -0.3050
393137.3051  1.319765e-02  5.474797e-02  -0.3051
393197.3051  1.320056e-02  5.475302e-02  -0.3051
393257.3051  1.320349e-02  5.475839e-02  -0.3051
393317.3051  1.320884e-02  5.476425e-02  -0.3051
393377.3051  1.321181e-02  5.476861e-02  -0.3051
393437.3051  1.321556e-02  5.477342e-02  -0.3051
393497.3051  1.322097e-02  5.477694e-02  -0.3051
393557.3051  1.322399e-02  5.478125e-02  -0.3051
393617.3050  1.322704e-02  5.478555e-02  -0.3050
393677.3051  1.323084e-02  5.479069e-02  -0.3051
393737.3051  1.323634e-02  5.479414e-02  -0.3051
393797.3051  1.323944e-02  5.479823e-02  -0.3051
393857.3051  1.324256e-02  5.480102e-02  -0.3051
393917.3050  1.324644e-02  5.480609e-02  -0.3050
393977.3051  1.324960e-02  5.480819e-02  -0.3051
394037.3051  1.325277e-02  5.481228e-02  -0.3051
394097.3051  1.325913e-02  5.481520e-02  -0.3051
394157.3051  1.326234e-02  5.481857e-02  -0.3051
394217.3051  1.326632e-02  5.482030e-02  -0.3051
394277.3050  1.326957e-02  5.482304e-02  -0.3050
394337.3051  1.327283e-02  5.482591e-02  -0.3051
394397.3051  1.327689e-02  5.482948e-02  -0.3051
394457.3051  1.328019e-02  5.483169e-02  -0.3051
394517.3051  1.328426e-02  5.483259e-02  -0.3051
394577.3050  1.328760e-02  5.483379e-02  -0.3050
394637.3051  1.329170e-02  5.483603e-02  -0.3051
394697.3051  1.329508e-02  5.483824e-02  -0.3051
394757.3051  1.329925e-02  5.483946e-02  -0.3051
394817.3051  1.330266e-02  5.484122e-02  -0.3051
394877.3051  1.330684e-02  5.484160e-02  -0.3051
394937.3051  1.331030e-02  5.484236e-02  -0.3051
394997.3051  1.331451e-02  5.484413e-02  -0.3051
395057.3051  1.331800e-02  5.484422e-02  -0.3051
395117.3050  1.332228e-02  5.484500e-02  -0.3050
395177.3051  1.332581e-02  5.484405e-02  -0.3051
395237.3051  1.333010e-02  5.484419e-02  -0.3051
395297.3051  1.333441e-02  5.484482e-02  -0.3051
395357.3051  1.333799e-02  5.484396e-02  -0.3051
395417.3051  1.334234e-02  5.484412e-02  -0.3051
395477.3051  1.334670e-02  5.484262e-02  -0.3051
395537.3051  1.334797e-02  5.484183e-02  -0.3051
395597.3051  1.335237e-02  5.483987e-02  -0.3051
395657.3050  1.335679e-02  5.483840e-02  -0.3050
395717.3051  1.336048e-02  5.483768e-02  -0.3051
395777.3050  1.336494e-02  5.483582e-02  -0.3050
395837.3051  1.336941e-02  5.483446e-02  -0.3051
395897.3051  1.337153e-02  5.483213e-02  -0.3051
395957.3051  1.337530e-02  5.482973e-02  -0.3051
396017.3051  1.337983e-02  5.482863e-02  -0.3051
396077.3051  1.338438e-02  5.482587e-02  -0.3051
396137.3051  1.338655e-02  5.482213e-02  -0.3051
396197.3051  1.339114e-02  5.481928e-02  -0.3051
396257.3051  1.339500e-02  5.481656e-02  -0.3051
396317.3050  1.339725e-02  5.481291e-02  -0.3050
396377.3051  1.340190e-02  5.480980e-02  -0.3051
396437.3051  1.340655e-02  5.480556e-02  -0.3051
396497.3051  1.340884e-02  5.480218e-02  -0.3051
396557.3051  1.341354e-02  5.479731e-02  -0.3051
396617.3050  1.341825e-02  5.479335e-02  -0.3050
396677.3051  1.342059e-02  5.478829e-02  -0.3051
396737.3051  1.342536e-02  5.478393e-02  -0.3051
396797.3051  1.342774e-02  5.477785e-02  -0.3051
396857.3051  1.343179e-02  5.477306e-02  -0.3051
396917.3051  1.343421e-02  5.476697e-02  -0.3051
396977.3050  1.343903e-02  5.476143e-02  -0.3050
397037.3051  1.344461e-02  5.475456e-02  -0.3051
397097.3051  1.344709e-02  5.474879e-02  -0.3051
397157.3051  1.345199e-02  5.474211e-02  -0.3051
397217.3051  1.345450e-02  5.473595e-02  -0.3051
397277.3050  1.345702e-02  5.472865e-02  -0.3050
397337.3051  1.346196e-02  5.472188e-02  -0.3051
397397.3051  1.346452e-02  5.471445e-02  -0.3051
397457.3051  1.346950e-02  5.470563e-02  -0.3051
397517.3051  1.347210e-02  5.469781e-02  -0.3051
397577.3051  1.347713e-02  5.469066e-02  -0.3051
397637.3051  1.348051e-02  5.468243e-02  -0.3051
397697.3051  1.348316e-02  5.467306e-02  -0.3051
397757.3051  1.348823e-02  5.466443e-02  -0.3051
397817.3050  1.349092e-02  5.465493e-02  -0.3050
397877.3051  1.349363e-02  5.464407e-02  -0.3051
397937.3051  1.349949e-02  5.463458e-02  -0.3051
397997.3051  1.350226e-02  5.462542e-02  -0.3051
398057.3051  1.350503e-02  5.461534e-02  -0.3051
398117.3051  1.351095e-02  5.460437e-02  -0.3051
398177.3051  1.351375e-02  5.459395e-02  -0.3051
398237.3051  1.351658e-02  5.458278e-02  -0.3051
398297.3051  1.352016e-02  5.457079e-02  -0.3051
398357.3050  1.352541e-02  5.455948e-02  -0.3050
398417.3051  1.352831e-02  5.454708e-02  -0.3051
398477.3050  1.353194e-02  5.453543e-02  -0.3050
398537.3051  1.353486e-02  5.452286e-02  -0.3051
398597.3051  1.353853e-02  5.450966e-02  -0.3051
398657.3051  1.354387e-02  5.449694e-02  -0.3051
398717.3051  1.354685e-02  5.448356e-02  -0.3051
398777.3051  1.355058e-02  5.446853e-02  -0.3051
398837.3051  1.355361e-02  5.445500e-02  -0.3051
398897.3051  1.355737e-02  5.444058e-02  -0.3051
398957.3051  1.356116e-02  5.442552e-02  -0.3051
399017.3050  1.356422e-02  5.441077e-02  -0.3050
399077.3051  1.356805e-02  5.439552e-02  -0.3051
399137.3051  1.357115e-02  5.437900e-02  -0.3051
399197.3051  1.357501e-02  5.436388e-02  -0.3051
399257.3051  1.357817e-02  5.434747e-02  -0.3051
399317.3050  1.358206e-02  5.433077e-02  -0.3050
399377.3051  1.358598e-02  5.431443e-02  -0.3051
399437.3051  1.358917e-02  5.429762e-02  -0.3051
399497.3051  1.359312e-02  5.427977e-02  -0.3051
399557.3051  1.359709e-02  5.426119e-02  -0.3051
399617.3051  1.360110e-02  5.424383e-02  -0.3051
399677.3050  1.360437e-02  5.422499e-02  -0.3050
399737.3051  1.360840e-02  5.420586e-02  -0.3051
399797.3051  1.361244e-02  5.418756e-02  -0.3051
399857.3051  1.361650e-02  5.416647e-02  -0.3051
399917.3051  1.361747e-02  5.414685e-02  -0.3051
399977.3050  1.362159e-02  5.412633e-02  -0.3050
400037.3051  1.362571e-02  5.410657e-02  -0.3051
400097.3051  1.362984e-02  5.408433e-02  -0.3051
400157.3051  1.363400e-02  5.406334e-02  -0.3051
400217.3051  1.363579e-02  5.404161e-02  -0.3051
400277.3051  1.363998e-02  5.401887e-02  -0.3051
400337.3051  1.364419e-02  5.399571e-02  -0.3051
400397.3051  1.364844e-02  5.397375e-02  -0.3051
400457.3051  1.365031e-02  5.395070e-02  -0.3051
400517.3050  1.365458e-02  5.392681e-02  -0.3050
400577.3051  1.365886e-02  5.390235e-02  -0.3051
400637.3051  1.366078e-02  5.387720e-02  -0.3051
400697.3051  1.366513e-02  5.385183e-02  -0.3051
400757.3051  1.366947e-02  5.382749e-02  -0.3051
400817.3051  1.367145e-02  5.380043e-02  -0.3051
400877.3051  1.367583e-02  5.377435e-02  -0.3051
400937.3051  1.367784e-02  5.374814e-02  -0.3051
400997.3051  1.368226e-02  5.372133e-02  -0.3051
401057.3050  1.368433e-02  5.369338e-02  -0.3050
401117.3051  1.368952e-02  5.366528e-02  -0.3051
401177.3050  1.369161e-02  5.363662e-02  -0.3050
401237.3051  1.369610e-02  5.360915e-02  -0.3051
401297.3051  1.369823e-02  5.357901e-02  -0.3051
401357.3051  1.370352e-02  5.354866e-02  -0.3051
401417.3051  1.370568e-02  5.351937e-02  -0.3051
401477.3051  1.371025e-02  5.348755e-02  -0.3051
401537.3051  1.371319e-02  5.345727e-02  -0.3051
401597.3051  1.371779e-02  5.342452e-02  -0.3051
401657.3051  1.372005e-02  5.339320e-02  -0.3051
401717.3050  1.372305e-02  5.336166e-02  -0.3050
401777.3051  1.372771e-02  5.332725e-02  -0.3051
401837.3051  1.373074e-02  5.329470e-02  -0.3051
401897.3051  1.373306e-02  5.325937e-02  -0.3051
401957.3051  1.373780e-02  5.322554e-02  -0.3051
402017.3050  1.374089e-02  5.318977e-02  -0.3050
402077.3051  1.374326e-02  5.315519e-02  -0.3051
402137.3051  1.374639e-02  5.311846e-02  -0.3051
402197.3051  1.375191e-02  5.308321e-02  -0.3051
402257.3051  1.375437e-02  5.304575e-02  -0.3051
402317.3051  1.375755e-02  5.300748e-02  -0.3051
402377.3050  1.376002e-02  5.296896e-02  -0.3050
402437.3051  1.376325e-02  5.293021e-02  -0.3051
402497.3051  1.376888e-02  5.289133e-02  -0.3051
402557.3051  1.377141e-02  5.285220e-02  -0.3051
402617.3051  1.377469e-02  5.281080e-02  -0.3051
402677.3050  1.377799e-02  5.277078e-02  -0.3050
402737.3051  1.378133e-02  5.272852e-02  -0.3051
402797.3051  1.378393e-02  5.268637e-02  -0.3051
402857.3051  1.378729e-02  5.264360e-02  -0.3051
402917.3051  1.379066e-02  5.260077e-02  -0.3051
402977.3051  1.379406e-02  5.255608e-02  -0.3051
403037.3051  1.379749e-02  5.251262e-02  -0.3051
403097.3051  1.380092e-02  5.246746e-02  -0.3051
403157.3051  1.380437e-02  5.242168e-02  -0.3051
403217.3050  1.380713e-02  5.237457e-02  -0.3050
403277.3051  1.381062e-02  5.232841e-02  -0.3051
403337.3051  1.381413e-02  5.228089e-02  -0.3051
403397.3051  1.381766e-02  5.223297e-02  -0.3051
403457.3051  1.381885e-02  5.218317e-02  -0.3051
403517.3051  1.382315e-02  5.213331e-02  -0.3051
403577.3051  1.382674e-02  5.208299e-02  -0.3051
403637.3051  1.383034e-02  5.203281e-02  -0.3051
403697.3051  1.383399e-02  5.198112e-02  -0.3051
403757.3050  1.383526e-02  5.192894e-02  -0.3050
403817.3051  1.383892e-02  5.187691e-02  -0.3051
403877.3050  1.384262e-02  5.182301e-02  -0.3050
403937.3051  1.384468e-02  5.176936e-02  -0.3051
403997.3051  1.384840e-02  5.171370e-02  -0.3051
404057.3051  1.385214e-02  5.165837e-02  -0.3051
404117.3051  1.385355e-02  5.160295e-02  -0.3051
404177.3051  1.385806e-02  5.154588e-02  -0.3051
404237.3051  1.386186e-02  5.148850e-02  -0.3051
404297.3051  1.386333e-02  5.143005e-02  -0.3051
404357.3051  1.386790e-02  5.136940e-02  -0.3051
404417.3050  1.386938e-02  5.131086e-02  -0.3050
404477.3051  1.387401e-02  5.124849e-02  -0.3051
404537.3051  1.387554e-02  5.118803e-02  -0.3051
404597.3051  1.388018e-02  5.112493e-02  -0.3051
404657.3051  1.388177e-02  5.106203e-02  -0.3051
404717.3050  1.388645e-02  5.099888e-02  -0.3050
404777.3051  1.388806e-02  5.093433e-02  -0.3051
404837.3051  1.389280e-02  5.086820e-02  -0.3051
404897.3051  1.389445e-02  5.080237e-02  -0.3051
404957.3051  1.389684e-02  5.073515e-02  -0.3051
405017.3051  1.390165e-02  5.066659e-02  -0.3051
405077.3050  1.390335e-02  5.059832e-02  -0.3050
405137.3051  1.390581e-02  5.052812e-02  -0.3051
405197.3051  1.391067e-02  5.045887e-02  -0.3051
405257.3051  1.391316e-02  5.038643e-02  -0.3051
405317.3051  1.391568e-02  5.031388e-02  -0.3051
405377.3050  1.391750e-02  5.024207e-02  -0.3050
405437.3051  1.392006e-02  5.016690e-02  -0.3051
405497.3051  1.392502e-02  5.009284e-02  -0.3051
405557.3051  1.392761e-02  5.001690e-02  -0.3051
405617.3051  1.393023e-02  4.994028e-02  -0.3051
405677.3051  1.393288e-02  4.986233e-02  -0.3051
405737.3051  1.393554e-02  4.978254e-02  -0.3051
405797.3051  1.393823e-02  4.970408e-02  -0.3051
405857.3051  1.394093e-02  4.962420e-02  -0.3051
405917.3050  1.394364e-02  4.954260e-02  -0.3050
405977.3051  1.394640e-02  4.945849e-02  -0.3051
406037.3051  1.394915e-02  4.937525e-02  -0.3051
406097.3051  1.395268e-02  4.929071e-02  -0.3051
406157.3051  1.395548e-02  4.920582e-02  -0.3051
406217.3051  1.395829e-02  4.911903e-02  -0.3051
406277.3051  1.396115e-02  4.903102e-02  -0.3051
406337.3051  1.396165e-02  4.894265e-02  -0.3051
406397.3051  1.396528e-02  4.885325e-02  -0.3051
406457.3050  1.396817e-02  4.876242e-02  -0.3050
406517.3051  1.397111e-02  4.867082e-02  -0.3051
406577.3050  1.397478e-02  4.857727e-02  -0.3050
406637.3051  1.397540e-02  4.848392e-02  -0.3051
406697.3051  1.397911e-02  4.838838e-02  -0.3051
406757.3051  1.398214e-02  4.829126e-02  -0.3051
406817.3051  1.398353e-02  4.819384e-02  -0.3051
406877.3051  1.398659e-02  4.809634e-02  -0.3051
406937.3051  1.399038e-02  4.799700e-02  -0.3051
406997.3051  1.399113e-02  4.789575e-02  -0.3051
407057.3051  1.399496e-02  4.779383e-02  -0.3051
407117.3050  1.399648e-02  4.768908e-02  -0.3050
407177.3051  1.399963e-02  4.758581e-02  -0.3051
407237.3051  1.400118e-02  4.748016e-02  -0.3051
407297.3051  1.400510e-02  4.737199e-02  -0.3051
407357.3051  1.400670e-02  4.726314e-02  -0.3051
407417.3050  1.401066e-02  4.715407e-02  -0.3050
407477.3051  1.401158e-02  4.704253e-02  -0.3051
407537.3051  1.401322e-02  4.693119e-02  -0.3051
407597.3051  1.401727e-02  4.681717e-02  -0.3051
407657.3051  1.401895e-02  4.670256e-02  -0.3051
407717.3051  1.402068e-02  4.658564e-02  -0.3051
407777.3050  1.402241e-02  4.646879e-02  -0.3050
407837.3051  1.402654e-02  4.635023e-02  -0.3051
407897.3051  1.402831e-02  4.622851e-02  -0.3051
407957.3051  1.403013e-02  4.610781e-02  -0.3051
408017.3051  1.403197e-02  4.598421e-02  -0.3051
408077.3050  1.403453e-02  4.585867e-02  -0.3050
408137.3051  1.403641e-02  4.573370e-02  -0.3051
408197.3051  1.403829e-02  4.560635e-02  -0.3051
408257.3051  1.404022e-02  4.547707e-02  -0.3051
408317.3051  1.404289e-02  4.534607e-02  -0.3051
408377.3051  1.404484e-02  4.521388e-02  -0.3051
408437.3051  1.404683e-02  4.508138e-02  -0.3051
408497.3051  1.404955e-02  4.494473e-02  -0.3051
408557.3051  1.405158e-02  4.480895e-02  -0.3051
408617.3050  1.405437e-02  4.466901e-02  -0.3050
408677.3051  1.405643e-02  4.452971e-02  -0.3051
408737.3051  1.405926e-02  4.438907e-02  -0.3051
408797.3051  1.405903e-02  4.424480e-02  -0.3051
408857.3051  1.406188e-02  4.410120e-02  -0.3051
408917.3051  1.406478e-02  4.395393e-02  -0.3051
408977.3051  1.406462e-02  4.380520e-02  -0.3051
409037.3051  1.406754e-02  4.365559e-02  -0.3051
409097.3051  1.407050e-02  4.350438e-02  -0.3051
409157.3050  1.407041e-02  4.335029e-02  -0.3050
409217.3051  1.407340e-02  4.319448e-02  -0.3051
409277.3050  1.407408e-02  4.303760e-02  -0.3050
409337.3051  1.407713e-02  4.287813e-02  -0.3051
409397.3051  1.407784e-02  4.271878e-02  -0.3051
409457.3051  1.408094e-02  4.255497e-02  -0.3051
409517.3051  1.408171e-02  4.239048e-02  -0.3051
409577.3051  1.408486e-02  4.222428e-02  -0.3051
409637.3051  1.408566e-02  4.205570e-02  -0.3051
409697.3051  1.408651e-02  4.188635e-02  -0.3051
409757.3051  1.408737e-02  4.171463e-02  -0.3051
409817.3050  1.409062e-02  4.153970e-02  -0.3050
409877.3051  1.409224e-02  4.136217e-02  -0.3051
409937.3051  1.409317e-02  4.118345e-02  -0.3051
409997.3051  1.409414e-02  4.100155e-02  -0.3051
410057.3051  1.409585e-02  4.081929e-02  -0.3051
410117.3050  1.409684e-02  4.063284e-02  -0.3050
410177.3051  1.409787e-02  4.044631e-02  -0.3051
410237.3051  1.409966e-02  4.025558e-02  -0.3051
410297.3051  1.410074e-02  4.006401e-02  -0.3051
410357.3051  1.410258e-02  3.986954e-02  -0.3051
410417.3051  1.410369e-02  3.967470e-02  -0.3051
410477.3050  1.410557e-02  3.947539e-02  -0.3050
410537.3051  1.410748e-02  3.927689e-02  -0.3051
410597.3051  1.410869e-02  3.907457e-02  -0.3051
410657.3051  1.410830e-02  3.886985e-02  -0.3051
410717.3051  1.411028e-02  3.866140e-02  -0.3051
410777.3050  1.411226e-02  3.845309e-02  -0.3050
410837.3051  1.411195e-02  3.824141e-02  -0.3051
410897.3051  1.411328e-02  3.802622e-02  -0.3051
410957.3051  1.411536e-02  3.780956e-02  -0.3051
411017.3051  1.411512e-02  3.759051e-02  -0.3051
411077.3051  1.411726e-02  3.736922e-02  -0.3051
411137.3051  1.411707e-02  3.714552e-02  -0.3051
411197.3051  1.411691e-02  3.691683e-02  -0.3051
411257.3051  1.411985e-02  3.668708e-02  -0.3051
411317.3050  1.411974e-02  3.645580e-02  -0.3050
411377.3051  1.411963e-02  3.622007e-02  -0.3051
411437.3051  1.412192e-02  3.598288e-02  -0.3051
411497.3051  1.412262e-02  3.574306e-02  -0.3051
411557.3051  1.412262e-02  3.550047e-02  -0.3051
411617.3051  1.412264e-02  3.525395e-02  -0.3051
411677.3051  1.412341e-02  3.500569e-02  -0.3051
411737.3051  1.412349e-02  3.475312e-02  -0.3051
411797.3051  1.412432e-02  3.449893e-02  -0.3051
411857.3050  1.412445e-02  3.424038e-02  -0.3050
411917.3051  1.412534e-02  3.398026e-02  -0.3051
411977.3050  1.412552e-02  3.371702e-02  -0.3050
412037.3051  1.412646e-02  3.344952e-02  -0.3051
412097.3051  1.412743e-02  3.318078e-02  -0.3051
412157.3051  1.412608e-02  3.290889e-02  -0.3051
412217.3051  1.412637e-02  3.263317e-02  -0.3051
412277.3051  1.412742e-02  3.235341e-02  -0.3051
412337.3051  1.412616e-02  3.207006e-02  -0.3051
412397.3051  1.412726e-02  3.178481e-02  -0.3051
412457.3051  1.412840e-02  3.149589e-02  -0.3051
412517.3050  1.412722e-02  3.120408e-02  -0.3050
412577.3051  1.412616e-02  3.092835e-02  -0.3051
412637.3051  1.412741e-02  3.062876e-02  -0.3051
412697.3051  1.412704e-02  3.032599e-02  -0.3051
412757.3051  1.412598e-02  3.002081e-02  -0.3051
412817.3050  1.412729e-02  2.971179e-02  -0.3050
412877.3051  1.412629e-02  2.939671e-02  -0.3051
412937.3051  1.412604e-02  2.908044e-02  -0.3051
412997.3051  1.412510e-02  2.876044e-02  -0.3051
413057.3051  1.412491e-02  2.843653e-02  -0.3051
413117.3051  1.412403e-02  2.810803e-02  -0.3051
413177.3050  1.412390e-02  2.777530e-02  -0.3050
413237.3051  1.412310e-02  2.743990e-02  -0.3051
413297.3051  1.412303e-02  2.710187e-02  -0.3051
413357.3051  1.412300e-02  2.675684e-02  -0.3051
413417.3051  1.411993e-02  2.641061e-02  -0.3051
413477.3050  1.411996e-02  2.605759e-02  -0.3050
413537.3051  1.412002e-02  2.570228e-02  -0.3051
413597.3051  1.411779e-02  2.534330e-02  -0.3051
413657.3051  1.411791e-02  2.497875e-02  -0.3051
413717.3051  1.411572e-02  2.461116e-02  -0.3051
413777.3051  1.411591e-02  2.423939e-02  -0.3051
413837.3051  1.411379e-02  2.386334e-02  -0.3051
413897.3051  1.411406e-02  2.348204e-02  -0.3051
413957.3051  1.411201e-02  2.309647e-02  -0.3051
414017.3050  1.410999e-02  2.270595e-02  -0.3050
414077.3051  1.410872e-02  2.231065e-02  -0.3051
414137.3051  1.410679e-02  2.191240e-02  -0.3051
414197.3051  1.410487e-02  2.150856e-02  -0.3051
414257.3051  1.410370e-02  2.110016e-02  -0.3051
414317.3051  1.410185e-02  2.068765e-02  -0.3051
414377.3051  1.410078e-02  2.026947e-02  -0.3051
414437.3051  1.409899e-02  1.984749e-02  -0.3051
414497.3051  1.409797e-02  1.941860e-02  -0.3051
414557.3050  1.409466e-02  1.898743e-02  -0.3050
414617.3051  1.409298e-02  1.855101e-02  -0.3051
414677.3050  1.409206e-02  1.810674e-02  -0.3050
414737.3051  1.408886e-02  1.766010e-02  -0.3051
414797.3051  1.408802e-02  1.720613e-02  -0.3051
414857.3051  1.408487e-02  1.674896e-02  -0.3051
414917.3051  1.408178e-02  1.628697e-02  -0.3051
414977.3051  1.408104e-02  1.581619e-02  -0.3051
415037.3051  1.407800e-02  1.534248e-02  -0.3051
415097.3051  1.407502e-02  1.486319e-02  -0.3051
415157.3051  1.407206e-02  1.437768e-02  -0.3051
415217.3050  1.406913e-02  1.388754e-02  -0.3050
415277.3051  1.406699e-02  1.339174e-02  -0.3051
415337.3051  1.406414e-02  1.288910e-02  -0.3051
415397.3051  1.406133e-02  1.238152e-02  -0.3051
415457.3051  1.405697e-02  1.186779e-02  -0.3051
415517.3050  1.405424e-02  1.134748e-02  -0.3050
415577.3051  1.405229e-02  1.082249e-02  -0.3051
415637.3051  1.404803e-02  1.029021e-02  -0.3051
415697.3051  1.404542e-02  9.753293e-03  -0.3051
415757.3051  1.404125e-02  9.209449e-03  -0.3051
415817.3051  1.403711e-02  8.658711e-03  -0.3051
415877.3050  1.403464e-02  8.103968e-03  -0.3050
415937.3051  1.403058e-02  7.540725e-03  -0.3051
415997.3051  1.402659e-02  6.971382e-03  -0.3051
416057.3051  1.402261e-02  6.395261e-03  -0.3051
416117.3051  1.401868e-02  5.812876e-03  -0.3051
416177.3050  1.401481e-02  5.224508e-03  -0.3050
416237.3051  1.400935e-02  4.628714e-03  -0.3051
416297.3051  1.400557e-02  4.025731e-03  -0.3051
416357.3051  1.400181e-02  3.417072e-03  -0.3051
416417.3051  1.399578e-02  2.800336e-03  -0.3051
416477.3051  1.399283e-02  2.178241e-03  -0.3051
416537.3051  1.398689e-02  1.546604e-03  -0.3051
416597.3051  1.398404e-02  9.086266e-04  -0.3051
416657.3051  1.397819e-02  2.658494e-04  -0.3051
416717.3050  1.397309e-02  -3.869127e-04  -0.3050
416777.3051  1.396733e-02  -1.045988e-03  -0.3051
416837.3051  1.396233e-02  -1.711870e-03  -0.3051
416897.3051  1.395739e-02  -2.387620e-03  -0.3051
416957.3051  1.395248e-02  -3.068541e-03  -0.3051
417017.3051  1.394691e-02  -3.759011e-03  -0.3051
417077.3051  1.393977e-02  -4.455556e-03  -0.3051
417137.3051  1.393502e-02  -5.159945e-03  -0.3051
417197.3051  1.392798e-02  -5.872975e-03  -0.3051
417257.3050  1.392333e-02  -6.594588e-03  -0.3050
417317.3051  1.391638e-02  -7.323291e-03  -0.3051
417377.3050  1.391023e-02  -8.060102e-03  -0.3050
417437.3051  1.390338e-02  -8.804838e-03  -0.3051
417497.3051  1.389661e-02  -9.558876e-03  -0.3051
417557.3051  1.389059e-02  -1.032047e-02  -0.3051
417617.3051  1.388392e-02  -1.108914e-02  -0.3051
417677.3051  1.387728e-02  -1.186959e-02  -0.3051
417737.3051  1.387145e-02  -1.265525e-02  -0.3051
417797.3051  1.386259e-02  -1.345203e-02  -0.3051
417857.3051  1.385685e-02  -1.425663e-02  -0.3051
417917.3050  1.384883e-02  -1.506881e-02  -0.3050
417977.3051  1.384088e-02  -1.589145e-02  -0.3051
418037.3051  1.383224e-02  -1.672263e-02  -0.3051
418097.3051  1.382673e-02  -1.756207e-02  -0.3051
418157.3051  1.381893e-02  -1.841128e-02  -0.3051
418217.3050  1.380888e-02  -1.926972e-02  -0.3050
418277.3051  1.380119e-02  -2.013739e-02  -0.3051
418337.3051  1.379359e-02  -2.101384e-02  -0.3051
418397.3051  1.378602e-02  -2.189885e-02  -0.3051
418457.3051  1.377620e-02  -2.279523e-02  -0.3051
418517.3051  1.376643e-02  -2.369962e-02  -0.3051
418577.3050  1.375978e-02  -2.461463e-02  -0.3050
418637.3051  1.375013e-02  -2.553898e-02  -0.3051
418697.3051  1.374056e-02  -2.647332e-02  -0.3051
418757.3051  1.373176e-02  -2.741642e-02  -0.3051
418817.3051  1.372231e-02  -2.837043e-02  -0.3051
418877.3050  1.371131e-02  -2.933253e-02  -0.3050
418937.3051  1.370199e-02  -3.030669e-02  -0.3051
418997.3051  1.369112e-02  -3.128987e-02  -0.3051
419057.3051  1.368264e-02  -3.228467e-02  -0.3051
419117.3051  1.367120e-02  -3.328606e-02  -0.3051
419177.3051  1.366052e-02  -3.430153e-02  -0.3051
419237.3051  1.364994e-02  -3.532500e-02  -0.3051
419297.3051  1.363940e-02  -3.635874e-02  -0.3051
419357.3051  1.362896e-02  -3.740421e-02  -0.3051
419417.3050  1.361856e-02  -3.845949e-02  -0.3050
419477.3051  1.360591e-02  -3.952454e-02  -0.3051
419537.3051  1.359568e-02  -4.060027e-02  -0.3051
419597.3051  1.358317e-02  -4.168807e-02  -0.3051
419657.3051  1.357076e-02  -4.278477e-02  -0.3051
419717.3051  1.356145e-02  -4.389438e-02  -0.3051
419777.3051  1.354917e-02  -4.501226e-02  -0.3051
419837.3051  1.353466e-02  -4.614085e-02  -0.3051
419897.3051  1.352252e-02  -4.728174e-02  -0.3051
419957.3050  1.351119e-02  -4.843293e-02  -0.3050
420017.3051  1.349689e-02  -4.959529e-02  -0.3051
420077.3050  1.348342e-02  -5.076788e-02  -0.3050
420137.3051  1.347159e-02  -5.195256e-02  -0.3051
420197.3051  1.345826e-02  -5.314680e-02  -0.3051
420257.3051  1.344503e-02  -5.435286e-02  -0.3051
420317.3051  1.343113e-02  -5.557039e-02  -0.3051
420377.3051  1.341572e-02  -5.679845e-02  -0.3051
420437.3051  1.340271e-02  -5.803683e-02  -0.3051
420497.3051  1.338747e-02  -5.928774e-02  -0.3051
420557.3051  1.337393e-02  -6.054792e-02  -0.3051
420617.3050  1.335886e-02  -6.181955e-02  -0.3050
420677.3051  1.334388e-02  -6.310298e-02  -0.3051
420737.3051  1.332899e-02  -6.439758e-02  -0.3051
420797.3051  1.331186e-02  -6.570319e-02  -0.3051
420857.3051  1.329715e-02  -6.701971e-02  -0.3051
420917.3050  1.328021e-02  -6.834630e-02  -0.3050
420977.3051  1.326569e-02  -6.968501e-02  -0.3051
421037.3051  1.324966e-02  -7.103505e-02  -0.3051
421097.3051  1.323301e-02  -7.239533e-02  -0.3051
421157.3051  1.321644e-02  -7.376617e-02  -0.3051
421217.3051  1.319998e-02  -7.514952e-02  -0.3051
421277.3050  1.318130e-02  -7.654175e-02  -0.3050
421337.3051  1.316576e-02  -7.794767e-02  -0.3051
421397.3051  1.314728e-02  -7.936212e-02  -0.3051
421457.3051  1.312962e-02  -8.078786e-02  -0.3051
421517.3051  1.311135e-02  -8.222464e-02  -0.3051
421577.3050  1.309315e-02  -8.367172e-02  -0.3050
421637.3051  1.307581e-02  -8.513070e-02  -0.3051
421697.3051  1.305553e-02  -8.659859e-02  -0.3051
421757.3051  1.303841e-02  -8.807763e-02  -0.3051
421817.3051  1.301833e-02  -8.956785e-02  -0.3051
421877.3051  1.299910e-02  -9.106746e-02  -0.3051
421937.3051  1.298000e-02  -9.257622e-02  -0.3051
421997.3051  1.296025e-02  -9.409706e-02  -0.3051
422057.3051  1.293905e-02  -9.562724e-02  -0.3051
422117.3050  1.292027e-02  -9.716855e-02  -0.3050
422177.3051  1.289858e-02  -9.871789e-02  -0.3051
422237.3051  1.287771e-02  -1.002785e-01  -0.3051
422297.3051  1.285699e-02  -1.018484e-01  -0.3051
422357.3051  1.283564e-02  -1.034271e-01  -0.3051
422417.3051  1.281516e-02  -1.050164e-01  -0.3051
422477.3051  1.279247e-02  -1.066130e-01  -0.3051
422537.3051  1.277222e-02  -1.082204e-01  -0.3051
422597.3051  1.274979e-02  -1.098365e-01  -0.3051
422657.3050  1.272678e-02  -1.114629e-01  -0.3050
422717.3051  1.270461e-02  -1.130966e-01  -0.3051
422777.3050  1.268257e-02  -1.147391e-01  -0.3050
422837.3051  1.265835e-02  -1.163894e-01  -0.3051
422897.3051  1.263658e-02  -1.180479e-01  -0.3051
422957.3051  1.261264e-02  -1.197144e-01  -0.3051
423017.3051  1.258883e-02  -1.213911e-01  -0.3051
423077.3051  1.256444e-02  -1.230724e-01  -0.3051
423137.3051  1.253861e-02  -1.247633e-01  -0.3051
423197.3051  1.251524e-02  -1.264615e-01  -0.3051
423257.3051  1.248970e-02  -1.281670e-01  -0.3051
423317.3050  1.246662e-02  -1.298782e-01  -0.3050
423377.3051  1.244136e-02  -1.315976e-01  -0.3051
423437.3051  1.241628e-02  -1.333225e-01  -0.3051
423497.3051  1.238903e-02  -1.350541e-01  -0.3051
423557.3051  1.236351e-02  -1.367901e-01  -0.3051
423617.3050  1.233658e-02  -1.385345e-01  -0.3050
423677.3051  1.231211e-02  -1.402844e-01  -0.3051
423737.3051  1.228550e-02  -1.420373e-01  -0.3051
423797.3051  1.225673e-02  -1.437967e-01  -0.3051
423857.3051  1.223044e-02  -1.455609e-01  -0.3051
423917.3051  1.220434e-02  -1.473312e-01  -0.3051
423977.3050  1.217535e-02  -1.491053e-01  -0.3050
424037.3051  1.214726e-02  -1.508841e-01  -0.3051
424097.3051  1.211935e-02  -1.526658e-01  -0.3051
424157.3051  1.209162e-02  -1.544501e-01  -0.3051
424217.3051  1.206333e-02  -1.562407e-01  -0.3051
424277.3050  1.203365e-02  -1.580308e-01  -0.3050
424337.3051  1.200647e-02  -1.598265e-01  -0.3051
424397.3051  1.197717e-02  -1.616235e-01  -0.3051
424457.3051  1.194732e-02  -1.634232e-01  -0.3051
424517.3051  1.191838e-02  -1.652259e-01  -0.3051
424577.3051  1.188734e-02  -1.670285e-01  -0.3051
424637.3051  1.185808e-02  -1.688336e-01  -0.3051
424697.3051  1.182742e-02  -1.706405e-01  -0.3051
424757.3051  1.179626e-02  -1.724470e-01  -0.3051
424817.3050  1.176601e-02  -1.742550e-01  -0.3050
424877.3051  1.173526e-02  -1.760622e-01  -0.3051
424937.3051  1.170543e-02  -1.778682e-01  -0.3051
424997.3051  1.167278e-02  -1.796752e-01  -0.3051
425057.3051  1.164035e-02  -1.814832e-01  -0.3051
425117.3051  1.161117e-02  -1.832876e-01  -0.3051
425177.3051  1.157920e-02  -1.850927e-01  -0.3051
425237.3051  1.154512e-02  -1.868960e-01  -0.3051
425297.3051  1.151429e-02  -1.886954e-01  -0.3051
425357.3050  1.148068e-02  -1.904952e-01  -0.3050
425417.3051  1.144961e-02  -1.922911e-01  -0.3051
425477.3050  1.141647e-02  -1.940853e-01  -0.3050
425537.3051  1.138357e-02  -1.958752e-01  -0.3051
425597.3051  1.135089e-02  -1.976612e-01  -0.3051
425657.3051  1.131618e-02  -1.994453e-01  -0.3051
425717.3051  1.128400e-02  -2.012233e-01  -0.3051
425777.3051  1.124977e-02  -2.029996e-01  -0.3051
425837.3051  1.121582e-02  -2.047699e-01  -0.3051
425897.3051  1.118137e-02  -2.065340e-01  -0.3051
425957.3051  1.114792e-02  -2.082947e-01  -0.3051
426017.3050  1.111474e-02  -2.100496e-01  -0.3050
426077.3051  1.107880e-02  -2.117991e-01  -0.3051
426137.3051  1.104386e-02  -2.135408e-01  -0.3051
426197.3051  1.100847e-02  -2.152772e-01  -0.3051
426257.3051  1.097409e-02  -2.170064e-01  -0.3051
426317.3050  1.093927e-02  -2.187283e-01  -0.3050
426377.3051  1.090471e-02  -2.204458e-01  -0.3051
426437.3051  1.087120e-02  -2.221522e-01  -0.3051
426497.3051  1.083495e-02  -2.238543e-01  -0.3051
426557.3051  1.079898e-02  -2.255458e-01  -0.3051
426617.3051  1.076332e-02  -2.272293e-01  -0.3051
426677.3050  1.072798e-02  -2.289051e-01  -0.3050
426737.3051  1.069294e-02  -2.305711e-01  -0.3051
426797.3051  1.065591e-02  -2.322298e-01  -0.3051
426857.3051  1.062150e-02  -2.338773e-01  -0.3051
426917.3051  1.058438e-02  -2.355159e-01  -0.3051
426977.3050  1.054833e-02  -2.371440e-01  -0.3050
427037.3051  1.051261e-02  -2.387641e-01  -0.3051
427097.3051  1.047649e-02  -2.403719e-01  -0.3051
427157.3051  1.044142e-02  -2.419704e-01  -0.3051
427217.3051  1.040369e-02  -2.435596e-01  -0.3051
427277.3051  1.036861e-02  -2.451359e-01  -0.3051
427337.3051  1.033156e-02  -2.467016e-01  -0.3051
427397.3051  1.029560e-02  -2.482571e-01  -0.3051
427457.3051  1.025930e-02  -2.497985e-01  -0.3051
427517.3050  1.022334e-02  -2.513309e-01  -0.3050
427577.3051  1.018545e-02  -2.528500e-01  -0.3051
427637.3051  1.014950e-02  -2.543585e-01  -0.3051
427697.3051  1.011237e-02  -2.558547e-01  -0.3051
427757.3051  1.007793e-02  -2.573371e-01  -0.3051
427817.3051  1.004084e-02  -2.588082e-01  -0.3051
427877.3051  1.000488e-02  -2.602661e-01  -0.3051
427937.3051  9.968564e-03  -2.617138e-01  -0.3051
427997.3051  9.931108e-03  -2.631450e-01  -0.3051
428057.3050  9.895628e-03  -2.645671e-01  -0.3050
428117.3051  9.858240e-03  -2.659735e-01  -0.3051
428177.3050  9.823570e-03  -2.673673e-01  -0.3050
428237.3051  9.787045e-03  -2.687490e-01  -0.3051
428297.3051  9.750926e-03  -2.701147e-01  -0.3051
428357.3051  9.715241e-03  -2.714691e-01  -0.3051
428417.3051  9.679993e-03  -2.728110e-01  -0.3051
428477.3051  9.642889e-03  -2.741383e-01  -0.3051
428537.3051  9.607795e-03  -2.754518e-01  -0.3051
428597.3051  9.571591e-03  -2.767519e-01  -0.3051
428657.3051  9.537406e-03  -2.780370e-01  -0.3051
428717.3050  9.502099e-03  -2.793099e-01  -0.3050
428777.3051  9.466544e-03  -2.805691e-01  -0.3051
428837.3051  9.431439e-03  -2.818128e-01  -0.3051
428897.3051  9.396831e-03  -2.830460e-01  -0.3051
428957.3051  9.360385e-03  -2.842624e-01  -0.3051
429017.3050  9.326745e-03  -2.854674e-01  -0.3050
429077.3051  9.291275e-03  -2.866566e-01  -0.3051
429137.3051  9.258599e-03  -2.878312e-01  -0.3051
429197.3051  9.223389e-03  -2.889941e-01  -0.3051
429257.3051  9.189420e-03  -2.901428e-01  -0.3051
429317.3051  9.155225e-03  -2.912788e-01  -0.3051
429377.3050  9.122280e-03  -2.923997e-01  -0.3050
429437.3051  9.089096e-03  -2.935081e-01  -0.3051
429497.3051  9.054160e-03  -2.946033e-01  -0.3051
429557.3051  9.022049e-03  -2.956832e-01  -0.3051
429617.3051  8.988152e-03  -2.967512e-01  -0.3051
429677.3050  8.957111e-03  -2.978047e-01  -0.3050
429737.3051  8.924293e-03  -2.988456e-01  -0.3051
429797.3051  8.892020e-03  -2.998745e-01  -0.3051
429857.3051  8.859583e-03  -3.008897e-01  -0.3051
429917.3051  8.828416e-03  -3.018899e-01  -0.3051
429977.3051  8.797070e-03  -3.028789e-01  -0.3051
430037.3051  8.767025e-03  -3.038559e-01  -0.3051
430097.3051  8.734513e-03  -3.048200e-01  -0.3051
430157.3051  8.704868e-03  -3.057691e-01  -0.3051
430217.3050  8.673481e-03  -3.067095e-01  -0.3050
430277.3051  8.644990e-03  -3.076343e-01  -0.3051
430337.3051  8.614786e-03  -3.085495e-01  -0.3051
430397.3051  8.585147e-03  -3.094501e-01  -0.3051
430457.3051  8.556119e-03  -3.103412e-01  -0.3051
430517.3051  8.526926e-03  -3.112193e-01  -0.3051
430577.3051  8.499067e-03  -3.120860e-01  -0.3051
430637.3051  8.471093e-03  -3.129417e-01  -0.3051
430697.3051  8.444438e-03  -3.137861e-01  -0.3051
430757.3050  8.415357e-03  -3.146183e-01  -0.3050
430817.3051  8.389181e-03  -3.154400e-01  -0.3051
430877.3050  8.361322e-03  -3.162510e-01  -0.3050
430937.3051  8.336374e-03  -3.170517e-01  -0.3051
430997.3051  8.309749e-03  -3.178408e-01  -0.3051
431057.3051  8.283724e-03  -3.186205e-01  -0.3051
431117.3051  8.257604e-03  -3.193883e-01  -0.3051
431177.3051  8.232849e-03  -3.201477e-01  -0.3051
431237.3051  8.208700e-03  -3.208966e-01  -0.3051
431297.3051  8.184464e-03  -3.216369e-01  -0.3051
431357.3051  8.160838e-03  -3.223658e-01  -0.3051
431417.3050  8.138585e-03  -3.230853e-01  -0.3050
431477.3051  8.113955e-03  -3.237965e-01  -0.3051
431537.3051  8.092235e-03  -3.244995e-01  -0.3051
431597.3051  8.071153e-03  -3.251919e-01  -0.3051
431657.3051  8.048416e-03  -3.258756e-01  -0.3051
431717.3050  8.025581e-03  -3.265511e-01  -0.3050
431777.3051  8.006422e-03  -3.272177e-01  -0.3051
431837.3051  7.985610e-03  -3.278771e-01  -0.3051
431897.3051  7.964703e-03  -3.285286e-01  -0.3051
431957.3051  7.945179e-03  -3.291709e-01  -0.3051
432017.3051  7.925538e-03  -3.298043e-01  -0.3051
432077.3050  7.906563e-03  -3.304311e-01  -0.3050
432137.3051  7.888951e-03  -3.310503e-01  -0.3051
432197.3051  7.871266e-03  -3.316622e-01  -0.3051
432257.3051  7.851909e-03  -3.322673e-01  -0.3051
432317.3051  7.835513e-03  -3.328646e-01  -0.3051
432377.3050  7.818998e-03  -3.334562e-01  -0.3050
432437.3051  7.801573e-03  -3.340390e-01  -0.3051
432497.3051  7.787084e-03  -3.346152e-01  -0.3051
432557.3051  7.770203e-03  -3.351853e-01  -0.3051
432617.3051  7.754702e-03  -3.357483e-01  -0.3051
432677.3051  7.741395e-03  -3.363059e-01  -0.3051
432737.3051  7.727172e-03  -3.368571e-01  -0.3051
432797.3051  7.712845e-03  -3.374023e-01  -0.3051
432857.3051  7.699154e-03  -3.379418e-01  -0.3051
432917.3050  7.686095e-03  -3.384744e-01  -0.3050
432977.3051  7.673647e-03  -3.390005e-01  -0.3051
433037.3051  7.661850e-03  -3.395240e-01  -0.3051
433097.3051  7.650658e-03  -3.400400e-01  -0.3051
433157.3051  7.639372e-03  -3.405488e-01  -0.3051
433217.3051  7.629429e-03  -3.410546e-01  -0.3051
433277.3051  7.617092e-03  -3.415539e-01  -0.3051
433337.3051  7.608387e-03  -3.420471e-01  -0.3051
433397.3051  7.599555e-03  -3.425350e-01  -0.3051
433457.3050  7.589783e-03  -3.430189e-01  -0.3050
433517.3051  7.582173e-03  -3.434981e-01  -0.3051
433577.3050  7.572874e-03  -3.439728e-01  -0.3050
433637.3051  7.564179e-03  -3.444408e-01  -0.3051
433697.3051  7.558378e-03  -3.449053e-01  -0.3051
433757.3051  7.550878e-03  -3.453646e-01  -0.3051
433817.3051  7.543972e-03  -3.458182e-01  -0.3051
433877.3051  7.536913e-03  -3.462689e-01  -0.3051
433937.3051  7.533476e-03  -3.467134e-01  -0.3051
433997.3051  7.528305e-03  -3.471536e-01  -0.3051
434057.3051  7.522992e-03  -3.475912e-01  -0.3051
434117.3050  7.518995e-03  -3.480221e-01  -0.3050
434177.3051  7.514805e-03  -3.484489e-01  -0.3051
434237.3051  7.511181e-03  -3.488727e-01  -0.3051
434297.3051  7.508140e-03  -3.492903e-01  -0.3051
434357.3051  7.503342e-03  -3.497029e-01  -0.3051
434417.3050  7.501391e-03  -3.501130e-01  -0.3050
434477.3051  7.500012e-03  -3.505195e-01  -0.3051
434537.3051  7.499156e-03  -3.509199e-01  -0.3051
434597.3051  7.496547e-03  -3.513170e-01  -0.3051
434657.3051  7.496768e-03  -3.517093e-01  -0.3051
434717.3051  7.494483e-03  -3.520974e-01  -0.3051
434777.3050  7.495763e-03  -3.524818e-01  -0.3050
434837.3051  7.497565e-03  -3.528625e-01  -0.3051
434897.3051  7.496848e-03  -3.532379e-01  -0.3051
434957.3051  7.496644e-03  -3.536099e-01  -0.3051
435017.3051  7.499965e-03  -3.539772e-01  -0.3051
435077.3050  7.500773e-03  -3.543415e-01  -0.3050
435137.3051  7.502080e-03  -3.547014e-01  -0.3051
435197.3051  7.506155e-03  -3.550565e-01  -0.3051
435257.3051  7.508446e-03  -3.554080e-01  -0.3051
435317.3051  7.511201e-03  -3.557569e-01  -0.3051
435377.3051  7.514457e-03  -3.560983e-01  -0.3051
435437.3051  7.517422e-03  -3.564400e-01  -0.3051
435497.3051  7.521624e-03  -3.567755e-01  -0.3051
435557.3051  7.526270e-03  -3.571050e-01  -0.3051
435617.3050  7.530631e-03  -3.574341e-01  -0.3050
435677.3051  7.536215e-03  -3.577555e-01  -0.3051
435737.3051  7.541484e-03  -3.580780e-01  -0.3051
435797.3051  7.547198e-03  -3.583921e-01  -0.3051
435857.3051  7.554100e-03  -3.587043e-01  -0.3051
435917.3051  7.560692e-03  -3.590104e-01  -0.3051
435977.3051  7.567717e-03  -3.593152e-01  -0.3051
436037.3051  7.575168e-03  -3.596154e-01  -0.3051
436097.3051  7.580747e-03  -3.599123e-01  -0.3051
436157.3050  7.589038e-03  -3.602027e-01  -0.3050
436217.3051  7.597720e-03  -3.604923e-01  -0.3051
436277.3050  7.604537e-03  -3.607769e-01  -0.3050
436337.3051  7.613306e-03  -3.610556e-01  -0.3051
436397.3051  7.623220e-03  -3.613318e-01  -0.3051
436457.3051  7.631211e-03  -3.616055e-01  -0.3051
436517.3051  7.641163e-03  -3.618747e-01  -0.3051
436577.3051  7.649928e-03  -3.621388e-01  -0.3051
436637.3051  7.660644e-03  -3.624007e-01  -0.3051
436697.3051  7.669419e-03  -3.626566e-01  -0.3051
436757.3051  7.681628e-03  -3.629107e-01  -0.3051
436817.3050  7.691141e-03  -3.631602e-01  -0.3050
436877.3051  7.701015e-03  -3.634070e-01  -0.3051
436937.3051  7.713543e-03  -3.636494e-01  -0.3051
436997.3051  7.724151e-03  -3.638865e-01  -0.3051
437057.3051  7.735085e-03  -3.641226e-01  -0.3051
437117.3050  7.748661e-03  -3.643532e-01  -0.3050
437177.3051  7.760281e-03  -3.645788e-01  -0.3051
437237.3051  7.772237e-03  -3.648037e-01  -0.3051
437297.3051  7.783778e-03  -3.650235e-01  -0.3051
437357.3051  7.796395e-03  -3.652388e-01  -0.3051
437417.3051  7.808587e-03  -3.654518e-01  -0.3051
437477.3050  7.824144e-03  -3.656602e-01  -0.3050
437537.3051  7.836972e-03  -3.658643e-01  -0.3051
437597.3051  7.850860e-03  -3.660664e-01  -0.3051
437657.3051  7.864285e-03  -3.662647e-01  -0.3051
437717.3051  7.878037e-03  -3.664567e-01  -0.3051
437777.3050  7.892836e-03  -3.666495e-01  -0.3050
437837.3051  7.907183e-03  -3.668365e-01  -0.3051
437897.3051  7.921801e-03  -3.670200e-01  -0.3051
437957.3051  7.934432e-03  -3.671980e-01  -0.3051
438017.3051  7.949623e-03  -3.673750e-01  -0.3051
438077.3051  7.965117e-03  -3.675489e-01  -0.3051
438137.3051  7.980867e-03  -3.677178e-01  -0.3051
438197.3051  7.996913e-03  -3.678838e-01  -0.3051
438257.3051  8.012460e-03  -3.680470e-01  -0.3051
438317.3050  8.029021e-03  -3.682057e-01  -0.3050
438377.3051  8.043570e-03  -3.683619e-01  -0.3051
438437.3051  8.059907e-03  -3.685136e-01  -0.3051
438497.3051  8.077249e-03  -3.686632e-01  -0.3051
438557.3051  8.091798e-03  -3.688107e-01  -0.3051
438617.3051  8.109644e-03  -3.689518e-01  -0.3051
438677.3051  8.127009e-03  -3.690912e-01  -0.3051
438737.3051  8.142298e-03  -3.692267e-01  -0.3051
438797.3051  8.160875e-03  -3.693608e-01  -0.3051
438857.3050  8.178941e-03  -3.694911e-01  -0.3050
438917.3051  8.194941e-03  -3.696180e-01  -0.3051
438977.3050  8.213473e-03  -3.697415e-01  -0.3050
439037.3051  8.229911e-03  -3.698616e-01  -0.3051
439097.3051  8.248895e-03  -3.699785e-01  -0.3051
439157.3051  8.265803e-03  -3.700925e-01  -0.3051
439217.3051  8.285230e-03  -3.702035e-01  -0.3051
439277.3051  8.302574e-03  -3.703117e-01  -0.3051
439337.3051  8.321659e-03  -3.704172e-01  -0.3051
439397.3051  8.339428e-03  -3.705177e-01  -0.3051
439457.3051  8.359705e-03  -3.706180e-01  -0.3051
439517.3050  8.377116e-03  -3.707139e-01  -0.3050
439577.3051  8.395501e-03  -3.708073e-01  -0.3051
439637.3051  8.415615e-03  -3.708964e-01  -0.3051
439697.3051  8.434399e-03  -3.709856e-01  -0.3051
439757.3051  8.452606e-03  -3.710684e-01  -0.3051
439817.3050  8.474079e-03  -3.711515e-01  -0.3050
439877.3051  8.492668e-03  -3.712307e-01  -0.3051
439937.3051  8.511468e-03  -3.713060e-01  -0.3051
439997.3051  8.532731e-03  -3.713797e-01  -0.3051
440057.3051  8.552628e-03  -3.714520e-01  -0.3051
440117.3051  8.571977e-03  -3.715208e-01  -0.3051
440177.3050  8.591482e-03  -3.715859e-01  -0.3050
440237.3051  8.611164e-03  -3.716477e-01  -0.3051
440297.3051  8.633320e-03  -3.717085e-01  -0.3051
440357.3051  8.653347e-03  -3.717660e-01  -0.3051
440417.3051  8.673566e-03  -3.718227e-01  -0.3051
440477.3050  8.693178e-03  -3.718741e-01  -0.3050
440537.3051  8.713708e-03  -3.719248e-01  -0.3051
440597.3051  8.734400e-03  -3.719727e-01  -0.3051
440657.3051  8.755254e-03  -3.720179e-01  -0.3051
440717.3051  8.777818e-03  -3.720626e-01  -0.3051
440777.3051  8.798988e-03  -3.721026e-01  -0.3051
440837.3051  8.819540e-03  -3.721399e-01  -0.3051
440897.3051  8.841019e-03  -3.721772e-01  -0.3051
440957.3051  8.861897e-03  -3.722099e-01  -0.3051
441017.3050  8.883678e-03  -3.722428e-01  -0.3050
441077.3051  8.904853e-03  -3.722710e-01  -0.3051
441137.3051  8.926153e-03  -3.722974e-01  -0.3051
441197.3051  8.948371e-03  -3.723216e-01  -0.3051
441257.3051  8.969979e-03  -3.723441e-01  -0.3051
441317.3051  8.991706e-03  -3.723648e-01  -0.3051
441377.3051  9.011290e-03  -3.723837e-01  -0.3051
441437.3051  9.033315e-03  -3.723986e-01  -0.3051
441497.3051  9.055453e-03  -3.724120e-01  -0.3051
441557.3050  9.077747e-03  -3.724239e-01  -0.3050
441617.3051  9.100152e-03  -3.724343e-01  -0.3051
441677.3050  9.122710e-03  -3.724411e-01  -0.3050
441737.3051  9.145374e-03  -3.724468e-01  -0.3051
441797.3051  9.168189e-03  -3.724511e-01  -0.3051
441857.3051  9.188803e-03  -3.724544e-01  -0.3051
441917.3051  9.211093e-03  -3.724544e-01  -0.3051
441977.3051  9.234282e-03  -3.724511e-01  -0.3051
442037.3051  9.257570e-03  -3.724468e-01  -0.3051
442097.3051  9.280225e-03  -3.724417e-01  -0.3051
442157.3051  9.301448e-03  -3.724337e-01  -0.3051
442217.3050  9.324361e-03  -3.724247e-01  -0.3050
442277.3051  9.348123e-03  -3.724131e-01  -0.3051
442337.3051  9.368940e-03  -3.724007e-01  -0.3051
442397.3051  9.392930e-03  -3.723858e-01  -0.3051
442457.3051  9.416278e-03  -3.723679e-01  -0.3051
442517.3050  9.439738e-03  -3.723498e-01  -0.3050
442577.3051  9.461755e-03  -3.723313e-01  -0.3051
442637.3051  9.485432e-03  -3.723081e-01  -0.3051
442697.3051  9.509217e-03  -3.722847e-01  -0.3051
442757.3051  9.530801e-03  -3.722610e-01  -0.3051
442817.3051  9.554797e-03  -3.722330e-01  -0.3051
442877.3050  9.576589e-03  -3.722048e-01  -0.3050
442937.3051  9.600791e-03  -3.721767e-01  -0.3051
442997.3051  9.625094e-03  -3.721440e-01  -0.3051
443057.3051  9.647190e-03  -3.721117e-01  -0.3051
443117.3051  9.671670e-03  -3.720773e-01  -0.3051
443177.3050  9.693964e-03  -3.720408e-01  -0.3050
443237.3051  9.718662e-03  -3.720048e-01  -0.3051
443297.3051  9.743455e-03  -3.719646e-01  -0.3051
443357.3051  9.766014e-03  -3.719248e-01  -0.3051
443417.3051  9.790242e-03  -3.718833e-01  -0.3051
443477.3051  9.813009e-03  -3.718400e-01  -0.3051
443537.3051  9.838155e-03  -3.717973e-01  -0.3051
443597.3051  9.860350e-03  -3.717509e-01  -0.3051
443657.3051  9.885676e-03  -3.717028e-01  -0.3051
443717.3050  9.908806e-03  -3.716555e-01  -0.3050
443777.3051  9.933576e-03  -3.716044e-01  -0.3051
443837.3051  9.956102e-03  -3.715542e-01  -0.3051
443897.3051  9.979471e-03  -3.715026e-01  -0.3051
443957.3051  1.000450e-02  -3.714475e-01  -0.3051
444017.3051  1.002804e-02  -3.713933e-01  -0.3051
444077.3051  1.005323e-02  -3.713381e-01  -0.3051
444137.3051  1.007618e-02  -3.712793e-01  -0.3051
444197.3051  1.009997e-02  -3.712216e-01  -0.3051
444257.3050  1.012541e-02  -3.711606e-01  -0.3050
444317.3051  1.014860e-02  -3.711009e-01  -0.3051
444377.3050  1.017419e-02  -3.710379e-01  -0.3050
444437.3051  1.019753e-02  -3.709761e-01  -0.3051
444497.3051  1.022098e-02  -3.709113e-01  -0.3051
444557.3051  1.024680e-02  -3.708456e-01  -0.3051
444617.3051  1.027038e-02  -3.707790e-01  -0.3051
444677.3051  1.029404e-02  -3.707117e-01  -0.3051
444737.3051  1.032008e-02  -3.706437e-01  -0.3051
444797.3051  1.034388e-02  -3.705726e-01  -0.3051
444857.3051  1.036776e-02  -3.705032e-01  -0.3051
444917.3050  1.039405e-02  -3.704309e-01  -0.3050
444977.3051  1.041807e-02  -3.703580e-01  -0.3051
445037.3051  1.044141e-02  -3.702845e-01  -0.3051
445097.3051  1.046557e-02  -3.702106e-01  -0.3051
445157.3051  1.049210e-02  -3.701340e-01  -0.3051
445217.3050  1.051565e-02  -3.700569e-01  -0.3050
445277.3051  1.054002e-02  -3.699794e-01  -0.3051
445337.3051  1.056446e-02  -3.699016e-01  -0.3051
445397.3051  1.058821e-02  -3.698234e-01  -0.3051
445457.3051  1.061510e-02  -3.697427e-01  -0.3051
445517.3051  1.063899e-02  -3.696618e-01  -0.3051
445577.3050  1.066367e-02  -3.695784e-01  -0.3050
445637.3051  1.068769e-02  -3.694969e-01  -0.3051
445697.3051  1.071252e-02  -3.694132e-01  -0.3051
445757.3051  1.073898e-02  -3.693271e-01  -0.3051
445817.3051  1.076316e-02  -3.692431e-01  -0.3051
445877.3050  1.078819e-02  -3.691568e-01  -0.3050
445937.3051  1.081252e-02  -3.690683e-01  -0.3051
445997.3051  1.083690e-02  -3.689820e-01  -0.3051
446057.3051  1.086135e-02  -3.688936e-01  -0.3051
446117.3051  1.088662e-02  -3.688028e-01  -0.3051
446177.3051  1.091118e-02  -3.687123e-01  -0.3051
446237.3051  1.093813e-02  -3.686218e-01  -0.3051
446297.3051  1.096280e-02  -3.685316e-01  -0.3051
446357.3051  1.098755e-02  -3.684392e-01  -0.3051
446417.3050  1.101234e-02  -3.683448e-01  -0.3050
446477.3051  1.103721e-02  -3.682507e-01  -0.3051
446537.3051  1.106211e-02  -3.681569e-01  -0.3051
446597.3051  1.108707e-02  -3.680634e-01  -0.3051
446657.3051  1.111211e-02  -3.679657e-01  -0.3051
446717.3051  1.113718e-02  -3.678705e-01  -0.3051
446777.3051  1.116157e-02  -3.677736e-01  -0.3051
446837.3051  1.118676e-02  -3.676748e-01  -0.3051
446897.3051  1.121199e-02  -3.675763e-01  -0.3051
446957.3050  1.123728e-02  -3.674785e-01  -0.3050
447017.3051  1.126189e-02  -3.673788e-01  -0.3051
447077.3050  1.128729e-02  -3.672774e-01  -0.3050
447137.3051  1.131274e-02  -3.671765e-01  -0.3051
447197.3051  1.133748e-02  -3.670762e-01  -0.3051
447257.3051  1.136306e-02  -3.669742e-01  -0.3051
447317.3051  1.138867e-02  -3.668729e-01  -0.3051
447377.3051  1.141357e-02  -3.667698e-01  -0.3051
447437.3051  1.143927e-02  -3.666652e-01  -0.3051
447497.3051  1.146427e-02  -3.665613e-01  -0.3051
447557.3051  1.149008e-02  -3.664559e-01  -0.3051
447617.3050  1.151518e-02  -3.663511e-01  -0.3050
447677.3051  1.154109e-02  -3.662450e-01  -0.3051
447737.3051  1.156629e-02  -3.661395e-01  -0.3051
447797.3051  1.158922e-02  -3.660325e-01  -0.3051
447857.3051  1.161527e-02  -3.659242e-01  -0.3051
447917.3050  1.164061e-02  -3.658167e-01  -0.3050
447977.3051  1.166600e-02  -3.657099e-01  -0.3051
448037.3051  1.169144e-02  -3.655996e-01  -0.3051
448097.3051  1.171769e-02  -3.654924e-01  -0.3051
448157.3051  1.174322e-02  -3.653818e-01  -0.3051
448217.3051  1.176879e-02  -3.652719e-01  -0.3051
448277.3050  1.179208e-02  -3.651608e-01  -0.3050
448337.3051  1.181774e-02  -3.650506e-01  -0.3051
448397.3051  1.184346e-02  -3.649392e-01  -0.3051
448457.3051  1.186922e-02  -3.648266e-01  -0.3051
448517.3051  1.189502e-02  -3.647150e-01  -0.3051
448577.3050  1.192085e-02  -3.646021e-01  -0.3050
448637.3051  1.194442e-02  -3.644904e-01  -0.3051
448697.3051  1.197036e-02  -3.643753e-01  -0.3051
448757.3051  1.199632e-02  -3.642634e-01  -0.3051
448817.3051  1.202234e-02  -3.641483e-01  -0.3051
448877.3051  1.204609e-02  -3.640342e-01  -0.3051
448937.3051  1.207217e-02  -3.639189e-01  -0.3051
448997.3051  1.209756e-02  -3.638050e-01  -0.3051
449057.3051  1.212374e-02  -3.636877e-01  -0.3051
449117.3050  1.214997e-02  -3.635716e-01  -0.3050
449177.3051  1.217393e-02  -3.634567e-01  -0.3051
449237.3051  1.219947e-02  -3.633386e-01  -0.3051
449297.3051  1.222583e-02  -3.632216e-01  -0.3051
449357.3051  1.224989e-02  -3.631060e-01  -0.3051
449417.3051  1.227554e-02  -3.629871e-01  -0.3051
449477.3051  1.230203e-02  -3.628695e-01  -0.3051
449537.3051  1.232853e-02  -3.627511e-01  -0.3051
449597.3051  1.235201e-02  -3.626338e-01  -0.3051
449657.3050  1.237859e-02  -3.625135e-01  -0.3050
449717.3051  1.240445e-02  -3.623945e-01  -0.3051
449777.3050  1.242881e-02  -3.622768e-01  -0.3050
449837.3051  1.245475e-02  -3.621561e-01  -0.3051
449897.3051  1.248073e-02  -3.620368e-01  -0.3051
449957.3051  1.250520e-02  -3.619166e-01  -0.3051
450017.3051  1.253126e-02  -3.617956e-01  -0.3051
450077.3051  1.255811e-02  -3.616760e-01  -0.3051
450137.3051  1.258194e-02  -3.615534e-01  -0.3051
450197.3051  1.260811e-02  -3.614323e-01  -0.3051
450257.3051  1.263275e-02  -3.613124e-01  -0.3051
450317.3050  1.265900e-02  -3.611898e-01  -0.3050
450377.3051  1.268528e-02  -3.610685e-01  -0.3051
450437.3051  1.270927e-02  -3.609467e-01  -0.3051
450497.3051  1.273565e-02  -3.608240e-01  -0.3051
450557.3051  1.276280e-02  -3.607007e-01  -0.3051
450617.3050  1.278691e-02  -3.605788e-01  -0.3050
450677.3051  1.281337e-02  -3.604542e-01  -0.3051
450737.3051  1.283755e-02  -3.603309e-01  -0.3051
450797.3051  1.286408e-02  -3.602071e-01  -0.3051
450857.3051  1.288833e-02  -3.600849e-01  -0.3051
450917.3051  1.291494e-02  -3.599598e-01  -0.3051
450977.3050  1.294158e-02  -3.598362e-01  -0.3050
451037.3051  1.296594e-02  -3.597120e-01  -0.3051
451097.3051  1.299265e-02  -3.595873e-01  -0.3051
451157.3051  1.301707e-02  -3.594641e-01  -0.3051
451217.3051  1.304386e-02  -3.593383e-01  -0.3051
451277.3050  1.306835e-02  -3.592140e-01  -0.3050
451337.3051  1.309520e-02  -3.590892e-01  -0.3051
451397.3051  1.311898e-02  -3.589637e-01  -0.3051
451457.3051  1.314590e-02  -3.588378e-01  -0.3051
451517.3051  1.317053e-02  -3.587114e-01  -0.3051
451577.3051  1.319752e-02  -3.585866e-01  -0.3051
451637.3051  1.322145e-02  -3.584613e-01  -0.3051
451697.3051  1.324849e-02  -3.583355e-01  -0.3051
451757.3051  1.327325e-02  -3.582093e-01  -0.3051
451817.3050  1.330038e-02  -3.580825e-01  -0.3050
451877.3051  1.332444e-02  -3.579553e-01  -0.3051
451937.3051  1.334928e-02  -3.578297e-01  -0.3051
451997.3051  1.337651e-02  -3.577016e-01  -0.3051
452057.3051  1.340067e-02  -3.575753e-01  -0.3051
452117.3051  1.342794e-02  -3.574485e-01  -0.3051
452177.3051  1.345217e-02  -3.573212e-01  -0.3051
452237.3051  1.347952e-02  -3.571936e-01  -0.3051
452297.3051  1.350379e-02  -3.570675e-01  -0.3051
452357.3050  1.352888e-02  -3.569392e-01  -0.3050
452417.3051  1.355554e-02  -3.568125e-01  -0.3051
452477.3050  1.358070e-02  -3.566833e-01  -0.3050
452537.3051  1.360745e-02  -3.565558e-01  -0.3051
452597.3051  1.363188e-02  -3.564280e-01  -0.3051
452657.3051  1.365713e-02  -3.562997e-01  -0.3051
452717.3051  1.368395e-02  -3.561713e-01  -0.3051
452777.3051  1.370926e-02  -3.560444e-01  -0.3051
452837.3051  1.373381e-02  -3.559152e-01  -0.3051
452897.3051  1.376073e-02  -3.557878e-01  -0.3051
452957.3051  1.378537e-02  -3.556602e-01  -0.3051
453017.3050  1.381311e-02  -3.555300e-01  -0.3050
453077.3051  1.383781e-02  -3.554017e-01  -0.3051
453137.3051  1.386252e-02  -3.552730e-01  -0.3051
453197.3051  1.388725e-02  -3.551441e-01  -0.3051
453257.3051  1.391514e-02  -3.550170e-01  -0.3051
453317.3050  1.393994e-02  -3.548876e-01  -0.3050
453377.3051  1.396477e-02  -3.547578e-01  -0.3051
453437.3051  1.399198e-02  -3.546298e-01  -0.3051
453497.3051  1.401687e-02  -3.544996e-01  -0.3051
453557.3051  1.404179e-02  -3.543711e-01  -0.3051
453617.3051  1.406907e-02  -3.542426e-01  -0.3051
453677.3050  1.409407e-02  -3.541137e-01  -0.3050
453737.3051  1.411908e-02  -3.539846e-01  -0.3051
453797.3051  1.414412e-02  -3.538551e-01  -0.3051
453857.3051  1.417152e-02  -3.537257e-01  -0.3051
453917.3051  1.419661e-02  -3.535958e-01  -0.3051
453977.3050  1.422176e-02  -3.534659e-01  -0.3050
454037.3051  1.424691e-02  -3.533357e-01  -0.3051
454097.3051  1.427443e-02  -3.532073e-01  -0.3051
454157.3051  1.429964e-02  -3.530767e-01  -0.3051
454217.3051  1.432488e-02  -3.529481e-01  -0.3051
454277.3051  1.434938e-02  -3.528192e-01  -0.3051
454337.3051  1.437702e-02  -3.526880e-01  -0.3051
454397.3051  1.440234e-02  -3.525589e-01  -0.3051
454457.3051  1.442770e-02  -3.524295e-01  -0.3051
454517.3050  1.445308e-02  -3.523000e-01  -0.3050
454577.3051  1.447773e-02  -3.521704e-01  -0.3051
454637.3051  1.450550e-02  -3.520405e-01  -0.3051
454697.3051  1.453097e-02  -3.519106e-01  -0.3051
454757.3051  1.455570e-02  -3.517804e-01  -0.3051
454817.3051  1.458122e-02  -3.516502e-01  -0.3051
454877.3051  1.460678e-02  -3.515199e-01  -0.3051
454937.3051  1.463159e-02  -3.513914e-01  -0.3051
454997.3051  1.465720e-02  -3.512608e-01  -0.3051
455057.3050  1.468440e-02  -3.511321e-01  -0.3050
455117.3051  1.471004e-02  -3.510013e-01  -0.3051
455177.3050  1.473574e-02  -3.508724e-01  -0.3050
455237.3051  1.476069e-02  -3.507414e-01  -0.3051
455297.3051  1.478644e-02  -3.506123e-01  -0.3051
455357.3051  1.481144e-02  -3.504811e-01  -0.3051
455417.3051  1.483722e-02  -3.503518e-01  -0.3051
455477.3051  1.486228e-02  -3.502224e-01  -0.3051
455537.3051  1.489048e-02  -3.500930e-01  -0.3051
455597.3051  1.491559e-02  -3.499615e-01  -0.3051
455657.3051  1.494071e-02  -3.498319e-01  -0.3051
455717.3050  1.496665e-02  -3.497022e-01  -0.3050
455777.3051  1.499185e-02  -3.495726e-01  -0.3051
455837.3051  1.501705e-02  -3.494428e-01  -0.3051
455897.3051  1.504307e-02  -3.493129e-01  -0.3051
455957.3051  1.506834e-02  -3.491831e-01  -0.3051
456017.3050  1.509363e-02  -3.490532e-01  -0.3050
456077.3051  1.511973e-02  -3.489231e-01  -0.3051
456137.3051  1.514508e-02  -3.487952e-01  -0.3051
456197.3051  1.517044e-02  -3.486651e-01  -0.3051
456257.3051  1.519585e-02  -3.485351e-01  -0.3051
456317.3051  1.522204e-02  -3.484049e-01  -0.3051
456377.3050  1.524750e-02  -3.482748e-01  -0.3050
456437.3051  1.527297e-02  -3.481467e-01  -0.3051
456497.3051  1.529849e-02  -3.480166e-01  -0.3051
456557.3051  1.532401e-02  -3.478864e-01  -0.3051
456617.3051  1.534957e-02  -3.477581e-01  -0.3051
456677.3050  1.537515e-02  -3.476279e-01  -0.3050
456737.3051  1.540154e-02  -3.474976e-01  -0.3051
456797.3051  1.542716e-02  -3.473694e-01  -0.3051
456857.3051  1.545284e-02  -3.472391e-01  -0.3051
456917.3051  1.547851e-02  -3.471109e-01  -0.3051
456977.3051  1.550422e-02  -3.469806e-01  -0.3051
457037.3051  1.552997e-02  -3.468505e-01  -0.3051
457097.3051  1.555572e-02  -3.467222e-01  -0.3051
457157.3051  1.558150e-02  -3.465921e-01  -0.3051
457217.3050  1.560733e-02  -3.464639e-01  -0.3050
457277.3051  1.563317e-02  -3.463338e-01  -0.3051
457337.3051  1.565902e-02  -3.462055e-01  -0.3051
457397.3051  1.568416e-02  -3.460755e-01  -0.3051
457457.3051  1.571007e-02  -3.459474e-01  -0.3051
457517.3051  1.573366e-02  -3.458193e-01  -0.3051
457577.3051  1.575962e-02  -3.456893e-01  -0.3051
457637.3051  1.578563e-02  -3.455612e-01  -0.3051
457697.3051  1.581164e-02  -3.454313e-01  -0.3051
457757.3050  1.583691e-02  -3.453033e-01  -0.3050
457817.3051  1.586297e-02  -3.451736e-01  -0.3051
457877.3050  1.588906e-02  -3.450458e-01  -0.3050
457937.3051  1.591520e-02  -3.449159e-01  -0.3051
457997.3051  1.594134e-02  -3.447882e-01  -0.3051
458057.3051  1.596438e-02  -3.446605e-01  -0.3051
458117.3051  1.599057e-02  -3.445308e-01  -0.3051
458177.3051  1.601679e-02  -3.444033e-01  -0.3051
458237.3051  1.604226e-02  -3.442738e-01  -0.3051
458297.3051  1.606852e-02  -3.441464e-01  -0.3051
458357.3051  1.609481e-02  -3.440170e-01  -0.3051
458417.3050  1.611801e-02  -3.438896e-01  -0.3050
458477.3051  1.614435e-02  -3.437623e-01  -0.3051
458537.3051  1.616994e-02  -3.436331e-01  -0.3051
458597.3051  1.619634e-02  -3.435061e-01  -0.3051
458657.3051  1.622275e-02  -3.433769e-01  -0.3051
458717.3050  1.624607e-02  -3.432501e-01  -0.3050
458777.3051  1.627254e-02  -3.431212e-01  -0.3051
458837.3051  1.629826e-02  -3.429943e-01  -0.3051
458897.3051  1.632477e-02  -3.428656e-01  -0.3051
458957.3051  1.635054e-02  -3.427390e-01  -0.3051
459017.3051  1.637476e-02  -3.426104e-01  -0.3051
459077.3050  1.640058e-02  -3.424840e-01  -0.3050
459137.3051  1.642719e-02  -3.423555e-01  -0.3051
459197.3051  1.645306e-02  -3.422292e-01  -0.3051
459257.3051  1.647660e-02  -3.421011e-01  -0.3051
459317.3051  1.650327e-02  -3.419749e-01  -0.3051
459377.3050  1.652921e-02  -3.418469e-01  -0.3050
459437.3051  1.655360e-02  -3.417191e-01  -0.3051
459497.3051  1.657959e-02  -3.415932e-01  -0.3051
459557.3051  1.660560e-02  -3.414656e-01  -0.3051
459617.3051  1.663239e-02  -3.413379e-01  -0.3051
459677.3051  1.665611e-02  -3.412124e-01  -0.3051
459737.3051  1.668219e-02  -3.410850e-01  -0.3051
459797.3051  1.670831e-02  -3.409578e-01  -0.3051
459857.3051  1.673284e-02  -3.408326e-01  -0.3051
459917.3050  1.675901e-02  -3.407055e-01  -0.3050
459977.3051  1.678519e-02  -3.405786e-01  -0.3051
460037.3051  1.680903e-02  -3.404518e-01  -0.3051
460097.3051  1.683604e-02  -3.403271e-01  -0.3051
460157.3051  1.686230e-02  -3.402003e-01  -0.3051
460217.3051  1.688621e-02  -3.400740e-01  -0.3051
460277.3051  1.691251e-02  -3.399476e-01  -0.3051
460337.3051  1.693885e-02  -3.398213e-01  -0.3051
460397.3051  1.696283e-02  -3.396953e-01  -0.3051
460457.3050  1.698921e-02  -3.395692e-01  -0.3050
460517.3051  1.701559e-02  -3.394433e-01  -0.3051
460577.3050  1.704044e-02  -3.393176e-01  -0.3050
460637.3051  1.706687e-02  -3.391921e-01  -0.3051
460697.3051  1.709100e-02  -3.390666e-01  -0.3051
460757.3051  1.711748e-02  -3.389412e-01  -0.3051
460817.3051  1.714400e-02  -3.388159e-01  -0.3051
460877.3051  1.716818e-02  -3.386909e-01  -0.3051
460937.3051  1.719475e-02  -3.385657e-01  -0.3051
460997.3051  1.721897e-02  -3.384410e-01  -0.3051
461057.3051  1.724559e-02  -3.383162e-01  -0.3051
461117.3050  1.726986e-02  -3.381897e-01  -0.3050
461177.3051  1.729653e-02  -3.380656e-01  -0.3051
461237.3051  1.732243e-02  -3.379412e-01  -0.3051
461297.3051  1.734677e-02  -3.378173e-01  -0.3051
461357.3051  1.737351e-02  -3.376912e-01  -0.3051
461417.3050  1.739790e-02  -3.375675e-01  -0.3050
461477.3051  1.742469e-02  -3.374436e-01  -0.3051
461537.3051  1.744913e-02  -3.373181e-01  -0.3051
461597.3051  1.747595e-02  -3.371951e-01  -0.3051
461657.3051  1.750045e-02  -3.370698e-01  -0.3051
461717.3051  1.752654e-02  -3.369464e-01  -0.3051
461777.3050  1.755107e-02  -3.368213e-01  -0.3050
461837.3051  1.757799e-02  -3.366988e-01  -0.3051
461897.3051  1.760259e-02  -3.365741e-01  -0.3051
461957.3051  1.762877e-02  -3.364497e-01  -0.3051
462017.3051  1.765340e-02  -3.363271e-01  -0.3051
462077.3050  1.768041e-02  -3.362032e-01  -0.3050
462137.3051  1.770510e-02  -3.360789e-01  -0.3051
462197.3051  1.773138e-02  -3.359552e-01  -0.3051
462257.3051  1.775610e-02  -3.358332e-01  -0.3051
462317.3051  1.778085e-02  -3.357097e-01  -0.3051
462377.3051  1.780720e-02  -3.355867e-01  -0.3051
462437.3051  1.783199e-02  -3.354636e-01  -0.3051
462497.3051  1.785919e-02  -3.353402e-01  -0.3051
462557.3051  1.788325e-02  -3.352173e-01  -0.3051
462617.3050  1.791047e-02  -3.350950e-01  -0.3050
462677.3051  1.793536e-02  -3.349724e-01  -0.3051
462737.3051  1.795950e-02  -3.348496e-01  -0.3051
462797.3051  1.798679e-02  -3.347273e-01  -0.3051
462857.3051  1.801097e-02  -3.346037e-01  -0.3051
462917.3051  1.803831e-02  -3.344817e-01  -0.3051
462977.3051  1.806254e-02  -3.343595e-01  -0.3051
463037.3051  1.808757e-02  -3.342380e-01  -0.3051
463097.3051  1.811420e-02  -3.341149e-01  -0.3051
463157.3050  1.813928e-02  -3.339937e-01  -0.3050
463217.3051  1.816360e-02  -3.338730e-01  -0.3051
463277.3050  1.819109e-02  -3.337501e-01  -0.3050
463337.3051  1.821546e-02  -3.336291e-01  -0.3051
463397.3051  1.824063e-02  -3.335066e-01  -0.3051
463457.3051  1.826740e-02  -3.333858e-01  -0.3051
463517.3051  1.829184e-02  -3.332638e-01  -0.3051
463577.3051  1.831708e-02  -3.331422e-01  -0.3051
463637.3051  1.834393e-02  -3.330224e-01  -0.3051
463697.3051  1.836922e-02  -3.329005e-01  -0.3051
463757.3051  1.839373e-02  -3.327791e-01  -0.3051
463817.3050  1.842065e-02  -3.326577e-01  -0.3050
463877.3051  1.844601e-02  -3.325367e-01  -0.3051
463937.3051  1.847061e-02  -3.324155e-01  -0.3051
463997.3051  1.849760e-02  -3.322969e-01  -0.3051
464057.3051  1.852301e-02  -3.321762e-01  -0.3051
464117.3050  1.854768e-02  -3.320560e-01  -0.3050
464177.3051  1.857238e-02  -3.319338e-01  -0.3051
464237.3051  1.859946e-02  -3.318141e-01  -0.3051
464297.3051  1.862499e-02  -3.316941e-01  -0.3051
464357.3051  1.864973e-02  -3.315741e-01  -0.3051
464417.3051  1.867452e-02  -3.314547e-01  -0.3051
464477.3050  1.870170e-02  -3.313332e-01  -0.3050
464537.3051  1.872652e-02  -3.312142e-01  -0.3051
464597.3051  1.875216e-02  -3.310951e-01  -0.3051
464657.3051  1.877704e-02  -3.309746e-01  -0.3051
464717.3051  1.880193e-02  -3.308558e-01  -0.3051
464777.3050  1.882922e-02  -3.307358e-01  -0.3050
464837.3051  1.885418e-02  -3.306175e-01  -0.3051
464897.3051  1.887913e-02  -3.304972e-01  -0.3051
464957.3051  1.890491e-02  -3.303794e-01  -0.3051
465017.3051  1.892994e-02  -3.302602e-01  -0.3051
465077.3051  1.895733e-02  -3.301403e-01  -0.3051
465137.3051  1.898240e-02  -3.300216e-01  -0.3051
465197.3051  1.900748e-02  -3.299041e-01  -0.3051
465257.3051  1.903260e-02  -3.297851e-01  -0.3051
465317.3050  1.905771e-02  -3.296669e-01  -0.3050
465377.3051  1.908288e-02  -3.295484e-01  -0.3051
465437.3051  1.911041e-02  -3.294299e-01  -0.3051
465497.3051  1.913562e-02  -3.293119e-01  -0.3051
465557.3051  1.916084e-02  -3.291940e-01  -0.3051
465617.3051  1.918610e-02  -3.290747e-01  -0.3051
465677.3051  1.921136e-02  -3.289571e-01  -0.3051
465737.3051  1.923666e-02  -3.288394e-01  -0.3051
465797.3051  1.926197e-02  -3.287223e-01  -0.3051
465857.3050  1.928732e-02  -3.286034e-01  -0.3050
465917.3051  1.931267e-02  -3.284868e-01  -0.3051
465977.3050  1.934044e-02  -3.283701e-01  -0.3050
466037.3051  1.936506e-02  -3.282516e-01  -0.3051
466097.3051  1.939048e-02  -3.281335e-01  -0.3051
466157.3051  1.941595e-02  -3.280173e-01  -0.3051
466217.3051  1.944142e-02  -3.278999e-01  -0.3051
466277.3051  1.946692e-02  -3.277842e-01  -0.3051
466337.3051  1.949246e-02  -3.276664e-01  -0.3051
466397.3051  1.951800e-02  -3.275493e-01  -0.3051
466457.3051  1.954278e-02  -3.274323e-01  -0.3051
466517.3050  1.956839e-02  -3.273157e-01  -0.3050
466577.3051  1.959400e-02  -3.271991e-01  -0.3051
466637.3051  1.961964e-02  -3.270832e-01  -0.3051
466697.3051  1.964451e-02  -3.269664e-01  -0.3051
466757.3051  1.967022e-02  -3.268503e-01  -0.3051
466817.3050  1.969592e-02  -3.267348e-01  -0.3050
466877.3051  1.972165e-02  -3.266192e-01  -0.3051
466937.3051  1.974662e-02  -3.265035e-01  -0.3051
466997.3051  1.977241e-02  -3.263885e-01  -0.3051
467057.3051  1.979821e-02  -3.262715e-01  -0.3051
467117.3051  1.982325e-02  -3.261570e-01  -0.3051
467177.3050  1.984910e-02  -3.260417e-01  -0.3050
467237.3051  1.987496e-02  -3.259260e-01  -0.3051
467297.3051  1.990007e-02  -3.258113e-01  -0.3051
467357.3051  1.992601e-02  -3.256953e-01  -0.3051
467417.3051  1.995195e-02  -3.255794e-01  -0.3051
467477.3050  1.997713e-02  -3.254658e-01  -0.3050
467537.3051  2.000311e-02  -3.253504e-01  -0.3051
467597.3051  2.002912e-02  -3.252357e-01  -0.3051
467657.3051  2.005437e-02  -3.251202e-01  -0.3051
467717.3051  2.008043e-02  -3.250052e-01  -0.3051
467777.3051  2.010335e-02  -3.248929e-01  -0.3051
467837.3051  2.012945e-02  -3.247785e-01  -0.3051
467897.3051  2.015480e-02  -3.246642e-01  -0.3051
467957.3051  2.018095e-02  -3.245486e-01  -0.3051
468017.3050  2.020634e-02  -3.244349e-01  -0.3050
468077.3051  2.023253e-02  -3.243210e-01  -0.3051
468137.3051  2.025797e-02  -3.242072e-01  -0.3051
468197.3051  2.028421e-02  -3.240939e-01  -0.3051
468257.3051  2.030732e-02  -3.239794e-01  -0.3051
468317.3051  2.033361e-02  -3.238662e-01  -0.3051
468377.3051  2.035914e-02  -3.237516e-01  -0.3051
468437.3051  2.038548e-02  -3.236396e-01  -0.3051
468497.3051  2.041106e-02  -3.235257e-01  -0.3051
468557.3050  2.043744e-02  -3.234136e-01  -0.3050
468617.3051  2.046067e-02  -3.232996e-01  -0.3051
468677.3050  2.048632e-02  -3.231862e-01  -0.3050
468737.3051  2.051277e-02  -3.230747e-01  -0.3051
468797.3051  2.053847e-02  -3.229612e-01  -0.3051
468857.3051  2.056418e-02  -3.228485e-01  -0.3051
468917.3051  2.058833e-02  -3.227357e-01  -0.3051
468977.3051  2.061408e-02  -3.226236e-01  -0.3051
469037.3051  2.064065e-02  -3.225106e-01  -0.3051
469097.3051  2.066646e-02  -3.223984e-01  -0.3051
469157.3051  2.069230e-02  -3.222868e-01  -0.3051
469217.3050  2.071578e-02  -3.221753e-01  -0.3050
469277.3051  2.074242e-02  -3.220637e-01  -0.3051
469337.3051  2.076833e-02  -3.219502e-01  -0.3051
469397.3051  2.079426e-02  -3.218392e-01  -0.3051
469457.3051  2.081862e-02  -3.217281e-01  -0.3051
469517.3050  2.084457e-02  -3.216152e-01  -0.3050
469577.3051  2.087057e-02  -3.215049e-01  -0.3051
469637.3051  2.089659e-02  -3.213927e-01  -0.3051
469697.3051  2.092024e-02  -3.212803e-01  -0.3051
469757.3051  2.094709e-02  -3.211706e-01  -0.3051
469817.3051  2.097319e-02  -3.210590e-01  -0.3051
469877.3050  2.099691e-02  -3.209474e-01  -0.3050
469937.3051  2.102305e-02  -3.208382e-01  -0.3051
469997.3051  2.104919e-02  -3.207265e-01  -0.3051
470057.3051  2.107378e-02  -3.206162e-01  -0.3051
470117.3051  2.110000e-02  -3.205052e-01  -0.3051
470177.3050  2.112621e-02  -3.203948e-01  -0.3050
470237.3051  2.115009e-02  -3.202844e-01  -0.3051
470297.3051  2.117635e-02  -3.201747e-01  -0.3051
470357.3051  2.120266e-02  -3.200625e-01  -0.3051
470417.3051  2.122658e-02  -3.199527e-01  -0.3051
470477.3051  2.125294e-02  -3.198437e-01  -0.3051
470537.3051  2.127929e-02  -3.197339e-01  -0.3051
470597.3051  2.130331e-02  -3.196229e-01  -0.3051
470657.3051  2.133050e-02  -3.195145e-01  -0.3051
470717.3050  2.135457e-02  -3.194036e-01  -0.3050
470777.3051  2.138101e-02  -3.192952e-01  -0.3051
470837.3051  2.140751e-02  -3.191849e-01  -0.3051
470897.3051  2.143163e-02  -3.190738e-01  -0.3051
470957.3051  2.145817e-02  -3.189660e-01  -0.3051
471017.3051  2.148233e-02  -3.188594e-01  -0.3051
471077.3051  2.150890e-02  -3.187501e-01  -0.3051
471137.3051  2.153312e-02  -3.185886e-01  -0.3051
471197.3051  2.155971e-02  -3.184781e-01  -0.3051
471257.3050  2.158559e-02  -3.184716e-01  -0.3050
471317.3051  2.160990e-02  -3.183756e-01  -0.3051
471377.3050  2.163654e-02  -3.179543e-01  -0.3050
471437.3051  2.166068e-02  -3.178382e-01  -0.3051
471497.3051  2.168739e-02  -3.184298e-01  -0.3051
471557.3051  2.171199e-02  -3.185989e-01  -0.3051
471617.3051  2.173871e-02  -3.179956e-01  -0.3051
471677.3051  2.176228e-02  -3.205915e-01  -0.3051
471737.3051  2.178835e-02  -3.174642e-01  -0.3051
471797.3051  2.181285e-02  -3.183394e-01  -0.3051
471857.3051  2.183917e-02  -3.176105e-01  -0.3051
471917.3050  2.186361e-02  -3.170430e-01  -0.3050
471977.3051  2.189033e-02  -3.169825e-01  -0.3051
472037.3051  2.191489e-02  -3.171247e-01  -0.3051
472097.3051  2.194191e-02  -3.169778e-01  -0.3051
472157.3051  2.196573e-02  -3.167909e-01  -0.3051
472217.3050  2.199273e-02  -3.167031e-01  -0.3050
472277.3051  2.201738e-02  -3.166289e-01  -0.3051
472337.3051  2.204207e-02  -3.165215e-01  -0.3051
472397.3051  2.206916e-02  -3.164119e-01  -0.3051
472457.3051  2.209313e-02  -3.163060e-01  -0.3051
472517.3051  2.212027e-02  -3.162003e-01  -0.3051
472577.3050  2.214505e-02  -3.160938e-01  -0.3050
472637.3051  2.216985e-02  -3.159880e-01  -0.3051
472697.3051  2.219628e-02  -3.158821e-01  -0.3051
472757.3051  2.222113e-02  -3.157745e-01  -0.3051
472817.3051  2.224839e-02  -3.156688e-01  -0.3051
472877.3050  2.227250e-02  -3.155620e-01  -0.3050
472937.3051  2.229742e-02  -3.154569e-01  -0.3051
472997.3051  2.232475e-02  -3.153499e-01  -0.3051
473057.3051  2.234893e-02  -3.152449e-01  -0.3051
473117.3051  2.237631e-02  -3.151388e-01  -0.3051
473177.3051  2.240133e-02  -3.150327e-01  -0.3051
473237.3051  2.242558e-02  -3.149283e-01  -0.3051
473297.3051  2.245303e-02  -3.148229e-01  -0.3051
473357.3051  2.247733e-02  -3.147168e-01  -0.3051
473417.3050  2.250244e-02  -3.146114e-01  -0.3050
473477.3051  2.252997e-02  -3.145067e-01  -0.3051
473537.3051  2.255434e-02  -3.144014e-01  -0.3051
473597.3051  2.257952e-02  -3.142967e-01  -0.3051
473657.3051  2.260394e-02  -3.141921e-01  -0.3051
473717.3051  2.263156e-02  -3.140875e-01  -0.3051
473777.3051  2.265603e-02  -3.139811e-01  -0.3051
473837.3051  2.268131e-02  -3.138772e-01  -0.3051
473897.3051  2.270898e-02  -3.137733e-01  -0.3051
473957.3050  2.273351e-02  -3.136677e-01  -0.3050
474017.3051  2.275886e-02  -3.135646e-01  -0.3051
474077.3050  2.278345e-02  -3.134589e-01  -0.3050
474137.3051  2.281124e-02  -3.133558e-01  -0.3051
474197.3051  2.283587e-02  -3.132510e-01  -0.3051
474257.3051  2.286130e-02  -3.131469e-01  -0.3051
474317.3051  2.288598e-02  -3.130445e-01  -0.3051
474377.3051  2.291308e-02  -3.129397e-01  -0.3051
474437.3051  2.293859e-02  -3.128364e-01  -0.3051
474497.3051  2.296335e-02  -3.127323e-01  -0.3051
474557.3051  2.298889e-02  -3.126290e-01  -0.3051
474617.3050  2.301369e-02  -3.125257e-01  -0.3050
474677.3051  2.304170e-02  -3.124224e-01  -0.3051
474737.3051  2.306652e-02  -3.123191e-01  -0.3051
474797.3051  2.309140e-02  -3.122165e-01  -0.3051
474857.3051  2.311708e-02  -3.121132e-01  -0.3051
474917.3050  2.314201e-02  -3.120089e-01  -0.3050
474977.3051  2.316693e-02  -3.119072e-01  -0.3051
475037.3051  2.319508e-02  -3.118047e-01  -0.3051
475097.3051  2.322007e-02  -3.117013e-01  -0.3051
475157.3051  2.324507e-02  -3.115996e-01  -0.3051
475217.3051  2.327090e-02  -3.114961e-01  -0.3051
475277.3050  2.329594e-02  -3.113944e-01  -0.3050
475337.3051  2.332103e-02  -3.112917e-01  -0.3051
475397.3051  2.334693e-02  -3.111891e-01  -0.3051
475457.3051  2.337205e-02  -3.110882e-01  -0.3051
475517.3051  2.339721e-02  -3.109855e-01  -0.3051
475577.3050  2.342556e-02  -3.108837e-01  -0.3050
475637.3051  2.345077e-02  -3.107819e-01  -0.3051
475697.3051  2.347598e-02  -3.106800e-01  -0.3051
475757.3051  2.350124e-02  -3.105782e-01  -0.3051
475817.3051  2.352728e-02  -3.104765e-01  -0.3051
475877.3051  2.355259e-02  -3.103754e-01  -0.3051
475937.3051  2.357790e-02  -3.102744e-01  -0.3051
475997.3051  2.360326e-02  -3.101718e-01  -0.3051
476057.3051  2.362861e-02  -3.100707e-01  -0.3051
476117.3050  2.365480e-02  -3.099705e-01  -0.3050
476177.3051  2.368021e-02  -3.098687e-01  -0.3051
476237.3051  2.370566e-02  -3.097677e-01  -0.3051
476297.3051  2.373112e-02  -3.096665e-01  -0.3051
476357.3051  2.375662e-02  -3.095664e-01  -0.3051
476417.3051  2.378212e-02  -3.094654e-01  -0.3051
476477.3051  2.380843e-02  -3.093660e-01  -0.3051
476537.3051  2.383401e-02  -3.092650e-01  -0.3051
476597.3051  2.385958e-02  -3.091639e-01  -0.3051
476657.3050  2.388518e-02  -3.090630e-01  -0.3050
476717.3051  2.391083e-02  -3.089645e-01  -0.3051
476777.3050  2.393647e-02  -3.088642e-01  -0.3050
476837.3051  2.396215e-02  -3.087641e-01  -0.3051
476897.3051  2.398787e-02  -3.086639e-01  -0.3051
476957.3051  2.401359e-02  -3.085629e-01  -0.3051
477017.3051  2.403933e-02  -3.084627e-01  -0.3051
477077.3051  2.406512e-02  -3.083635e-01  -0.3051
477137.3051  2.409092e-02  -3.082641e-01  -0.3051
477197.3051  2.411674e-02  -3.081656e-01  -0.3051
477257.3051  2.414337e-02  -3.080645e-01  -0.3051
477317.3050  2.416686e-02  -3.079661e-01  -0.3050
477377.3051  2.419275e-02  -3.078660e-01  -0.3051
477437.3051  2.421866e-02  -3.077675e-01  -0.3051
477497.3051  2.424460e-02  -3.076674e-01  -0.3051
477557.3051  2.427059e-02  -3.075698e-01  -0.3051
477617.3050  2.429579e-02  -3.074704e-01  -0.3050
477677.3051  2.432180e-02  -3.073712e-01  -0.3051
477737.3051  2.434784e-02  -3.072737e-01  -0.3051
477797.3051  2.437150e-02  -3.071744e-01  -0.3051
477857.3051  2.439759e-02  -3.070760e-01  -0.3051
477917.3051  2.442373e-02  -3.069769e-01  -0.3051
477977.3050  2.444986e-02  -3.068785e-01  -0.3050
478037.3051  2.447602e-02  -3.067808e-01  -0.3051
478097.3051  2.450221e-02  -3.066825e-01  -0.3051
478157.3051  2.452601e-02  -3.065841e-01  -0.3051
478217.3051  2.455225e-02  -3.064867e-01  -0.3051
478277.3050  2.457851e-02  -3.063875e-01  -0.3050
478337.3051  2.460479e-02  -3.062900e-01  -0.3051
478397.3051  2.463031e-02  -3.061925e-01  -0.3051
478457.3051  2.465424e-02  -3.060942e-01  -0.3051
478517.3051  2.468059e-02  -3.059976e-01  -0.3051
478577.3051  2.470697e-02  -3.058986e-01  -0.3051
478637.3051  2.473338e-02  -3.058028e-01  -0.3051
478697.3051  2.475741e-02  -3.057046e-01  -0.3051
478757.3051  2.478307e-02  -3.056063e-01  -0.3051
478817.3050  2.480955e-02  -3.055108e-01  -0.3050
478877.3051  2.483606e-02  -3.054134e-01  -0.3051
478937.3051  2.486018e-02  -3.053161e-01  -0.3051
478997.3051  2.488674e-02  -3.052187e-01  -0.3051
479057.3051  2.491253e-02  -3.051214e-01  -0.3051
479117.3051  2.493913e-02  -3.050250e-01  -0.3051
479177.3051  2.496335e-02  -3.049277e-01  -0.3051
479237.3051  2.499001e-02  -3.048313e-01  -0.3051
479297.3051  2.501590e-02  -3.047350e-01  -0.3051
479357.3050  2.504017e-02  -3.046394e-01  -0.3050
479417.3051  2.506690e-02  -3.045431e-01  -0.3051
479477.3050  2.509365e-02  -3.044460e-01  -0.3050
479537.3051  2.511723e-02  -3.043504e-01  -0.3051
479597.3051  2.514403e-02  -3.042549e-01  -0.3051
479657.3051  2.517086e-02  -3.041579e-01  -0.3051
479717.3051  2.519449e-02  -3.040625e-01  -0.3051
479777.3051  2.522136e-02  -3.039662e-01  -0.3051
479837.3051  2.524586e-02  -3.038709e-01  -0.3051
479897.3051  2.527199e-02  -3.037746e-01  -0.3051
479957.3051  2.529895e-02  -3.036785e-01  -0.3051
480017.3050  2.532349e-02  -3.035849e-01  -0.3050
480077.3051  2.534970e-02  -3.034887e-01  -0.3051
480137.3051  2.537432e-02  -3.033935e-01  -0.3051
480197.3051  2.540137e-02  -3.032982e-01  -0.3051
480257.3051  2.542763e-02  -3.032023e-01  -0.3051
480317.3050  2.545232e-02  -3.031079e-01  -0.3050
480377.3051  2.547866e-02  -3.030127e-01  -0.3051
480437.3051  2.550337e-02  -3.029176e-01  -0.3051
480497.3051  2.553055e-02  -3.028233e-01  -0.3051
480557.3051  2.555455e-02  -3.027290e-01  -0.3051
480617.3051  2.558175e-02  -3.026331e-01  -0.3051
480677.3050  2.560821e-02  -3.025389e-01  -0.3050
480737.3051  2.563308e-02  -3.024448e-01  -0.3051
480797.3051  2.565956e-02  -3.023498e-01  -0.3051
480857.3051  2.568448e-02  -3.022556e-01  -0.3051
480917.3051  2.571101e-02  -3.021607e-01  -0.3051
480977.3050  2.573598e-02  -3.020675e-01  -0.3050
481037.3051  2.576259e-02  -3.019726e-01  -0.3051
481097.3051  2.578758e-02  -3.018786e-01  -0.3051
481157.3051  2.581424e-02  -3.017855e-01  -0.3051
481217.3051  2.583928e-02  -3.016915e-01  -0.3051
481277.3051  2.586358e-02  -3.015975e-01  -0.3051
481337.3051  2.589108e-02  -3.015037e-01  -0.3051
481397.3051  2.591543e-02  -3.014098e-01  -0.3051
481457.3051  2.594298e-02  -3.013160e-01  -0.3051
481517.3050  2.596738e-02  -3.012229e-01  -0.3050
481577.3051  2.599498e-02  -3.011292e-01  -0.3051
481637.3051  2.601943e-02  -3.010363e-01  -0.3051
481697.3051  2.604630e-02  -3.009434e-01  -0.3051
481757.3051  2.607158e-02  -3.008505e-01  -0.3051
481817.3051  2.609608e-02  -3.007561e-01  -0.3051
481877.3051  2.612381e-02  -3.006640e-01  -0.3051
481937.3051  2.614839e-02  -3.005721e-01  -0.3051
481997.3051  2.617296e-02  -3.004778e-01  -0.3051
482057.3050  2.620079e-02  -3.003858e-01  -0.3050
482117.3051  2.622541e-02  -3.002923e-01  -0.3051
482177.3050  2.625327e-02  -3.002013e-01  -0.3050
482237.3051  2.627797e-02  -3.001079e-01  -0.3051
482297.3051  2.630267e-02  -3.000146e-01  -0.3051
482357.3051  2.633060e-02  -2.999220e-01  -0.3051
482417.3051  2.635538e-02  -2.998311e-01  -0.3051
482477.3051  2.638015e-02  -2.997387e-01  -0.3051
482537.3051  2.640816e-02  -2.996463e-01  -0.3051
482597.3051  2.643301e-02  -2.995546e-01  -0.3051
482657.3051  2.645786e-02  -2.994623e-01  -0.3051
482717.3050  2.648594e-02  -2.993708e-01  -0.3050
482777.3051  2.651084e-02  -2.992785e-01  -0.3051
482837.3051  2.653579e-02  -2.991872e-01  -0.3051
482897.3051  2.656075e-02  -2.990957e-01  -0.3051
482957.3051  2.658893e-02  -2.990035e-01  -0.3051
483017.3050  2.661393e-02  -2.989122e-01  -0.3050
483077.3051  2.663899e-02  -2.988217e-01  -0.3051
483137.3051  2.666404e-02  -2.987288e-01  -0.3051
483197.3051  2.669233e-02  -2.986384e-01  -0.3051
483257.3051  2.671743e-02  -2.985464e-01  -0.3051
483317.3051  2.674256e-02  -2.984562e-01  -0.3051
483377.3050  2.676774e-02  -2.983650e-01  -0.3050
483437.3051  2.679534e-02  -2.982748e-01  -0.3051
483497.3051  2.682133e-02  -2.981837e-01  -0.3051
483557.3051  2.684656e-02  -2.980919e-01  -0.3051
483617.3051  2.687182e-02  -2.980026e-01  -0.3051
483677.3050  2.689710e-02  -2.979118e-01  -0.3050
483737.3051  2.692482e-02  -2.978209e-01  -0.3051
483797.3051  2.695095e-02  -2.977308e-01  -0.3051
483857.3051  2.697630e-02  -2.976400e-01  -0.3051
483917.3051  2.700169e-02  -2.975500e-01  -0.3051
483977.3051  2.702712e-02  -2.974601e-01  -0.3051
484037.3051  2.705255e-02  -2.973695e-01  -0.3051
484097.3051  2.708043e-02  -2.972797e-01  -0.3051
484157.3051  2.710592e-02  -2.971890e-01  -0.3051
484217.3050  2.713143e-02  -2.970994e-01  -0.3050
484277.3051  2.715775e-02  -2.970098e-01  -0.3051
484337.3051  2.718332e-02  -2.969192e-01  -0.3051
484397.3051  2.720890e-02  -2.968304e-01  -0.3051
484457.3051  2.723451e-02  -2.967400e-01  -0.3051
484517.3051  2.726013e-02  -2.966512e-01  -0.3051
484577.3051  2.728579e-02  -2.965611e-01  -0.3051
484637.3051  2.731390e-02  -2.964724e-01  -0.3051
484697.3051  2.733962e-02  -2.963830e-01  -0.3051
484757.3050  2.736536e-02  -2.962928e-01  -0.3050
484817.3051  2.739112e-02  -2.962051e-01  -0.3051
484877.3050  2.741691e-02  -2.961158e-01  -0.3050
484937.3051  2.744273e-02  -2.960265e-01  -0.3051
484997.3051  2.746857e-02  -2.959375e-01  -0.3051
485057.3051  2.749444e-02  -2.958482e-01  -0.3051
485117.3051  2.752031e-02  -2.957591e-01  -0.3051
485177.3051  2.754623e-02  -2.956709e-01  -0.3051
485237.3051  2.757217e-02  -2.955828e-01  -0.3051
485297.3051  2.759814e-02  -2.954938e-01  -0.3051
485357.3051  2.762414e-02  -2.954057e-01  -0.3051
485417.3050  2.765016e-02  -2.953160e-01  -0.3050
485477.3051  2.767619e-02  -2.952288e-01  -0.3051
485537.3051  2.770226e-02  -2.951407e-01  -0.3051
485597.3051  2.772836e-02  -2.950512e-01  -0.3051
485657.3051  2.775449e-02  -2.949641e-01  -0.3051
485717.3050  2.778061e-02  -2.948755e-01  -0.3050
485777.3051  2.780679e-02  -2.947886e-01  -0.3051
485837.3051  2.783299e-02  -2.946999e-01  -0.3051
485897.3051  2.785843e-02  -2.946130e-01  -0.3051
485957.3051  2.788466e-02  -2.945245e-01  -0.3051
486017.3051  2.790851e-02  -2.944361e-01  -0.3051
486077.3050  2.793482e-02  -2.943486e-01  -0.3050
486137.3051  2.796112e-02  -2.942627e-01  -0.3051
486197.3051  2.798748e-02  -2.941744e-01  -0.3051
486257.3051  2.801387e-02  -2.940869e-01  -0.3051
486317.3051  2.804025e-02  -2.939995e-01  -0.3051
486377.3050  2.806590e-02  -2.939130e-01  -0.3050
486437.3051  2.809236e-02  -2.938258e-01  -0.3051
486497.3051  2.811882e-02  -2.937385e-01  -0.3051
486557.3051  2.814291e-02  -2.936521e-01  -0.3051
486617.3051  2.816942e-02  -2.935633e-01  -0.3051
486677.3051  2.819599e-02  -2.934771e-01  -0.3051
486737.3051  2.822178e-02  -2.933908e-01  -0.3051
486797.3051  2.824838e-02  -2.933031e-01  -0.3051
486857.3051  2.827502e-02  -2.932169e-01  -0.3051
486917.3050  2.829924e-02  -2.931316e-01  -0.3050
486977.3051  2.832594e-02  -2.930439e-01  -0.3051
487037.3051  2.835184e-02  -2.929587e-01  -0.3051
487097.3051  2.837859e-02  -2.928713e-01  -0.3051
487157.3051  2.840534e-02  -2.927844e-01  -0.3051
487217.3051  2.842971e-02  -2.926994e-01  -0.3051
487277.3051  2.845571e-02  -2.926128e-01  -0.3051
487337.3051  2.848257e-02  -2.925262e-01  -0.3051
487397.3051  2.850942e-02  -2.924397e-01  -0.3051
487457.3050  2.853310e-02  -2.923541e-01  -0.3050
487517.3051  2.856001e-02  -2.922693e-01  -0.3051
487577.3050  2.858694e-02  -2.921838e-01  -0.3050
487637.3051  2.861393e-02  -2.920983e-01  -0.3051
487697.3051  2.863768e-02  -2.920112e-01  -0.3051
487757.3051  2.866472e-02  -2.919258e-01  -0.3051
487817.3051  2.869176e-02  -2.918404e-01  -0.3051
487877.3051  2.871559e-02  -2.917551e-01  -0.3051
487937.3051  2.874271e-02  -2.916699e-01  -0.3051
487997.3051  2.876983e-02  -2.915838e-01  -0.3051
488057.3051  2.879617e-02  -2.914995e-01  -0.3051
488117.3050  2.882093e-02  -2.914145e-01  -0.3050
488177.3051  2.884813e-02  -2.913286e-01  -0.3051
488237.3051  2.887456e-02  -2.912443e-01  -0.3051
488297.3051  2.889940e-02  -2.911587e-01  -0.3051
488357.3051  2.892587e-02  -2.910745e-01  -0.3051
488417.3050  2.895074e-02  -2.909897e-01  -0.3050
488477.3051  2.897809e-02  -2.909041e-01  -0.3051
488537.3051  2.900465e-02  -2.908210e-01  -0.3051
488597.3051  2.902960e-02  -2.907355e-01  -0.3051
488657.3051  2.905621e-02  -2.906509e-01  -0.3051
488717.3051  2.908364e-02  -2.905663e-01  -0.3051
488777.3050  2.910869e-02  -2.904818e-01  -0.3050
488837.3051  2.913538e-02  -2.903972e-01  -0.3051
488897.3051  2.916046e-02  -2.903129e-01  -0.3051
488957.3051  2.918720e-02  -2.902284e-01  -0.3051
489017.3051  2.921233e-02  -2.901450e-01  -0.3051
489077.3050  2.923915e-02  -2.900607e-01  -0.3050
489137.3051  2.926677e-02  -2.899773e-01  -0.3051
489197.3051  2.929118e-02  -2.898940e-01  -0.3051
489257.3051  2.931886e-02  -2.898106e-01  -0.3051
489317.3051  2.934332e-02  -2.897258e-01  -0.3051
489377.3051  2.937105e-02  -2.896426e-01  -0.3051
489437.3051  2.939556e-02  -2.895579e-01  -0.3051
489497.3051  2.942334e-02  -2.894747e-01  -0.3051
489557.3051  2.944793e-02  -2.893925e-01  -0.3051
489617.3050  2.947577e-02  -2.893080e-01  -0.3050
489677.3051  2.950039e-02  -2.892242e-01  -0.3051
489737.3051  2.952828e-02  -2.891422e-01  -0.3051
489797.3051  2.955295e-02  -2.890586e-01  -0.3051
489857.3051  2.958089e-02  -2.889751e-01  -0.3051
489917.3051  2.960562e-02  -2.888931e-01  -0.3051
489977.3051  2.963361e-02  -2.888097e-01  -0.3051
490037.3051  2.965839e-02  -2.887262e-01  -0.3051
490097.3051  2.968320e-02  -2.886437e-01  -0.3051
490157.3050  2.971127e-02  -2.885604e-01  -0.3050
490217.3051  2.973613e-02  -2.884780e-01  -0.3051
490277.3050  2.976426e-02  -2.883956e-01  -0.3050
490337.3051  2.978917e-02  -2.883125e-01  -0.3051
490397.3051  2.981411e-02  -2.882302e-01  -0.3051
490457.3051  2.984230e-02  -2.881481e-01  -0.3051
490517.3051  2.986729e-02  -2.880651e-01  -0.3051
490577.3051  2.989555e-02  -2.879829e-01  -0.3051
490637.3051  2.992060e-02  -2.879009e-01  -0.3051
490697.3051  2.994567e-02  -2.878181e-01  -0.3051
490757.3051  2.997401e-02  -2.877362e-01  -0.3051
490817.3050  2.999914e-02  -2.876536e-01  -0.3050
490877.3051  3.002429e-02  -2.875725e-01  -0.3051
490937.3051  3.005272e-02  -2.874900e-01  -0.3051
490997.3051  3.007790e-02  -2.874091e-01  -0.3051
491057.3051  3.010313e-02  -2.873266e-01  -0.3051
491117.3050  3.013164e-02  -2.872442e-01  -0.3050
491177.3051  3.015692e-02  -2.871635e-01  -0.3051
491237.3051  3.018223e-02  -2.870820e-01  -0.3051
491297.3051  3.021080e-02  -2.869998e-01  -0.3051
491357.3051  3.023616e-02  -2.869183e-01  -0.3051
491417.3051  3.026156e-02  -2.868371e-01  -0.3051
491477.3050  3.028698e-02  -2.867551e-01  -0.3050
491537.3051  3.031565e-02  -2.866738e-01  -0.3051
491597.3051  3.034112e-02  -2.865928e-01  -0.3051
491657.3051  3.036662e-02  -2.865117e-01  -0.3051
491717.3051  3.039215e-02  -2.864314e-01  -0.3051
491777.3050  3.042093e-02  -2.863505e-01  -0.3050
491837.3051  3.044651e-02  -2.862696e-01  -0.3051
491897.3051  3.047212e-02  -2.861895e-01  -0.3051
491957.3051  3.049773e-02  -2.861071e-01  -0.3051
492017.3051  3.052664e-02  -2.860272e-01  -0.3051
492077.3051  3.055233e-02  -2.859458e-01  -0.3051
492137.3051  3.057802e-02  -2.858659e-01  -0.3051
492197.3051  3.060377e-02  -2.857862e-01  -0.3051
492257.3051  3.062951e-02  -2.857048e-01  -0.3051
492317.3050  3.065531e-02  -2.856236e-01  -0.3050
492377.3051  3.068439e-02  -2.855441e-01  -0.3051
492437.3051  3.071021e-02  -2.854637e-01  -0.3051
492497.3051  3.073609e-02  -2.853827e-01  -0.3051
492557.3051  3.076197e-02  -2.853040e-01  -0.3051
492617.3051  3.078790e-02  -2.852239e-01  -0.3051
492677.3051  3.081384e-02  -2.851430e-01  -0.3051
492737.3051  3.084063e-02  -2.850630e-01  -0.3051
492797.3051  3.086907e-02  -2.849830e-01  -0.3051
492857.3050  3.089511e-02  -2.849032e-01  -0.3050
492917.3051  3.092115e-02  -2.848232e-01  -0.3051
492977.3050  3.094725e-02  -2.847442e-01  -0.3050
493037.3051  3.097335e-02  -2.846646e-01  -0.3051
493097.3051  3.099950e-02  -2.845848e-01  -0.3051
493157.3051  3.102565e-02  -2.845060e-01  -0.3051
493217.3051  3.105186e-02  -2.844249e-01  -0.3051
493277.3051  3.107886e-02  -2.843462e-01  -0.3051
493337.3051  3.110512e-02  -2.842676e-01  -0.3051
493397.3051  3.113138e-02  -2.841874e-01  -0.3051
493457.3051  3.115770e-02  -2.841088e-01  -0.3051
493517.3050  3.118401e-02  -2.840304e-01  -0.3050
493577.3051  3.121036e-02  -2.839504e-01  -0.3051
493637.3051  3.123675e-02  -2.838704e-01  -0.3051
493697.3051  3.126315e-02  -2.837930e-01  -0.3051
493757.3051  3.128958e-02  -2.837133e-01  -0.3051
493817.3050  3.131605e-02  -2.836358e-01  -0.3050
493877.3051  3.134253e-02  -2.835561e-01  -0.3051
493937.3051  3.136904e-02  -2.834773e-01  -0.3051
493997.3051  3.139560e-02  -2.833985e-01  -0.3051
494057.3051  3.142216e-02  -2.833198e-01  -0.3051
494117.3051  3.144875e-02  -2.832427e-01  -0.3051
494177.3050  3.147540e-02  -2.831641e-01  -0.3050
494237.3051  3.150204e-02  -2.830856e-01  -0.3051
494297.3051  3.152871e-02  -2.830071e-01  -0.3051
494357.3051  3.155541e-02  -2.829279e-01  -0.3051
494417.3051  3.158216e-02  -2.828496e-01  -0.3051
494477.3050  3.160892e-02  -2.827721e-01  -0.3050
494537.3051  3.163570e-02  -2.826939e-01  -0.3051
494597.3051  3.166005e-02  -2.826164e-01  -0.3051
494657.3051  3.168691e-02  -2.825376e-01  -0.3051
494717.3051  3.171378e-02  -2.824604e-01  -0.3051
494777.3051  3.173987e-02  -2.823823e-01  -0.3051
494837.3051  3.176679e-02  -2.823045e-01  -0.3051
494897.3051  3.179374e-02  -2.822274e-01  -0.3051
494957.3051  3.182071e-02  -2.821487e-01  -0.3051
495017.3050  3.184774e-02  -2.820718e-01  -0.3050
495077.3051  3.187231e-02  -2.819942e-01  -0.3051
495137.3051  3.189937e-02  -2.819173e-01  -0.3051
495197.3051  3.192646e-02  -2.818398e-01  -0.3051
495257.3051  3.195357e-02  -2.817615e-01  -0.3051
495317.3051  3.198071e-02  -2.816842e-01  -0.3051
495377.3051  3.200461e-02  -2.816083e-01  -0.3051
495437.3051  3.203181e-02  -2.815310e-01  -0.3051
495497.3051  3.205904e-02  -2.814538e-01  -0.3051
495557.3050  3.208629e-02  -2.813766e-01  -0.3050
495617.3051  3.211111e-02  -2.812994e-01  -0.3051
495677.3050  3.213841e-02  -2.812224e-01  -0.3050
495737.3051  3.216495e-02  -2.811454e-01  -0.3051
495797.3051  3.219231e-02  -2.810693e-01  -0.3051
495857.3051  3.221724e-02  -2.809924e-01  -0.3051
495917.3051  3.224466e-02  -2.809149e-01  -0.3051
495977.3051  3.227211e-02  -2.808389e-01  -0.3051
496037.3051  3.229878e-02  -2.807622e-01  -0.3051
496097.3051  3.232382e-02  -2.806864e-01  -0.3051
496157.3051  3.235135e-02  -2.806090e-01  -0.3051
496217.3050  3.237891e-02  -2.805333e-01  -0.3050
496277.3051  3.240403e-02  -2.804561e-01  -0.3051
496337.3051  3.243084e-02  -2.803805e-01  -0.3051
496397.3051  3.245848e-02  -2.803035e-01  -0.3051
496457.3051  3.248369e-02  -2.802288e-01  -0.3051
496517.3050  3.251139e-02  -2.801518e-01  -0.3050
496577.3051  3.253831e-02  -2.800756e-01  -0.3051
496637.3051  3.256357e-02  -2.800005e-01  -0.3051
496697.3051  3.259135e-02  -2.799245e-01  -0.3051
496757.3051  3.261917e-02  -2.798484e-01  -0.3051
496817.3051  3.264373e-02  -2.797719e-01  -0.3051
496877.3050  3.267160e-02  -2.796976e-01  -0.3050
496937.3051  3.269703e-02  -2.796219e-01  -0.3051
496997.3051  3.272412e-02  -2.795462e-01  -0.3051
497057.3051  3.275207e-02  -2.794706e-01  -0.3051
497117.3051  3.277758e-02  -2.793951e-01  -0.3051
497177.3050  3.280479e-02  -2.793203e-01  -0.3050
497237.3051  3.283036e-02  -2.792434e-01  -0.3051
497297.3051  3.285839e-02  -2.791680e-01  -0.3051
497357.3051  3.288321e-02  -2.790935e-01  -0.3051
497417.3051  3.291133e-02  -2.790190e-01  -0.3051
497477.3051  3.293699e-02  -2.789439e-01  -0.3051
497537.3051  3.296436e-02  -2.788681e-01  -0.3051
497597.3051  3.299009e-02  -2.787937e-01  -0.3051
497657.3051  3.301833e-02  -2.787180e-01  -0.3051
497717.3050  3.304576e-02  -2.786438e-01  -0.3050
497777.3051  3.307158e-02  -2.785682e-01  -0.3051
497837.3051  3.309662e-02  -2.784942e-01  -0.3051
497897.3051  3.312494e-02  -2.784188e-01  -0.3051
497957.3051  3.315085e-02  -2.783449e-01  -0.3051
498017.3051  3.317842e-02  -2.782703e-01  -0.3051
498077.3051  3.320438e-02  -2.781950e-01  -0.3051
498137.3051  3.323203e-02  -2.781213e-01  -0.3051
498197.3051  3.325803e-02  -2.780469e-01  -0.3051
498257.3050  3.328654e-02  -2.779726e-01  -0.3050
498317.3051  3.331178e-02  -2.778975e-01  -0.3051
498377.3050  3.334036e-02  -2.778233e-01  -0.3050
498437.3051  3.336568e-02  -2.777492e-01  -0.3051
498497.3051  3.339181e-02  -2.776752e-01  -0.3051
498557.3051  3.341967e-02  -2.776011e-01  -0.3051
498617.3051  3.344586e-02  -2.775272e-01  -0.3051
498677.3051  3.347377e-02  -2.774533e-01  -0.3051
498737.3051  3.350001e-02  -2.773803e-01  -0.3051
498797.3051  3.352631e-02  -2.773049e-01  -0.3051
498857.3051  3.355428e-02  -2.772313e-01  -0.3051
498917.3050  3.358064e-02  -2.771584e-01  -0.3050
498977.3051  3.360619e-02  -2.770848e-01  -0.3051
499037.3051  3.363508e-02  -2.770105e-01  -0.3051
499097.3051  3.366069e-02  -2.769379e-01  -0.3051
499157.3051  3.368713e-02  -2.768631e-01  -0.3051
499217.3050  3.371530e-02  -2.767905e-01  -0.3050
499277.3051  3.374099e-02  -2.767165e-01  -0.3051
499337.3051  3.376755e-02  -2.766441e-01  -0.3051
499397.3051  3.379330e-02  -2.765703e-01  -0.3051
499457.3051  3.382236e-02  -2.764964e-01  -0.3051
499517.3051  3.384819e-02  -2.764242e-01  -0.3051
499577.3050  3.387484e-02  -2.763513e-01  -0.3050
499637.3051  3.390320e-02  -2.762776e-01  -0.3051
499697.3051  3.392990e-02  -2.762042e-01  -0.3051
499757.3051  3.395583e-02  -2.761315e-01  -0.3051
499817.3051  3.398180e-02  -2.760595e-01  -0.3051
499877.3050  3.401107e-02  -2.759870e-01  -0.3050
499937.3051  3.403707e-02  -2.759144e-01  -0.3051
499997.3051  3.406392e-02  -2.758412e-01  -0.3051
500057.3051  3.409001e-02  -2.757688e-01  -0.3051
500117.3051  3.411691e-02  -2.756950e-01  -0.3051
500177.3051  3.414551e-02  -2.756228e-01  -0.3051
500237.3051  3.417166e-02  -2.755506e-01  -0.3051
500297.3051  3.419867e-02  -2.754784e-01  -0.3051
500357.3051  3.422488e-02  -2.754063e-01  -0.3051
500417.3050  3.425111e-02  -2.753328e-01  -0.3050
500477.3051  3.427818e-02  -2.752616e-01  -0.3051
500537.3051  3.430699e-02  -2.751882e-01  -0.3051
500597.3051  3.433331e-02  -2.751164e-01  -0.3051
500657.3051  3.436047e-02  -2.750455e-01  -0.3051
500717.3051  3.438685e-02  -2.749731e-01  -0.3051
500777.3051  3.441325e-02  -2.748999e-01  -0.3051
500837.3051  3.444050e-02  -2.748292e-01  -0.3051
500897.3051  3.446696e-02  -2.747569e-01  -0.3051
500957.3050  3.449348e-02  -2.746847e-01  -0.3050
501017.3051  3.452081e-02  -2.746134e-01  -0.3051
501077.3050  3.454985e-02  -2.745414e-01  -0.3050
501137.3051  3.457643e-02  -2.744694e-01  -0.3051
501197.3051  3.460385e-02  -2.743982e-01  -0.3051
501257.3051  3.463049e-02  -2.743264e-01  -0.3051
501317.3051  3.465716e-02  -2.742561e-01  -0.3051
501377.3051  3.468385e-02  -2.741844e-01  -0.3051
501437.3051  3.471139e-02  -2.741136e-01  -0.3051
501497.3051  3.473814e-02  -2.740405e-01  -0.3051
501557.3051  3.476492e-02  -2.739697e-01  -0.3051
501617.3050  3.479174e-02  -2.738983e-01  -0.3050
501677.3051  3.481939e-02  -2.738276e-01  -0.3051
501737.3051  3.484626e-02  -2.737563e-01  -0.3051
501797.3051  3.487316e-02  -2.736859e-01  -0.3051
501857.3051  3.490008e-02  -2.736139e-01  -0.3051
501917.3050  3.492785e-02  -2.735436e-01  -0.3050
501977.3051  3.495484e-02  -2.734733e-01  -0.3051
502037.3051  3.498185e-02  -2.734016e-01  -0.3051
502097.3051  3.500890e-02  -2.733314e-01  -0.3051
502157.3051  3.503597e-02  -2.732598e-01  -0.3051
502217.3051  3.506388e-02  -2.731897e-01  -0.3051
502277.3050  3.508852e-02  -2.731191e-01  -0.3050
502337.3051  3.511568e-02  -2.730491e-01  -0.3051
502397.3051  3.514287e-02  -2.729778e-01  -0.3051
502457.3051  3.517007e-02  -2.729073e-01  -0.3051
502517.3051  3.519812e-02  -2.728361e-01  -0.3051
502577.3050  3.522540e-02  -2.727672e-01  -0.3050
502637.3051  3.525271e-02  -2.726970e-01  -0.3051
502697.3051  3.528005e-02  -2.726260e-01  -0.3051
502757.3051  3.530741e-02  -2.725558e-01  -0.3051
502817.3051  3.533229e-02  -2.724856e-01  -0.3051
502877.3051  3.535971e-02  -2.724156e-01  -0.3051
502937.3051  3.538797e-02  -2.723456e-01  -0.3051
502997.3051  3.541546e-02  -2.722756e-01  -0.3051
503057.3051  3.544297e-02  -2.722058e-01  -0.3051
503117.3050  3.547048e-02  -2.721360e-01  -0.3050
503177.3051  3.549556e-02  -2.720664e-01  -0.3051
503237.3051  3.552316e-02  -2.719972e-01  -0.3051
503297.3051  3.555076e-02  -2.719262e-01  -0.3051
503357.3051  3.557842e-02  -2.718569e-01  -0.3051
503417.3051  3.560362e-02  -2.717882e-01  -0.3051
503477.3051  3.563133e-02  -2.717098e-01  -0.3051
503537.3051  3.565905e-02  -2.716426e-01  -0.3051
503597.3051  3.568764e-02  -2.715851e-01  -0.3051
503657.3050  3.571544e-02  -2.715162e-01  -0.3050
503717.3051  3.574075e-02  -2.713511e-01  -0.3051
503777.3050  3.576860e-02  -2.712795e-01  -0.3050
503837.3051  3.579649e-02  -2.713831e-01  -0.3051
503897.3051  3.582192e-02  -2.713439e-01  -0.3051
503957.3051  3.584984e-02  -2.704559e-01  -0.3051
504017.3051  3.587759e-02  -2.692501e-01  -0.3051
504077.3051  3.590528e-02  -2.688817e-01  -0.3051
504137.3051  3.593054e-02  -2.696191e-01  -0.3051
504197.3051  3.595847e-02  -2.707363e-01  -0.3051
504257.3051  3.598658e-02  -2.709475e-01  -0.3051
504317.3050  3.601219e-02  -2.707224e-01  -0.3050
504377.3051  3.604034e-02  -2.705495e-01  -0.3051
504437.3051  3.606599e-02  -2.705771e-01  -0.3051
504497.3051  3.609420e-02  -2.705398e-01  -0.3051
504557.3051  3.612242e-02  -2.704621e-01  -0.3051
504617.3050  3.614820e-02  -2.703838e-01  -0.3050
504677.3051  3.617647e-02  -2.703228e-01  -0.3051
504737.3051  3.620481e-02  -2.702554e-01  -0.3051
504797.3051  3.623065e-02  -2.701873e-01  -0.3051
504857.3051  3.625904e-02  -2.701185e-01  -0.3051
504917.3051  3.628494e-02  -2.700509e-01  -0.3051
504977.3050  3.631339e-02  -2.699818e-01  -0.3050
505037.3051  3.633854e-02  -2.699141e-01  -0.3051
505097.3051  3.636702e-02  -2.698458e-01  -0.3051
505157.3051  3.639557e-02  -2.697783e-01  -0.3051
505217.3051  3.642161e-02  -2.697093e-01  -0.3051
505277.3050  3.645021e-02  -2.696420e-01  -0.3050
505337.3051  3.647632e-02  -2.695740e-01  -0.3051
505397.3051  3.650495e-02  -2.695067e-01  -0.3051
505457.3051  3.653114e-02  -2.694381e-01  -0.3051
505517.3051  3.655984e-02  -2.693703e-01  -0.3051
505577.3051  3.658606e-02  -2.693017e-01  -0.3051
505637.3051  3.661403e-02  -2.692355e-01  -0.3051
505697.3051  3.664032e-02  -2.691678e-01  -0.3051
505757.3051  3.666913e-02  -2.690995e-01  -0.3051
505817.3050  3.669550e-02  -2.690320e-01  -0.3050
505877.3051  3.672438e-02  -2.689646e-01  -0.3051
505937.3051  3.675078e-02  -2.688972e-01  -0.3051
505997.3051  3.677721e-02  -2.688298e-01  -0.3051
506057.3051  3.680539e-02  -2.687626e-01  -0.3051
506117.3051  3.683188e-02  -2.686954e-01  -0.3051
506177.3051  3.686091e-02  -2.686283e-01  -0.3051
506237.3051  3.688746e-02  -2.685612e-01  -0.3051
506297.3051  3.691657e-02  -2.684928e-01  -0.3051
506357.3050  3.694318e-02  -2.684266e-01  -0.3050
506417.3051  3.696901e-02  -2.683599e-01  -0.3051
506477.3050  3.699819e-02  -2.682931e-01  -0.3050
506537.3051  3.702489e-02  -2.682256e-01  -0.3051
506597.3051  3.705164e-02  -2.681589e-01  -0.3051
506657.3051  3.708091e-02  -2.680916e-01  -0.3051
506717.3051  3.710689e-02  -2.680251e-01  -0.3051
506777.3051  3.713371e-02  -2.679581e-01  -0.3051
506837.3051  3.716307e-02  -2.678924e-01  -0.3051
506897.3051  3.718995e-02  -2.678246e-01  -0.3051
506957.3051  3.721605e-02  -2.677576e-01  -0.3051
507017.3050  3.724550e-02  -2.676922e-01  -0.3050
507077.3051  3.727247e-02  -2.676254e-01  -0.3051
507137.3051  3.729949e-02  -2.675586e-01  -0.3051
507197.3051  3.732822e-02  -2.674934e-01  -0.3051
507257.3051  3.735528e-02  -2.674268e-01  -0.3051
507317.3050  3.738237e-02  -2.673602e-01  -0.3050
507377.3051  3.740949e-02  -2.672937e-01  -0.3051
507437.3051  3.743834e-02  -2.672273e-01  -0.3051
507497.3051  3.746552e-02  -2.671617e-01  -0.3051
507557.3051  3.749274e-02  -2.670953e-01  -0.3051
507617.3051  3.751917e-02  -2.670292e-01  -0.3051
507677.3050  3.754895e-02  -2.669637e-01  -0.3050
507737.3051  3.757625e-02  -2.668976e-01  -0.3051
507797.3051  3.760358e-02  -2.668309e-01  -0.3051
507857.3051  3.763013e-02  -2.667649e-01  -0.3051
507917.3051  3.765750e-02  -2.666998e-01  -0.3051
507977.3050  3.768744e-02  -2.666347e-01  -0.3050
508037.3051  3.771408e-02  -2.665674e-01  -0.3051
508097.3051  3.774156e-02  -2.665025e-01  -0.3051
508157.3051  3.776908e-02  -2.664376e-01  -0.3051
508217.3051  3.779581e-02  -2.663714e-01  -0.3051
508277.3051  3.782338e-02  -2.663066e-01  -0.3051
508337.3051  3.785018e-02  -2.662405e-01  -0.3051
508397.3051  3.788032e-02  -2.661759e-01  -0.3051
508457.3051  3.790796e-02  -2.661099e-01  -0.3051
508517.3050  3.793485e-02  -2.660439e-01  -0.3050
508577.3051  3.796258e-02  -2.659795e-01  -0.3051
508637.3051  3.799033e-02  -2.659137e-01  -0.3051
508697.3051  3.801731e-02  -2.658488e-01  -0.3051
508757.3051  3.804510e-02  -2.657831e-01  -0.3051
508817.3051  3.807214e-02  -2.657189e-01  -0.3051
508877.3051  3.810002e-02  -2.656541e-01  -0.3051
508937.3051  3.812793e-02  -2.655887e-01  -0.3051
508997.3051  3.815505e-02  -2.655240e-01  -0.3051
509057.3050  3.818300e-02  -2.654587e-01  -0.3050
509117.3051  3.821019e-02  -2.653942e-01  -0.3051
509177.3050  3.823822e-02  -2.653297e-01  -0.3050
509237.3051  3.826544e-02  -2.652654e-01  -0.3051
509297.3051  3.829354e-02  -2.651988e-01  -0.3051
509357.3051  3.832085e-02  -2.651345e-01  -0.3051
509417.3051  3.834898e-02  -2.650704e-01  -0.3051
509477.3051  3.837716e-02  -2.650063e-01  -0.3051
509537.3051  3.840457e-02  -2.649422e-01  -0.3051
509597.3051  3.843279e-02  -2.648767e-01  -0.3051
509657.3051  3.846025e-02  -2.648129e-01  -0.3051
509717.3050  3.848856e-02  -2.647476e-01  -0.3050
509777.3051  3.851606e-02  -2.646838e-01  -0.3051
509837.3051  3.854443e-02  -2.646201e-01  -0.3051
509897.3051  3.857202e-02  -2.645557e-01  -0.3051
509957.3051  3.860042e-02  -2.644921e-01  -0.3051
510017.3050  3.862807e-02  -2.644272e-01  -0.3050
510077.3051  3.865654e-02  -2.643630e-01  -0.3051
510137.3051  3.868425e-02  -2.642996e-01  -0.3051
510197.3051  3.871278e-02  -2.642356e-01  -0.3051
510257.3051  3.873803e-02  -2.641709e-01  -0.3051
510317.3051  3.876662e-02  -2.641070e-01  -0.3051
510377.3050  3.879445e-02  -2.640439e-01  -0.3050
510437.3051  3.882229e-02  -2.639802e-01  -0.3051
510497.3051  3.885100e-02  -2.639165e-01  -0.3051
510557.3051  3.887890e-02  -2.638521e-01  -0.3051
510617.3051  3.890767e-02  -2.637886e-01  -0.3051
510677.3050  3.893311e-02  -2.637251e-01  -0.3050
510737.3051  3.896194e-02  -2.636617e-01  -0.3051
510797.3051  3.898997e-02  -2.635983e-01  -0.3051
510857.3051  3.901805e-02  -2.635350e-01  -0.3051
510917.3051  3.904695e-02  -2.634718e-01  -0.3051
510977.3051  3.907254e-02  -2.634073e-01  -0.3051
511037.3051  3.910153e-02  -2.633442e-01  -0.3051
511097.3051  3.912971e-02  -2.632811e-01  -0.3051
511157.3051  3.915794e-02  -2.632183e-01  -0.3051
511217.3050  3.918447e-02  -2.631547e-01  -0.3050
511277.3051  3.921275e-02  -2.630918e-01  -0.3051
511337.3051  3.924189e-02  -2.630276e-01  -0.3051
511397.3051  3.927023e-02  -2.629657e-01  -0.3051
511457.3051  3.929607e-02  -2.629017e-01  -0.3051
511517.3051  3.932530e-02  -2.628399e-01  -0.3051
511577.3051  3.935373e-02  -2.627760e-01  -0.3051
511637.3051  3.937966e-02  -2.627143e-01  -0.3051
511697.3051  3.940900e-02  -2.626505e-01  -0.3051
511757.3050  3.943752e-02  -2.625875e-01  -0.3050
511817.3051  3.946354e-02  -2.625261e-01  -0.3051
511877.3050  3.949294e-02  -2.624633e-01  -0.3050
511937.3051  3.952158e-02  -2.623997e-01  -0.3051
511997.3051  3.954770e-02  -2.623371e-01  -0.3051
512057.3051  3.957719e-02  -2.622744e-01  -0.3051
512117.3051  3.960590e-02  -2.622133e-01  -0.3051
512177.3051  3.963214e-02  -2.621506e-01  -0.3051
512237.3051  3.966173e-02  -2.620883e-01  -0.3051
512297.3051  3.968800e-02  -2.620261e-01  -0.3051
512357.3051  3.971684e-02  -2.619637e-01  -0.3051
512417.3050  3.974652e-02  -2.618954e-01  -0.3050
512477.3051  3.977288e-02  -2.618364e-01  -0.3051
512537.3051  3.980184e-02  -2.617813e-01  -0.3051
512597.3051  3.982827e-02  -2.617156e-01  -0.3051
512657.3051  3.985808e-02  -2.616079e-01  -0.3051
512717.3050  3.988456e-02  -2.615693e-01  -0.3050
512777.3051  3.991362e-02  -2.615762e-01  -0.3051
512837.3051  3.994018e-02  -2.614813e-01  -0.3051
512897.3051  3.997010e-02  -2.611372e-01  -0.3051
512957.3051  3.999921e-02  -2.609224e-01  -0.3051
513017.3051  4.002582e-02  -2.610195e-01  -0.3051
513077.3050  4.005502e-02  -2.612335e-01  -0.3050
513137.3051  4.008255e-02  -2.611996e-01  -0.3051
513197.3051  4.010929e-02  -2.610708e-01  -0.3051
513257.3051  4.013859e-02  -2.609868e-01  -0.3051
513317.3051  4.016539e-02  -2.609707e-01  -0.3051
513377.3050  4.019476e-02  -2.609120e-01  -0.3050
513437.3051  4.022245e-02  -2.608440e-01  -0.3051
513497.3051  4.025188e-02  -2.607794e-01  -0.3051
513557.3051  4.027881e-02  -2.607237e-01  -0.3051
513617.3051  4.030831e-02  -2.606623e-01  -0.3051
513677.3051  4.033530e-02  -2.606006e-01  -0.3051
513737.3051  4.036314e-02  -2.605390e-01  -0.3051
513797.3051  4.039273e-02  -2.604778e-01  -0.3051
513857.3051  4.041982e-02  -2.604165e-01  -0.3051
513917.3050  4.044948e-02  -2.603552e-01  -0.3050
513977.3051  4.047663e-02  -2.602941e-01  -0.3051
514037.3051  4.050381e-02  -2.602338e-01  -0.3051
514097.3051  4.053356e-02  -2.601727e-01  -0.3051
514157.3051  4.056159e-02  -2.601117e-01  -0.3051
514217.3051  4.058887e-02  -2.600501e-01  -0.3051
514277.3051  4.061872e-02  -2.599893e-01  -0.3051
514337.3051  4.064606e-02  -2.599293e-01  -0.3051
514397.3051  4.067343e-02  -2.598671e-01  -0.3051
514457.3050  4.070337e-02  -2.598072e-01  -0.3050
514517.3051  4.073078e-02  -2.597467e-01  -0.3051
514577.3050  4.075825e-02  -2.596855e-01  -0.3050
514637.3051  4.078910e-02  -2.596258e-01  -0.3051
514697.3051  4.081663e-02  -2.595641e-01  -0.3051
514757.3051  4.084417e-02  -2.595045e-01  -0.3051
514817.3051  4.087176e-02  -2.594436e-01  -0.3051
514877.3051  4.090193e-02  -2.593841e-01  -0.3051
514937.3051  4.092959e-02  -2.593227e-01  -0.3051
514997.3051  4.095725e-02  -2.592619e-01  -0.3051
515057.3051  4.098497e-02  -2.592028e-01  -0.3051
515117.3050  4.101527e-02  -2.591422e-01  -0.3050
515177.3051  4.104303e-02  -2.590817e-01  -0.3051
515237.3051  4.107084e-02  -2.590213e-01  -0.3051
515297.3051  4.109869e-02  -2.589609e-01  -0.3051
515357.3051  4.112655e-02  -2.589005e-01  -0.3051
515417.3050  4.115446e-02  -2.588411e-01  -0.3050
515477.3051  4.118495e-02  -2.587810e-01  -0.3051
515537.3051  4.121290e-02  -2.587208e-01  -0.3051
515597.3051  4.124091e-02  -2.586608e-01  -0.3051
515657.3051  4.126895e-02  -2.586015e-01  -0.3051
515717.3051  4.129699e-02  -2.585416e-01  -0.3051
515777.3050  4.132510e-02  -2.584818e-01  -0.3050
515837.3051  4.135321e-02  -2.584228e-01  -0.3051
515897.3051  4.138392e-02  -2.583630e-01  -0.3051
515957.3051  4.141210e-02  -2.583028e-01  -0.3051
516017.3051  4.144033e-02  -2.582432e-01  -0.3051
516077.3050  4.146860e-02  -2.581845e-01  -0.3050
516137.3051  4.149687e-02  -2.581244e-01  -0.3051
516197.3051  4.152520e-02  -2.580650e-01  -0.3051
516257.3051  4.155353e-02  -2.580050e-01  -0.3051
516317.3051  4.158193e-02  -2.579466e-01  -0.3051
516377.3051  4.161033e-02  -2.578859e-01  -0.3051
516437.3051  4.163878e-02  -2.578276e-01  -0.3051
516497.3051  4.166725e-02  -2.577680e-01  -0.3051
516557.3051  4.169574e-02  -2.577083e-01  -0.3051
516617.3050  4.172430e-02  -2.576502e-01  -0.3050
516677.3051  4.175286e-02  -2.575906e-01  -0.3051
516737.3051  4.178148e-02  -2.575312e-01  -0.3051
516797.3051  4.181011e-02  -2.574733e-01  -0.3051
516857.3051  4.183876e-02  -2.574140e-01  -0.3051
516917.3051  4.186748e-02  -2.573548e-01  -0.3051
516977.3051  4.189538e-02  -2.572956e-01  -0.3051
517037.3051  4.192416e-02  -2.572365e-01  -0.3051
517097.3051  4.195295e-02  -2.571782e-01  -0.3051
517157.3050  4.198177e-02  -2.571193e-01  -0.3050
517217.3051  4.201065e-02  -2.570604e-01  -0.3051
517277.3050  4.203954e-02  -2.570016e-01  -0.3050
517337.3051  4.206845e-02  -2.569436e-01  -0.3051
517397.3051  4.209743e-02  -2.568849e-01  -0.3051
517457.3051  4.212641e-02  -2.568255e-01  -0.3051
517517.3051  4.215205e-02  -2.567671e-01  -0.3051
517577.3051  4.218110e-02  -2.567086e-01  -0.3051
517637.3051  4.221021e-02  -2.566509e-01  -0.3051
517697.3051  4.223932e-02  -2.565919e-01  -0.3051
517757.3051  4.226847e-02  -2.565336e-01  -0.3051
517817.3050  4.229764e-02  -2.564761e-01  -0.3050
517877.3051  4.232606e-02  -2.564166e-01  -0.3051
517937.3051  4.235275e-02  -2.563593e-01  -0.3051
517997.3051  4.238202e-02  -2.563005e-01  -0.3051
518057.3051  4.241133e-02  -2.562434e-01  -0.3051
518117.3050  4.244067e-02  -2.561840e-01  -0.3050
518177.3051  4.247007e-02  -2.561256e-01  -0.3051
518237.3051  4.249866e-02  -2.560686e-01  -0.3051
518297.3051  4.252554e-02  -2.560102e-01  -0.3051
518357.3051  4.255502e-02  -2.559520e-01  -0.3051
518417.3051  4.258452e-02  -2.558937e-01  -0.3051
518477.3050  4.261406e-02  -2.558370e-01  -0.3050
518537.3051  4.264025e-02  -2.557789e-01  -0.3051
518597.3051  4.266985e-02  -2.557210e-01  -0.3051
518657.3051  4.269952e-02  -2.556630e-01  -0.3051
518717.3051  4.272919e-02  -2.556051e-01  -0.3051
518777.3050  4.275551e-02  -2.555481e-01  -0.3050
518837.3051  4.278524e-02  -2.554903e-01  -0.3051
518897.3051  4.281501e-02  -2.554327e-01  -0.3051
518957.3051  4.284225e-02  -2.553751e-01  -0.3051
519017.3051  4.287127e-02  -2.553183e-01  -0.3051
519077.3051  4.290113e-02  -2.552608e-01  -0.3051
519137.3051  4.292847e-02  -2.552020e-01  -0.3051
519197.3051  4.295840e-02  -2.551454e-01  -0.3051
519257.3051  4.298755e-02  -2.550882e-01  -0.3051
519317.3050  4.301499e-02  -2.550316e-01  -0.3050
519377.3051  4.304502e-02  -2.549732e-01  -0.3051
519437.3051  4.307426e-02  -2.549168e-01  -0.3051
519497.3051  4.310180e-02  -2.548585e-01  -0.3051
519557.3051  4.313193e-02  -2.548023e-01  -0.3051
519617.3051  4.315868e-02  -2.547447e-01  -0.3051
519677.3051  4.318888e-02  -2.546880e-01  -0.3051
519737.3051  4.321911e-02  -2.546306e-01  -0.3051
519797.3051  4.324681e-02  -2.545747e-01  -0.3051
519857.3050  4.327628e-02  -2.545174e-01  -0.3050
519917.3051  4.330405e-02  -2.544602e-01  -0.3051
519977.3050  4.333441e-02  -2.544037e-01  -0.3050
520037.3051  4.336143e-02  -2.543467e-01  -0.3051
520097.3051  4.339183e-02  -2.542898e-01  -0.3051
520157.3051  4.341890e-02  -2.542328e-01  -0.3051
520217.3051  4.344940e-02  -2.541760e-01  -0.3051
520277.3051  4.347736e-02  -2.541206e-01  -0.3051
520337.3051  4.350710e-02  -2.540639e-01  -0.3051
520397.3051  4.353511e-02  -2.540073e-01  -0.3051
520457.3051  4.356574e-02  -2.539507e-01  -0.3051
520517.3050  4.359301e-02  -2.538941e-01  -0.3050
520577.3051  4.362371e-02  -2.538371e-01  -0.3051
520637.3051  4.365102e-02  -2.537807e-01  -0.3051
520697.3051  4.368179e-02  -2.537244e-01  -0.3051
520757.3051  4.371002e-02  -2.536682e-01  -0.3051
520817.3050  4.374002e-02  -2.536127e-01  -0.3050
520877.3051  4.376829e-02  -2.535566e-01  -0.3051
520937.3051  4.379580e-02  -2.534992e-01  -0.3051
520997.3051  4.382673e-02  -2.534440e-01  -0.3051
521057.3051  4.385510e-02  -2.533881e-01  -0.3051
521117.3051  4.388527e-02  -2.533315e-01  -0.3051
521177.3050  4.391373e-02  -2.532759e-01  -0.3050
521237.3051  4.394138e-02  -2.532194e-01  -0.3051
521297.3051  4.397248e-02  -2.531638e-01  -0.3051
521357.3051  4.400019e-02  -2.531077e-01  -0.3051
521417.3051  4.402879e-02  -2.530522e-01  -0.3051
521477.3050  4.405998e-02  -2.529961e-01  -0.3050
521537.3051  4.408780e-02  -2.529401e-01  -0.3051
521597.3051  4.411649e-02  -2.528848e-01  -0.3051
521657.3051  4.414694e-02  -2.528289e-01  -0.3051
521717.3051  4.417571e-02  -2.527731e-01  -0.3051
521777.3051  4.420365e-02  -2.527172e-01  -0.3051
521837.3051  4.423505e-02  -2.526624e-01  -0.3051
521897.3051  4.426306e-02  -2.526069e-01  -0.3051
521957.3051  4.429196e-02  -2.525506e-01  -0.3051
522017.3050  4.432004e-02  -2.524942e-01  -0.3050
522077.3051  4.435158e-02  -2.524412e-01  -0.3051
522137.3051  4.437972e-02  -2.523862e-01  -0.3051
522197.3051  4.440876e-02  -2.523295e-01  -0.3051
522257.3051  4.443697e-02  -2.522735e-01  -0.3051
522317.3051  4.446864e-02  -2.521744e-01  -0.3051
522377.3051  4.449692e-02  -2.520324e-01  -0.3051
522437.3051  4.452608e-02  -2.519372e-01  -0.3051
522497.3051  4.455442e-02  -2.519324e-01  -0.3051
522557.3050  4.458282e-02  -2.519101e-01  -0.3050
522617.3051  4.461206e-02  -2.518408e-01  -0.3051
522677.3050  4.464307e-02  -2.517693e-01  -0.3050
522737.3051  4.467240e-02  -2.517242e-01  -0.3051
522797.3051  4.470091e-02  -2.516747e-01  -0.3051
522857.3051  4.473028e-02  -2.516192e-01  -0.3051
522917.3051  4.475889e-02  -2.515622e-01  -0.3051
522977.3051  4.478833e-02  -2.515092e-01  -0.3051
523037.3051  4.481697e-02  -2.514539e-01  -0.3051
523097.3051  4.484826e-02  -2.514004e-01  -0.3051
523157.3051  4.487780e-02  -2.513449e-01  -0.3051
523217.3050  4.490655e-02  -2.512901e-01  -0.3050
523277.3051  4.493618e-02  -2.512361e-01  -0.3051
523337.3051  4.496499e-02  -2.511814e-01  -0.3051
523397.3051  4.499384e-02  -2.511261e-01  -0.3051
523457.3051  4.502355e-02  -2.510716e-01  -0.3051
523517.3050  4.505250e-02  -2.510186e-01  -0.3050
523577.3051  4.508227e-02  -2.509635e-01  -0.3051
523637.3051  4.511126e-02  -2.509093e-01  -0.3051
523697.3051  4.514028e-02  -2.508550e-01  -0.3051
523757.3051  4.517016e-02  -2.508001e-01  -0.3051
523817.3051  4.519927e-02  -2.507460e-01  -0.3051
523877.3050  4.522839e-02  -2.506921e-01  -0.3050
523937.3051  4.525837e-02  -2.506381e-01  -0.3051
523997.3051  4.528756e-02  -2.505842e-01  -0.3051
524057.3051  4.531679e-02  -2.505291e-01  -0.3051
524117.3051  4.534687e-02  -2.504754e-01  -0.3051
524177.3050  4.537616e-02  -2.504217e-01  -0.3050
524237.3051  4.540551e-02  -2.503680e-01  -0.3051
524297.3051  4.543570e-02  -2.503132e-01  -0.3051
524357.3051  4.546509e-02  -2.502596e-01  -0.3051
524417.3051  4.549452e-02  -2.502062e-01  -0.3051
524477.3051  4.552481e-02  -2.501516e-01  -0.3051
524537.3051  4.555431e-02  -2.500983e-01  -0.3051
524597.3051  4.558125e-02  -2.500437e-01  -0.3051
524657.3051  4.561164e-02  -2.499906e-01  -0.3051
524717.3050  4.564124e-02  -2.499362e-01  -0.3050
524777.3051  4.567088e-02  -2.498838e-01  -0.3051
524837.3051  4.570055e-02  -2.498295e-01  -0.3051
524897.3051  4.573107e-02  -2.497753e-01  -0.3051
524957.3051  4.576081e-02  -2.497233e-01  -0.3051
525017.3051  4.579058e-02  -2.496692e-01  -0.3051
525077.3051  4.581780e-02  -2.496151e-01  -0.3051
525137.3051  4.584847e-02  -2.495620e-01  -0.3051
525197.3051  4.587834e-02  -2.495093e-01  -0.3051
525257.3050  4.590825e-02  -2.494563e-01  -0.3050
525317.3051  4.593819e-02  -2.494025e-01  -0.3051
525377.3050  4.596641e-02  -2.493488e-01  -0.3050
525437.3051  4.599640e-02  -2.492959e-01  -0.3051
525497.3051  4.602644e-02  -2.492431e-01  -0.3051
525557.3051  4.605652e-02  -2.491897e-01  -0.3051
525617.3051  4.608488e-02  -2.491370e-01  -0.3051
525677.3051  4.611503e-02  -2.490822e-01  -0.3051
525737.3051  4.614521e-02  -2.490296e-01  -0.3051
525797.3051  4.617543e-02  -2.489771e-01  -0.3051
525857.3051  4.620307e-02  -2.489240e-01  -0.3051
525917.3050  4.623418e-02  -2.488716e-01  -0.3050
525977.3051  4.626451e-02  -2.488180e-01  -0.3051
526037.3051  4.629228e-02  -2.487658e-01  -0.3051
526097.3051  4.632267e-02  -2.487136e-01  -0.3051
526157.3051  4.635307e-02  -2.486595e-01  -0.3051
526217.3050  4.638094e-02  -2.486074e-01  -0.3050
526277.3051  4.641226e-02  -2.485542e-01  -0.3051
526337.3051  4.644279e-02  -2.485022e-01  -0.3051
526397.3051  4.647074e-02  -2.484491e-01  -0.3051
526457.3051  4.650134e-02  -2.483973e-01  -0.3051
526517.3051  4.653198e-02  -2.483443e-01  -0.3051
526577.3050  4.656006e-02  -2.482913e-01  -0.3050
526637.3051  4.659156e-02  -2.482398e-01  -0.3051
526697.3051  4.661971e-02  -2.481869e-01  -0.3051
526757.3051  4.665049e-02  -2.481342e-01  -0.3051
526817.3051  4.668127e-02  -2.480814e-01  -0.3051
526877.3050  4.670952e-02  -2.480296e-01  -0.3050
526937.3051  4.674037e-02  -2.479784e-01  -0.3051
526997.3051  4.676869e-02  -2.479258e-01  -0.3051
527057.3051  4.679964e-02  -2.478734e-01  -0.3051
527117.3051  4.682883e-02  -2.478211e-01  -0.3051
527177.3051  4.685985e-02  -2.477695e-01  -0.3051
527237.3051  4.688828e-02  -2.477173e-01  -0.3051
527297.3051  4.691937e-02  -2.476637e-01  -0.3051
527357.3051  4.694790e-02  -2.476123e-01  -0.3051
527417.3050  4.697904e-02  -2.475604e-01  -0.3050
527477.3051  4.700763e-02  -2.475091e-01  -0.3051
527537.3051  4.703884e-02  -2.474572e-01  -0.3051
527597.3051  4.706751e-02  -2.474040e-01  -0.3051
527657.3051  4.709878e-02  -2.473530e-01  -0.3051
527717.3051  4.712752e-02  -2.473014e-01  -0.3051
527777.3051  4.715886e-02  -2.472491e-01  -0.3051
527837.3051  4.718767e-02  -2.471976e-01  -0.3051
527897.3051  4.721648e-02  -2.471467e-01  -0.3051
527957.3050  4.724796e-02  -2.470947e-01  -0.3050
528017.3051  4.727685e-02  -2.470433e-01  -0.3051
528077.3050  4.730919e-02  -2.469915e-01  -0.3050
528137.3051  4.733818e-02  -2.469396e-01  -0.3051
528197.3051  4.736717e-02  -2.468885e-01  -0.3051
528257.3051  4.739882e-02  -2.468368e-01  -0.3051
528317.3051  4.742788e-02  -2.467852e-01  -0.3051
528377.3051  4.745958e-02  -2.467349e-01  -0.3051
528437.3051  4.748874e-02  -2.466827e-01  -0.3051
528497.3051  4.751790e-02  -2.466312e-01  -0.3051
528557.3051  4.754973e-02  -2.465799e-01  -0.3051
528617.3050  4.757897e-02  -2.465286e-01  -0.3050
528677.3051  4.760824e-02  -2.464773e-01  -0.3051
528737.3051  4.763757e-02  -2.464276e-01  -0.3051
528797.3051  4.766952e-02  -2.463765e-01  -0.3051
528857.3051  4.769807e-02  -2.463254e-01  -0.3051
528917.3050  4.772748e-02  -2.462732e-01  -0.3050
528977.3051  4.775956e-02  -2.462223e-01  -0.3051
529037.3051  4.778904e-02  -2.461714e-01  -0.3051
529097.3051  4.781856e-02  -2.461206e-01  -0.3051
529157.3051  4.784811e-02  -2.460699e-01  -0.3051
529217.3051  4.788033e-02  -2.460194e-01  -0.3051
529277.3050  4.790996e-02  -2.459674e-01  -0.3050
529337.3051  4.793962e-02  -2.459169e-01  -0.3051
529397.3051  4.796931e-02  -2.458665e-01  -0.3051
529457.3051  4.799904e-02  -2.458148e-01  -0.3051
529517.3051  4.803144e-02  -2.457653e-01  -0.3051
529577.3050  4.806124e-02  -2.457137e-01  -0.3050
529637.3051  4.809108e-02  -2.456635e-01  -0.3051
529697.3051  4.812095e-02  -2.456121e-01  -0.3051
529757.3051  4.815003e-02  -2.455628e-01  -0.3051
529817.3051  4.817997e-02  -2.455116e-01  -0.3051
529877.3051  4.820995e-02  -2.454616e-01  -0.3051
529937.3051  4.824260e-02  -2.454112e-01  -0.3051
529997.3051  4.827265e-02  -2.453602e-01  -0.3051
530057.3051  4.830274e-02  -2.453112e-01  -0.3051
530117.3050  4.833286e-02  -2.452602e-01  -0.3050
530177.3051  4.836302e-02  -2.452101e-01  -0.3051
530237.3051  4.839321e-02  -2.451593e-01  -0.3051
530297.3051  4.842261e-02  -2.451093e-01  -0.3051
530357.3051  4.845287e-02  -2.450586e-01  -0.3051
530417.3051  4.848317e-02  -2.450087e-01  -0.3051
530477.3051  4.851350e-02  -2.449582e-01  -0.3051
530537.3051  4.854388e-02  -2.449084e-01  -0.3051
530597.3051  4.857428e-02  -2.448580e-01  -0.3051
530657.3050  4.860389e-02  -2.448084e-01  -0.3050
530717.3051  4.863437e-02  -2.447588e-01  -0.3051
530777.3050  4.866489e-02  -2.447086e-01  -0.3050
530837.3051  4.869544e-02  -2.446592e-01  -0.3051
530897.3051  4.872602e-02  -2.446098e-01  -0.3051
530957.3051  4.875665e-02  -2.445592e-01  -0.3051
531017.3051  4.878647e-02  -2.445093e-01  -0.3051
531077.3051  4.881714e-02  -2.444601e-01  -0.3051
531137.3051  4.884787e-02  -2.444098e-01  -0.3051
531197.3051  4.887863e-02  -2.443607e-01  -0.3051
531257.3051  4.890944e-02  -2.443104e-01  -0.3051
531317.3050  4.893944e-02  -2.442616e-01  -0.3050
531377.3051  4.897032e-02  -2.442115e-01  -0.3051
531437.3051  4.900123e-02  -2.441620e-01  -0.3051
531497.3051  4.903214e-02  -2.441120e-01  -0.3051
531557.3051  4.906229e-02  -2.440634e-01  -0.3051
531617.3050  4.909331e-02  -2.440135e-01  -0.3050
531677.3051  4.912175e-02  -2.439637e-01  -0.3051
531737.3051  4.915284e-02  -2.439153e-01  -0.3051
531797.3051  4.918311e-02  -2.438656e-01  -0.3051
531857.3051  4.921427e-02  -2.438167e-01  -0.3051
531917.3051  4.924547e-02  -2.437672e-01  -0.3051
531977.3050  4.927671e-02  -2.437177e-01  -0.3050
532037.3051  4.930450e-02  -2.436683e-01  -0.3051
532097.3051  4.933581e-02  -2.436191e-01  -0.3051
532157.3051  4.936715e-02  -2.435698e-01  -0.3051
532217.3051  4.939850e-02  -2.435205e-01  -0.3051
532277.3050  4.942909e-02  -2.434722e-01  -0.3050
532337.3051  4.945792e-02  -2.434232e-01  -0.3051
532397.3051  4.948938e-02  -2.433742e-01  -0.3051
532457.3051  4.952007e-02  -2.433252e-01  -0.3051
532517.3051  4.955164e-02  -2.432771e-01  -0.3051
532577.3051  4.958059e-02  -2.432283e-01  -0.3051
532637.3051  4.961139e-02  -2.431783e-01  -0.3051
532697.3051  4.964306e-02  -2.431303e-01  -0.3051
532757.3051  4.967474e-02  -2.430818e-01  -0.3051
532817.3050  4.970303e-02  -2.430327e-01  -0.3050
532877.3051  4.973478e-02  -2.429842e-01  -0.3051
532937.3051  4.976660e-02  -2.429352e-01  -0.3051
532997.3051  4.979500e-02  -2.428868e-01  -0.3051
533057.3051  4.982686e-02  -2.428373e-01  -0.3051
533117.3051  4.985879e-02  -2.427898e-01  -0.3051
533177.3051  4.988727e-02  -2.427411e-01  -0.3051
533237.3051  4.991927e-02  -2.426931e-01  -0.3051
533297.3051  4.995128e-02  -2.426445e-01  -0.3051
533357.3050  4.997989e-02  -2.425953e-01  -0.3050
533417.3051  5.001197e-02  -2.425482e-01  -0.3051
533477.3050  5.004150e-02  -2.424990e-01  -0.3050
533537.3051  5.007282e-02  -2.424507e-01  -0.3051
533597.3051  5.010501e-02  -2.424025e-01  -0.3051
533657.3051  5.013381e-02  -2.423543e-01  -0.3051
533717.3051  5.016607e-02  -2.423055e-01  -0.3051
533777.3051  5.019578e-02  -2.422574e-01  -0.3051
533837.3051  5.022728e-02  -2.422094e-01  -0.3051
533897.3051  5.025706e-02  -2.421609e-01  -0.3051
533957.3051  5.028864e-02  -2.421131e-01  -0.3051
534017.3050  5.032109e-02  -2.420652e-01  -0.3050
534077.3051  5.035098e-02  -2.420175e-01  -0.3051
534137.3051  5.038267e-02  -2.419699e-01  -0.3051
534197.3051  5.041260e-02  -2.419224e-01  -0.3051
534257.3051  5.044439e-02  -2.418748e-01  -0.3051
534317.3050  5.047440e-02  -2.418254e-01  -0.3050
534377.3051  5.050361e-02  -2.417781e-01  -0.3051
534437.3051  5.053634e-02  -2.417308e-01  -0.3051
534497.3051  5.056562e-02  -2.416823e-01  -0.3051
534557.3051  5.059841e-02  -2.416351e-01  -0.3051
534617.3051  5.062860e-02  -2.415867e-01  -0.3051
534677.3050  5.066065e-02  -2.415396e-01  -0.3050
534737.3051  5.069091e-02  -2.414914e-01  -0.3051
534797.3051  5.072301e-02  -2.414445e-01  -0.3051
534857.3051  5.075334e-02  -2.413964e-01  -0.3051
534917.3051  5.078291e-02  -2.413502e-01  -0.3051
534977.3050  5.081595e-02  -2.413023e-01  -0.3050
535037.3051  5.084557e-02  -2.412543e-01  -0.3051
535097.3051  5.087605e-02  -2.412078e-01  -0.3051
535157.3051  5.090837e-02  -2.411600e-01  -0.3051
535217.3051  5.093893e-02  -2.411123e-01  -0.3051
535277.3051  5.096872e-02  -2.410653e-01  -0.3051
535337.3051  5.100198e-02  -2.410177e-01  -0.3051
535397.3051  5.103182e-02  -2.409703e-01  -0.3051
535457.3051  5.106252e-02  -2.409227e-01  -0.3051
535517.3050  5.109507e-02  -2.408761e-01  -0.3050
535577.3051  5.112585e-02  -2.408288e-01  -0.3051
535637.3051  5.115583e-02  -2.407816e-01  -0.3051
535697.3051  5.118849e-02  -2.407350e-01  -0.3051
535757.3051  5.121938e-02  -2.406879e-01  -0.3051
535817.3051  5.124947e-02  -2.406409e-01  -0.3051
535877.3051  5.128044e-02  -2.405946e-01  -0.3051
535937.3051  5.131324e-02  -2.405477e-01  -0.3051
535997.3051  5.134428e-02  -2.404996e-01  -0.3051
536057.3050  5.137453e-02  -2.404535e-01  -0.3050
536117.3051  5.140564e-02  -2.404068e-01  -0.3051
536177.3050  5.143860e-02  -2.403595e-01  -0.3050
536237.3051  5.146895e-02  -2.403129e-01  -0.3051
536297.3051  5.150018e-02  -2.402659e-01  -0.3051
536357.3051  5.153061e-02  -2.402195e-01  -0.3051
536417.3051  5.156191e-02  -2.401725e-01  -0.3051
536477.3051  5.159241e-02  -2.401269e-01  -0.3051
536537.3051  5.162559e-02  -2.400794e-01  -0.3051
536597.3051  5.165701e-02  -2.400339e-01  -0.3051
536657.3051  5.168762e-02  -2.399865e-01  -0.3051
536717.3050  5.171911e-02  -2.399399e-01  -0.3050
536777.3051  5.174980e-02  -2.398946e-01  -0.3051
536837.3051  5.178053e-02  -2.398474e-01  -0.3051
536897.3051  5.181210e-02  -2.398010e-01  -0.3051
536957.3051  5.184291e-02  -2.397546e-01  -0.3051
537017.3050  5.187375e-02  -2.397083e-01  -0.3050
537077.3051  5.190546e-02  -2.396614e-01  -0.3051
537137.3051  5.193902e-02  -2.396152e-01  -0.3051
537197.3051  5.196994e-02  -2.395692e-01  -0.3051
537257.3051  5.200177e-02  -2.395231e-01  -0.3051
537317.3051  5.203280e-02  -2.394772e-01  -0.3051
537377.3050  5.206387e-02  -2.394306e-01  -0.3050
537437.3051  5.209581e-02  -2.393848e-01  -0.3051
537497.3051  5.212692e-02  -2.393391e-01  -0.3051
537557.3051  5.215810e-02  -2.392935e-01  -0.3051
537617.3051  5.219015e-02  -2.392478e-01  -0.3051
537677.3050  5.222138e-02  -2.392009e-01  -0.3050
537737.3051  5.225267e-02  -2.391555e-01  -0.3051
537797.3051  5.228484e-02  -2.391101e-01  -0.3051
537857.3051  5.231618e-02  -2.390634e-01  -0.3051
537917.3051  5.234758e-02  -2.390181e-01  -0.3051
537977.3051  5.237722e-02  -2.389717e-01  -0.3051
538037.3051  5.240867e-02  -2.389265e-01  -0.3051
538097.3051  5.244019e-02  -2.388802e-01  -0.3051
538157.3051  5.247175e-02  -2.388351e-01  -0.3051
538217.3050  5.250415e-02  -2.387889e-01  -0.3050
538277.3051  5.253578e-02  -2.387441e-01  -0.3051
538337.3051  5.256745e-02  -2.386980e-01  -0.3051
538397.3051  5.259913e-02  -2.386519e-01  -0.3051
538457.3051  5.263172e-02  -2.386061e-01  -0.3051
538517.3051  5.266083e-02  -2.385622e-01  -0.3051
538577.3051  5.269265e-02  -2.385163e-01  -0.3051
538637.3051  5.272448e-02  -2.384706e-01  -0.3051
538697.3051  5.275722e-02  -2.384248e-01  -0.3051
538757.3050  5.278913e-02  -2.383793e-01  -0.3050
538817.3051  5.282163e-02  -2.383751e-01  -0.3051
538877.3050  5.285096e-02  -2.383296e-01  -0.3050
538937.3051  5.288385e-02  -2.382842e-01  -0.3051
538997.3051  5.291592e-02  -2.382389e-01  -0.3051
539057.3051  5.294805e-02  -2.381943e-01  -0.3051
539117.3051  5.298019e-02  -2.381490e-01  -0.3051
539177.3051  5.300974e-02  -2.381038e-01  -0.3051
539237.3051  5.304280e-02  -2.380594e-01  -0.3051
539297.3051  5.307506e-02  -2.380132e-01  -0.3051
539357.3051  5.310472e-02  -2.379689e-01  -0.3051
539417.3050  5.313706e-02  -2.379241e-01  -0.3050
539477.3051  5.316946e-02  -2.378780e-01  -0.3051
539537.3051  5.320270e-02  -2.378340e-01  -0.3051
539597.3051  5.323249e-02  -2.377893e-01  -0.3051
539657.3051  5.326501e-02  -2.377440e-01  -0.3051
539717.3050  5.329753e-02  -2.376996e-01  -0.3050
539777.3051  5.332744e-02  -2.376545e-01  -0.3051
539837.3051  5.336007e-02  -2.376101e-01  -0.3051
539897.3051  5.339355e-02  -2.375651e-01  -0.3051
539957.3051  5.342357e-02  -2.375196e-01  -0.3051
540017.3051  5.345632e-02  -2.374761e-01  -0.3051
540077.3050  5.348641e-02  -2.374307e-01  -0.3050
540137.3051  5.351921e-02  -2.373860e-01  -0.3051
540197.3051  5.355204e-02  -2.373414e-01  -0.3051
540257.3051  5.358228e-02  -2.372976e-01  -0.3051
540317.3051  5.361603e-02  -2.372531e-01  -0.3051
540377.3050  5.364632e-02  -2.372087e-01  -0.3050
540437.3051  5.367931e-02  -2.371637e-01  -0.3051
540497.3051  5.371233e-02  -2.371195e-01  -0.3051
540557.3051  5.374276e-02  -2.370753e-01  -0.3051
540617.3051  5.377587e-02  -2.370305e-01  -0.3051
540677.3051  5.380635e-02  -2.369864e-01  -0.3051
540737.3051  5.383953e-02  -2.369425e-01  -0.3051
540797.3051  5.387009e-02  -2.368986e-01  -0.3051
540857.3051  5.390335e-02  -2.368528e-01  -0.3051
540917.3050  5.393398e-02  -2.368090e-01  -0.3050
540977.3051  5.396819e-02  -2.367653e-01  -0.3051
541037.3051  5.399890e-02  -2.367216e-01  -0.3051
541097.3051  5.403232e-02  -2.366768e-01  -0.3051
541157.3051  5.406311e-02  -2.366333e-01  -0.3051
541217.3051  5.409393e-02  -2.365892e-01  -0.3051
541277.3051  5.412747e-02  -2.365446e-01  -0.3051
541337.3051  5.415837e-02  -2.365013e-01  -0.3051
541397.3051  5.419198e-02  -2.364568e-01  -0.3051
541457.3050  5.422296e-02  -2.364137e-01  -0.3050
541517.3051  5.425665e-02  -2.363692e-01  -0.3051
541577.3050  5.428771e-02  -2.363250e-01  -0.3050
541637.3051  5.431881e-02  -2.362821e-01  -0.3051
541697.3051  5.435262e-02  -2.362379e-01  -0.3051
541757.3051  5.438379e-02  -2.361938e-01  -0.3051
541817.3051  5.441501e-02  -2.361510e-01  -0.3051
541877.3051  5.444893e-02  -2.361072e-01  -0.3051
541937.3051  5.448023e-02  -2.360632e-01  -0.3051
541997.3051  5.451156e-02  -2.360194e-01  -0.3051
542057.3051  5.454560e-02  -2.359756e-01  -0.3051
542117.3050  5.457701e-02  -2.359320e-01  -0.3050
542177.3051  5.460843e-02  -2.358884e-01  -0.3051
542237.3051  5.464259e-02  -2.358448e-01  -0.3051
542297.3051  5.467412e-02  -2.358020e-01  -0.3051
542357.3051  5.470569e-02  -2.357586e-01  -0.3051
542417.3050  5.473729e-02  -2.357153e-01  -0.3050
542477.3051  5.477161e-02  -2.356720e-01  -0.3051
542537.3051  5.480326e-02  -2.356288e-01  -0.3051
542597.3051  5.483499e-02  -2.355851e-01  -0.3051
542657.3051  5.486675e-02  -2.355420e-01  -0.3051
542717.3051  5.490123e-02  -2.354990e-01  -0.3051
542777.3050  5.493307e-02  -2.354562e-01  -0.3050
542837.3051  5.496492e-02  -2.354120e-01  -0.3051
542897.3051  5.499684e-02  -2.353698e-01  -0.3051
542957.3051  5.502880e-02  -2.353259e-01  -0.3051
543017.3051  5.506263e-02  -2.352832e-01  -0.3051
543077.3050  5.509464e-02  -2.352400e-01  -0.3050
543137.3051  5.512671e-02  -2.351976e-01  -0.3051
543197.3051  5.515883e-02  -2.351539e-01  -0.3051
543257.3051  5.519096e-02  -2.351108e-01  -0.3051
543317.3051  5.522315e-02  -2.350685e-01  -0.3051
543377.3051  5.525539e-02  -2.350251e-01  -0.3051
543437.3051  5.528763e-02  -2.349823e-01  -0.3051
543497.3051  5.532262e-02  -2.349402e-01  -0.3051
543557.3051  5.535497e-02  -2.348975e-01  -0.3051
543617.3050  5.538650e-02  -2.348543e-01  -0.3050
543677.3051  5.541893e-02  -2.348118e-01  -0.3051
543737.3051  5.545140e-02  -2.347687e-01  -0.3051
543797.3051  5.548388e-02  -2.347263e-01  -0.3051
543857.3051  5.551643e-02  -2.346834e-01  -0.3051
543917.3051  5.554900e-02  -2.346411e-01  -0.3051
543977.3051  5.558163e-02  -2.345983e-01  -0.3051
544037.3051  5.561427e-02  -2.345562e-01  -0.3051
544097.3051  5.564613e-02  -2.345136e-01  -0.3051
544157.3050  5.567885e-02  -2.344716e-01  -0.3050
544217.3051  5.571164e-02  -2.344278e-01  -0.3051
544277.3050  5.574444e-02  -2.343860e-01  -0.3050
544337.3051  5.577731e-02  -2.343443e-01  -0.3051
544397.3051  5.581019e-02  -2.343019e-01  -0.3051
544457.3051  5.584230e-02  -2.342590e-01  -0.3051
544517.3051  5.587526e-02  -2.342169e-01  -0.3051
544577.3051  5.590829e-02  -2.341741e-01  -0.3051
544637.3051  5.594132e-02  -2.341327e-01  -0.3051
544697.3051  5.597443e-02  -2.340894e-01  -0.3051
544757.3051  5.600402e-02  -2.340482e-01  -0.3051
544817.3050  5.603718e-02  -2.340058e-01  -0.3050
544877.3051  5.607041e-02  -2.339646e-01  -0.3051
544937.3051  5.610365e-02  -2.339216e-01  -0.3051
544997.3051  5.613696e-02  -2.338794e-01  -0.3051
545057.3051  5.616943e-02  -2.338384e-01  -0.3051
545117.3050  5.620279e-02  -2.337963e-01  -0.3050
545177.3051  5.623354e-02  -2.337537e-01  -0.3051
545237.3051  5.626698e-02  -2.337117e-01  -0.3051
545297.3051  5.629961e-02  -2.336698e-01  -0.3051
545357.3051  5.633313e-02  -2.336292e-01  -0.3051
545417.3051  5.636672e-02  -2.335875e-01  -0.3051
545477.3050  5.640032e-02  -2.335451e-01  -0.3050
545537.3051  5.643043e-02  -2.335034e-01  -0.3051
545597.3051  5.646414e-02  -2.334618e-01  -0.3051
545657.3051  5.649786e-02  -2.334192e-01  -0.3051
545717.3051  5.653162e-02  -2.333777e-01  -0.3051
545777.3050  5.656189e-02  -2.333364e-01  -0.3050
545837.3051  5.659573e-02  -2.332950e-01  -0.3051
545897.3051  5.662964e-02  -2.332538e-01  -0.3051
545957.3051  5.666357e-02  -2.332115e-01  -0.3051
546017.3051  5.669400e-02  -2.331703e-01  -0.3051
546077.3051  5.672800e-02  -2.331294e-01  -0.3051
546137.3051  5.676204e-02  -2.330871e-01  -0.3051
546197.3051  5.679259e-02  -2.330462e-01  -0.3051
546257.3051  5.682675e-02  -2.330054e-01  -0.3051
546317.3050  5.686091e-02  -2.329634e-01  -0.3050
546377.3051  5.689158e-02  -2.329228e-01  -0.3051
546437.3051  5.692583e-02  -2.328809e-01  -0.3051
546497.3051  5.696012e-02  -2.328392e-01  -0.3051
546557.3051  5.699175e-02  -2.327987e-01  -0.3051
546617.3051  5.702528e-02  -2.327570e-01  -0.3051
546677.3051  5.705699e-02  -2.327155e-01  -0.3051
546737.3051  5.709144e-02  -2.326752e-01  -0.3051
546797.3051  5.712509e-02  -2.326338e-01  -0.3051
546857.3050  5.715692e-02  -2.325924e-01  -0.3050
546917.3051  5.719065e-02  -2.325518e-01  -0.3051
546977.3050  5.722257e-02  -2.325105e-01  -0.3050
547037.3051  5.725722e-02  -2.324693e-01  -0.3051
547097.3051  5.728837e-02  -2.324283e-01  -0.3051
547157.3051  5.732311e-02  -2.323872e-01  -0.3051
547217.3051  5.735519e-02  -2.323469e-01  -0.3051
547277.3051  5.738916e-02  -2.323060e-01  -0.3051
547337.3051  5.742132e-02  -2.322652e-01  -0.3051
547397.3051  5.745622e-02  -2.322245e-01  -0.3051
547457.3051  5.748762e-02  -2.321838e-01  -0.3051
547517.3050  5.752260e-02  -2.321426e-01  -0.3050
547577.3051  5.755408e-02  -2.321020e-01  -0.3051
547637.3051  5.758911e-02  -2.320616e-01  -0.3051
547697.3051  5.762152e-02  -2.320218e-01  -0.3051
547757.3051  5.765582e-02  -2.319803e-01  -0.3051
547817.3050  5.768830e-02  -2.319400e-01  -0.3050
547877.3051  5.771998e-02  -2.318992e-01  -0.3051
547937.3051  5.775525e-02  -2.318590e-01  -0.3051
547997.3051  5.778699e-02  -2.318178e-01  -0.3051
548057.3051  5.782234e-02  -2.317784e-01  -0.3051
548117.3051  5.785503e-02  -2.317372e-01  -0.3051
548177.3050  5.788691e-02  -2.316974e-01  -0.3050
548237.3051  5.792239e-02  -2.316570e-01  -0.3051
548297.3051  5.795433e-02  -2.316161e-01  -0.3051
548357.3051  5.798718e-02  -2.315758e-01  -0.3051
548417.3051  5.802193e-02  -2.315362e-01  -0.3051
548477.3050  5.805487e-02  -2.314961e-01  -0.3050
548537.3051  5.808697e-02  -2.314555e-01  -0.3051
548597.3051  5.812270e-02  -2.314149e-01  -0.3051
548657.3051  5.815491e-02  -2.313749e-01  -0.3051
548717.3051  5.818798e-02  -2.313344e-01  -0.3051
548777.3051  5.822298e-02  -2.312947e-01  -0.3051
548837.3051  5.825616e-02  -2.312544e-01  -0.3051
548897.3051  5.828851e-02  -2.312147e-01  -0.3051
548957.3051  5.832178e-02  -2.311752e-01  -0.3051
549017.3050  5.835692e-02  -2.311351e-01  -0.3050
549077.3051  5.839026e-02  -2.310956e-01  -0.3051
549137.3051  5.842281e-02  -2.310545e-01  -0.3051
549197.3051  5.845621e-02  -2.310151e-01  -0.3051
549257.3051  5.848883e-02  -2.309753e-01  -0.3051
549317.3051  5.852503e-02  -2.309350e-01  -0.3051
549377.3051  5.855773e-02  -2.308959e-01  -0.3051
549437.3051  5.859130e-02  -2.308562e-01  -0.3051
549497.3051  5.862409e-02  -2.308161e-01  -0.3051
549557.3050  5.865774e-02  -2.307765e-01  -0.3050
549617.3051  5.869061e-02  -2.307365e-01  -0.3051
549677.3050  5.872706e-02  -2.306977e-01  -0.3050
549737.3051  5.876001e-02  -2.306573e-01  -0.3051
549797.3051  5.879383e-02  -2.306175e-01  -0.3051
549857.3051  5.882687e-02  -2.305789e-01  -0.3051
549917.3051  5.885992e-02  -2.305393e-01  -0.3051
549977.3051  5.889389e-02  -2.304990e-01  -0.3051
550037.3051  5.892702e-02  -2.304595e-01  -0.3051
550097.3051  5.896108e-02  -2.304212e-01  -0.3051
550157.3051  5.899429e-02  -2.303818e-01  -0.3051
550217.3050  5.902840e-02  -2.303418e-01  -0.3050
550277.3051  5.906173e-02  -2.303025e-01  -0.3051
550337.3051  5.909507e-02  -2.302633e-01  -0.3051
550397.3051  5.912931e-02  -2.302242e-01  -0.3051
550457.3051  5.916276e-02  -2.301845e-01  -0.3051
550517.3050  5.919708e-02  -2.301455e-01  -0.3050
550577.3051  5.923059e-02  -2.301066e-01  -0.3051
550637.3051  5.926417e-02  -2.300677e-01  -0.3051
550697.3051  5.929861e-02  -2.300278e-01  -0.3051
550757.3051  5.933225e-02  -2.299890e-01  -0.3051
550817.3051  5.936680e-02  -2.299497e-01  -0.3051
550877.3050  5.940052e-02  -2.299111e-01  -0.3050
550937.3051  5.943428e-02  -2.298714e-01  -0.3051
550997.3051  5.946893e-02  -2.298330e-01  -0.3051
551057.3051  5.950278e-02  -2.297934e-01  -0.3051
551117.3051  5.953670e-02  -2.297551e-01  -0.3051
551177.3050  5.957147e-02  -2.297156e-01  -0.3050
551237.3051  5.960545e-02  -2.296774e-01  -0.3051
551297.3051  5.963946e-02  -2.296381e-01  -0.3051
551357.3051  5.967164e-02  -2.296002e-01  -0.3051
551417.3051  5.970577e-02  -2.295609e-01  -0.3051
551477.3051  5.973991e-02  -2.295218e-01  -0.3051
551537.3051  5.977494e-02  -2.294840e-01  -0.3051
551597.3051  5.980917e-02  -2.294450e-01  -0.3051
551657.3051  5.984343e-02  -2.294061e-01  -0.3051
551717.3050  5.987587e-02  -2.293673e-01  -0.3050
551777.3051  5.991022e-02  -2.293286e-01  -0.3051
551837.3051  5.994461e-02  -2.292911e-01  -0.3051
551897.3051  5.997990e-02  -2.292525e-01  -0.3051
551957.3051  6.001441e-02  -2.292139e-01  -0.3051
552017.3051  6.004620e-02  -2.291754e-01  -0.3051
552077.3051  6.008076e-02  -2.291369e-01  -0.3051
552137.3051  6.011622e-02  -2.290974e-01  -0.3051
552197.3051  6.015087e-02  -2.290592e-01  -0.3051
552257.3050  6.018283e-02  -2.290209e-01  -0.3050
552317.3051  6.021842e-02  -2.289828e-01  -0.3051
552377.3050  6.025319e-02  -2.289447e-01  -0.3050
552437.3051  6.028528e-02  -2.289061e-01  -0.3051
552497.3051  6.032014e-02  -2.288682e-01  -0.3051
552557.3051  6.035587e-02  -2.288304e-01  -0.3051
552617.3051  6.038808e-02  -2.287914e-01  -0.3051
552677.3051  6.042307e-02  -2.287536e-01  -0.3051
552737.3051  6.045810e-02  -2.287147e-01  -0.3051
552797.3051  6.049045e-02  -2.286778e-01  -0.3051
552857.3051  6.052642e-02  -2.286390e-01  -0.3051
552917.3050  6.056157e-02  -2.286016e-01  -0.3050
552977.3051  6.059405e-02  -2.285630e-01  -0.3051
553037.3051  6.062929e-02  -2.285257e-01  -0.3051
553097.3051  6.066267e-02  -2.284879e-01  -0.3051
553157.3051  6.069800e-02  -2.284495e-01  -0.3051
553217.3050  6.073337e-02  -2.284112e-01  -0.3050
553277.3051  6.076606e-02  -2.283741e-01  -0.3051
553337.3051  6.080152e-02  -2.283366e-01  -0.3051
553397.3051  6.083511e-02  -2.282985e-01  -0.3051
553457.3051  6.087065e-02  -2.282604e-01  -0.3051
553517.3051  6.090351e-02  -2.282231e-01  -0.3051
553577.3050  6.093914e-02  -2.281852e-01  -0.3050
553637.3051  6.097205e-02  -2.281474e-01  -0.3051
553697.3051  6.100862e-02  -2.281096e-01  -0.3051
553757.3051  6.104165e-02  -2.280726e-01  -0.3051
553817.3051  6.107745e-02  -2.280350e-01  -0.3051
553877.3050  6.111053e-02  -2.279968e-01  -0.3050
553937.3051  6.114642e-02  -2.279593e-01  -0.3051
553997.3051  6.117962e-02  -2.279219e-01  -0.3051
554057.3051  6.121557e-02  -2.278852e-01  -0.3051
554117.3051  6.124970e-02  -2.278467e-01  -0.3051
554177.3051  6.128303e-02  -2.278095e-01  -0.3051
554237.3051  6.131910e-02  -2.277718e-01  -0.3051
554297.3051  6.135252e-02  -2.277347e-01  -0.3051
554357.3051  6.138868e-02  -2.276971e-01  -0.3051
554417.3050  6.142218e-02  -2.276603e-01  -0.3050
554477.3051  6.145572e-02  -2.276228e-01  -0.3051
554537.3051  6.149201e-02  -2.275860e-01  -0.3051
554597.3051  6.152649e-02  -2.275481e-01  -0.3051
554657.3051  6.156013e-02  -2.275108e-01  -0.3051
554717.3051  6.159659e-02  -2.274742e-01  -0.3051
554777.3051  6.163031e-02  -2.274372e-01  -0.3051
554837.3051  6.166411e-02  -2.273995e-01  -0.3051
554897.3051  6.170067e-02  -2.273625e-01  -0.3051
554957.3050  6.173455e-02  -2.273251e-01  -0.3050
555017.3051  6.176845e-02  -2.272894e-01  -0.3051
555077.3050  6.180517e-02  -2.272521e-01  -0.3050
555137.3051  6.183916e-02  -2.272154e-01  -0.3051
555197.3051  6.187322e-02  -2.271782e-01  -0.3051
555257.3051  6.190814e-02  -2.271417e-01  -0.3051
555317.3051  6.194500e-02  -2.271039e-01  -0.3051
555377.3051  6.197919e-02  -2.270670e-01  -0.3051
555437.3051  6.201340e-02  -2.270307e-01  -0.3051
555497.3051  6.204768e-02  -2.269937e-01  -0.3051
555557.3051  6.208197e-02  -2.269576e-01  -0.3051
555617.3050  6.211905e-02  -2.269196e-01  -0.3050
555677.3051  6.215345e-02  -2.268836e-01  -0.3051
555737.3051  6.218787e-02  -2.268476e-01  -0.3051
555797.3051  6.222234e-02  -2.268098e-01  -0.3051
555857.3051  6.225688e-02  -2.267740e-01  -0.3051
555917.3050  6.229143e-02  -2.267370e-01  -0.3050
555977.3051  6.232603e-02  -2.267007e-01  -0.3051
556037.3051  6.236341e-02  -2.266639e-01  -0.3051
556097.3051  6.239813e-02  -2.266284e-01  -0.3051
556157.3051  6.243286e-02  -2.265910e-01  -0.3051
556217.3051  6.246763e-02  -2.265544e-01  -0.3051
556277.3050  6.250244e-02  -2.265190e-01  -0.3050
556337.3051  6.253733e-02  -2.264819e-01  -0.3051
556397.3051  6.257223e-02  -2.264456e-01  -0.3051
556457.3051  6.260718e-02  -2.264091e-01  -0.3051
556517.3051  6.264217e-02  -2.263723e-01  -0.3051
556577.3050  6.267720e-02  -2.263372e-01  -0.3050
556637.3051  6.271231e-02  -2.263012e-01  -0.3051
556697.3051  6.274743e-02  -2.262650e-01  -0.3051
556757.3051  6.278260e-02  -2.262285e-01  -0.3051
556817.3051  6.281781e-02  -2.261925e-01  -0.3051
556877.3051  6.285307e-02  -2.261555e-01  -0.3051
556937.3051  6.288836e-02  -2.261197e-01  -0.3051
556997.3051  6.292371e-02  -2.260834e-01  -0.3051
557057.3051  6.295909e-02  -2.260477e-01  -0.3051
557117.3050  6.299367e-02  -2.260121e-01  -0.3050
557177.3051  6.302915e-02  -2.259755e-01  -0.3051
557237.3051  6.306466e-02  -2.259400e-01  -0.3051
557297.3051  6.310023e-02  -2.259041e-01  -0.3051
557357.3051  6.313584e-02  -2.258675e-01  -0.3051
557417.3051  6.317149e-02  -2.258323e-01  -0.3051
557477.3051  6.320719e-02  -2.257960e-01  -0.3051
557537.3051  6.324017e-02  -2.257609e-01  -0.3051
557597.3051  6.327596e-02  -2.257247e-01  -0.3051
557657.3050  6.331179e-02  -2.256897e-01  -0.3050
557717.3051  6.334766e-02  -2.256530e-01  -0.3051
557777.3050  6.338272e-02  -2.256170e-01  -0.3050
557837.3051  6.341869e-02  -2.255823e-01  -0.3051
557897.3051  6.345194e-02  -2.255464e-01  -0.3051
557957.3051  6.348799e-02  -2.255106e-01  -0.3051
558017.3051  6.352409e-02  -2.254749e-01  -0.3051
558077.3051  6.356023e-02  -2.254393e-01  -0.3051
558137.3051  6.359642e-02  -2.254048e-01  -0.3051
558197.3051  6.362989e-02  -2.253693e-01  -0.3051
558257.3051  6.366527e-02  -2.253339e-01  -0.3051
558317.3050  6.370160e-02  -2.252985e-01  -0.3050
558377.3051  6.373796e-02  -2.252615e-01  -0.3051
558437.3051  6.377161e-02  -2.252262e-01  -0.3051
558497.3051  6.380806e-02  -2.251910e-01  -0.3051
558557.3051  6.384453e-02  -2.251560e-01  -0.3051
558617.3050  6.388022e-02  -2.251209e-01  -0.3050
558677.3051  6.391405e-02  -2.250860e-01  -0.3051
558737.3051  6.395068e-02  -2.250499e-01  -0.3051
558797.3051  6.398733e-02  -2.250151e-01  -0.3051
558857.3051  6.402129e-02  -2.249804e-01  -0.3051
558917.3051  6.405806e-02  -2.249445e-01  -0.3051
558977.3050  6.409125e-02  -2.249099e-01  -0.3050
559037.3051  6.412808e-02  -2.248741e-01  -0.3051
559097.3051  6.416498e-02  -2.248397e-01  -0.3051
559157.3051  6.419917e-02  -2.248041e-01  -0.3051
559217.3051  6.423613e-02  -2.247704e-01  -0.3051
559277.3050  6.427231e-02  -2.247349e-01  -0.3050
559337.3051  6.430663e-02  -2.246996e-01  -0.3051
559397.3051  6.434373e-02  -2.246654e-01  -0.3051
559457.3051  6.437814e-02  -2.246303e-01  -0.3051
559517.3051  6.441447e-02  -2.245951e-01  -0.3051
559577.3051  6.444896e-02  -2.245600e-01  -0.3051
559637.3051  6.448628e-02  -2.245250e-01  -0.3051
559697.3051  6.452083e-02  -2.244900e-01  -0.3051
559757.3051  6.455738e-02  -2.244552e-01  -0.3051
559817.3050  6.459202e-02  -2.244204e-01  -0.3050
559877.3051  6.462952e-02  -2.243863e-01  -0.3051
559937.3051  6.466425e-02  -2.243516e-01  -0.3051
559997.3051  6.470098e-02  -2.243170e-01  -0.3051
560057.3051  6.473580e-02  -2.242825e-01  -0.3051
560117.3051  6.477348e-02  -2.242480e-01  -0.3051
560177.3051  6.480839e-02  -2.242136e-01  -0.3051
560237.3051  6.484530e-02  -2.241782e-01  -0.3051
560297.3051  6.488031e-02  -2.241446e-01  -0.3051
560357.3050  6.491817e-02  -2.241103e-01  -0.3050
560417.3051  6.495241e-02  -2.240750e-01  -0.3051
560477.3050  6.498755e-02  -2.240410e-01  -0.3050
560537.3051  6.502554e-02  -2.240059e-01  -0.3051
560597.3051  6.506078e-02  -2.239726e-01  -0.3051
560657.3051  6.509520e-02  -2.239376e-01  -0.3051
560717.3051  6.513333e-02  -2.239038e-01  -0.3051
560777.3051  6.516870e-02  -2.238690e-01  -0.3051
560837.3051  6.520329e-02  -2.238342e-01  -0.3051
560897.3051  6.524152e-02  -2.238013e-01  -0.3051
560957.3051  6.527703e-02  -2.237666e-01  -0.3051
561017.3050  6.531172e-02  -2.237320e-01  -0.3050
561077.3051  6.535013e-02  -2.236976e-01  -0.3051
561137.3051  6.538577e-02  -2.236649e-01  -0.3051
561197.3051  6.542060e-02  -2.236305e-01  -0.3051
561257.3051  6.545915e-02  -2.235963e-01  -0.3051
561317.3050  6.549493e-02  -2.235620e-01  -0.3050
561377.3051  6.552990e-02  -2.235284e-01  -0.3051
561437.3051  6.556577e-02  -2.234944e-01  -0.3051
561497.3051  6.560361e-02  -2.234603e-01  -0.3051
561557.3051  6.563960e-02  -2.234259e-01  -0.3051
561617.3051  6.567561e-02  -2.233920e-01  -0.3051
561677.3050  6.571081e-02  -2.233582e-01  -0.3050
561737.3051  6.574691e-02  -2.233250e-01  -0.3051
561797.3051  6.578584e-02  -2.232914e-01  -0.3051
561857.3051  6.582120e-02  -2.232566e-01  -0.3051
561917.3051  6.585744e-02  -2.232237e-01  -0.3051
561977.3050  6.589287e-02  -2.231891e-01  -0.3050
562037.3051  6.592920e-02  -2.231557e-01  -0.3051
562097.3051  6.596557e-02  -2.231218e-01  -0.3051
562157.3051  6.600114e-02  -2.230886e-01  -0.3051
562217.3051  6.603761e-02  -2.230542e-01  -0.3051
562277.3051  6.607605e-02  -2.230218e-01  -0.3051
562337.3051  6.611261e-02  -2.229876e-01  -0.3051
562397.3051  6.614836e-02  -2.229535e-01  -0.3051
562457.3051  6.618501e-02  -2.229212e-01  -0.3051
562517.3050  6.622171e-02  -2.228872e-01  -0.3050
562577.3051  6.625760e-02  -2.228538e-01  -0.3051
562637.3051  6.629439e-02  -2.228201e-01  -0.3051
562697.3051  6.633037e-02  -2.227863e-01  -0.3051
562757.3051  6.636726e-02  -2.227532e-01  -0.3051
562817.3051  6.640333e-02  -2.227207e-01  -0.3051
562877.3051  6.644031e-02  -2.226877e-01  -0.3051
562937.3051  6.647647e-02  -2.226531e-01  -0.3051
562997.3051  6.651354e-02  -2.226202e-01  -0.3051
563057.3050  6.654980e-02  -2.225869e-01  -0.3050
563117.3051  6.658696e-02  -2.225537e-01  -0.3051
563177.3050  6.662417e-02  -2.225210e-01  -0.3050
563237.3051  6.666054e-02  -2.224878e-01  -0.3051
563297.3051  6.669784e-02  -2.224543e-01  -0.3051
563357.3051  6.673433e-02  -2.224213e-01  -0.3051
563417.3051  6.677173e-02  -2.223889e-01  -0.3051
563477.3051  6.680552e-02  -2.223550e-01  -0.3051
563537.3051  6.684301e-02  -2.223227e-01  -0.3051
563597.3051  6.687966e-02  -2.222889e-01  -0.3051
563657.3051  6.691724e-02  -2.222568e-01  -0.3051
563717.3050  6.695401e-02  -2.222231e-01  -0.3050
563777.3051  6.699083e-02  -2.221912e-01  -0.3051
563837.3051  6.702852e-02  -2.221576e-01  -0.3051
563897.3051  6.706264e-02  -2.221247e-01  -0.3051
563957.3051  6.710046e-02  -2.220924e-01  -0.3051
564017.3050  6.713746e-02  -2.220597e-01  -0.3050
564077.3051  6.717534e-02  -2.220263e-01  -0.3051
564137.3051  6.721244e-02  -2.219937e-01  -0.3051
564197.3051  6.724765e-02  -2.219611e-01  -0.3051
564257.3051  6.728481e-02  -2.219281e-01  -0.3051
564317.3051  6.732291e-02  -2.218956e-01  -0.3051
564377.3050  6.736020e-02  -2.218627e-01  -0.3050
564437.3051  6.739470e-02  -2.218304e-01  -0.3051
564497.3051  6.743294e-02  -2.217976e-01  -0.3051
564557.3051  6.747034e-02  -2.217654e-01  -0.3051
564617.3051  6.750868e-02  -2.217327e-01  -0.3051
564677.3050  6.754340e-02  -2.217008e-01  -0.3050
564737.3051  6.758180e-02  -2.216687e-01  -0.3051
564797.3051  6.761942e-02  -2.216352e-01  -0.3051
564857.3051  6.765425e-02  -2.216034e-01  -0.3051
564917.3051  6.769282e-02  -2.215711e-01  -0.3051
564977.3051  6.773055e-02  -2.215383e-01  -0.3051
565037.3051  6.776642e-02  -2.215067e-01  -0.3051
565097.3051  6.780424e-02  -2.214734e-01  -0.3051
565157.3051  6.784214e-02  -2.214420e-01  -0.3051
565217.3050  6.787812e-02  -2.214095e-01  -0.3050
565277.3051  6.791611e-02  -2.213776e-01  -0.3051
565337.3051  6.795132e-02  -2.213452e-01  -0.3051
565397.3051  6.799027e-02  -2.213129e-01  -0.3051
565457.3051  6.802558e-02  -2.212801e-01  -0.3051
565517.3051  6.806460e-02  -2.212491e-01  -0.3051
565577.3051  6.810283e-02  -2.212164e-01  -0.3051
565637.3051  6.813827e-02  -2.211844e-01  -0.3051
565697.3051  6.817747e-02  -2.211525e-01  -0.3051
565757.3050  6.821300e-02  -2.211199e-01  -0.3050
565817.3051  6.825140e-02  -2.210882e-01  -0.3051
565877.3050  6.828793e-02  -2.210563e-01  -0.3050
565937.3051  6.832642e-02  -2.210247e-01  -0.3051
565997.3051  6.836214e-02  -2.209925e-01  -0.3051
566057.3051  6.840163e-02  -2.209610e-01  -0.3051
566117.3051  6.843745e-02  -2.209296e-01  -0.3051
566177.3051  6.847613e-02  -2.208976e-01  -0.3051
566237.3051  6.851205e-02  -2.208651e-01  -0.3051
566297.3051  6.854891e-02  -2.208339e-01  -0.3051
566357.3051  6.858773e-02  -2.208021e-01  -0.3051
566417.3050  6.862379e-02  -2.207699e-01  -0.3050
566477.3051  6.866358e-02  -2.207388e-01  -0.3051
566537.3051  6.869977e-02  -2.207068e-01  -0.3051
566597.3051  6.873597e-02  -2.206752e-01  -0.3051
566657.3051  6.877591e-02  -2.206433e-01  -0.3051
566717.3050  6.881221e-02  -2.206126e-01  -0.3050
566777.3051  6.884855e-02  -2.205807e-01  -0.3051
566837.3051  6.888776e-02  -2.205495e-01  -0.3051
566897.3051  6.892510e-02  -2.205178e-01  -0.3051
566957.3051  6.896160e-02  -2.204863e-01  -0.3051
567017.3051  6.900095e-02  -2.204548e-01  -0.3051
567077.3050  6.903754e-02  -2.204228e-01  -0.3050
567137.3051  6.907504e-02  -2.203924e-01  -0.3051
567197.3051  6.911454e-02  -2.203611e-01  -0.3051
567257.3051  6.915127e-02  -2.203299e-01  -0.3051
567317.3051  6.918805e-02  -2.202987e-01  -0.3051
567377.3050  6.922575e-02  -2.202670e-01  -0.3050
567437.3051  6.926544e-02  -2.202360e-01  -0.3051
567497.3051  6.930237e-02  -2.202050e-01  -0.3051
567557.3051  6.933934e-02  -2.201730e-01  -0.3051
567617.3051  6.937636e-02  -2.201422e-01  -0.3051
567677.3051  6.941430e-02  -2.201108e-01  -0.3051
567737.3051  6.945424e-02  -2.200802e-01  -0.3051
567797.3051  6.949140e-02  -2.200484e-01  -0.3051
567857.3051  6.952862e-02  -2.200178e-01  -0.3051
567917.3050  6.956588e-02  -2.199874e-01  -0.3050
567977.3051  6.960406e-02  -2.199559e-01  -0.3051
568037.3051  6.964142e-02  -2.199249e-01  -0.3051
568097.3051  6.967883e-02  -2.198936e-01  -0.3051
568157.3051  6.971911e-02  -2.198634e-01  -0.3051
568217.3051  6.975658e-02  -2.198321e-01  -0.3051
568277.3051  6.979501e-02  -2.198009e-01  -0.3051
568337.3051  6.983261e-02  -2.197710e-01  -0.3051
568397.3051  6.987026e-02  -2.197399e-01  -0.3051
568457.3050  6.990796e-02  -2.197084e-01  -0.3050
568517.3051  6.994571e-02  -2.196775e-01  -0.3051
568577.3050  6.998348e-02  -2.196478e-01  -0.3050
568637.3051  7.002132e-02  -2.196171e-01  -0.3051
568697.3051  7.006009e-02  -2.195863e-01  -0.3051
568757.3051  7.009803e-02  -2.195557e-01  -0.3051
568817.3051  7.013599e-02  -2.195252e-01  -0.3051
568877.3051  7.017404e-02  -2.194948e-01  -0.3051
568937.3051  7.021213e-02  -2.194638e-01  -0.3051
568997.3051  7.025027e-02  -2.194324e-01  -0.3051
569057.3051  7.028843e-02  -2.194021e-01  -0.3051
569117.3050  7.032667e-02  -2.193720e-01  -0.3050
569177.3051  7.036582e-02  -2.193418e-01  -0.3051
569237.3051  7.040413e-02  -2.193106e-01  -0.3051
569297.3051  7.044251e-02  -2.192807e-01  -0.3051
569357.3051  7.048095e-02  -2.192508e-01  -0.3051
569417.3050  7.051940e-02  -2.192199e-01  -0.3050
569477.3051  7.055510e-02  -2.191901e-01  -0.3051
569537.3051  7.059365e-02  -2.191593e-01  -0.3051
569597.3051  7.063228e-02  -2.191297e-01  -0.3051
569657.3051  7.067097e-02  -2.190991e-01  -0.3051
569717.3051  7.070967e-02  -2.190679e-01  -0.3051
569777.3050  7.074845e-02  -2.190385e-01  -0.3050
569837.3051  7.078724e-02  -2.190080e-01  -0.3051
569897.3051  7.082416e-02  -2.189777e-01  -0.3051
569957.3051  7.086305e-02  -2.189474e-01  -0.3051
570017.3051  7.090203e-02  -2.189183e-01  -0.3051
570077.3050  7.094103e-02  -2.188881e-01  -0.3050
570137.3051  7.098011e-02  -2.188580e-01  -0.3051
570197.3051  7.101636e-02  -2.188280e-01  -0.3051
570257.3051  7.105554e-02  -2.187980e-01  -0.3051
570317.3051  7.109474e-02  -2.187681e-01  -0.3051
570377.3051  7.113401e-02  -2.187384e-01  -0.3051
570437.3051  7.117047e-02  -2.187086e-01  -0.3051
570497.3051  7.120981e-02  -2.186778e-01  -0.3051
570557.3051  7.124924e-02  -2.186483e-01  -0.3051
570617.3050  7.128584e-02  -2.186187e-01  -0.3050
570677.3051  7.132533e-02  -2.185893e-01  -0.3051
570737.3051  7.136491e-02  -2.185588e-01  -0.3051
570797.3051  7.140166e-02  -2.185295e-01  -0.3051
570857.3051  7.144134e-02  -2.184991e-01  -0.3051
570917.3051  7.148103e-02  -2.184700e-01  -0.3051
570977.3051  7.151793e-02  -2.184398e-01  -0.3051
571037.3051  7.155772e-02  -2.184107e-01  -0.3051
571097.3051  7.159760e-02  -2.183807e-01  -0.3051
571157.3050  7.163465e-02  -2.183518e-01  -0.3050
571217.3051  7.167459e-02  -2.183219e-01  -0.3051
571277.3050  7.171174e-02  -2.182921e-01  -0.3050
571337.3051  7.175182e-02  -2.182623e-01  -0.3051
571397.3051  7.178907e-02  -2.182337e-01  -0.3051
571457.3051  7.182921e-02  -2.182041e-01  -0.3051
571517.3051  7.186941e-02  -2.181745e-01  -0.3051
571577.3051  7.190684e-02  -2.181451e-01  -0.3051
571637.3051  7.194626e-02  -2.181157e-01  -0.3051
571697.3051  7.198376e-02  -2.180863e-01  -0.3051
571757.3051  7.202416e-02  -2.180576e-01  -0.3051
571817.3050  7.206176e-02  -2.180284e-01  -0.3050
571877.3051  7.210226e-02  -2.179992e-01  -0.3051
571937.3051  7.213995e-02  -2.179691e-01  -0.3051
571997.3051  7.217770e-02  -2.179401e-01  -0.3051
572057.3051  7.221838e-02  -2.179112e-01  -0.3051
572117.3050  7.225623e-02  -2.178823e-01  -0.3050
572177.3051  7.229699e-02  -2.178525e-01  -0.3051
572237.3051  7.233494e-02  -2.178238e-01  -0.3051
572297.3051  7.237579e-02  -2.177940e-01  -0.3051
572357.3051  7.241297e-02  -2.177655e-01  -0.3051
572417.3051  7.245107e-02  -2.177359e-01  -0.3051
572477.3050  7.249207e-02  -2.177075e-01  -0.3050
572537.3051  7.253028e-02  -2.176781e-01  -0.3051
572597.3051  7.256853e-02  -2.176503e-01  -0.3051
572657.3051  7.260969e-02  -2.176210e-01  -0.3051
572717.3051  7.264804e-02  -2.175918e-01  -0.3051
572777.3050  7.268644e-02  -2.175626e-01  -0.3050
572837.3051  7.272685e-02  -2.175346e-01  -0.3051
572897.3051  7.276536e-02  -2.175057e-01  -0.3051
572957.3051  7.280391e-02  -2.174767e-01  -0.3051
573017.3051  7.284538e-02  -2.174478e-01  -0.3051
573077.3051  7.288403e-02  -2.174190e-01  -0.3051
573137.3051  7.292274e-02  -2.173903e-01  -0.3051
573197.3051  7.296063e-02  -2.173622e-01  -0.3051
573257.3051  7.300230e-02  -2.173336e-01  -0.3051
573317.3050  7.304113e-02  -2.173040e-01  -0.3050
573377.3051  7.308004e-02  -2.172755e-01  -0.3051
573437.3051  7.311900e-02  -2.172472e-01  -0.3051
573497.3051  7.316088e-02  -2.172189e-01  -0.3051
573557.3051  7.319907e-02  -2.171896e-01  -0.3051
573617.3051  7.323815e-02  -2.171614e-01  -0.3051
573677.3051  7.327732e-02  -2.171339e-01  -0.3051
573737.3051  7.331654e-02  -2.171048e-01  -0.3051
573797.3051  7.335581e-02  -2.170769e-01  -0.3051
573857.3050  7.339422e-02  -2.170479e-01  -0.3050
573917.3051  7.343646e-02  -2.170190e-01  -0.3051
573977.3050  7.347588e-02  -2.169913e-01  -0.3050
574037.3051  7.351533e-02  -2.169625e-01  -0.3051
574097.3051  7.355398e-02  -2.169344e-01  -0.3051
574157.3051  7.359356e-02  -2.169068e-01  -0.3051
574217.3051  7.363315e-02  -2.168783e-01  -0.3051
574277.3051  7.367283e-02  -2.168499e-01  -0.3051
574337.3051  7.371232e-02  -2.168400e-01  -0.3051
574397.3051  7.375119e-02  -2.168116e-01  -0.3051
574457.3051  7.379102e-02  -2.167839e-01  -0.3051
574517.3050  7.383088e-02  -2.167557e-01  -0.3050
574577.3051  7.387081e-02  -2.167277e-01  -0.3051
574637.3051  7.390989e-02  -2.166996e-01  -0.3051
574697.3051  7.394993e-02  -2.166716e-01  -0.3051
574757.3051  7.398999e-02  -2.166437e-01  -0.3051
574817.3050  7.402926e-02  -2.166153e-01  -0.3050
574877.3051  7.406942e-02  -2.165876e-01  -0.3051
574937.3051  7.410967e-02  -2.165599e-01  -0.3051
574997.3051  7.414993e-02  -2.165312e-01  -0.3051
575057.3051  7.418941e-02  -2.165037e-01  -0.3051
575117.3051  7.422978e-02  -2.164768e-01  -0.3051
575177.3050  7.427023e-02  -2.164483e-01  -0.3050
575237.3051  7.430983e-02  -2.164210e-01  -0.3051
575297.3051  7.435039e-02  -2.163927e-01  -0.3051
575357.3051  7.438809e-02  -2.163644e-01  -0.3051
575417.3051  7.442785e-02  -2.163379e-01  -0.3051
575477.3050  7.446856e-02  -2.163098e-01  -0.3050
575537.3051  7.450930e-02  -2.162817e-01  -0.3051
575597.3051  7.454924e-02  -2.162537e-01  -0.3051
575657.3051  7.459008e-02  -2.162269e-01  -0.3051
575717.3051  7.462809e-02  -2.161997e-01  -0.3051
575777.3051  7.466816e-02  -2.161719e-01  -0.3051
575837.3051  7.470918e-02  -2.161442e-01  -0.3051
575897.3051  7.475023e-02  -2.161166e-01  -0.3051
575957.3051  7.479046e-02  -2.160891e-01  -0.3051
576017.3050  7.482876e-02  -2.160622e-01  -0.3050
576077.3051  7.486997e-02  -2.160348e-01  -0.3051
576137.3051  7.491035e-02  -2.160063e-01  -0.3051
576197.3051  7.495166e-02  -2.159791e-01  -0.3051
576257.3051  7.499017e-02  -2.159519e-01  -0.3051
576317.3051  7.503071e-02  -2.159243e-01  -0.3051
576377.3051  7.507218e-02  -2.158973e-01  -0.3051
576437.3051  7.510994e-02  -2.158704e-01  -0.3051
576497.3051  7.515151e-02  -2.158424e-01  -0.3051
576557.3050  7.519314e-02  -2.158161e-01  -0.3050
576617.3051  7.523109e-02  -2.157883e-01  -0.3051
576677.3050  7.527282e-02  -2.157616e-01  -0.3050
576737.3051  7.531373e-02  -2.157340e-01  -0.3051
576797.3051  7.535268e-02  -2.157069e-01  -0.3051
576857.3051  7.539457e-02  -2.156804e-01  -0.3051
576917.3051  7.543564e-02  -2.156529e-01  -0.3051
576977.3051  7.547475e-02  -2.156256e-01  -0.3051
577037.3051  7.551592e-02  -2.155988e-01  -0.3051
577097.3051  7.555513e-02  -2.155715e-01  -0.3051
577157.3051  7.559729e-02  -2.155444e-01  -0.3051
577217.3050  7.563573e-02  -2.155173e-01  -0.3050
577277.3051  7.567799e-02  -2.154908e-01  -0.3051
577337.3051  7.571654e-02  -2.154638e-01  -0.3051
577397.3051  7.575891e-02  -2.154370e-01  -0.3051
577457.3051  7.579756e-02  -2.154101e-01  -0.3051
577517.3050  7.584004e-02  -2.153840e-01  -0.3050
577577.3051  7.587879e-02  -2.153573e-01  -0.3051
577637.3051  7.592138e-02  -2.153296e-01  -0.3051
577697.3051  7.596024e-02  -2.153031e-01  -0.3051
577757.3051  7.600293e-02  -2.152773e-01  -0.3051
577817.3051  7.604190e-02  -2.152498e-01  -0.3051
577877.3050  7.608466e-02  -2.152235e-01  -0.3050
577937.3051  7.612462e-02  -2.151962e-01  -0.3051
577997.3051  7.616375e-02  -2.151706e-01  -0.3051
578057.3051  7.620670e-02  -2.151434e-01  -0.3051
578117.3051  7.624594e-02  -2.151175e-01  -0.3051
578177.3050  7.628900e-02  -2.150904e-01  -0.3050
578237.3051  7.632831e-02  -2.150640e-01  -0.3051
578297.3051  7.636859e-02  -2.150371e-01  -0.3051
578357.3051  7.641093e-02  -2.150114e-01  -0.3051
578417.3051  7.645043e-02  -2.149853e-01  -0.3051
578477.3051  7.649087e-02  -2.149586e-01  -0.3051
578537.3051  7.653334e-02  -2.149320e-01  -0.3051
578597.3051  7.657388e-02  -2.149055e-01  -0.3051
578657.3051  7.661360e-02  -2.148797e-01  -0.3051
578717.3050  7.665711e-02  -2.148533e-01  -0.3050
578777.3051  7.669694e-02  -2.148270e-01  -0.3051
578837.3051  7.673769e-02  -2.147998e-01  -0.3051
578897.3051  7.677759e-02  -2.147741e-01  -0.3051
578957.3051  7.682136e-02  -2.147481e-01  -0.3051
579017.3051  7.686139e-02  -2.147221e-01  -0.3051
579077.3051  7.690145e-02  -2.146957e-01  -0.3051
579137.3051  7.694248e-02  -2.146698e-01  -0.3051
579197.3051  7.698264e-02  -2.146441e-01  -0.3051
579257.3050  7.702668e-02  -2.146173e-01  -0.3050
579317.3051  7.706699e-02  -2.145922e-01  -0.3051
579377.3050  7.710819e-02  -2.145656e-01  -0.3050
579437.3051  7.714861e-02  -2.145391e-01  -0.3051
579497.3051  7.718904e-02  -2.145142e-01  -0.3051
579557.3051  7.723045e-02  -2.144877e-01  -0.3051
579617.3051  7.727389e-02  -2.144615e-01  -0.3051
579677.3051  7.731541e-02  -2.144358e-01  -0.3051
579737.3051  7.735606e-02  -2.144106e-01  -0.3051
579797.3051  7.739680e-02  -2.143845e-01  -0.3051
579857.3051  7.743844e-02  -2.143585e-01  -0.3051
579917.3050  7.747928e-02  -2.143331e-01  -0.3050
579977.3051  7.752103e-02  -2.143072e-01  -0.3051
580037.3051  7.756196e-02  -2.142813e-01  -0.3051
580097.3051  7.760297e-02  -2.142562e-01  -0.3051
580157.3051  7.764488e-02  -2.142295e-01  -0.3051
580217.3050  7.768600e-02  -2.142038e-01  -0.3050
580277.3051  7.772714e-02  -2.141784e-01  -0.3051
580337.3051  7.776922e-02  -2.141534e-01  -0.3051
580397.3051  7.781050e-02  -2.141270e-01  -0.3051
580457.3051  7.785180e-02  -2.141016e-01  -0.3051
580517.3051  7.789404e-02  -2.140770e-01  -0.3051
580577.3050  7.793549e-02  -2.140507e-01  -0.3050
580637.3051  7.797696e-02  -2.140257e-01  -0.3051
580697.3051  7.801936e-02  -2.140002e-01  -0.3051
580757.3051  7.806094e-02  -2.139741e-01  -0.3051
580817.3051  7.810260e-02  -2.139493e-01  -0.3051
580877.3050  7.814517e-02  -2.139240e-01  -0.3050
580937.3051  7.818691e-02  -2.138982e-01  -0.3051
580997.3051  7.822579e-02  -2.138736e-01  -0.3051
581057.3051  7.826853e-02  -2.138479e-01  -0.3051
581117.3051  7.831047e-02  -2.138229e-01  -0.3051
581177.3051  7.835243e-02  -2.137974e-01  -0.3051
581237.3051  7.839444e-02  -2.137720e-01  -0.3051
581297.3051  7.843740e-02  -2.137472e-01  -0.3051
581357.3051  7.847661e-02  -2.137219e-01  -0.3051
581417.3050  7.851879e-02  -2.136968e-01  -0.3050
581477.3051  7.856191e-02  -2.136722e-01  -0.3051
581537.3051  7.860423e-02  -2.136471e-01  -0.3051
581597.3051  7.864658e-02  -2.136212e-01  -0.3051
581657.3051  7.868606e-02  -2.135968e-01  -0.3051
581717.3051  7.872940e-02  -2.135720e-01  -0.3051
581777.3051  7.877192e-02  -2.135461e-01  -0.3051
581837.3051  7.881449e-02  -2.135220e-01  -0.3051
581897.3051  7.885419e-02  -2.134964e-01  -0.3051
581957.3050  7.889775e-02  -2.134718e-01  -0.3050
582017.3051  7.894049e-02  -2.134464e-01  -0.3051
582077.3050  7.898036e-02  -2.134224e-01  -0.3050
582137.3051  7.902320e-02  -2.133971e-01  -0.3051
582197.3051  7.906699e-02  -2.133718e-01  -0.3051
582257.3051  7.910702e-02  -2.133483e-01  -0.3051
582317.3051  7.915003e-02  -2.133230e-01  -0.3051
582377.3051  7.919310e-02  -2.132980e-01  -0.3051
582437.3051  7.923327e-02  -2.132735e-01  -0.3051
582497.3051  7.927733e-02  -2.132486e-01  -0.3051
582557.3051  7.931764e-02  -2.132238e-01  -0.3051
582617.3050  7.936093e-02  -2.131996e-01  -0.3050
582677.3051  7.940428e-02  -2.131749e-01  -0.3051
582737.3051  7.944476e-02  -2.131503e-01  -0.3051
582797.3051  7.948910e-02  -2.131262e-01  -0.3051
582857.3051  7.952966e-02  -2.131018e-01  -0.3051
582917.3050  7.957323e-02  -2.130773e-01  -0.3050
582977.3051  7.961393e-02  -2.130525e-01  -0.3051
583037.3051  7.965761e-02  -2.130282e-01  -0.3051
583097.3051  7.969839e-02  -2.130041e-01  -0.3051
583157.3051  7.974307e-02  -2.129789e-01  -0.3051
583217.3051  7.978399e-02  -2.129554e-01  -0.3051
583277.3050  7.982790e-02  -2.129304e-01  -0.3050
583337.3051  7.986890e-02  -2.129066e-01  -0.3051
583397.3051  7.991293e-02  -2.128822e-01  -0.3051
583457.3051  7.995407e-02  -2.128574e-01  -0.3051
583517.3051  7.999818e-02  -2.128338e-01  -0.3051
583577.3050  8.004032e-02  -2.128096e-01  -0.3050
583637.3051  8.008163e-02  -2.127851e-01  -0.3051
583697.3051  8.012590e-02  -2.127606e-01  -0.3051
583757.3051  8.016733e-02  -2.127367e-01  -0.3051
583817.3051  8.021175e-02  -2.127124e-01  -0.3051
583877.3051  8.025325e-02  -2.126892e-01  -0.3051
583937.3051  8.029485e-02  -2.126644e-01  -0.3051
583997.3051  8.033940e-02  -2.126403e-01  -0.3051
584057.3051  8.038111e-02  -2.126163e-01  -0.3051
584117.3050  8.042373e-02  -2.125928e-01  -0.3050
584177.3051  8.046555e-02  -2.125690e-01  -0.3051
584237.3051  8.051033e-02  -2.125451e-01  -0.3051
584297.3051  8.055226e-02  -2.125203e-01  -0.3051
584357.3051  8.059422e-02  -2.124972e-01  -0.3051
584417.3051  8.063921e-02  -2.124736e-01  -0.3051
584477.3051  8.068128e-02  -2.124490e-01  -0.3051
584537.3051  8.072344e-02  -2.124261e-01  -0.3051
584597.3051  8.076562e-02  -2.124016e-01  -0.3051
584657.3050  8.081084e-02  -2.123784e-01  -0.3050
584717.3051  8.085313e-02  -2.123546e-01  -0.3051
584777.3050  8.089549e-02  -2.123305e-01  -0.3050
584837.3051  8.093793e-02  -2.123074e-01  -0.3051
584897.3051  8.098040e-02  -2.122839e-01  -0.3051
584957.3051  8.102295e-02  -2.122600e-01  -0.3051
585017.3051  8.106937e-02  -2.122360e-01  -0.3051
585077.3051  8.111201e-02  -2.122122e-01  -0.3051
585137.3051  8.115474e-02  -2.121890e-01  -0.3051
585197.3051  8.119749e-02  -2.121653e-01  -0.3051
585257.3051  8.124030e-02  -2.121417e-01  -0.3051
585317.3050  8.128316e-02  -2.121187e-01  -0.3050
585377.3051  8.132612e-02  -2.120952e-01  -0.3051
585437.3051  8.136910e-02  -2.120719e-01  -0.3051
585497.3051  8.141214e-02  -2.120491e-01  -0.3051
585557.3051  8.145524e-02  -2.120249e-01  -0.3051
585617.3050  8.150137e-02  -2.120017e-01  -0.3050
585677.3051  8.154423e-02  -2.119792e-01  -0.3051
585737.3051  8.158750e-02  -2.119551e-01  -0.3051
585797.3051  8.163082e-02  -2.119322e-01  -0.3051
585857.3051  8.167421e-02  -2.119083e-01  -0.3051
585917.3051  8.171756e-02  -2.118860e-01  -0.3051
585977.3050  8.176109e-02  -2.118623e-01  -0.3050
586037.3051  8.180465e-02  -2.118386e-01  -0.3051
586097.3051  8.184522e-02  -2.118166e-01  -0.3051
586157.3051  8.188889e-02  -2.117931e-01  -0.3051
586217.3051  8.193253e-02  -2.117696e-01  -0.3051
586277.3050  8.197632e-02  -2.117468e-01  -0.3050
586337.3051  8.202007e-02  -2.117235e-01  -0.3051
586397.3051  8.206398e-02  -2.117003e-01  -0.3051
586457.3051  8.210785e-02  -2.116771e-01  -0.3051
586517.3051  8.215178e-02  -2.116546e-01  -0.3051
586577.3051  8.219586e-02  -2.116316e-01  -0.3051
586637.3051  8.223990e-02  -2.116087e-01  -0.3051
586697.3051  8.228105e-02  -2.115863e-01  -0.3051
586757.3051  8.232521e-02  -2.115637e-01  -0.3051
586817.3050  8.236943e-02  -2.115399e-01  -0.3050
586877.3051  8.241380e-02  -2.115173e-01  -0.3051
586937.3051  8.245814e-02  -2.114952e-01  -0.3051
586997.3051  8.250253e-02  -2.114717e-01  -0.3051
587057.3051  8.254402e-02  -2.114494e-01  -0.3051
587117.3051  8.258845e-02  -2.114265e-01  -0.3051
587177.3051  8.263298e-02  -2.114043e-01  -0.3051
587237.3051  8.267761e-02  -2.113811e-01  -0.3051
587297.3051  8.271934e-02  -2.113590e-01  -0.3051
587357.3050  8.276408e-02  -2.113365e-01  -0.3050
587417.3051  8.280880e-02  -2.113135e-01  -0.3051
587477.3050  8.285070e-02  -2.112906e-01  -0.3050
587537.3051  8.289559e-02  -2.112683e-01  -0.3051
587597.3051  8.294048e-02  -2.112466e-01  -0.3051
587657.3051  8.298255e-02  -2.112239e-01  -0.3051
587717.3051  8.302756e-02  -2.112013e-01  -0.3051
587777.3051  8.307268e-02  -2.111794e-01  -0.3051
587837.3051  8.311484e-02  -2.111558e-01  -0.3051
587897.3051  8.316012e-02  -2.111335e-01  -0.3051
587957.3051  8.320533e-02  -2.111111e-01  -0.3051
588017.3050  8.324766e-02  -2.110895e-01  -0.3050
588077.3051  8.329312e-02  -2.110674e-01  -0.3051
588137.3051  8.333553e-02  -2.110442e-01  -0.3051
588197.3051  8.338102e-02  -2.110228e-01  -0.3051
588257.3051  8.342656e-02  -2.110009e-01  -0.3051
588317.3050  8.346915e-02  -2.109780e-01  -0.3050
588377.3051  8.351481e-02  -2.109562e-01  -0.3051
588437.3051  8.355756e-02  -2.109340e-01  -0.3051
588497.3051  8.360330e-02  -2.109114e-01  -0.3051
588557.3051  8.364616e-02  -2.108898e-01  -0.3051
588617.3051  8.369203e-02  -2.108674e-01  -0.3051
588677.3050  8.373501e-02  -2.108455e-01  -0.3050
588737.3051  8.378099e-02  -2.108231e-01  -0.3051
588797.3051  8.382409e-02  -2.108018e-01  -0.3051
588857.3051  8.387010e-02  -2.107797e-01  -0.3051
588917.3051  8.391332e-02  -2.107581e-01  -0.3051
588977.3050  8.395656e-02  -2.107361e-01  -0.3050
589037.3051  8.400279e-02  -2.107141e-01  -0.3051
589097.3051  8.404615e-02  -2.106922e-01  -0.3051
589157.3051  8.409249e-02  -2.106699e-01  -0.3051
589217.3051  8.413597e-02  -2.106482e-01  -0.3051
589277.3051  8.417942e-02  -2.106265e-01  -0.3051
589337.3051  8.422604e-02  -2.106049e-01  -0.3051
589397.3051  8.426960e-02  -2.105829e-01  -0.3051
589457.3051  8.431327e-02  -2.105614e-01  -0.3051
589517.3050  8.436003e-02  -2.105401e-01  -0.3050
589577.3051  8.440378e-02  -2.105178e-01  -0.3051
589637.3051  8.444762e-02  -2.104966e-01  -0.3051
589697.3051  8.449447e-02  -2.104750e-01  -0.3051
589757.3051  8.453839e-02  -2.104529e-01  -0.3051
589817.3051  8.458247e-02  -2.104319e-01  -0.3051
589877.3051  8.462655e-02  -2.104100e-01  -0.3051
589937.3051  8.467364e-02  -2.103887e-01  -0.3051
589997.3051  8.471781e-02  -2.103669e-01  -0.3051
590057.3050  8.476195e-02  -2.103452e-01  -0.3050
590117.3051  8.480627e-02  -2.103246e-01  -0.3051
590177.3050  8.485360e-02  -2.103031e-01  -0.3050
590237.3051  8.489801e-02  -2.102821e-01  -0.3051
590297.3051  8.494248e-02  -2.102607e-01  -0.3051
590357.3051  8.498691e-02  -2.102384e-01  -0.3051
590417.3051  8.503153e-02  -2.102171e-01  -0.3051
590477.3051  8.507618e-02  -2.101965e-01  -0.3051
590537.3051  8.512379e-02  -2.101754e-01  -0.3051
590597.3051  8.516856e-02  -2.101533e-01  -0.3051
590657.3051  8.521330e-02  -2.101324e-01  -0.3051
590717.3050  8.525819e-02  -2.101116e-01  -0.3050
590777.3051  8.530305e-02  -2.100903e-01  -0.3051
590837.3051  8.534806e-02  -2.100696e-01  -0.3051
590897.3051  8.539304e-02  -2.100479e-01  -0.3051
590957.3051  8.543808e-02  -2.100274e-01  -0.3051
591017.3050  8.548327e-02  -2.100059e-01  -0.3050
591077.3051  8.552843e-02  -2.099850e-01  -0.3051
591137.3051  8.557366e-02  -2.099636e-01  -0.3051
591197.3051  8.561894e-02  -2.099434e-01  -0.3051
591257.3051  8.566429e-02  -2.099223e-01  -0.3051
591317.3051  8.570969e-02  -2.099011e-01  -0.3051
591377.3050  8.575516e-02  -2.098801e-01  -0.3050
591437.3051  8.580069e-02  -2.098596e-01  -0.3051
591497.3051  8.584628e-02  -2.098388e-01  -0.3051
591557.3051  8.589193e-02  -2.098179e-01  -0.3051
591617.3051  8.593764e-02  -2.097972e-01  -0.3051
591677.3050  8.598341e-02  -2.097756e-01  -0.3050
591737.3051  8.602921e-02  -2.097555e-01  -0.3051
591797.3051  8.607511e-02  -2.097349e-01  -0.3051
591857.3051  8.612097e-02  -2.097146e-01  -0.3051
591917.3051  8.616699e-02  -2.096932e-01  -0.3051
591977.3051  8.621007e-02  -2.096730e-01  -0.3051
592037.3051  8.625609e-02  -2.096517e-01  -0.3051
592097.3051  8.630229e-02  -2.096316e-01  -0.3051
592157.3051  8.634846e-02  -2.096111e-01  -0.3051
592217.3050  8.639478e-02  -2.095901e-01  -0.3050
592277.3051  8.644105e-02  -2.095702e-01  -0.3051
592337.3051  8.648440e-02  -2.095494e-01  -0.3051
592397.3051  8.653091e-02  -2.095287e-01  -0.3051
592457.3051  8.657739e-02  -2.095080e-01  -0.3051
592517.3051  8.662390e-02  -2.094879e-01  -0.3051
592577.3051  8.667060e-02  -2.094674e-01  -0.3051
592637.3051  8.671426e-02  -2.094470e-01  -0.3051
592697.3051  8.676095e-02  -2.094266e-01  -0.3051
592757.3050  8.680774e-02  -2.094064e-01  -0.3050
592817.3051  8.685155e-02  -2.093861e-01  -0.3051
592877.3050  8.689847e-02  -2.093660e-01  -0.3050
592937.3051  8.694544e-02  -2.093460e-01  -0.3051
592997.3051  8.698944e-02  -2.093255e-01  -0.3051
593057.3051  8.703654e-02  -2.093056e-01  -0.3051
593117.3051  8.708367e-02  -2.092858e-01  -0.3051
593177.3051  8.712779e-02  -2.092650e-01  -0.3051
593237.3051  8.717505e-02  -2.092453e-01  -0.3051
593297.3051  8.722240e-02  -2.092248e-01  -0.3051
593357.3051  8.726676e-02  -2.092052e-01  -0.3051
593417.3050  8.731415e-02  -2.091848e-01  -0.3050
593477.3051  8.735864e-02  -2.091650e-01  -0.3051
593537.3051  8.740615e-02  -2.091457e-01  -0.3051
593597.3051  8.745377e-02  -2.091255e-01  -0.3051
593657.3051  8.749839e-02  -2.091053e-01  -0.3051
593717.3050  8.754615e-02  -2.090853e-01  -0.3050
593777.3051  8.759086e-02  -2.090653e-01  -0.3051
593837.3051  8.763877e-02  -2.090453e-01  -0.3051
593897.3051  8.768360e-02  -2.090256e-01  -0.3051
593957.3051  8.773152e-02  -2.090058e-01  -0.3051
594017.3051  8.777651e-02  -2.089862e-01  -0.3051
594077.3050  8.782464e-02  -2.089666e-01  -0.3050
594137.3051  8.786973e-02  -2.089465e-01  -0.3051
594197.3051  8.791793e-02  -2.089272e-01  -0.3051
594257.3051  8.796314e-02  -2.089078e-01  -0.3051
594317.3051  8.800841e-02  -2.088875e-01  -0.3051
594377.3050  8.805680e-02  -2.088683e-01  -0.3050
594437.3051  8.810220e-02  -2.088482e-01  -0.3051
594497.3051  8.815068e-02  -2.088291e-01  -0.3051
594557.3051  8.819620e-02  -2.088091e-01  -0.3051
594617.3051  8.824179e-02  -2.087892e-01  -0.3051
594677.3051  8.829040e-02  -2.087704e-01  -0.3051
594737.3051  8.833611e-02  -2.087507e-01  -0.3051
594797.3051  8.838189e-02  -2.087310e-01  -0.3051
594857.3051  8.843066e-02  -2.087115e-01  -0.3051
594917.3050  8.847656e-02  -2.086920e-01  -0.3050
594977.3051  8.852252e-02  -2.086725e-01  -0.3051
595037.3051  8.857149e-02  -2.086532e-01  -0.3051
595097.3051  8.861761e-02  -2.086344e-01  -0.3051
595157.3051  8.866367e-02  -2.086152e-01  -0.3051
595217.3051  8.871292e-02  -2.085961e-01  -0.3051
595277.3051  8.875911e-02  -2.085770e-01  -0.3051
595337.3051  8.880536e-02  -2.085580e-01  -0.3051
595397.3051  8.885177e-02  -2.085382e-01  -0.3051
595457.3050  8.889815e-02  -2.085194e-01  -0.3050
595517.3051  8.894762e-02  -2.084996e-01  -0.3051
595577.3050  8.899413e-02  -2.084810e-01  -0.3050
595637.3051  8.904070e-02  -2.084614e-01  -0.3051
595697.3051  8.908742e-02  -2.084429e-01  -0.3051
595757.3051  8.913412e-02  -2.084235e-01  -0.3051
595817.3051  8.918088e-02  -2.084052e-01  -0.3051
595877.3051  8.923071e-02  -2.083859e-01  -0.3051
595937.3051  8.927751e-02  -2.083668e-01  -0.3051
595997.3051  8.932446e-02  -2.083476e-01  -0.3051
596057.3051  8.937148e-02  -2.083286e-01  -0.3051
596117.3050  8.941856e-02  -2.083097e-01  -0.3050
596177.3051  8.946571e-02  -2.082908e-01  -0.3051
596237.3051  8.951291e-02  -2.082720e-01  -0.3051
596297.3051  8.956006e-02  -2.082533e-01  -0.3051
596357.3051  8.960740e-02  -2.082346e-01  -0.3051
596417.3050  8.965471e-02  -2.082161e-01  -0.3050
596477.3051  8.970218e-02  -2.081976e-01  -0.3051
596537.3051  8.974971e-02  -2.081782e-01  -0.3051
596597.3051  8.979718e-02  -2.081599e-01  -0.3051
596657.3051  8.984475e-02  -2.081417e-01  -0.3051
596717.3051  8.989247e-02  -2.081225e-01  -0.3051
596777.3050  8.994013e-02  -2.081040e-01  -0.3050
596837.3051  8.998799e-02  -2.080850e-01  -0.3051
596897.3051  9.003582e-02  -2.080660e-01  -0.3051
596957.3051  9.008367e-02  -2.080482e-01  -0.3051
597017.3051  9.013163e-02  -2.080294e-01  -0.3051
597077.3050  9.017965e-02  -2.080107e-01  -0.3050
597137.3051  9.022779e-02  -2.079921e-01  -0.3051
597197.3051  9.027594e-02  -2.079746e-01  -0.3051
597257.3051  9.032111e-02  -2.079562e-01  -0.3051
597317.3051  9.036936e-02  -2.079378e-01  -0.3051
597377.3051  9.041771e-02  -2.079195e-01  -0.3051
597437.3051  9.046608e-02  -2.079013e-01  -0.3051
597497.3051  9.051447e-02  -2.078821e-01  -0.3051
597557.3051  9.056298e-02  -2.078641e-01  -0.3051
597617.3050  9.060853e-02  -2.078461e-01  -0.3050
597677.3051  9.065717e-02  -2.078277e-01  -0.3051
597737.3051  9.070582e-02  -2.078089e-01  -0.3051
597797.3051  9.075458e-02  -2.077912e-01  -0.3051
597857.3051  9.080040e-02  -2.077735e-01  -0.3051
597917.3051  9.084921e-02  -2.077549e-01  -0.3051
597977.3051  9.089821e-02  -2.077374e-01  -0.3051
598037.3051  9.094715e-02  -2.077190e-01  -0.3051
598097.3051  9.099319e-02  -2.077007e-01  -0.3051
598157.3050  9.104229e-02  -2.076834e-01  -0.3050
598217.3051  9.109152e-02  -2.076652e-01  -0.3051
598277.3050  9.113770e-02  -2.076466e-01  -0.3050
598337.3051  9.118697e-02  -2.076286e-01  -0.3051
598397.3051  9.123639e-02  -2.076107e-01  -0.3051
598457.3051  9.128277e-02  -2.075929e-01  -0.3051
598517.3051  9.133224e-02  -2.075751e-01  -0.3051
598577.3051  9.138177e-02  -2.075573e-01  -0.3051
598637.3051  9.142831e-02  -2.075397e-01  -0.3051
598697.3051  9.147801e-02  -2.075217e-01  -0.3051
598757.3051  9.152468e-02  -2.075042e-01  -0.3051
598817.3050  9.157447e-02  -2.074859e-01  -0.3050
598877.3051  9.162127e-02  -2.074685e-01  -0.3051
598937.3051  9.167124e-02  -2.074513e-01  -0.3051
598997.3051  9.171817e-02  -2.074332e-01  -0.3051
599057.3051  9.176823e-02  -2.074161e-01  -0.3051
599117.3050  9.181827e-02  -2.073976e-01  -0.3050
599177.3051  9.186540e-02  -2.073798e-01  -0.3051
599237.3051  9.191259e-02  -2.073629e-01  -0.3051
599297.3051  9.196283e-02  -2.073452e-01  -0.3051
599357.3051  9.201019e-02  -2.073275e-01  -0.3051
599417.3051  9.206065e-02  -2.073095e-01  -0.3051
599477.3050  9.210802e-02  -2.072930e-01  -0.3050
599537.3051  9.215862e-02  -2.072755e-01  -0.3051
599597.3051  9.220612e-02  -2.072582e-01  -0.3051
599657.3051  9.225685e-02  -2.072409e-01  -0.3051
599717.3051  9.230448e-02  -2.072233e-01  -0.3051
599777.3050  9.235219e-02  -2.072052e-01  -0.3050
599837.3051  9.240303e-02  -2.071882e-01  -0.3051
599897.3051  9.245095e-02  -2.071713e-01  -0.3051
599957.3051  9.249885e-02  -2.071543e-01  -0.3051
600017.3051  9.254989e-02  -2.071361e-01  -0.3051
600077.3051  9.259793e-02  -2.071195e-01  -0.3051
600137.3051  9.264603e-02  -2.071018e-01  -0.3051
600197.3051  9.269727e-02  -2.070853e-01  -0.3051
600257.3051  9.274547e-02  -2.070673e-01  -0.3051
600317.3050  9.279377e-02  -2.070509e-01  -0.3050
600377.3051  9.284214e-02  -2.070336e-01  -0.3051
600437.3051  9.289366e-02  -2.070164e-01  -0.3051
600497.3051  9.294216e-02  -2.069998e-01  -0.3051
600557.3051  9.299073e-02  -2.069828e-01  -0.3051
600617.3051  9.303928e-02  -2.069658e-01  -0.3051
600677.3051  9.309102e-02  -2.069490e-01  -0.3051
600737.3051  9.313980e-02  -2.069316e-01  -0.3051
600797.3051  9.318855e-02  -2.069150e-01  -0.3051
600857.3050  9.323745e-02  -2.068984e-01  -0.3050
600917.3051  9.328630e-02  -2.068817e-01  -0.3051
600977.3050  9.333534e-02  -2.068638e-01  -0.3050
601037.3051  9.338744e-02  -2.068474e-01  -0.3051
601097.3051  9.343659e-02  -2.068310e-01  -0.3051
601157.3051  9.348574e-02  -2.068134e-01  -0.3051
601217.3051  9.353496e-02  -2.067972e-01  -0.3051
601277.3051  9.358431e-02  -2.067801e-01  -0.3051
601337.3051  9.363366e-02  -2.067636e-01  -0.3051
601397.3051  9.368309e-02  -2.067467e-01  -0.3051
601457.3051  9.373255e-02  -2.067309e-01  -0.3051
601517.3050  9.378220e-02  -2.067137e-01  -0.3050
601577.3051  9.383183e-02  -2.066971e-01  -0.3051
601637.3051  9.388149e-02  -2.066804e-01  -0.3051
601697.3051  9.393126e-02  -2.066650e-01  -0.3051
601757.3051  9.398105e-02  -2.066481e-01  -0.3051
601817.3050  9.403095e-02  -2.066317e-01  -0.3050
601877.3051  9.408080e-02  -2.066150e-01  -0.3051
601937.3051  9.413084e-02  -2.065988e-01  -0.3051
601997.3051  9.418091e-02  -2.065818e-01  -0.3051
602057.3051  9.423108e-02  -2.065652e-01  -0.3051
602117.3051  9.428129e-02  -2.065493e-01  -0.3051
602177.3050  9.433151e-02  -2.065335e-01  -0.3050
602237.3051  9.438186e-02  -2.065162e-01  -0.3051
602297.3051  9.443218e-02  -2.065006e-01  -0.3051
602357.3051  9.448270e-02  -2.064840e-01  -0.3051
602417.3051  9.453016e-02  -2.064679e-01  -0.3051
602477.3050  9.458072e-02  -2.064515e-01  -0.3050
602537.3051  9.463132e-02  -2.064357e-01  -0.3051
602597.3051  9.468208e-02  -2.064194e-01  -0.3051
602657.3051  9.473285e-02  -2.064032e-01  -0.3051
602717.3051  9.478374e-02  -2.063877e-01  -0.3051
602777.3051  9.483152e-02  -2.063717e-01  -0.3051
602837.3051  9.488246e-02  -2.063552e-01  -0.3051
602897.3051  9.493351e-02  -2.063394e-01  -0.3051
602957.3051  9.498459e-02  -2.063236e-01  -0.3051
603017.3050  9.503264e-02  -2.063074e-01  -0.3050
603077.3051  9.508396e-02  -2.062919e-01  -0.3051
603137.3051  9.513528e-02  -2.062749e-01  -0.3051
603197.3051  9.518664e-02  -2.062594e-01  -0.3051
603257.3051  9.523488e-02  -2.062436e-01  -0.3051
603317.3051  9.528637e-02  -2.062283e-01  -0.3051
603377.3051  9.533794e-02  -2.062116e-01  -0.3051
603437.3051  9.538651e-02  -2.061965e-01  -0.3051
603497.3051  9.543822e-02  -2.061805e-01  -0.3051
603557.3050  9.548999e-02  -2.061651e-01  -0.3050
603617.3051  9.553865e-02  -2.061492e-01  -0.3051
603677.3050  9.559056e-02  -2.061330e-01  -0.3050
603737.3051  9.563935e-02  -2.061182e-01  -0.3051
603797.3051  9.569141e-02  -2.061022e-01  -0.3051
603857.3051  9.574353e-02  -2.060866e-01  -0.3051
603917.3051  9.579253e-02  -2.060707e-01  -0.3051
603977.3051  9.584480e-02  -2.060553e-01  -0.3051
604037.3051  9.589393e-02  -2.060396e-01  -0.3051
604097.3051  9.594625e-02  -2.060244e-01  -0.3051
604157.3051  9.599562e-02  -2.060088e-01  -0.3051
604217.3050  9.604807e-02  -2.059938e-01  -0.3050
604277.3051  9.609749e-02  -2.059783e-01  -0.3051
604337.3051  9.615009e-02  -2.059625e-01  -0.3051
604397.3051  9.619964e-02  -2.059472e-01  -0.3051
604457.3051  9.625247e-02  -2.059316e-01  -0.3051
604517.3050  9.630217e-02  -2.059165e-01  -0.3050
604577.3051  9.635501e-02  -2.059015e-01  -0.3051
604637.3051  9.640485e-02  -2.058860e-01  -0.3051
604697.3051  9.645476e-02  -2.058702e-01  -0.3051
604757.3051  9.650785e-02  -2.058559e-01  -0.3051
604817.3051  9.655781e-02  -2.058403e-01  -0.3051
604877.3050  9.661104e-02  -2.058251e-01  -0.3050
604937.3051  9.666119e-02  -2.058096e-01  -0.3051
604997.3051  9.671145e-02  -2.057948e-01  -0.3051
605057.3051  9.676490e-02  -2.057794e-01  -0.3051
605117.3051  9.681521e-02  -2.057642e-01  -0.3051
605177.3050  9.686564e-02  -2.057495e-01  -0.3050
605237.3051  9.691921e-02  -2.057344e-01  -0.3051
605297.3051  9.696982e-02  -2.057199e-01  -0.3051
605357.3051  9.702038e-02  -2.057050e-01  -0.3051
605417.3051  9.707426e-02  -2.056892e-01  -0.3051
605477.3051  9.712499e-02  -2.056749e-01  -0.3051
605537.3051  9.717585e-02  -2.056602e-01  -0.3051
605597.3051  9.722673e-02  -2.056451e-01  -0.3051
605657.3051  9.727767e-02  -2.056306e-01  -0.3051
605717.3050  9.733187e-02  -2.056152e-01  -0.3050
605777.3051  9.738296e-02  -2.056004e-01  -0.3051
605837.3051  9.743409e-02  -2.055861e-01  -0.3051
605897.3051  9.748532e-02  -2.055710e-01  -0.3051
605957.3051  9.753658e-02  -2.055565e-01  -0.3051
606017.3051  9.759109e-02  -2.055415e-01  -0.3051
606077.3051  9.764250e-02  -2.055266e-01  -0.3051
606137.3051  9.769402e-02  -2.055122e-01  -0.3051
606197.3051  9.774557e-02  -2.054976e-01  -0.3051
606257.3050  9.779723e-02  -2.054829e-01  -0.3050
606317.3051  9.784893e-02  -2.054688e-01  -0.3051
606377.3050  9.790073e-02  -2.054543e-01  -0.3050
606437.3051  9.795248e-02  -2.054399e-01  -0.3051
606497.3051  9.800443e-02  -2.054251e-01  -0.3051
606557.3051  9.805642e-02  -2.054109e-01  -0.3051
606617.3051  9.810838e-02  -2.053968e-01  -0.3051
606677.3051  9.816055e-02  -2.053818e-01  -0.3051
606737.3051  9.821275e-02  -2.053682e-01  -0.3051
606797.3051  9.826493e-02  -2.053534e-01  -0.3051
606857.3051  9.831731e-02  -2.053386e-01  -0.3051
606917.3050  9.836964e-02  -2.053254e-01  -0.3050
606977.3051  9.842203e-02  -2.053107e-01  -0.3051
607037.3051  9.847460e-02  -2.052962e-01  -0.3051
607097.3051  9.852718e-02  -2.052819e-01  -0.3051
607157.3051  9.857979e-02  -2.052679e-01  -0.3051
607217.3050  9.863257e-02  -2.052537e-01  -0.3050
607277.3051  9.868533e-02  -2.052395e-01  -0.3051
607337.3051  9.873821e-02  -2.052253e-01  -0.3051
607397.3051  9.879111e-02  -2.052114e-01  -0.3051
607457.3051  9.884409e-02  -2.051969e-01  -0.3051
607517.3051  9.889400e-02  -2.051831e-01  -0.3051
607577.3050  9.894713e-02  -2.051693e-01  -0.3050
607637.3051  9.900033e-02  -2.051547e-01  -0.3051
607697.3051  9.905364e-02  -2.051411e-01  -0.3051
607757.3051  9.910698e-02  -2.051271e-01  -0.3051
607817.3051  9.915716e-02  -2.051136e-01  -0.3051
607877.3050  9.921066e-02  -2.050993e-01  -0.3050
607937.3051  9.926422e-02  -2.050860e-01  -0.3051
607997.3051  9.931786e-02  -2.050719e-01  -0.3051
608057.3051  9.936833e-02  -2.050583e-01  -0.3051
608117.3051  9.942212e-02  -2.050443e-01  -0.3051
608177.3051  9.947588e-02  -2.050305e-01  -0.3051
608237.3051  9.952982e-02  -2.050167e-01  -0.3051
608297.3051  9.958058e-02  -2.050030e-01  -0.3051
608357.3051  9.963466e-02  -2.049893e-01  -0.3051
608417.3050  9.968872e-02  -2.049757e-01  -0.3050
608477.3051  9.973980e-02  -2.049627e-01  -0.3051
608537.3051  9.979397e-02  -2.049484e-01  -0.3051
608597.3051  9.984826e-02  -2.049351e-01  -0.3051
608657.3051  9.989946e-02  -2.049219e-01  -0.3051
608717.3051  9.995398e-02  -2.049078e-01  -0.3051
608777.3051  1.000053e-01  -2.048947e-01  -0.3051
608837.3051  1.000599e-01  -2.048808e-01  -0.3051
608897.3051  1.001146e-01  -2.048670e-01  -0.3051
608957.3050  1.001661e-01  -2.048542e-01  -0.3050
609017.3051  1.002209e-01  -2.048410e-01  -0.3051
609077.3050  1.002726e-01  -2.048274e-01  -0.3050
609137.3051  1.003276e-01  -2.048139e-01  -0.3051
609197.3051  1.003794e-01  -2.048005e-01  -0.3051
609257.3051  1.004345e-01  -2.047872e-01  -0.3051
609317.3051  1.004864e-01  -2.047740e-01  -0.3051
609377.3051  1.005417e-01  -2.047608e-01  -0.3051
609437.3051  1.005938e-01  -2.047478e-01  -0.3051
609497.3051  1.006491e-01  -2.047347e-01  -0.3051
609557.3051  1.007014e-01  -2.047218e-01  -0.3051
609617.3050  1.007538e-01  -2.047081e-01  -0.3050
609677.3051  1.008093e-01  -2.046953e-01  -0.3051
609737.3051  1.008618e-01  -2.046817e-01  -0.3051
609797.3051  1.009175e-01  -2.046691e-01  -0.3051
609857.3051  1.009701e-01  -2.046557e-01  -0.3051
609917.3050  1.010228e-01  -2.046433e-01  -0.3050
609977.3051  1.010787e-01  -2.046300e-01  -0.3051
610037.3051  1.011315e-01  -2.046169e-01  -0.3051
610097.3051  1.011845e-01  -2.046038e-01  -0.3051
610157.3051  1.012406e-01  -2.045917e-01  -0.3051
610217.3051  1.012937e-01  -2.045788e-01  -0.3051
610277.3050  1.013467e-01  -2.045660e-01  -0.3050
610337.3051  1.014031e-01  -2.045532e-01  -0.3051
610397.3051  1.014563e-01  -2.045405e-01  -0.3051
610457.3051  1.015097e-01  -2.045270e-01  -0.3051
610517.3051  1.015631e-01  -2.045145e-01  -0.3051
610577.3050  1.016197e-01  -2.045021e-01  -0.3050
610637.3051  1.016733e-01  -2.044893e-01  -0.3051
610697.3051  1.017269e-01  -2.044762e-01  -0.3051
610757.3051  1.017806e-01  -2.044640e-01  -0.3051
610817.3051  1.018343e-01  -2.044510e-01  -0.3051
610877.3051  1.018913e-01  -2.044390e-01  -0.3051
610937.3051  1.019452e-01  -2.044261e-01  -0.3051
610997.3051  1.019991e-01  -2.044133e-01  -0.3051
611057.3051  1.020532e-01  -2.044006e-01  -0.3051
611117.3050  1.021072e-01  -2.043890e-01  -0.3050
611177.3051  1.021615e-01  -2.043765e-01  -0.3051
611237.3051  1.022157e-01  -2.043637e-01  -0.3051
611297.3051  1.022700e-01  -2.043513e-01  -0.3051
611357.3051  1.023244e-01  -2.043391e-01  -0.3051
611417.3051  1.023820e-01  -2.043269e-01  -0.3051
611477.3051  1.024366e-01  -2.043138e-01  -0.3051
611537.3051  1.024912e-01  -2.043019e-01  -0.3051
611597.3051  1.025459e-01  -2.042895e-01  -0.3051
611657.3050  1.026006e-01  -2.042776e-01  -0.3050
611717.3051  1.026554e-01  -2.042650e-01  -0.3051
611777.3050  1.027103e-01  -2.042534e-01  -0.3050
611837.3051  1.027654e-01  -2.042409e-01  -0.3051
611897.3051  1.028204e-01  -2.042293e-01  -0.3051
611957.3051  1.028723e-01  -2.042165e-01  -0.3051
612017.3051  1.029275e-01  -2.042043e-01  -0.3051
612077.3051  1.029828e-01  -2.041921e-01  -0.3051
612137.3051  1.030381e-01  -2.041810e-01  -0.3051
612197.3051  1.030935e-01  -2.041685e-01  -0.3051
612257.3051  1.031490e-01  -2.041567e-01  -0.3051
612317.3050  1.032045e-01  -2.041448e-01  -0.3050
612377.3051  1.032601e-01  -2.041331e-01  -0.3051
612437.3051  1.033159e-01  -2.041201e-01  -0.3051
612497.3051  1.033684e-01  -2.041085e-01  -0.3051
612557.3051  1.034243e-01  -2.040970e-01  -0.3051
612617.3050  1.034802e-01  -2.040856e-01  -0.3050
612677.3051  1.035362e-01  -2.040729e-01  -0.3051
612737.3051  1.035922e-01  -2.040617e-01  -0.3051
612797.3051  1.036452e-01  -2.040496e-01  -0.3051
612857.3051  1.037014e-01  -2.040382e-01  -0.3051
612917.3051  1.037577e-01  -2.040262e-01  -0.3051
612977.3050  1.038140e-01  -2.040144e-01  -0.3050
613037.3051  1.038673e-01  -2.040036e-01  -0.3051
613097.3051  1.039238e-01  -2.039916e-01  -0.3051
613157.3051  1.039803e-01  -2.039800e-01  -0.3051
613217.3051  1.040338e-01  -2.039685e-01  -0.3051
613277.3050  1.040905e-01  -2.039567e-01  -0.3050
613337.3051  1.041473e-01  -2.039454e-01  -0.3051
613397.3051  1.042010e-01  -2.039338e-01  -0.3051
613457.3051  1.042580e-01  -2.039226e-01  -0.3051
613517.3051  1.043150e-01  -2.039107e-01  -0.3051
613577.3051  1.043688e-01  -2.038992e-01  -0.3051
613637.3051  1.044260e-01  -2.038884e-01  -0.3051
613697.3051  1.044833e-01  -2.038767e-01  -0.3051
613757.3051  1.045374e-01  -2.038656e-01  -0.3051
613817.3050  1.045947e-01  -2.038540e-01  -0.3050
613877.3051  1.046490e-01  -2.038431e-01  -0.3051
613937.3051  1.047066e-01  -2.038317e-01  -0.3051
613997.3051  1.047610e-01  -2.038204e-01  -0.3051
614057.3051  1.048187e-01  -2.038088e-01  -0.3051
614117.3051  1.048732e-01  -2.037986e-01  -0.3051
614177.3051  1.049310e-01  -2.037872e-01  -0.3051
614237.3051  1.049858e-01  -2.037762e-01  -0.3051
614297.3051  1.050437e-01  -2.037649e-01  -0.3051
614357.3050  1.050986e-01  -2.037533e-01  -0.3050
614417.3051  1.051568e-01  -2.037421e-01  -0.3051
614477.3050  1.052118e-01  -2.037316e-01  -0.3050
614537.3051  1.052668e-01  -2.037206e-01  -0.3051
614597.3051  1.053252e-01  -2.037093e-01  -0.3051
614657.3051  1.053804e-01  -2.036985e-01  -0.3051
614717.3051  1.054389e-01  -2.036883e-01  -0.3051
614777.3051  1.054943e-01  -2.036768e-01  -0.3051
614837.3051  1.055497e-01  -2.036658e-01  -0.3051
614897.3051  1.056085e-01  -2.036553e-01  -0.3051
614957.3051  1.056641e-01  -2.036445e-01  -0.3051
615017.3050  1.057198e-01  -2.036334e-01  -0.3050
615077.3051  1.057788e-01  -2.036227e-01  -0.3051
615137.3051  1.058346e-01  -2.036117e-01  -0.3051
615197.3051  1.058905e-01  -2.036013e-01  -0.3051
615257.3051  1.059465e-01  -2.035904e-01  -0.3051
615317.3050  1.060057e-01  -2.035802e-01  -0.3050
615377.3051  1.060619e-01  -2.035696e-01  -0.3051
615437.3051  1.061181e-01  -2.035590e-01  -0.3051
615497.3051  1.061744e-01  -2.035490e-01  -0.3051
615557.3051  1.062340e-01  -2.035376e-01  -0.3051
615617.3051  1.062904e-01  -2.035278e-01  -0.3051
615677.3050  1.063468e-01  -2.035167e-01  -0.3050
615737.3051  1.064035e-01  -2.035066e-01  -0.3051
615797.3051  1.064602e-01  -2.034960e-01  -0.3051
615857.3051  1.065169e-01  -2.034861e-01  -0.3051
615917.3051  1.065737e-01  -2.034758e-01  -0.3051
615977.3050  1.066338e-01  -2.034651e-01  -0.3050
616037.3051  1.066908e-01  -2.034545e-01  -0.3051
616097.3051  1.067478e-01  -2.034444e-01  -0.3051
616157.3051  1.068049e-01  -2.034339e-01  -0.3051
616217.3051  1.068621e-01  -2.034236e-01  -0.3051
616277.3051  1.069194e-01  -2.034138e-01  -0.3051
616337.3051  1.069768e-01  -2.034036e-01  -0.3051
616397.3051  1.070341e-01  -2.033936e-01  -0.3051
616457.3051  1.070916e-01  -2.033827e-01  -0.3051
616517.3050  1.071492e-01  -2.033732e-01  -0.3050
616577.3051  1.072069e-01  -2.033634e-01  -0.3051
616637.3051  1.072646e-01  -2.033527e-01  -0.3051
616697.3051  1.073224e-01  -2.033435e-01  -0.3051
616757.3051  1.073803e-01  -2.033331e-01  -0.3051
616817.3051  1.074382e-01  -2.033227e-01  -0.3051
616877.3051  1.074963e-01  -2.033133e-01  -0.3051
616937.3051  1.075544e-01  -2.033036e-01  -0.3051
616997.3051  1.076126e-01  -2.032934e-01  -0.3051
617057.3050  1.076676e-01  -2.032835e-01  -0.3050
617117.3051  1.077260e-01  -2.032735e-01  -0.3051
617177.3050  1.077844e-01  -2.032641e-01  -0.3050
617237.3051  1.078429e-01  -2.032544e-01  -0.3051
617297.3051  1.079016e-01  -2.032446e-01  -0.3051
617357.3051  1.079602e-01  -2.032342e-01  -0.3051
617417.3051  1.080157e-01  -2.032247e-01  -0.3051
617477.3051  1.080745e-01  -2.032153e-01  -0.3051
617537.3051  1.081333e-01  -2.032055e-01  -0.3051
617597.3051  1.081923e-01  -2.031963e-01  -0.3051
617657.3051  1.082513e-01  -2.031862e-01  -0.3051
617717.3050  1.083072e-01  -2.031762e-01  -0.3050
617777.3051  1.083665e-01  -2.031672e-01  -0.3051
617837.3051  1.084258e-01  -2.031575e-01  -0.3051
617897.3051  1.084819e-01  -2.031482e-01  -0.3051
617957.3051  1.085412e-01  -2.031386e-01  -0.3051
618017.3050  1.086008e-01  -2.031290e-01  -0.3050
618077.3051  1.086572e-01  -2.031196e-01  -0.3051
618137.3051  1.087169e-01  -2.031103e-01  -0.3051
618197.3051  1.087766e-01  -2.031011e-01  -0.3051
618257.3051  1.088332e-01  -2.030919e-01  -0.3051
618317.3051  1.088931e-01  -2.030828e-01  -0.3051
618377.3050  1.089531e-01  -2.030729e-01  -0.3050
618437.3051  1.090099e-01  -2.030640e-01  -0.3051
618497.3051  1.090701e-01  -2.030543e-01  -0.3051
618557.3051  1.091270e-01  -2.030456e-01  -0.3051
618617.3051  1.091873e-01  -2.030361e-01  -0.3051
618677.3050  1.092445e-01  -2.030266e-01  -0.3050
618737.3051  1.093050e-01  -2.030186e-01  -0.3051
618797.3051  1.093655e-01  -2.030093e-01  -0.3051
618857.3051  1.094228e-01  -2.030001e-01  -0.3051
618917.3051  1.094835e-01  -2.029910e-01  -0.3051
618977.3051  1.095410e-01  -2.029820e-01  -0.3051
619037.3051  1.095986e-01  -2.029731e-01  -0.3051
619097.3051  1.096596e-01  -2.029643e-01  -0.3051
619157.3051  1.097173e-01  -2.029551e-01  -0.3051
619217.3050  1.097785e-01  -2.029456e-01  -0.3050
619277.3051  1.098364e-01  -2.029370e-01  -0.3051
619337.3051  1.098977e-01  -2.029285e-01  -0.3051
619397.3051  1.099558e-01  -2.029193e-01  -0.3051
619457.3051  1.100139e-01  -2.029109e-01  -0.3051
619517.3051  1.100754e-01  -2.029019e-01  -0.3051
619577.3051  1.101337e-01  -2.028937e-01  -0.3051
619637.3051  1.101921e-01  -2.028848e-01  -0.3051
619697.3051  1.102539e-01  -2.028759e-01  -0.3051
619757.3050  1.103124e-01  -2.028672e-01  -0.3050
619817.3051  1.103711e-01  -2.028585e-01  -0.3051
619877.3050  1.104330e-01  -2.028500e-01  -0.3050
619937.3051  1.104919e-01  -2.028411e-01  -0.3051
619997.3051  1.105507e-01  -2.028327e-01  -0.3051
620057.3051  1.106097e-01  -2.028244e-01  -0.3051
620117.3051  1.106721e-01  -2.028162e-01  -0.3051
620177.3051  1.107312e-01  -2.028072e-01  -0.3051
620237.3051  1.107903e-01  -2.027992e-01  -0.3051
620297.3051  1.108496e-01  -2.027908e-01  -0.3051
620357.3051  1.109089e-01  -2.027820e-01  -0.3051
620417.3050  1.109716e-01  -2.027743e-01  -0.3050
620477.3051  1.110312e-01  -2.027658e-01  -0.3051
620537.3051  1.110908e-01  -2.027572e-01  -0.3051
620597.3051  1.111505e-01  -2.027484e-01  -0.3051
620657.3051  1.112103e-01  -2.027411e-01  -0.3051
620717.3050  1.112701e-01  -2.027328e-01  -0.3050
620777.3051  1.113301e-01  -2.027247e-01  -0.3051
620837.3051  1.113901e-01  -2.027167e-01  -0.3051
620897.3051  1.114501e-01  -2.027083e-01  -0.3051
620957.3051  1.115136e-01  -2.026996e-01  -0.3051
621017.3051  1.115739e-01  -2.026918e-01  -0.3051
621077.3050  1.116342e-01  -2.026837e-01  -0.3050
621137.3051  1.116946e-01  -2.026762e-01  -0.3051
621197.3051  1.117551e-01  -2.026678e-01  -0.3051
621257.3051  1.118157e-01  -2.026603e-01  -0.3051
621317.3051  1.118764e-01  -2.026518e-01  -0.3051
621377.3050  1.119370e-01  -2.026436e-01  -0.3050
621437.3051  1.119947e-01  -2.026365e-01  -0.3051
621497.3051  1.120555e-01  -2.026282e-01  -0.3051
621557.3051  1.121165e-01  -2.026204e-01  -0.3051
621617.3051  1.121777e-01  -2.026126e-01  -0.3051
621677.3051  1.122388e-01  -2.026045e-01  -0.3051
621737.3051  1.123000e-01  -2.025970e-01  -0.3051
621797.3051  1.123613e-01  -2.025895e-01  -0.3051
621857.3051  1.124227e-01  -2.025817e-01  -0.3051
621917.3050  1.124842e-01  -2.025744e-01  -0.3050
621977.3051  1.125425e-01  -2.025659e-01  -0.3051
622037.3051  1.126041e-01  -2.025588e-01  -0.3051
622097.3051  1.126659e-01  -2.025508e-01  -0.3051
622157.3051  1.127277e-01  -2.025435e-01  -0.3051
622217.3051  1.127895e-01  -2.025358e-01  -0.3051
622277.3051  1.128483e-01  -2.025286e-01  -0.3051
622337.3051  1.129104e-01  -2.025211e-01  -0.3051
622397.3051  1.129726e-01  -2.025132e-01  -0.3051
622457.3050  1.130347e-01  -2.025058e-01  -0.3050
622517.3051  1.130938e-01  -2.024981e-01  -0.3051
622577.3050  1.131561e-01  -2.024918e-01  -0.3050
622637.3051  1.132187e-01  -2.024834e-01  -0.3051
622697.3051  1.132779e-01  -2.024764e-01  -0.3051
622757.3051  1.133406e-01  -2.024691e-01  -0.3051
622817.3051  1.134033e-01  -2.024623e-01  -0.3051
622877.3051  1.134628e-01  -2.024551e-01  -0.3051
622937.3051  1.135257e-01  -2.024476e-01  -0.3051
622997.3051  1.135887e-01  -2.024407e-01  -0.3051
623057.3051  1.136484e-01  -2.024333e-01  -0.3051
623117.3050  1.137116e-01  -2.024265e-01  -0.3050
623177.3051  1.137715e-01  -2.024194e-01  -0.3051
623237.3051  1.138348e-01  -2.024119e-01  -0.3051
623297.3051  1.138949e-01  -2.024049e-01  -0.3051
623357.3051  1.139584e-01  -2.023985e-01  -0.3051
623417.3050  1.140220e-01  -2.023913e-01  -0.3050
623477.3051  1.140823e-01  -2.023846e-01  -0.3051
623537.3051  1.141461e-01  -2.023776e-01  -0.3051
623597.3051  1.142066e-01  -2.023702e-01  -0.3051
623657.3051  1.142673e-01  -2.023633e-01  -0.3051
623717.3051  1.143313e-01  -2.023566e-01  -0.3051
623777.3050  1.143920e-01  -2.023503e-01  -0.3050
623837.3051  1.144562e-01  -2.023429e-01  -0.3051
623897.3051  1.145171e-01  -2.023364e-01  -0.3051
623957.3051  1.145815e-01  -2.023296e-01  -0.3051
624017.3051  1.146426e-01  -2.023224e-01  -0.3051
624077.3050  1.147038e-01  -2.023162e-01  -0.3050
624137.3051  1.147683e-01  -2.023097e-01  -0.3051
624197.3051  1.148298e-01  -2.023027e-01  -0.3051
624257.3051  1.148912e-01  -2.022960e-01  -0.3051
624317.3051  1.149561e-01  -2.022892e-01  -0.3051
624377.3051  1.150177e-01  -2.022830e-01  -0.3051
624437.3051  1.150794e-01  -2.022765e-01  -0.3051
624497.3051  1.151445e-01  -2.022701e-01  -0.3051
624557.3051  1.152063e-01  -2.022638e-01  -0.3051
624617.3050  1.152683e-01  -2.022570e-01  -0.3050
624677.3051  1.153303e-01  -2.022509e-01  -0.3051
624737.3051  1.153959e-01  -2.022448e-01  -0.3051
624797.3051  1.154580e-01  -2.022379e-01  -0.3051
624857.3051  1.155203e-01  -2.022312e-01  -0.3051
624917.3051  1.155827e-01  -2.022258e-01  -0.3051
624977.3051  1.156452e-01  -2.022192e-01  -0.3051
625037.3051  1.157111e-01  -2.022128e-01  -0.3051
625097.3051  1.157738e-01  -2.022064e-01  -0.3051
625157.3050  1.158365e-01  -2.022001e-01  -0.3050
625217.3051  1.158993e-01  -2.021939e-01  -0.3051
625277.3050  1.159623e-01  -2.021882e-01  -0.3050
625337.3051  1.160252e-01  -2.021822e-01  -0.3051
625397.3051  1.160883e-01  -2.021762e-01  -0.3051
625457.3051  1.161514e-01  -2.021704e-01  -0.3051
625517.3051  1.162147e-01  -2.021638e-01  -0.3051
625577.3051  1.162814e-01  -2.021581e-01  -0.3051
625637.3051  1.163449e-01  -2.021518e-01  -0.3051
625697.3051  1.164083e-01  -2.021463e-01  -0.3051
625757.3051  1.164719e-01  -2.021401e-01  -0.3051
625817.3050  1.165356e-01  -2.021339e-01  -0.3050
625877.3051  1.165994e-01  -2.021288e-01  -0.3051
625937.3051  1.166633e-01  -2.021232e-01  -0.3051
625997.3051  1.167239e-01  -2.021174e-01  -0.3051
626057.3051  1.167879e-01  -2.021116e-01  -0.3051
626117.3050  1.168520e-01  -2.021059e-01  -0.3050
626177.3051  1.169163e-01  -2.021003e-01  -0.3051
626237.3051  1.169806e-01  -2.020939e-01  -0.3051
626297.3051  1.170449e-01  -2.020885e-01  -0.3051
626357.3051  1.171095e-01  -2.020832e-01  -0.3051
626417.3051  1.171740e-01  -2.020772e-01  -0.3051
626477.3050  1.172386e-01  -2.020716e-01  -0.3050
626537.3051  1.173000e-01  -2.020657e-01  -0.3051
626597.3051  1.173649e-01  -2.020608e-01  -0.3051
626657.3051  1.174297e-01  -2.020551e-01  -0.3051
626717.3051  1.174948e-01  -2.020495e-01  -0.3051
626777.3050  1.175599e-01  -2.020439e-01  -0.3050
626837.3051  1.176217e-01  -2.020385e-01  -0.3051
626897.3051  1.176870e-01  -2.020333e-01  -0.3051
626957.3051  1.177523e-01  -2.020280e-01  -0.3051
627017.3051  1.178178e-01  -2.020229e-01  -0.3051
627077.3051  1.178800e-01  -2.020178e-01  -0.3051
627137.3051  1.179456e-01  -2.020124e-01  -0.3051
627197.3051  1.180113e-01  -2.020067e-01  -0.3051
627257.3051  1.180738e-01  -2.020020e-01  -0.3051
627317.3050  1.181397e-01  -2.019973e-01  -0.3050
627377.3051  1.182056e-01  -2.019918e-01  -0.3051
627437.3051  1.182683e-01  -2.019865e-01  -0.3051
627497.3051  1.183345e-01  -2.019817e-01  -0.3051
627557.3051  1.184008e-01  -2.019765e-01  -0.3051
627617.3051  1.184637e-01  -2.019715e-01  -0.3051
627677.3051  1.185302e-01  -2.019665e-01  -0.3051
627737.3051  1.185934e-01  -2.019612e-01  -0.3051
627797.3051  1.186600e-01  -2.019564e-01  -0.3051
627857.3050  1.187233e-01  -2.019517e-01  -0.3050
627917.3051  1.187900e-01  -2.019472e-01  -0.3051
627977.3050  1.188536e-01  -2.019414e-01  -0.3050
628037.3051  1.189206e-01  -2.019370e-01  -0.3051
628097.3051  1.189842e-01  -2.019326e-01  -0.3051
628157.3051  1.190514e-01  -2.019276e-01  -0.3051
628217.3051  1.191152e-01  -2.019230e-01  -0.3051
628277.3051  1.191826e-01  -2.019182e-01  -0.3051
628337.3051  1.192466e-01  -2.019133e-01  -0.3051
628397.3051  1.193142e-01  -2.019082e-01  -0.3051
628457.3051  1.193784e-01  -2.019045e-01  -0.3051
628517.3050  1.194462e-01  -2.019000e-01  -0.3050
628577.3051  1.195106e-01  -2.018952e-01  -0.3051
628637.3051  1.195750e-01  -2.018908e-01  -0.3051
628697.3051  1.196430e-01  -2.018853e-01  -0.3051
628757.3051  1.197077e-01  -2.018812e-01  -0.3051
628817.3050  1.197725e-01  -2.018772e-01  -0.3050
628877.3051  1.198408e-01  -2.018728e-01  -0.3051
628937.3051  1.199057e-01  -2.018681e-01  -0.3051
628997.3051  1.199708e-01  -2.018640e-01  -0.3051
629057.3051  1.200359e-01  -2.018594e-01  -0.3051
629117.3051  1.201044e-01  -2.018546e-01  -0.3051
629177.3050  1.201698e-01  -2.018512e-01  -0.3050
629237.3051  1.202352e-01  -2.018469e-01  -0.3051
629297.3051  1.203008e-01  -2.018424e-01  -0.3051
629357.3051  1.203698e-01  -2.018384e-01  -0.3051
629417.3051  1.204354e-01  -2.018340e-01  -0.3051
629477.3050  1.205012e-01  -2.018301e-01  -0.3050
629537.3051  1.205671e-01  -2.018260e-01  -0.3051
629597.3051  1.206330e-01  -2.018215e-01  -0.3051
629657.3051  1.206991e-01  -2.018175e-01  -0.3051
629717.3051  1.207686e-01  -2.018137e-01  -0.3051
629777.3051  1.208348e-01  -2.018095e-01  -0.3051
629837.3051  1.209012e-01  -2.018058e-01  -0.3051
629897.3051  1.209676e-01  -2.018017e-01  -0.3051
629957.3051  1.210342e-01  -2.017974e-01  -0.3051
630017.3050  1.211008e-01  -2.017945e-01  -0.3050
630077.3051  1.211674e-01  -2.017903e-01  -0.3051
630137.3051  1.212342e-01  -2.017862e-01  -0.3051
630197.3051  1.213011e-01  -2.017827e-01  -0.3051
630257.3051  1.213681e-01  -2.017788e-01  -0.3051
630317.3051  1.214352e-01  -2.017751e-01  -0.3051
630377.3051  1.215023e-01  -2.017709e-01  -0.3051
630437.3051  1.215696e-01  -2.017673e-01  -0.3051
630497.3051  1.216370e-01  -2.017639e-01  -0.3051
630557.3050  1.217044e-01  -2.017600e-01  -0.3050
630617.3051  1.217720e-01  -2.017568e-01  -0.3051
630677.3050  1.218396e-01  -2.017527e-01  -0.3050
630737.3051  1.219073e-01  -2.017501e-01  -0.3051
630797.3051  1.219717e-01  -2.017463e-01  -0.3051
630857.3051  1.220397e-01  -2.017424e-01  -0.3051
630917.3051  1.221076e-01  -2.017388e-01  -0.3051
630977.3051  1.221758e-01  -2.017356e-01  -0.3051
631037.3051  1.222440e-01  -2.017322e-01  -0.3051
631097.3051  1.223123e-01  -2.017289e-01  -0.3051
631157.3051  1.223772e-01  -2.017256e-01  -0.3051
631217.3050  1.224457e-01  -2.017229e-01  -0.3050
631277.3051  1.225143e-01  -2.017189e-01  -0.3051
631337.3051  1.225829e-01  -2.017160e-01  -0.3051
631397.3051  1.226518e-01  -2.017131e-01  -0.3051
631457.3051  1.227172e-01  -2.017094e-01  -0.3051
631517.3050  1.227861e-01  -2.017059e-01  -0.3050
631577.3051  1.228551e-01  -2.017038e-01  -0.3051
631637.3051  1.229209e-01  -2.017004e-01  -0.3051
631697.3051  1.229901e-01  -2.016972e-01  -0.3051
631757.3051  1.230594e-01  -2.016940e-01  -0.3051
631817.3051  1.231255e-01  -2.016910e-01  -0.3051
631877.3050  1.231950e-01  -2.016880e-01  -0.3050
631937.3051  1.232646e-01  -2.016852e-01  -0.3051
631997.3051  1.233309e-01  -2.016824e-01  -0.3051
632057.3051  1.234007e-01  -2.016790e-01  -0.3051
632117.3051  1.234673e-01  -2.016764e-01  -0.3051
632177.3050  1.235372e-01  -2.016731e-01  -0.3050
632237.3051  1.236039e-01  -2.016707e-01  -0.3051
632297.3051  1.236742e-01  -2.016676e-01  -0.3051
632357.3051  1.237444e-01  -2.016655e-01  -0.3051
632417.3051  1.238114e-01  -2.016625e-01  -0.3051
632477.3051  1.238818e-01  -2.016597e-01  -0.3051
632537.3051  1.239490e-01  -2.016570e-01  -0.3051
632597.3051  1.240197e-01  -2.016544e-01  -0.3051
632657.3051  1.240870e-01  -2.016519e-01  -0.3051
632717.3050  1.241545e-01  -2.016494e-01  -0.3050
632777.3051  1.242255e-01  -2.016471e-01  -0.3051
632837.3051  1.242931e-01  -2.016440e-01  -0.3051
632897.3051  1.243642e-01  -2.016419e-01  -0.3051
632957.3051  1.244321e-01  -2.016398e-01  -0.3051
633017.3051  1.245000e-01  -2.016371e-01  -0.3051
633077.3051  1.245715e-01  -2.016344e-01  -0.3051
633137.3051  1.246396e-01  -2.016327e-01  -0.3051
633197.3051  1.247078e-01  -2.016302e-01  -0.3051
633257.3050  1.247796e-01  -2.016274e-01  -0.3050
633317.3051  1.248479e-01  -2.016251e-01  -0.3051
633377.3050  1.249164e-01  -2.016229e-01  -0.3050
633437.3051  1.249885e-01  -2.016208e-01  -0.3051
633497.3051  1.250572e-01  -2.016189e-01  -0.3051
633557.3051  1.251260e-01  -2.016170e-01  -0.3051
633617.3051  1.251949e-01  -2.016148e-01  -0.3051
633677.3051  1.252673e-01  -2.016123e-01  -0.3051
633737.3051  1.253363e-01  -2.016107e-01  -0.3051
633797.3051  1.254056e-01  -2.016083e-01  -0.3051
633857.3051  1.254748e-01  -2.016066e-01  -0.3051
633917.3050  1.255443e-01  -2.016044e-01  -0.3050
633977.3051  1.256171e-01  -2.016024e-01  -0.3051
634037.3051  1.256868e-01  -2.016005e-01  -0.3051
634097.3051  1.257564e-01  -2.015982e-01  -0.3051
634157.3051  1.258262e-01  -2.015965e-01  -0.3051
634217.3050  1.258961e-01  -2.015948e-01  -0.3050
634277.3051  1.259661e-01  -2.015929e-01  -0.3051
634337.3051  1.260362e-01  -2.015914e-01  -0.3051
634397.3051  1.261063e-01  -2.015901e-01  -0.3051
634457.3051  1.261766e-01  -2.015876e-01  -0.3051
634517.3051  1.262469e-01  -2.015865e-01  -0.3051
634577.3050  1.263174e-01  -2.015846e-01  -0.3050
634637.3051  1.263880e-01  -2.015833e-01  -0.3051
634697.3051  1.264587e-01  -2.015816e-01  -0.3051
634757.3051  1.265294e-01  -2.015796e-01  -0.3051
634817.3051  1.266002e-01  -2.015781e-01  -0.3051
634877.3050  1.266712e-01  -2.015767e-01  -0.3050
634937.3051  1.267423e-01  -2.015751e-01  -0.3051
634997.3051  1.268135e-01  -2.015738e-01  -0.3051
635057.3051  1.268847e-01  -2.015724e-01  -0.3051
635117.3051  1.269561e-01  -2.015714e-01  -0.3051
635177.3051  1.270275e-01  -2.015702e-01  -0.3051
635237.3051  1.270991e-01  -2.015685e-01  -0.3051
635297.3051  1.271673e-01  -2.015675e-01  -0.3051
635357.3051  1.272391e-01  -2.015660e-01  -0.3051
635417.3050  1.273109e-01  -2.015643e-01  -0.3050
635477.3051  1.273828e-01  -2.015639e-01  -0.3051
635537.3051  1.274550e-01  -2.015625e-01  -0.3051
635597.3051  1.275237e-01  -2.015614e-01  -0.3051
635657.3051  1.275959e-01  -2.015601e-01  -0.3051
635717.3051  1.276683e-01  -2.015589e-01  -0.3051
635777.3051  1.277407e-01  -2.015581e-01  -0.3051
635837.3051  1.278098e-01  -2.015571e-01  -0.3051
635897.3051  1.278825e-01  -2.015567e-01  -0.3051
635957.3050  1.279552e-01  -2.015550e-01  -0.3050
636017.3051  1.280247e-01  -2.015543e-01  -0.3051
636077.3050  1.280977e-01  -2.015533e-01  -0.3050
636137.3051  1.281707e-01  -2.015528e-01  -0.3051
636197.3051  1.282405e-01  -2.015515e-01  -0.3051
636257.3051  1.283138e-01  -2.015508e-01  -0.3051
636317.3051  1.283871e-01  -2.015497e-01  -0.3051
636377.3051  1.284571e-01  -2.015496e-01  -0.3051
636437.3051  1.285308e-01  -2.015492e-01  -0.3051
636497.3051  1.286009e-01  -2.015476e-01  -0.3051
636557.3051  1.286747e-01  -2.015470e-01  -0.3051
636617.3050  1.287451e-01  -2.015465e-01  -0.3050
636677.3051  1.288192e-01  -2.015465e-01  -0.3051
636737.3051  1.288897e-01  -2.015453e-01  -0.3051
636797.3051  1.289639e-01  -2.015451e-01  -0.3051
636857.3051  1.290348e-01  -2.015441e-01  -0.3051
636917.3050  1.291092e-01  -2.015441e-01  -0.3050
636977.3051  1.291802e-01  -2.015438e-01  -0.3051
637037.3051  1.292548e-01  -2.015431e-01  -0.3051
637097.3051  1.293261e-01  -2.015426e-01  -0.3051
637157.3051  1.294009e-01  -2.015421e-01  -0.3051
637217.3051  1.294724e-01  -2.015418e-01  -0.3051
637277.3050  1.295439e-01  -2.015415e-01  -0.3050
637337.3051  1.296190e-01  -2.015414e-01  -0.3051
637397.3051  1.296908e-01  -2.015418e-01  -0.3051
637457.3051  1.297660e-01  -2.015410e-01  -0.3051
637517.3051  1.298381e-01  -2.015412e-01  -0.3051
637577.3050  1.299101e-01  -2.015415e-01  -0.3050
637637.3051  1.299823e-01  -2.015410e-01  -0.3051
637697.3051  1.300581e-01  -2.015407e-01  -0.3051
637757.3051  1.301304e-01  -2.015404e-01  -0.3051
637817.3051  1.302029e-01  -2.015411e-01  -0.3051
637877.3051  1.302789e-01  -2.015411e-01  -0.3051
637937.3051  1.303516e-01  -2.015411e-01  -0.3051
637997.3051  1.304244e-01  -2.015413e-01  -0.3051
638057.3051  1.304973e-01  -2.015407e-01  -0.3051
638117.3050  1.305703e-01  -2.015411e-01  -0.3050
638177.3051  1.306470e-01  -2.015415e-01  -0.3051
638237.3051  1.307201e-01  -2.015413e-01  -0.3051
638297.3051  1.307934e-01  -2.015420e-01  -0.3051
638357.3051  1.308668e-01  -2.015420e-01  -0.3051
638417.3051  1.309404e-01  -2.015428e-01  -0.3051
638477.3051  1.310140e-01  -2.015426e-01  -0.3051
638537.3051  1.310877e-01  -2.015429e-01  -0.3051
638597.3051  1.311616e-01  -2.015433e-01  -0.3051
638657.3050  1.312355e-01  -2.015437e-01  -0.3050
638717.3051  1.313095e-01  -2.015442e-01  -0.3051
638777.3050  1.313837e-01  -2.015449e-01  -0.3050
638837.3051  1.314580e-01  -2.015457e-01  -0.3051
638897.3051  1.315323e-01  -2.015462e-01  -0.3051
638957.3051  1.316067e-01  -2.015464e-01  -0.3051
639017.3051  1.316813e-01  -2.015475e-01  -0.3051
639077.3051  1.317561e-01  -2.015478e-01  -0.3051
639137.3051  1.318308e-01  -2.015483e-01  -0.3051
639197.3051  1.319057e-01  -2.015494e-01  -0.3051
639257.3051  1.319808e-01  -2.015500e-01  -0.3051
639317.3050  1.320558e-01  -2.015508e-01  -0.3050
639377.3051  1.321311e-01  -2.015517e-01  -0.3051
639437.3051  1.322063e-01  -2.015523e-01  -0.3051
639497.3051  1.322817e-01  -2.015534e-01  -0.3051
639557.3051  1.323573e-01  -2.015546e-01  -0.3051
639617.3050  1.324294e-01  -2.015547e-01  -0.3050
639677.3051  1.325051e-01  -2.015562e-01  -0.3051
639737.3051  1.325810e-01  -2.015568e-01  -0.3051
639797.3051  1.326570e-01  -2.015580e-01  -0.3051
639857.3051  1.327331e-01  -2.015589e-01  -0.3051
639917.3051  1.328057e-01  -2.015596e-01  -0.3051
639977.3050  1.328820e-01  -2.015615e-01  -0.3050
640037.3051  1.329584e-01  -2.015628e-01  -0.3051
640097.3051  1.330314e-01  -2.015637e-01  -0.3051
640157.3051  1.331080e-01  -2.015651e-01  -0.3051
640217.3051  1.331847e-01  -2.015662e-01  -0.3051
640277.3050  1.332615e-01  -2.015670e-01  -0.3050
640337.3051  1.333349e-01  -2.015684e-01  -0.3051
640397.3051  1.334120e-01  -2.015703e-01  -0.3051
640457.3051  1.334856e-01  -2.015710e-01  -0.3051
640517.3051  1.335628e-01  -2.015730e-01  -0.3051
640577.3051  1.336403e-01  -2.015740e-01  -0.3051
640637.3051  1.337142e-01  -2.015755e-01  -0.3051
640697.3051  1.337918e-01  -2.015766e-01  -0.3051
640757.3051  1.338659e-01  -2.015791e-01  -0.3051
640817.3050  1.339437e-01  -2.015805e-01  -0.3050
640877.3051  1.340181e-01  -2.015815e-01  -0.3051
640937.3051  1.340961e-01  -2.015831e-01  -0.3051
640997.3051  1.341708e-01  -2.015852e-01  -0.3051
641057.3051  1.342490e-01  -2.015870e-01  -0.3051
641117.3051  1.343238e-01  -2.015881e-01  -0.3051
641177.3051  1.344023e-01  -2.015905e-01  -0.3051
641237.3051  1.344773e-01  -2.015918e-01  -0.3051
641297.3051  1.345561e-01  -2.015940e-01  -0.3051
641357.3050  1.346313e-01  -2.015959e-01  -0.3050
641417.3051  1.347102e-01  -2.015975e-01  -0.3051
641477.3050  1.347856e-01  -2.015993e-01  -0.3050
641537.3051  1.348612e-01  -2.016015e-01  -0.3051
641597.3051  1.349405e-01  -2.016034e-01  -0.3051
641657.3051  1.350163e-01  -2.016054e-01  -0.3051
641717.3051  1.350922e-01  -2.016076e-01  -0.3051
641777.3051  1.351717e-01  -2.016094e-01  -0.3051
641837.3051  1.352479e-01  -2.016118e-01  -0.3051
641897.3051  1.353242e-01  -2.016134e-01  -0.3051
641957.3051  1.354041e-01  -2.016160e-01  -0.3051
642017.3050  1.354806e-01  -2.016179e-01  -0.3050
642077.3051  1.355571e-01  -2.016202e-01  -0.3051
642137.3051  1.356338e-01  -2.016223e-01  -0.3051
642197.3051  1.357106e-01  -2.016245e-01  -0.3051
642257.3051  1.357911e-01  -2.016268e-01  -0.3051
642317.3050  1.358583e-01  -2.016128e-01  -0.3050
642377.3051  1.359354e-01  -2.016153e-01  -0.3051
642437.3051  1.360126e-01  -2.016179e-01  -0.3051
642497.3051  1.360900e-01  -2.016202e-01  -0.3051
642557.3051  1.361675e-01  -2.016230e-01  -0.3051
642617.3051  1.362486e-01  -2.016251e-01  -0.3051
642677.3050  1.363263e-01  -2.016281e-01  -0.3050
642737.3051  1.364041e-01  -2.016305e-01  -0.3051
642797.3051  1.364820e-01  -2.016329e-01  -0.3051
642857.3051  1.365600e-01  -2.016355e-01  -0.3051
642917.3051  1.366381e-01  -2.016381e-01  -0.3051
642977.3050  1.367163e-01  -2.016409e-01  -0.3050
643037.3051  1.367946e-01  -2.016437e-01  -0.3051
643097.3051  1.368732e-01  -2.016467e-01  -0.3051
643157.3051  1.369518e-01  -2.016498e-01  -0.3051
643217.3051  1.370304e-01  -2.016521e-01  -0.3051
643277.3051  1.371092e-01  -2.016555e-01  -0.3051
643337.3051  1.371881e-01  -2.016577e-01  -0.3051
643397.3051  1.372672e-01  -2.016604e-01  -0.3051
643457.3051  1.373463e-01  -2.016640e-01  -0.3051
643517.3050  1.374220e-01  -2.016669e-01  -0.3050
643577.3051  1.375014e-01  -2.016700e-01  -0.3051
643637.3051  1.375809e-01  -2.016731e-01  -0.3051
643697.3051  1.376605e-01  -2.016763e-01  -0.3051
643757.3051  1.377402e-01  -2.016797e-01  -0.3051
643817.3051  1.378200e-01  -2.016820e-01  -0.3051
643877.3051  1.378965e-01  -2.016855e-01  -0.3051
643937.3051  1.379765e-01  -2.016884e-01  -0.3051
643997.3051  1.380567e-01  -2.016921e-01  -0.3051
644057.3050  1.381369e-01  -2.016949e-01  -0.3050
644117.3051  1.382138e-01  -2.016989e-01  -0.3051
644177.3050  1.382943e-01  -2.017022e-01  -0.3050
644237.3051  1.383750e-01  -2.017056e-01  -0.3051
644297.3051  1.384556e-01  -2.017087e-01  -0.3051
644357.3051  1.385329e-01  -2.017123e-01  -0.3051
644417.3051  1.386139e-01  -2.017161e-01  -0.3051
644477.3051  1.386951e-01  -2.017187e-01  -0.3051
644537.3051  1.387726e-01  -2.017227e-01  -0.3051
644597.3051  1.388540e-01  -2.017268e-01  -0.3051
644657.3051  1.389355e-01  -2.017297e-01  -0.3051
644717.3050  1.390134e-01  -2.017333e-01  -0.3050
644777.3051  1.390952e-01  -2.017377e-01  -0.3051
644837.3051  1.391733e-01  -2.017409e-01  -0.3051
644897.3051  1.392552e-01  -2.017448e-01  -0.3051
644957.3051  1.393337e-01  -2.017483e-01  -0.3051
645017.3050  1.394159e-01  -2.017523e-01  -0.3050
645077.3051  1.394945e-01  -2.017561e-01  -0.3051
645137.3051  1.395769e-01  -2.017603e-01  -0.3051
645197.3051  1.396558e-01  -2.017639e-01  -0.3051
645257.3051  1.397385e-01  -2.017680e-01  -0.3051
645317.3051  1.398176e-01  -2.017714e-01  -0.3051
645377.3050  1.399004e-01  -2.017761e-01  -0.3050
645437.3051  1.399798e-01  -2.017797e-01  -0.3051
645497.3051  1.400629e-01  -2.017838e-01  -0.3051
645557.3051  1.401425e-01  -2.017876e-01  -0.3051
645617.3051  1.402223e-01  -2.017919e-01  -0.3051
645677.3050  1.403057e-01  -2.017960e-01  -0.3050
645737.3051  1.403856e-01  -2.018006e-01  -0.3051
645797.3051  1.404657e-01  -2.018048e-01  -0.3051
645857.3051  1.405496e-01  -2.018093e-01  -0.3051
645917.3051  1.406298e-01  -2.018133e-01  -0.3051
645977.3051  1.407103e-01  -2.018179e-01  -0.3051
646037.3051  1.407909e-01  -2.018219e-01  -0.3051
646097.3051  1.408751e-01  -2.018270e-01  -0.3051
646157.3051  1.409560e-01  -2.018312e-01  -0.3051
646217.3050  1.410368e-01  -2.018354e-01  -0.3050
646277.3051  1.411178e-01  -2.018402e-01  -0.3051
646337.3051  1.412027e-01  -2.018447e-01  -0.3051
646397.3051  1.412839e-01  -2.018492e-01  -0.3051
646457.3051  1.413653e-01  -2.018540e-01  -0.3051
646517.3051  1.414468e-01  -2.018583e-01  -0.3051
646577.3051  1.415284e-01  -2.018633e-01  -0.3051
646637.3051  1.416102e-01  -2.018675e-01  -0.3051
646697.3051  1.416921e-01  -2.018726e-01  -0.3051
646757.3050  1.417777e-01  -2.018771e-01  -0.3050
646817.3051  1.418598e-01  -2.018816e-01  -0.3051
646877.3050  1.419420e-01  -2.018875e-01  -0.3050
646937.3051  1.420243e-01  -2.018923e-01  -0.3051
646997.3051  1.421068e-01  -2.018972e-01  -0.3051
647057.3051  1.421894e-01  -2.019022e-01  -0.3051
647117.3051  1.422721e-01  -2.019065e-01  -0.3051
647177.3051  1.423549e-01  -2.019118e-01  -0.3051
647237.3051  1.424379e-01  -2.019172e-01  -0.3051
647297.3051  1.425210e-01  -2.019218e-01  -0.3051
647357.3051  1.426041e-01  -2.019266e-01  -0.3051
647417.3050  1.426875e-01  -2.019323e-01  -0.3050
647477.3051  1.427709e-01  -2.019373e-01  -0.3051
647537.3051  1.428509e-01  -2.019424e-01  -0.3051
647597.3051  1.429345e-01  -2.019476e-01  -0.3051
647657.3051  1.430183e-01  -2.019530e-01  -0.3051
647717.3050  1.431023e-01  -2.019584e-01  -0.3050
647777.3051  1.431863e-01  -2.019640e-01  -0.3051
647837.3051  1.432704e-01  -2.019689e-01  -0.3051
647897.3051  1.433511e-01  -2.019747e-01  -0.3051
647957.3051  1.434355e-01  -2.019805e-01  -0.3051
648017.3051  1.435201e-01  -2.019858e-01  -0.3051
648077.3050  1.436048e-01  -2.019911e-01  -0.3050
648137.3051  1.436896e-01  -2.019962e-01  -0.3051
648197.3051  1.437708e-01  -2.020026e-01  -0.3051
648257.3051  1.438558e-01  -2.020083e-01  -0.3051
648317.3051  1.439410e-01  -2.020140e-01  -0.3051
648377.3050  1.440226e-01  -2.020191e-01  -0.3050
648437.3051  1.441081e-01  -2.020251e-01  -0.3051
648497.3051  1.441935e-01  -2.020309e-01  -0.3051
648557.3051  1.442756e-01  -2.020363e-01  -0.3051
648617.3051  1.443614e-01  -2.020428e-01  -0.3051
648677.3051  1.444472e-01  -2.020484e-01  -0.3051
648737.3051  1.445297e-01  -2.020538e-01  -0.3051
648797.3051  1.446157e-01  -2.020605e-01  -0.3051
648857.3051  1.446984e-01  -2.020665e-01  -0.3051
648917.3050  1.447848e-01  -2.020723e-01  -0.3050
648977.3051  1.448677e-01  -2.020786e-01  -0.3051
649037.3051  1.449544e-01  -2.020841e-01  -0.3051
649097.3051  1.450375e-01  -2.020902e-01  -0.3051
649157.3051  1.451243e-01  -2.020968e-01  -0.3051
649217.3051  1.452077e-01  -2.021024e-01  -0.3051
649277.3051  1.452949e-01  -2.021092e-01  -0.3051
649337.3051  1.453786e-01  -2.021153e-01  -0.3051
649397.3051  1.454659e-01  -2.021212e-01  -0.3051
649457.3050  1.455498e-01  -2.021276e-01  -0.3050
649517.3051  1.456375e-01  -2.021337e-01  -0.3051
649577.3050  1.457215e-01  -2.021403e-01  -0.3050
649637.3051  1.458058e-01  -2.021467e-01  -0.3051
649697.3051  1.458938e-01  -2.021535e-01  -0.3051
649757.3051  1.459784e-01  -2.021601e-01  -0.3051
649817.3051  1.460630e-01  -2.021664e-01  -0.3051
649877.3051  1.461514e-01  -2.021731e-01  -0.3051
649937.3051  1.462363e-01  -2.021796e-01  -0.3051
649997.3051  1.463213e-01  -2.021867e-01  -0.3051
650057.3051  1.464101e-01  -2.021931e-01  -0.3051
650117.3050  1.464954e-01  -2.021999e-01  -0.3050
650177.3051  1.465808e-01  -2.022065e-01  -0.3051
650237.3051  1.466662e-01  -2.022136e-01  -0.3051
650297.3051  1.467519e-01  -2.022205e-01  -0.3051
650357.3051  1.468414e-01  -2.022266e-01  -0.3051
650417.3050  1.469273e-01  -2.022340e-01  -0.3050
650477.3051  1.470133e-01  -2.022404e-01  -0.3051
650537.3051  1.470995e-01  -2.022477e-01  -0.3051
650597.3051  1.471858e-01  -2.022543e-01  -0.3051
650657.3051  1.472722e-01  -2.022614e-01  -0.3051
650717.3051  1.473587e-01  -2.022691e-01  -0.3051
650777.3050  1.474454e-01  -2.022760e-01  -0.3050
650837.3051  1.475359e-01  -2.022831e-01  -0.3051
650897.3051  1.476228e-01  -2.022899e-01  -0.3051
650957.3051  1.477099e-01  -2.022972e-01  -0.3051
651017.3051  1.477970e-01  -2.023046e-01  -0.3051
651077.3050  1.478843e-01  -2.023114e-01  -0.3050
651137.3051  1.479718e-01  -2.023191e-01  -0.3051
651197.3051  1.480593e-01  -2.023261e-01  -0.3051
651257.3051  1.481470e-01  -2.023344e-01  -0.3051
651317.3051  1.482349e-01  -2.023416e-01  -0.3051
651377.3051  1.483192e-01  -2.023489e-01  -0.3051
651437.3051  1.484073e-01  -2.023565e-01  -0.3051
651497.3051  1.484955e-01  -2.023640e-01  -0.3051
651557.3051  1.485839e-01  -2.023717e-01  -0.3051
651617.3050  1.486723e-01  -2.023788e-01  -0.3050
651677.3051  1.487609e-01  -2.023867e-01  -0.3051
651737.3051  1.488496e-01  -2.023940e-01  -0.3051
651797.3051  1.489349e-01  -2.024021e-01  -0.3051
651857.3051  1.490239e-01  -2.024097e-01  -0.3051
651917.3051  1.491130e-01  -2.024173e-01  -0.3051
651977.3051  1.492023e-01  -2.024250e-01  -0.3051
652037.3051  1.492917e-01  -2.024328e-01  -0.3051
652097.3051  1.493775e-01  -2.024408e-01  -0.3051
652157.3050  1.494672e-01  -2.024490e-01  -0.3050
652217.3051  1.495570e-01  -2.024568e-01  -0.3051
652277.3050  1.496433e-01  -2.024644e-01  -0.3050
652337.3051  1.497334e-01  -2.024728e-01  -0.3051
652397.3051  1.498235e-01  -2.024806e-01  -0.3051
652457.3051  1.499102e-01  -2.024893e-01  -0.3051
652517.3051  1.500006e-01  -2.024973e-01  -0.3051
652577.3051  1.500911e-01  -2.025051e-01  -0.3051
652637.3051  1.501782e-01  -2.025134e-01  -0.3051
652697.3051  1.502690e-01  -2.025217e-01  -0.3051
652757.3051  1.503564e-01  -2.025302e-01  -0.3051
652817.3050  1.504475e-01  -2.025388e-01  -0.3050
652877.3051  1.505388e-01  -2.025464e-01  -0.3051
652937.3051  1.506265e-01  -2.025553e-01  -0.3051
652997.3051  1.507180e-01  -2.025635e-01  -0.3051
653057.3051  1.508060e-01  -2.025714e-01  -0.3051
653117.3050  1.508978e-01  -2.025807e-01  -0.3050
653177.3051  1.509860e-01  -2.025892e-01  -0.3051
653237.3051  1.510780e-01  -2.025976e-01  -0.3051
653297.3051  1.511665e-01  -2.026063e-01  -0.3051
653357.3051  1.512552e-01  -2.026149e-01  -0.3051
653417.3051  1.513476e-01  -2.026232e-01  -0.3051
653477.3050  1.514365e-01  -2.026323e-01  -0.3050
653537.3051  1.515293e-01  -2.026412e-01  -0.3051
653597.3051  1.516185e-01  -2.026498e-01  -0.3051
653657.3051  1.517078e-01  -2.026582e-01  -0.3051
653717.3051  1.518009e-01  -2.026678e-01  -0.3051
653777.3050  1.518905e-01  -2.026765e-01  -0.3050
653837.3051  1.519802e-01  -2.026855e-01  -0.3051
653897.3051  1.520700e-01  -2.026944e-01  -0.3051
653957.3051  1.521638e-01  -2.027038e-01  -0.3051
654017.3051  1.522538e-01  -2.027120e-01  -0.3051
654077.3051  1.523441e-01  -2.027213e-01  -0.3051
654137.3051  1.524345e-01  -2.027302e-01  -0.3051
654197.3051  1.525287e-01  -2.027396e-01  -0.3051
654257.3051  1.526194e-01  -2.027488e-01  -0.3051
654317.3050  1.527101e-01  -2.027577e-01  -0.3050
654377.3051  1.528012e-01  -2.027675e-01  -0.3051
654437.3051  1.528922e-01  -2.027770e-01  -0.3051
654497.3051  1.529834e-01  -2.027863e-01  -0.3051
654557.3051  1.530748e-01  -2.027950e-01  -0.3051
654617.3051  1.531699e-01  -2.028049e-01  -0.3051
654677.3051  1.532616e-01  -2.028145e-01  -0.3051
654737.3051  1.533533e-01  -2.028235e-01  -0.3051
654797.3051  1.534453e-01  -2.028334e-01  -0.3051
654857.3050  1.535373e-01  -2.028426e-01  -0.3050
654917.3051  1.536295e-01  -2.028523e-01  -0.3051
654977.3050  1.537217e-01  -2.028618e-01  -0.3050
655037.3051  1.538142e-01  -2.028714e-01  -0.3051
655097.3051  1.539068e-01  -2.028812e-01  -0.3051
655157.3051  1.539996e-01  -2.028910e-01  -0.3051
655217.3051  1.540924e-01  -2.029010e-01  -0.3051
655277.3051  1.541817e-01  -2.029107e-01  -0.3051
655337.3051  1.542748e-01  -2.029209e-01  -0.3051
655397.3051  1.543681e-01  -2.029304e-01  -0.3051
655457.3051  1.544615e-01  -2.029409e-01  -0.3051
655517.3050  1.545550e-01  -2.029507e-01  -0.3050
655577.3051  1.546488e-01  -2.029606e-01  -0.3051
655637.3051  1.547426e-01  -2.029707e-01  -0.3051
655697.3051  1.548328e-01  -2.029808e-01  -0.3051
655757.3051  1.549270e-01  -2.029904e-01  -0.3051
655817.3050  1.550213e-01  -2.030008e-01  -0.3050
655877.3051  1.551157e-01  -2.030113e-01  -0.3051
655937.3051  1.552065e-01  -2.030213e-01  -0.3051
655997.3051  1.553012e-01  -2.030321e-01  -0.3051
656057.3051  1.553960e-01  -2.030422e-01  -0.3051
656117.3051  1.554910e-01  -2.030521e-01  -0.3051
656177.3050  1.555823e-01  -2.030625e-01  -0.3050
656237.3051  1.556776e-01  -2.030730e-01  -0.3051
656297.3051  1.557730e-01  -2.030837e-01  -0.3051
656357.3051  1.558648e-01  -2.030944e-01  -0.3051
656417.3051  1.559604e-01  -2.031045e-01  -0.3051
656477.3050  1.560525e-01  -2.031152e-01  -0.3050
656537.3051  1.561485e-01  -2.031255e-01  -0.3051
656597.3051  1.562446e-01  -2.031368e-01  -0.3051
656657.3051  1.563371e-01  -2.031474e-01  -0.3051
656717.3051  1.564335e-01  -2.031578e-01  -0.3051
656777.3051  1.565262e-01  -2.031686e-01  -0.3051
656837.3051  1.566230e-01  -2.031796e-01  -0.3051
656897.3051  1.567160e-01  -2.031907e-01  -0.3051
656957.3051  1.568130e-01  -2.032008e-01  -0.3051
657017.3050  1.569064e-01  -2.032122e-01  -0.3050
657077.3051  1.570036e-01  -2.032229e-01  -0.3051
657137.3051  1.570973e-01  -2.032342e-01  -0.3051
657197.3051  1.571910e-01  -2.032451e-01  -0.3051
657257.3051  1.572887e-01  -2.032559e-01  -0.3051
657317.3051  1.573828e-01  -2.032671e-01  -0.3051
657377.3051  1.574808e-01  -2.032781e-01  -0.3051
657437.3051  1.575752e-01  -2.032895e-01  -0.3051
657497.3051  1.576697e-01  -2.033011e-01  -0.3051
657557.3050  1.577681e-01  -2.033125e-01  -0.3050
657617.3051  1.578629e-01  -2.033232e-01  -0.3051
657677.3050  1.579579e-01  -2.033352e-01  -0.3050
657737.3051  1.580529e-01  -2.033462e-01  -0.3051
657797.3051  1.581519e-01  -2.033576e-01  -0.3051
657857.3051  1.582473e-01  -2.033688e-01  -0.3051
657917.3051  1.583428e-01  -2.033805e-01  -0.3051
657977.3051  1.584385e-01  -2.033920e-01  -0.3051
658037.3051  1.585343e-01  -2.034036e-01  -0.3051
658097.3051  1.586340e-01  -2.034156e-01  -0.3051
658157.3051  1.587302e-01  -2.034268e-01  -0.3051
658217.3050  1.588264e-01  -2.034387e-01  -0.3050
658277.3051  1.589228e-01  -2.034505e-01  -0.3051
658337.3051  1.590193e-01  -2.034619e-01  -0.3051
658397.3051  1.591161e-01  -2.034743e-01  -0.3051
658457.3051  1.592129e-01  -2.034863e-01  -0.3051
658517.3050  1.593099e-01  -2.034982e-01  -0.3050
658577.3051  1.594071e-01  -2.035094e-01  -0.3051
658637.3051  1.595043e-01  -2.035215e-01  -0.3051
658697.3051  1.596018e-01  -2.035341e-01  -0.3051
658757.3051  1.596993e-01  -2.035456e-01  -0.3051
658817.3051  1.597970e-01  -2.035582e-01  -0.3051
658877.3050  1.598950e-01  -2.035700e-01  -0.3050
658937.3051  1.599930e-01  -2.035820e-01  -0.3051
658997.3051  1.600911e-01  -2.035941e-01  -0.3051
659057.3051  1.601895e-01  -2.036063e-01  -0.3051
659117.3051  1.602880e-01  -2.036187e-01  -0.3051
659177.3050  1.603866e-01  -2.036311e-01  -0.3050
659237.3051  1.604854e-01  -2.036441e-01  -0.3051
659297.3051  1.605843e-01  -2.036561e-01  -0.3051
659357.3051  1.606795e-01  -2.036689e-01  -0.3051
659417.3051  1.607788e-01  -2.036812e-01  -0.3051
659477.3051  1.608782e-01  -2.036936e-01  -0.3051
659537.3051  1.609777e-01  -2.037057e-01  -0.3051
659597.3051  1.610775e-01  -2.037183e-01  -0.3051
659657.3051  1.611734e-01  -2.037311e-01  -0.3051
659717.3050  1.612734e-01  -2.037440e-01  -0.3050
659777.3051  1.613736e-01  -2.037570e-01  -0.3051
659837.3051  1.614739e-01  -2.037693e-01  -0.3051
659897.3051  1.615705e-01  -2.037826e-01  -0.3051
659957.3051  1.616711e-01  -2.037952e-01  -0.3051
660017.3051  1.617718e-01  -2.038080e-01  -0.3051
660077.3051  1.618689e-01  -2.038206e-01  -0.3051
660137.3051  1.619699e-01  -2.038336e-01  -0.3051
660197.3051  1.620673e-01  -2.038467e-01  -0.3051
660257.3050  1.621687e-01  -2.038600e-01  -0.3050
660317.3051  1.622702e-01  -2.038730e-01  -0.3051
660377.3050  1.623681e-01  -2.038858e-01  -0.3050
660437.3051  1.624699e-01  -2.038995e-01  -0.3051
660497.3051  1.625680e-01  -2.039125e-01  -0.3051
660557.3051  1.626701e-01  -2.039254e-01  -0.3051
660617.3051  1.627686e-01  -2.039386e-01  -0.3051
660677.3051  1.628710e-01  -2.039528e-01  -0.3051
660737.3051  1.629698e-01  -2.039653e-01  -0.3051
660797.3051  1.630726e-01  -2.039790e-01  -0.3051
660857.3051  1.631716e-01  -2.039925e-01  -0.3051
660917.3050  1.632708e-01  -2.040064e-01  -0.3050
660977.3051  1.633740e-01  -2.040198e-01  -0.3051
661037.3051  1.634735e-01  -2.040329e-01  -0.3051
661097.3051  1.635732e-01  -2.040472e-01  -0.3051
661157.3051  1.636769e-01  -2.040605e-01  -0.3051
661217.3050  1.637769e-01  -2.040744e-01  -0.3050
661277.3051  1.638770e-01  -2.040881e-01  -0.3051
661337.3051  1.639812e-01  -2.041011e-01  -0.3051
661397.3051  1.640817e-01  -2.041153e-01  -0.3051
661457.3051  1.641823e-01  -2.041293e-01  -0.3051
661517.3051  1.642869e-01  -2.041431e-01  -0.3051
661577.3050  1.643878e-01  -2.041574e-01  -0.3050
661637.3051  1.644889e-01  -2.041711e-01  -0.3051
661697.3051  1.645902e-01  -2.041851e-01  -0.3051
661757.3051  1.646916e-01  -2.041991e-01  -0.3051
661817.3051  1.647970e-01  -2.042132e-01  -0.3051
661877.3050  1.648988e-01  -2.042277e-01  -0.3050
661937.3051  1.650006e-01  -2.042413e-01  -0.3051
661997.3051  1.651026e-01  -2.042557e-01  -0.3051
662057.3051  1.652048e-01  -2.042699e-01  -0.3051
662117.3051  1.653072e-01  -2.042846e-01  -0.3051
662177.3051  1.654096e-01  -2.042987e-01  -0.3051
662237.3051  1.655123e-01  -2.043129e-01  -0.3051
662297.3051  1.656151e-01  -2.043273e-01  -0.3051
662357.3051  1.657181e-01  -2.043421e-01  -0.3051
662417.3050  1.658212e-01  -2.043567e-01  -0.3050
662477.3051  1.659246e-01  -2.043708e-01  -0.3051
662537.3051  1.660280e-01  -2.043857e-01  -0.3051
662597.3051  1.661317e-01  -2.044000e-01  -0.3051
662657.3051  1.662355e-01  -2.044151e-01  -0.3051
662717.3051  1.663393e-01  -2.044296e-01  -0.3051
662777.3051  1.664435e-01  -2.044444e-01  -0.3051
662837.3051  1.665478e-01  -2.044592e-01  -0.3051
662897.3051  1.666521e-01  -2.044741e-01  -0.3051
662957.3050  1.667528e-01  -2.044892e-01  -0.3050
663017.3051  1.668576e-01  -2.045037e-01  -0.3051
663077.3050  1.669625e-01  -2.045190e-01  -0.3050
663137.3051  1.670675e-01  -2.045337e-01  -0.3051
663197.3051  1.671728e-01  -2.045493e-01  -0.3051
663257.3051  1.672743e-01  -2.045643e-01  -0.3051
663317.3051  1.673798e-01  -2.045794e-01  -0.3051
663377.3051  1.674856e-01  -2.045947e-01  -0.3051
663437.3051  1.675915e-01  -2.046098e-01  -0.3051
663497.3051  1.676936e-01  -2.046246e-01  -0.3051
663557.3051  1.677999e-01  -2.046402e-01  -0.3051
663617.3050  1.679062e-01  -2.046552e-01  -0.3050
663677.3051  1.680088e-01  -2.046712e-01  -0.3051
663737.3051  1.681156e-01  -2.046862e-01  -0.3051
663797.3051  1.682224e-01  -2.047017e-01  -0.3051
663857.3051  1.683256e-01  -2.047173e-01  -0.3051
663917.3050  1.684328e-01  -2.047327e-01  -0.3050
663977.3051  1.685362e-01  -2.047485e-01  -0.3051
664037.3051  1.686437e-01  -2.047645e-01  -0.3051
664097.3051  1.687475e-01  -2.047796e-01  -0.3051
664157.3051  1.688553e-01  -2.047958e-01  -0.3051
664217.3051  1.689595e-01  -2.048115e-01  -0.3051
664277.3050  1.690676e-01  -2.048269e-01  -0.3050
664337.3051  1.691721e-01  -2.048429e-01  -0.3051
664397.3051  1.692806e-01  -2.048586e-01  -0.3051
664457.3051  1.693855e-01  -2.048748e-01  -0.3051
664517.3051  1.694943e-01  -2.048908e-01  -0.3051
664577.3050  1.695993e-01  -2.049065e-01  -0.3050
664637.3051  1.697047e-01  -2.049228e-01  -0.3051
664697.3051  1.698141e-01  -2.049388e-01  -0.3051
664757.3051  1.699196e-01  -2.049553e-01  -0.3051
664817.3051  1.700293e-01  -2.049716e-01  -0.3051
664877.3051  1.701353e-01  -2.049877e-01  -0.3051
664937.3051  1.702414e-01  -2.050039e-01  -0.3051
664997.3051  1.703476e-01  -2.050206e-01  -0.3051
665057.3051  1.704580e-01  -2.050363e-01  -0.3051
665117.3050  1.705646e-01  -2.050533e-01  -0.3050
665177.3051  1.706714e-01  -2.050693e-01  -0.3051
665237.3051  1.707783e-01  -2.050862e-01  -0.3051
665297.3051  1.708894e-01  -2.051025e-01  -0.3051
665357.3051  1.709967e-01  -2.051193e-01  -0.3051
665417.3051  1.711041e-01  -2.051358e-01  -0.3051
665477.3051  1.712118e-01  -2.051526e-01  -0.3051
665537.3051  1.713195e-01  -2.051694e-01  -0.3051
665597.3051  1.714275e-01  -2.051860e-01  -0.3051
665657.3050  1.715356e-01  -2.052031e-01  -0.3050
665717.3051  1.716440e-01  -2.052196e-01  -0.3051
665777.3050  1.717564e-01  -2.052363e-01  -0.3050
665837.3051  1.718650e-01  -2.052538e-01  -0.3051
665897.3051  1.719739e-01  -2.052707e-01  -0.3051
665957.3051  1.720828e-01  -2.052870e-01  -0.3051
666017.3051  1.721920e-01  -2.053042e-01  -0.3051
666077.3051  1.723013e-01  -2.053216e-01  -0.3051
666137.3051  1.724108e-01  -2.053384e-01  -0.3051
666197.3051  1.725165e-01  -2.053560e-01  -0.3051
666257.3051  1.726264e-01  -2.053730e-01  -0.3051
666317.3050  1.727364e-01  -2.053901e-01  -0.3050
666377.3051  1.728466e-01  -2.054074e-01  -0.3051
666437.3051  1.729569e-01  -2.054249e-01  -0.3051
666497.3051  1.730675e-01  -2.054425e-01  -0.3051
666557.3051  1.731782e-01  -2.054602e-01  -0.3051
666617.3050  1.732891e-01  -2.054780e-01  -0.3050
666677.3051  1.733961e-01  -2.054953e-01  -0.3051
666737.3051  1.735074e-01  -2.055127e-01  -0.3051
666797.3051  1.736188e-01  -2.055306e-01  -0.3051
666857.3051  1.737304e-01  -2.055483e-01  -0.3051
666917.3051  1.738382e-01  -2.055661e-01  -0.3051
666977.3050  1.739501e-01  -2.055841e-01  -0.3050
667037.3051  1.740622e-01  -2.056011e-01  -0.3051
667097.3051  1.741745e-01  -2.056194e-01  -0.3051
667157.3051  1.742829e-01  -2.056370e-01  -0.3051
667217.3051  1.743956e-01  -2.056556e-01  -0.3051
667277.3050  1.745085e-01  -2.056732e-01  -0.3050
667337.3051  1.746175e-01  -2.056912e-01  -0.3051
667397.3051  1.747307e-01  -2.057091e-01  -0.3051
667457.3051  1.748400e-01  -2.057274e-01  -0.3051
667517.3051  1.749535e-01  -2.057459e-01  -0.3051
667577.3051  1.750672e-01  -2.057635e-01  -0.3051
667637.3051  1.751771e-01  -2.057823e-01  -0.3051
667697.3051  1.752911e-01  -2.058001e-01  -0.3051
667757.3051  1.754014e-01  -2.058191e-01  -0.3051
667817.3050  1.755158e-01  -2.058373e-01  -0.3050
667877.3051  1.756264e-01  -2.058559e-01  -0.3051
667937.3051  1.757372e-01  -2.058743e-01  -0.3051
667997.3051  1.758521e-01  -2.058932e-01  -0.3051
668057.3051  1.759633e-01  -2.059112e-01  -0.3051
668117.3051  1.760785e-01  -2.059300e-01  -0.3051
668177.3051  1.761901e-01  -2.059486e-01  -0.3051
668237.3051  1.763017e-01  -2.059670e-01  -0.3051
668297.3051  1.764176e-01  -2.059866e-01  -0.3051
668357.3050  1.765297e-01  -2.060053e-01  -0.3050
668417.3051  1.766418e-01  -2.060241e-01  -0.3051
668477.3050  1.767582e-01  -2.060423e-01  -0.3050
668537.3051  1.768707e-01  -2.060617e-01  -0.3051
668597.3051  1.769835e-01  -2.060810e-01  -0.3051
668657.3051  1.770964e-01  -2.060996e-01  -0.3051
668717.3051  1.772136e-01  -2.061184e-01  -0.3051
668777.3051  1.773269e-01  -2.061377e-01  -0.3051
668837.3051  1.774404e-01  -2.061576e-01  -0.3051
668897.3051  1.775540e-01  -2.061761e-01  -0.3051
668957.3051  1.776678e-01  -2.061954e-01  -0.3051
669017.3050  1.777859e-01  -2.062150e-01  -0.3050
669077.3051  1.779001e-01  -2.062339e-01  -0.3051
669137.3051  1.780144e-01  -2.062537e-01  -0.3051
669197.3051  1.781290e-01  -2.062730e-01  -0.3051
669257.3051  1.782438e-01  -2.062923e-01  -0.3051
669317.3050  1.783587e-01  -2.063118e-01  -0.3050
669377.3051  1.784739e-01  -2.063315e-01  -0.3051
669437.3051  1.785891e-01  -2.063513e-01  -0.3051
669497.3051  1.787046e-01  -2.063712e-01  -0.3051
669557.3051  1.788203e-01  -2.063906e-01  -0.3051
669617.3051  1.789362e-01  -2.064109e-01  -0.3051
669677.3050  1.790522e-01  -2.064305e-01  -0.3050
669737.3051  1.791684e-01  -2.064503e-01  -0.3051
669797.3051  1.792848e-01  -2.064702e-01  -0.3051
669857.3051  1.794014e-01  -2.064903e-01  -0.3051
669917.3051  1.795182e-01  -2.065103e-01  -0.3051
669977.3050  1.796311e-01  -2.065306e-01  -0.3050
670037.3051  1.797483e-01  -2.065504e-01  -0.3051
670097.3051  1.798657e-01  -2.065703e-01  -0.3051
670157.3051  1.799832e-01  -2.065909e-01  -0.3051
670217.3051  1.801008e-01  -2.066111e-01  -0.3051
670277.3051  1.802147e-01  -2.066315e-01  -0.3051
670337.3051  1.803329e-01  -2.066517e-01  -0.3051
670397.3051  1.804511e-01  -2.066724e-01  -0.3051
670457.3051  1.805696e-01  -2.066924e-01  -0.3051
670517.3050  1.806842e-01  -2.067131e-01  -0.3050
670577.3051  1.808031e-01  -2.067335e-01  -0.3051
670637.3051  1.809221e-01  -2.067541e-01  -0.3051
670697.3051  1.810374e-01  -2.067744e-01  -0.3051
670757.3051  1.811567e-01  -2.067953e-01  -0.3051
670817.3051  1.812763e-01  -2.068159e-01  -0.3051
670877.3051  1.813920e-01  -2.068370e-01  -0.3051
670937.3051  1.815121e-01  -2.068580e-01  -0.3051
670997.3051  1.816282e-01  -2.068787e-01  -0.3051
671057.3050  1.817486e-01  -2.068992e-01  -0.3050
671117.3051  1.818650e-01  -2.069206e-01  -0.3051
671177.3050  1.819858e-01  -2.069417e-01  -0.3050
671237.3051  1.821027e-01  -2.069627e-01  -0.3051
671297.3051  1.822239e-01  -2.069838e-01  -0.3051
671357.3051  1.823410e-01  -2.070046e-01  -0.3051
671417.3051  1.824626e-01  -2.070261e-01  -0.3051
671477.3051  1.825802e-01  -2.070470e-01  -0.3051
671537.3051  1.827022e-01  -2.070689e-01  -0.3051
671597.3051  1.828202e-01  -2.070901e-01  -0.3051
671657.3051  1.829385e-01  -2.071114e-01  -0.3051
671717.3050  1.830609e-01  -2.071328e-01  -0.3050
671777.3051  1.831796e-01  -2.071547e-01  -0.3051
671837.3051  1.832983e-01  -2.071757e-01  -0.3051
671897.3051  1.834214e-01  -2.071976e-01  -0.3051
671957.3051  1.835406e-01  -2.072189e-01  -0.3051
672017.3050  1.836599e-01  -2.072404e-01  -0.3050
672077.3051  1.837836e-01  -2.072620e-01  -0.3051
672137.3051  1.839035e-01  -2.072837e-01  -0.3051
672197.3051  1.840234e-01  -2.073056e-01  -0.3051
672257.3051  1.841436e-01  -2.073277e-01  -0.3051
672317.3051  1.842639e-01  -2.073499e-01  -0.3051
672377.3050  1.843845e-01  -2.073716e-01  -0.3050
672437.3051  1.845094e-01  -2.073940e-01  -0.3051
672497.3051  1.846303e-01  -2.074159e-01  -0.3051
672557.3051  1.847514e-01  -2.074380e-01  -0.3051
672617.3051  1.848727e-01  -2.074603e-01  -0.3051
672677.3050  1.849943e-01  -2.074827e-01  -0.3050
672737.3051  1.851161e-01  -2.075045e-01  -0.3051
672797.3051  1.852379e-01  -2.075272e-01  -0.3051
672857.3051  1.853601e-01  -2.075490e-01  -0.3051
672917.3051  1.854824e-01  -2.075720e-01  -0.3051
672977.3051  1.856050e-01  -2.075944e-01  -0.3051
673037.3051  1.857277e-01  -2.076170e-01  -0.3051
673097.3051  1.858507e-01  -2.076398e-01  -0.3051
673157.3051  1.859737e-01  -2.076616e-01  -0.3051
673217.3050  1.860970e-01  -2.076846e-01  -0.3050
673277.3051  1.862206e-01  -2.077071e-01  -0.3051
673337.3051  1.863443e-01  -2.077301e-01  -0.3051
673397.3051  1.864641e-01  -2.077529e-01  -0.3051
673457.3051  1.865883e-01  -2.077755e-01  -0.3051
673517.3051  1.867126e-01  -2.077986e-01  -0.3051
673577.3051  1.868371e-01  -2.078218e-01  -0.3051
673637.3051  1.869619e-01  -2.078442e-01  -0.3051
673697.3051  1.870827e-01  -2.078677e-01  -0.3051
673757.3050  1.872079e-01  -2.078904e-01  -0.3050
673817.3051  1.873332e-01  -2.079143e-01  -0.3051
673877.3050  1.874587e-01  -2.079372e-01  -0.3050
673937.3051  1.875804e-01  -2.079606e-01  -0.3051
673997.3051  1.877063e-01  -2.079839e-01  -0.3051
674057.3051  1.878324e-01  -2.080066e-01  -0.3051
674117.3051  1.879547e-01  -2.080305e-01  -0.3051
674177.3051  1.880812e-01  -2.080542e-01  -0.3051
674237.3051  1.882080e-01  -2.080774e-01  -0.3051
674297.3051  1.883308e-01  -2.081011e-01  -0.3051
674357.3051  1.884581e-01  -2.081246e-01  -0.3051
674417.3050  1.885813e-01  -2.081482e-01  -0.3050
674477.3051  1.887089e-01  -2.081723e-01  -0.3051
674537.3051  1.888325e-01  -2.081956e-01  -0.3051
674597.3051  1.889606e-01  -2.082197e-01  -0.3051
674657.3051  1.890847e-01  -2.082432e-01  -0.3051
674717.3050  1.892131e-01  -2.082676e-01  -0.3050
674777.3051  1.893376e-01  -2.082918e-01  -0.3051
674837.3051  1.894664e-01  -2.083158e-01  -0.3051
674897.3051  1.895913e-01  -2.083393e-01  -0.3051
674957.3051  1.897164e-01  -2.083636e-01  -0.3051
675017.3051  1.898458e-01  -2.083880e-01  -0.3051
675077.3050  1.899714e-01  -2.084119e-01  -0.3050
675137.3051  1.900971e-01  -2.084361e-01  -0.3051
675197.3051  1.902272e-01  -2.084610e-01  -0.3051
675257.3051  1.903533e-01  -2.084854e-01  -0.3051
675317.3051  1.904797e-01  -2.085092e-01  -0.3051
675377.3050  1.906104e-01  -2.085339e-01  -0.3050
675437.3051  1.907372e-01  -2.085588e-01  -0.3051
675497.3051  1.908642e-01  -2.085831e-01  -0.3051
675557.3051  1.909913e-01  -2.086073e-01  -0.3051
675617.3051  1.911188e-01  -2.086326e-01  -0.3051
675677.3051  1.912505e-01  -2.086574e-01  -0.3051
675737.3051  1.913783e-01  -2.086823e-01  -0.3051
675797.3051  1.915064e-01  -2.087067e-01  -0.3051
675857.3051  1.916346e-01  -2.087316e-01  -0.3051
675917.3050  1.917630e-01  -2.087563e-01  -0.3050
675977.3051  1.918917e-01  -2.087819e-01  -0.3051
676037.3051  1.920206e-01  -2.088069e-01  -0.3051
676097.3051  1.921497e-01  -2.088318e-01  -0.3051
676157.3051  1.922790e-01  -2.088571e-01  -0.3051
676217.3051  1.924086e-01  -2.088826e-01  -0.3051
676277.3051  1.925383e-01  -2.089072e-01  -0.3051
676337.3051  1.926682e-01  -2.089330e-01  -0.3051
676397.3051  1.927984e-01  -2.089580e-01  -0.3051
676457.3050  1.929288e-01  -2.089834e-01  -0.3050
676517.3051  1.930593e-01  -2.090087e-01  -0.3051
676577.3050  1.931902e-01  -2.090344e-01  -0.3050
676637.3051  1.933212e-01  -2.090599e-01  -0.3051
676697.3051  1.934525e-01  -2.090860e-01  -0.3051
676757.3051  1.935839e-01  -2.091112e-01  -0.3051
676817.3051  1.937114e-01  -2.091376e-01  -0.3051
676877.3051  1.938433e-01  -2.091631e-01  -0.3051
676937.3051  1.939754e-01  -2.091887e-01  -0.3051
676997.3051  1.941078e-01  -2.092149e-01  -0.3051
677057.3051  1.942403e-01  -2.092409e-01  -0.3051
677117.3050  1.943688e-01  -2.092664e-01  -0.3050
677177.3051  1.945018e-01  -2.092930e-01  -0.3051
677237.3051  1.946350e-01  -2.093188e-01  -0.3051
677297.3051  1.947642e-01  -2.093447e-01  -0.3051
677357.3051  1.948979e-01  -2.093708e-01  -0.3051
677417.3050  1.950318e-01  -2.093971e-01  -0.3050
677477.3051  1.951616e-01  -2.094238e-01  -0.3051
677537.3051  1.952959e-01  -2.094504e-01  -0.3051
677597.3051  1.954262e-01  -2.094764e-01  -0.3051
677657.3051  1.955609e-01  -2.095033e-01  -0.3051
677717.3051  1.956959e-01  -2.095297e-01  -0.3051
677777.3050  1.958268e-01  -2.095562e-01  -0.3050
677837.3051  1.959624e-01  -2.095829e-01  -0.3051
677897.3051  1.960937e-01  -2.096097e-01  -0.3051
677957.3051  1.962296e-01  -2.096361e-01  -0.3051
678017.3051  1.963614e-01  -2.096632e-01  -0.3051
678077.3050  1.964935e-01  -2.096898e-01  -0.3050
678137.3051  1.966300e-01  -2.097173e-01  -0.3051
678197.3051  1.967627e-01  -2.097443e-01  -0.3051
678257.3051  1.968996e-01  -2.097714e-01  -0.3051
678317.3051  1.970326e-01  -2.097980e-01  -0.3051
678377.3051  1.971658e-01  -2.098252e-01  -0.3051
678437.3051  1.973034e-01  -2.098520e-01  -0.3051
678497.3051  1.974371e-01  -2.098798e-01  -0.3051
678557.3051  1.975709e-01  -2.099070e-01  -0.3051
678617.3050  1.977092e-01  -2.099342e-01  -0.3050
678677.3051  1.978436e-01  -2.099617e-01  -0.3051
678737.3051  1.979782e-01  -2.099895e-01  -0.3051
678797.3051  1.981129e-01  -2.100166e-01  -0.3051
678857.3051  1.982479e-01  -2.100444e-01  -0.3051
678917.3051  1.983875e-01  -2.100719e-01  -0.3051
678977.3051  1.985228e-01  -2.100993e-01  -0.3051
679037.3051  1.986585e-01  -2.101272e-01  -0.3051
679097.3051  1.987944e-01  -2.101552e-01  -0.3051
679157.3050  1.989306e-01  -2.101830e-01  -0.3050
679217.3051  1.990669e-01  -2.102114e-01  -0.3051
679277.3050  1.992036e-01  -2.102389e-01  -0.3050
679337.3051  1.993404e-01  -2.102666e-01  -0.3051
679397.3051  1.994774e-01  -2.102947e-01  -0.3051
679457.3051  1.996147e-01  -2.103227e-01  -0.3051
679517.3051  1.997522e-01  -2.103512e-01  -0.3051
679577.3051  1.998899e-01  -2.103795e-01  -0.3051
679637.3051  2.000280e-01  -2.104080e-01  -0.3051
679697.3051  2.001661e-01  -2.104806e-01  -0.3051
679757.3051  2.003046e-01  -2.104698e-01  -0.3051
679817.3050  2.004433e-01  -2.104471e-01  -0.3050
679877.3051  2.005822e-01  -2.105190e-01  -0.3051
679937.3051  2.007212e-01  -2.118434e-01  -0.3051
679997.3051  2.008604e-01  -2.107114e-01  -0.3051
680057.3051  2.009958e-01  -2.093531e-01  -0.3051
680117.3050  2.011359e-01  -2.105669e-01  -0.3050
680177.3051  2.012751e-01  -2.178948e-01  -0.3051
680237.3051  2.014147e-01  -2.110271e-01  -0.3051
680297.3051  2.015559e-01  -2.052691e-01  -0.3051
680357.3051  2.016933e-01  -2.104527e-01  -0.3051
680417.3051  2.018335e-01  -2.179461e-01  -0.3051
680477.3050  2.019743e-01  -2.075875e-01  -0.3050
680537.3051  2.021126e-01  -2.065939e-01  -0.3051
680597.3051  2.022545e-01  -2.146285e-01  -0.3051
680657.3051  2.023953e-01  -2.162570e-01  -0.3051
680717.3051  2.025330e-01  -2.101212e-01  -0.3051
680777.3050  2.026756e-01  -2.101423e-01  -0.3050
680837.3051  2.028140e-01  -2.118101e-01  -0.3051
680897.3051  2.029567e-01  -2.119170e-01  -0.3051
680957.3051  2.030956e-01  -2.110269e-01  -0.3051
681017.3051  2.032390e-01  -2.110626e-01  -0.3051
681077.3051  2.033782e-01  -2.111510e-01  -0.3051
681137.3051  2.035222e-01  -2.111780e-01  -0.3051
681197.3051  2.036620e-01  -2.111786e-01  -0.3051
681257.3051  2.038063e-01  -2.112089e-01  -0.3051
681317.3050  2.039467e-01  -2.112386e-01  -0.3050
681377.3051  2.040915e-01  -2.112689e-01  -0.3051
681437.3051  2.042323e-01  -2.112990e-01  -0.3051
681497.3051  2.043732e-01  -2.113285e-01  -0.3051
681557.3051  2.045188e-01  -2.113586e-01  -0.3051
681617.3051  2.046603e-01  -2.113892e-01  -0.3051
681677.3051  2.048021e-01  -2.114190e-01  -0.3051
681737.3051  2.049484e-01  -2.114492e-01  -0.3051
681797.3051  2.050906e-01  -2.114800e-01  -0.3051
681857.3050  2.052330e-01  -2.115106e-01  -0.3050
681917.3051  2.053758e-01  -2.115404e-01  -0.3051
681977.3050  2.055231e-01  -2.115713e-01  -0.3050
682037.3051  2.056663e-01  -2.116021e-01  -0.3051
682097.3051  2.058098e-01  -2.116324e-01  -0.3051
682157.3051  2.059533e-01  -2.116631e-01  -0.3051
682217.3051  2.060973e-01  -2.116937e-01  -0.3051
682277.3051  2.062415e-01  -2.117246e-01  -0.3051
682337.3051  2.063902e-01  -2.117558e-01  -0.3051
682397.3051  2.065349e-01  -2.117863e-01  -0.3051
682457.3051  2.066799e-01  -2.118176e-01  -0.3051
682517.3050  2.068251e-01  -2.118484e-01  -0.3050
682577.3051  2.069705e-01  -2.118797e-01  -0.3051
682637.3051  2.071161e-01  -2.119108e-01  -0.3051
682697.3051  2.072620e-01  -2.119422e-01  -0.3051
682757.3051  2.074083e-01  -2.119737e-01  -0.3051
682817.3050  2.075547e-01  -2.120047e-01  -0.3050
682877.3051  2.077013e-01  -2.120358e-01  -0.3051
682937.3051  2.078438e-01  -2.120678e-01  -0.3051
682997.3051  2.079910e-01  -2.120993e-01  -0.3051
683057.3051  2.081384e-01  -2.121304e-01  -0.3051
683117.3051  2.082861e-01  -2.121622e-01  -0.3051
683177.3050  2.084341e-01  -2.121943e-01  -0.3050
683237.3051  2.085823e-01  -2.122258e-01  -0.3051
683297.3051  2.087307e-01  -2.122575e-01  -0.3051
683357.3051  2.088749e-01  -2.122894e-01  -0.3051
683417.3051  2.090239e-01  -2.123214e-01  -0.3051
683477.3050  2.091731e-01  -2.123536e-01  -0.3050
683537.3051  2.093225e-01  -2.123857e-01  -0.3051
683597.3051  2.094679e-01  -2.124176e-01  -0.3051
683657.3051  2.096178e-01  -2.124497e-01  -0.3051
683717.3051  2.097680e-01  -2.124820e-01  -0.3051
683777.3051  2.099141e-01  -2.125141e-01  -0.3051
683837.3051  2.100649e-01  -2.125467e-01  -0.3051
683897.3051  2.102115e-01  -2.125795e-01  -0.3051
683957.3051  2.103627e-01  -2.126114e-01  -0.3051
684017.3050  2.105142e-01  -2.126446e-01  -0.3050
684077.3051  2.106616e-01  -2.126770e-01  -0.3051
684137.3051  2.108136e-01  -2.127097e-01  -0.3051
684197.3051  2.109615e-01  -2.127424e-01  -0.3051
684257.3051  2.111140e-01  -2.127749e-01  -0.3051
684317.3051  2.112625e-01  -2.128079e-01  -0.3051
684377.3051  2.114110e-01  -2.128408e-01  -0.3051
684437.3051  2.115644e-01  -2.128742e-01  -0.3051
684497.3051  2.117135e-01  -2.129074e-01  -0.3051
684557.3050  2.118674e-01  -2.129398e-01  -0.3050
684617.3051  2.120170e-01  -2.129730e-01  -0.3051
684677.3050  2.121671e-01  -2.130068e-01  -0.3050
684737.3051  2.123217e-01  -2.130397e-01  -0.3051
684797.3051  2.124722e-01  -2.130728e-01  -0.3051
684857.3051  2.126230e-01  -2.131064e-01  -0.3051
684917.3051  2.127783e-01  -2.131399e-01  -0.3051
684977.3051  2.129295e-01  -2.131735e-01  -0.3051
685037.3051  2.130812e-01  -2.132074e-01  -0.3051
685097.3051  2.132330e-01  -2.132407e-01  -0.3051
685157.3051  2.133850e-01  -2.132743e-01  -0.3051
685217.3050  2.135417e-01  -2.133089e-01  -0.3050
685277.3051  2.136943e-01  -2.133421e-01  -0.3051
685337.3051  2.138472e-01  -2.133761e-01  -0.3051
685397.3051  2.140003e-01  -2.134104e-01  -0.3051
685457.3051  2.141537e-01  -2.134441e-01  -0.3051
685517.3050  2.143074e-01  -2.134787e-01  -0.3050
685577.3051  2.144613e-01  -2.135129e-01  -0.3051
685637.3051  2.146155e-01  -2.135472e-01  -0.3051
685697.3051  2.147700e-01  -2.135807e-01  -0.3051
685757.3051  2.149247e-01  -2.136147e-01  -0.3051
685817.3051  2.150797e-01  -2.136481e-01  -0.3051
685877.3050  2.152351e-01  -2.136818e-01  -0.3050
685937.3051  2.153906e-01  -2.137157e-01  -0.3051
685997.3051  2.155464e-01  -2.137564e-01  -0.3051
686057.3051  2.157024e-01  -2.137903e-01  -0.3051
686117.3051  2.158588e-01  -2.138247e-01  -0.3051
686177.3050  2.160155e-01  -2.138593e-01  -0.3050
686237.3051  2.161679e-01  -2.138938e-01  -0.3051
686297.3051  2.163250e-01  -2.139287e-01  -0.3051
686357.3051  2.164825e-01  -2.139638e-01  -0.3051
686417.3051  2.166402e-01  -2.139989e-01  -0.3051
686477.3051  2.167981e-01  -2.140344e-01  -0.3051
686537.3051  2.169520e-01  -2.140698e-01  -0.3051
686597.3051  2.171105e-01  -2.141056e-01  -0.3051
686657.3051  2.172693e-01  -2.141414e-01  -0.3051
686717.3050  2.174240e-01  -2.141710e-01  -0.3050
686777.3051  2.175834e-01  -2.142071e-01  -0.3051
686837.3051  2.177430e-01  -2.142437e-01  -0.3051
686897.3051  2.178985e-01  -2.142802e-01  -0.3051
686957.3051  2.180587e-01  -2.143169e-01  -0.3051
687017.3051  2.182192e-01  -2.143540e-01  -0.3051
687077.3051  2.183755e-01  -2.143911e-01  -0.3051
687137.3051  2.185365e-01  -2.144217e-01  -0.3051
687197.3051  2.186934e-01  -2.144593e-01  -0.3051
687257.3050  2.188549e-01  -2.144969e-01  -0.3050
687317.3051  2.190124e-01  -2.145347e-01  -0.3051
687377.3050  2.191746e-01  -2.145661e-01  -0.3050
687437.3051  2.193325e-01  -2.146042e-01  -0.3051
687497.3051  2.194907e-01  -2.146426e-01  -0.3051
687557.3051  2.196537e-01  -2.146745e-01  -0.3051
687617.3051  2.198125e-01  -2.147135e-01  -0.3051
687677.3051  2.199760e-01  -2.147523e-01  -0.3051
687737.3051  2.201354e-01  -2.147848e-01  -0.3051
687797.3051  2.202951e-01  -2.148240e-01  -0.3051
687857.3051  2.204550e-01  -2.148569e-01  -0.3051
687917.3050  2.206198e-01  -2.148962e-01  -0.3050
687977.3051  2.207803e-01  -2.149295e-01  -0.3051
688037.3051  2.209410e-01  -2.149695e-01  -0.3051
688097.3051  2.211021e-01  -2.150031e-01  -0.3051
688157.3051  2.212680e-01  -2.150435e-01  -0.3051
688217.3050  2.214296e-01  -2.150774e-01  -0.3050
688277.3051  2.215916e-01  -2.151182e-01  -0.3051
688337.3051  2.217538e-01  -2.151523e-01  -0.3051
688397.3051  2.219162e-01  -2.151933e-01  -0.3051
688457.3051  2.220791e-01  -2.152281e-01  -0.3051
688517.3051  2.222422e-01  -2.152693e-01  -0.3051
688577.3050  2.224056e-01  -2.153044e-01  -0.3050
688637.3051  2.225737e-01  -2.153397e-01  -0.3051
688697.3051  2.227376e-01  -2.153815e-01  -0.3051
688757.3051  2.229019e-01  -2.154172e-01  -0.3051
688817.3051  2.230619e-01  -2.154528e-01  -0.3051
688877.3050  2.232267e-01  -2.154953e-01  -0.3050
688937.3051  2.233918e-01  -2.155313e-01  -0.3051
688997.3051  2.235573e-01  -2.155678e-01  -0.3051
689057.3051  2.237230e-01  -2.156041e-01  -0.3051
689117.3051  2.238890e-01  -2.156410e-01  -0.3051
689177.3051  2.240552e-01  -2.156842e-01  -0.3051
689237.3051  2.242219e-01  -2.157211e-01  -0.3051
689297.3051  2.243888e-01  -2.157585e-01  -0.3051
689357.3051  2.245514e-01  -2.157959e-01  -0.3051
689417.3050  2.247189e-01  -2.158333e-01  -0.3050
689477.3051  2.248866e-01  -2.158714e-01  -0.3051
689537.3051  2.250546e-01  -2.159092e-01  -0.3051
689597.3051  2.252185e-01  -2.159538e-01  -0.3051
689657.3051  2.253872e-01  -2.159920e-01  -0.3051
689717.3051  2.255561e-01  -2.160305e-01  -0.3051
689777.3051  2.257208e-01  -2.160691e-01  -0.3051
689837.3051  2.258903e-01  -2.161080e-01  -0.3051
689897.3051  2.260602e-01  -2.161473e-01  -0.3051
689957.3050  2.262258e-01  -2.161865e-01  -0.3050
690017.3051  2.263962e-01  -2.162259e-01  -0.3051
690077.3050  2.265625e-01  -2.162655e-01  -0.3050
690137.3051  2.267335e-01  -2.162986e-01  -0.3051
690197.3051  2.269004e-01  -2.163385e-01  -0.3051
690257.3051  2.270720e-01  -2.163787e-01  -0.3051
690317.3051  2.272394e-01  -2.164191e-01  -0.3051
690377.3051  2.274117e-01  -2.164597e-01  -0.3051
690437.3051  2.275797e-01  -2.165004e-01  -0.3051
690497.3051  2.277527e-01  -2.165414e-01  -0.3051
690557.3051  2.279212e-01  -2.165759e-01  -0.3051
690617.3050  2.280902e-01  -2.166172e-01  -0.3050
690677.3051  2.282640e-01  -2.166587e-01  -0.3051
690737.3051  2.284335e-01  -2.167002e-01  -0.3051
690797.3051  2.286033e-01  -2.167356e-01  -0.3051
690857.3051  2.287781e-01  -2.167777e-01  -0.3051
690917.3050  2.289486e-01  -2.168198e-01  -0.3050
690977.3051  2.291193e-01  -2.168559e-01  -0.3051
691037.3051  2.292904e-01  -2.168983e-01  -0.3051
691097.3051  2.294617e-01  -2.169412e-01  -0.3051
691157.3051  2.296381e-01  -2.169776e-01  -0.3051
691217.3051  2.298100e-01  -2.170208e-01  -0.3051
691277.3050  2.299823e-01  -2.170576e-01  -0.3050
691337.3051  2.301549e-01  -2.171013e-01  -0.3051
691397.3051  2.303279e-01  -2.171449e-01  -0.3051
691457.3051  2.305012e-01  -2.171823e-01  -0.3051
691517.3051  2.306747e-01  -2.172265e-01  -0.3051
691577.3050  2.308486e-01  -2.172643e-01  -0.3050
691637.3051  2.310227e-01  -2.173087e-01  -0.3051
691697.3051  2.311973e-01  -2.173469e-01  -0.3051
691757.3051  2.313721e-01  -2.173855e-01  -0.3051
691817.3051  2.315472e-01  -2.174305e-01  -0.3051
691877.3051  2.317227e-01  -2.174692e-01  -0.3051
691937.3051  2.318984e-01  -2.175146e-01  -0.3051
691997.3051  2.320745e-01  -2.175538e-01  -0.3051
692057.3051  2.322509e-01  -2.175931e-01  -0.3051
692117.3050  2.324276e-01  -2.176390e-01  -0.3050
692177.3051  2.326001e-01  -2.176788e-01  -0.3051
692237.3051  2.327774e-01  -2.177188e-01  -0.3051
692297.3051  2.329551e-01  -2.177589e-01  -0.3051
692357.3051  2.331331e-01  -2.178056e-01  -0.3051
692417.3051  2.333113e-01  -2.178462e-01  -0.3051
692477.3051  2.334853e-01  -2.178869e-01  -0.3051
692537.3051  2.336643e-01  -2.179279e-01  -0.3051
692597.3051  2.338437e-01  -2.179688e-01  -0.3051
692657.3050  2.340186e-01  -2.180165e-01  -0.3050
692717.3051  2.341986e-01  -2.180587e-01  -0.3051
692777.3050  2.343788e-01  -2.181000e-01  -0.3050
692837.3051  2.345547e-01  -2.181409e-01  -0.3051
692897.3051  2.347357e-01  -2.181836e-01  -0.3051
692957.3051  2.349122e-01  -2.182475e-01  -0.3051
693017.3051  2.350937e-01  -2.182736e-01  -0.3051
693077.3051  2.352711e-01  -2.182889e-01  -0.3051
693137.3051  2.354533e-01  -2.183499e-01  -0.3051
693197.3051  2.356312e-01  -2.185622e-01  -0.3051
693257.3051  2.358142e-01  -2.184924e-01  -0.3051
693317.3050  2.359927e-01  -2.183080e-01  -0.3050
693377.3051  2.361761e-01  -2.184916e-01  -0.3051
693437.3051  2.363554e-01  -2.191920e-01  -0.3051
693497.3051  2.365355e-01  -2.192723e-01  -0.3051
693557.3051  2.367203e-01  -2.186684e-01  -0.3051
693617.3050  2.369004e-01  -2.185387e-01  -0.3050
693677.3051  2.370808e-01  -2.187913e-01  -0.3051
693737.3051  2.372665e-01  -2.189679e-01  -0.3051
693797.3051  2.374478e-01  -2.188462e-01  -0.3051
693857.3051  2.376293e-01  -2.188697e-01  -0.3051
693917.3051  2.378111e-01  -2.189405e-01  -0.3051
693977.3050  2.379934e-01  -2.189981e-01  -0.3050
694037.3051  2.381805e-01  -2.190225e-01  -0.3051
694097.3051  2.383634e-01  -2.190679e-01  -0.3051
694157.3051  2.385467e-01  -2.191084e-01  -0.3051
694217.3051  2.387302e-01  -2.191553e-01  -0.3051
694277.3050  2.389141e-01  -2.192013e-01  -0.3050
694337.3051  2.390984e-01  -2.192417e-01  -0.3051
694397.3051  2.392829e-01  -2.192887e-01  -0.3051
694457.3051  2.394678e-01  -2.193296e-01  -0.3051
694517.3051  2.396530e-01  -2.193769e-01  -0.3051
694577.3051  2.398385e-01  -2.194246e-01  -0.3051
694637.3051  2.400245e-01  -2.194661e-01  -0.3051
694697.3051  2.402108e-01  -2.195138e-01  -0.3051
694757.3051  2.403975e-01  -2.195557e-01  -0.3051
694817.3050  2.405843e-01  -2.196041e-01  -0.3050
694877.3051  2.407717e-01  -2.196464e-01  -0.3051
694937.3051  2.409592e-01  -2.196887e-01  -0.3051
694997.3051  2.411473e-01  -2.197378e-01  -0.3051
695057.3051  2.413309e-01  -2.197805e-01  -0.3051
695117.3051  2.415195e-01  -2.198299e-01  -0.3051
695177.3051  2.417086e-01  -2.198733e-01  -0.3051
695237.3051  2.418980e-01  -2.199166e-01  -0.3051
695297.3051  2.420830e-01  -2.199667e-01  -0.3051
695357.3050  2.422730e-01  -2.200104e-01  -0.3050
695417.3051  2.424634e-01  -2.200547e-01  -0.3051
695477.3050  2.426495e-01  -2.200989e-01  -0.3050
695537.3051  2.428406e-01  -2.201495e-01  -0.3051
695597.3051  2.430321e-01  -2.201944e-01  -0.3051
695657.3051  2.432192e-01  -2.202392e-01  -0.3051
695717.3051  2.434114e-01  -2.202842e-01  -0.3051
695777.3051  2.435991e-01  -2.203297e-01  -0.3051
695837.3051  2.437920e-01  -2.203814e-01  -0.3051
695897.3051  2.439806e-01  -2.204270e-01  -0.3051
695957.3051  2.441741e-01  -2.204729e-01  -0.3051
696017.3050  2.443634e-01  -2.205189e-01  -0.3050
696077.3051  2.445576e-01  -2.205652e-01  -0.3051
696137.3051  2.447476e-01  -2.206117e-01  -0.3051
696197.3051  2.449426e-01  -2.206584e-01  -0.3051
696257.3051  2.451332e-01  -2.207056e-01  -0.3051
696317.3050  2.453243e-01  -2.207525e-01  -0.3050
696377.3051  2.455203e-01  -2.207999e-01  -0.3051
696437.3051  2.457120e-01  -2.208474e-01  -0.3051
696497.3051  2.459041e-01  -2.208952e-01  -0.3051
696557.3051  2.461013e-01  -2.209432e-01  -0.3051
696617.3051  2.462941e-01  -2.209914e-01  -0.3051
696677.3050  2.464872e-01  -2.210336e-01  -0.3050
696737.3051  2.466808e-01  -2.210822e-01  -0.3051
696797.3051  2.468793e-01  -2.211308e-01  -0.3051
696857.3051  2.470736e-01  -2.211799e-01  -0.3051
696917.3051  2.472683e-01  -2.212291e-01  -0.3051
696977.3050  2.474631e-01  -2.212722e-01  -0.3050
697037.3051  2.476585e-01  -2.213219e-01  -0.3051
697097.3051  2.478542e-01  -2.213718e-01  -0.3051
697157.3051  2.480502e-01  -2.214217e-01  -0.3051
697217.3051  2.482466e-01  -2.214659e-01  -0.3051
697277.3051  2.484435e-01  -2.215162e-01  -0.3051
697337.3051  2.486406e-01  -2.215670e-01  -0.3051
697397.3051  2.488382e-01  -2.216115e-01  -0.3051
697457.3051  2.490360e-01  -2.216625e-01  -0.3051
697517.3050  2.492345e-01  -2.217077e-01  -0.3050
697577.3051  2.494331e-01  -2.217591e-01  -0.3051
697637.3051  2.496321e-01  -2.218045e-01  -0.3051
697697.3051  2.498315e-01  -2.218566e-01  -0.3051
697757.3051  2.500311e-01  -2.219025e-01  -0.3051
697817.3051  2.502265e-01  -2.219547e-01  -0.3051
697877.3051  2.504271e-01  -2.220011e-01  -0.3051
697937.3051  2.506280e-01  -2.220540e-01  -0.3051
697997.3051  2.508292e-01  -2.221008e-01  -0.3051
698057.3050  2.510309e-01  -2.221539e-01  -0.3050
698117.3051  2.512282e-01  -2.222011e-01  -0.3051
698177.3050  2.514305e-01  -2.222485e-01  -0.3050
698237.3051  2.516333e-01  -2.223023e-01  -0.3051
698297.3051  2.518316e-01  -2.223501e-01  -0.3051
698357.3051  2.520352e-01  -2.223982e-01  -0.3051
698417.3051  2.522343e-01  -2.224527e-01  -0.3051
698477.3051  2.524386e-01  -2.225012e-01  -0.3051
698537.3051  2.526433e-01  -2.225497e-01  -0.3051
698597.3051  2.528435e-01  -2.225986e-01  -0.3051
698657.3051  2.530490e-01  -2.226478e-01  -0.3051
698717.3050  2.532500e-01  -2.227034e-01  -0.3050
698777.3051  2.534563e-01  -2.227530e-01  -0.3051
698837.3051  2.536581e-01  -2.228026e-01  -0.3051
698897.3051  2.538603e-01  -2.228527e-01  -0.3051
698957.3051  2.540677e-01  -2.229030e-01  -0.3051
699017.3050  2.542706e-01  -2.229532e-01  -0.3050
699077.3051  2.544788e-01  -2.230040e-01  -0.3051
699137.3051  2.546826e-01  -2.230547e-01  -0.3051
699197.3051  2.548866e-01  -2.231059e-01  -0.3051
699257.3051  2.550912e-01  -2.231571e-01  -0.3051
699317.3051  2.553008e-01  -2.232087e-01  -0.3051
699377.3050  2.555062e-01  -2.232604e-01  -0.3050
699437.3051  2.557118e-01  -2.233122e-01  -0.3051
699497.3051  2.559179e-01  -2.233645e-01  -0.3051
699557.3051  2.561292e-01  -2.234168e-01  -0.3051
699617.3051  2.563362e-01  -2.234693e-01  -0.3051
699677.3050  2.565434e-01  -2.235162e-01  -0.3050
699737.3051  2.567511e-01  -2.235692e-01  -0.3051
699797.3051  2.569591e-01  -2.236224e-01  -0.3051
699857.3051  2.571675e-01  -2.236758e-01  -0.3051
699917.3051  2.573764e-01  -2.237294e-01  -0.3051
699977.3051  2.575856e-01  -2.237772e-01  -0.3051
700037.3051  2.577952e-01  -2.238313e-01  -0.3051
700097.3051  2.580053e-01  -2.238856e-01  -0.3051
700157.3051  2.582158e-01  -2.239341e-01  -0.3051
700217.3050  2.584266e-01  -2.239889e-01  -0.3050
700277.3051  2.586379e-01  -2.240439e-01  -0.3051
700337.3051  2.588495e-01  -2.240931e-01  -0.3051
700397.3051  2.590616e-01  -2.241485e-01  -0.3051
700457.3051  2.592741e-01  -2.241981e-01  -0.3051
700517.3051  2.594820e-01  -2.242541e-01  -0.3051
700577.3051  2.596954e-01  -2.243039e-01  -0.3051
700637.3051  2.599090e-01  -2.243603e-01  -0.3051
700697.3051  2.601231e-01  -2.244108e-01  -0.3051
700757.3050  2.603327e-01  -2.244677e-01  -0.3050
700817.3051  2.605476e-01  -2.245184e-01  -0.3051
700877.3050  2.607629e-01  -2.245757e-01  -0.3050
700937.3051  2.609738e-01  -2.246269e-01  -0.3051
700997.3051  2.611899e-01  -2.246786e-01  -0.3051
701057.3051  2.614065e-01  -2.247364e-01  -0.3051
701117.3051  2.616185e-01  -2.247885e-01  -0.3051
701177.3051  2.618359e-01  -2.248407e-01  -0.3051
701237.3051  2.620489e-01  -2.248933e-01  -0.3051
701297.3051  2.622671e-01  -2.249520e-01  -0.3051
701357.3051  2.624808e-01  -2.250049e-01  -0.3051
701417.3050  2.626999e-01  -2.250582e-01  -0.3050
701477.3051  2.629145e-01  -2.251115e-01  -0.3051
701537.3051  2.631344e-01  -2.251711e-01  -0.3051
701597.3051  2.633497e-01  -2.252249e-01  -0.3051
701657.3051  2.635705e-01  -2.252792e-01  -0.3051
701717.3050  2.637868e-01  -2.253335e-01  -0.3050
701777.3051  2.640034e-01  -2.253879e-01  -0.3051
701837.3051  2.642254e-01  -2.254427e-01  -0.3051
701897.3051  2.644430e-01  -2.254976e-01  -0.3051
701957.3051  2.646609e-01  -2.255528e-01  -0.3051
702017.3051  2.648792e-01  -2.256083e-01  -0.3051
702077.3050  2.651030e-01  -2.256639e-01  -0.3050
702137.3051  2.653222e-01  -2.257199e-01  -0.3051
702197.3051  2.655418e-01  -2.257760e-01  -0.3051
702257.3051  2.657619e-01  -2.258324e-01  -0.3051
702317.3051  2.659824e-01  -2.258887e-01  -0.3051
702377.3050  2.662082e-01  -2.259396e-01  -0.3050
702437.3051  2.664297e-01  -2.259967e-01  -0.3051
702497.3051  2.666514e-01  -2.260541e-01  -0.3051
702557.3051  2.668737e-01  -2.261114e-01  -0.3051
702617.3051  2.670962e-01  -2.261692e-01  -0.3051
702677.3051  2.673193e-01  -2.262212e-01  -0.3051
702737.3051  2.675428e-01  -2.262793e-01  -0.3051
702797.3051  2.677669e-01  -2.263378e-01  -0.3051
702857.3051  2.679913e-01  -2.263903e-01  -0.3051
702917.3050  2.682161e-01  -2.264493e-01  -0.3050
702977.3051  2.684364e-01  -2.265084e-01  -0.3051
703037.3051  2.686621e-01  -2.265616e-01  -0.3051
703097.3051  2.688881e-01  -2.266213e-01  -0.3051
703157.3051  2.691147e-01  -2.266751e-01  -0.3051
703217.3051  2.693418e-01  -2.267350e-01  -0.3051
703277.3051  2.695693e-01  -2.267895e-01  -0.3051
703337.3051  2.697922e-01  -2.268499e-01  -0.3051
703397.3051  2.700206e-01  -2.269047e-01  -0.3051
703457.3050  2.702494e-01  -2.269656e-01  -0.3050
703517.3051  2.704737e-01  -2.270208e-01  -0.3051
703577.3050  2.707033e-01  -2.270824e-01  -0.3050
703637.3051  2.709336e-01  -2.271382e-01  -0.3051
703697.3051  2.711591e-01  -2.271941e-01  -0.3051
703757.3051  2.713901e-01  -2.272562e-01  -0.3051
703817.3051  2.716167e-01  -2.273126e-01  -0.3051
703877.3051  2.718487e-01  -2.273693e-01  -0.3051
703937.3051  2.720761e-01  -2.274319e-01  -0.3051
703997.3051  2.723089e-01  -2.274891e-01  -0.3051
704057.3051  2.725372e-01  -2.275465e-01  -0.3051
704117.3050  2.727709e-01  -2.276041e-01  -0.3050
704177.3051  2.730001e-01  -2.276621e-01  -0.3051
704237.3051  2.732349e-01  -2.277259e-01  -0.3051
704297.3051  2.734650e-01  -2.277843e-01  -0.3051
704357.3051  2.736955e-01  -2.278430e-01  -0.3051
704417.3050  2.739317e-01  -2.279016e-01  -0.3050
704477.3051  2.741632e-01  -2.279607e-01  -0.3051
704537.3051  2.743951e-01  -2.280201e-01  -0.3051
704597.3051  2.746327e-01  -2.280795e-01  -0.3051
704657.3051  2.748655e-01  -2.281388e-01  -0.3051
704717.3051  2.750989e-01  -2.281993e-01  -0.3051
704777.3050  2.753326e-01  -2.282601e-01  -0.3050
704837.3051  2.755670e-01  -2.283193e-01  -0.3051
704897.3051  2.758068e-01  -2.283536e-01  -0.3051
704957.3051  2.760420e-01  -2.284391e-01  -0.3051
705017.3051  2.762777e-01  -2.285229e-01  -0.3051
705077.3050  2.765138e-01  -2.285560e-01  -0.3050
705137.3051  2.767505e-01  -2.285790e-01  -0.3051
705197.3051  2.769877e-01  -2.287279e-01  -0.3051
705257.3051  2.772250e-01  -2.287460e-01  -0.3051
705317.3051  2.774632e-01  -2.287482e-01  -0.3051
705377.3051  2.777018e-01  -2.288263e-01  -0.3051
705437.3051  2.779408e-01  -2.288875e-01  -0.3051
705497.3051  2.781805e-01  -2.289354e-01  -0.3051
705557.3051  2.784206e-01  -2.290107e-01  -0.3051
705617.3050  2.786559e-01  -2.290652e-01  -0.3050
705677.3051  2.788969e-01  -2.291208e-01  -0.3051
705737.3051  2.791385e-01  -2.291972e-01  -0.3051
705797.3051  2.793804e-01  -2.292507e-01  -0.3051
705857.3051  2.796228e-01  -2.293088e-01  -0.3051
705917.3051  2.798606e-01  -2.293834e-01  -0.3051
705977.3051  2.801040e-01  -2.294443e-01  -0.3051
706037.3051  2.803479e-01  -2.294608e-01  -0.3051
706097.3051  2.805873e-01  -2.302983e-01  -0.3051
706157.3050  2.808326e-01  -2.291568e-01  -0.3050
706217.3051  2.810765e-01  -2.259486e-01  -0.3051
706277.3050  2.813156e-01  -2.292948e-01  -0.3050
706337.3051  2.815636e-01  -2.342741e-01  -0.3051
706397.3051  2.818068e-01  -2.297238e-01  -0.3051
706457.3051  2.820539e-01  -2.292872e-01  -0.3051
706517.3051  2.822964e-01  -2.301437e-01  -0.3051
706577.3051  2.825450e-01  -2.307367e-01  -0.3051
706637.3051  2.827889e-01  -2.301299e-01  -0.3051
706697.3051  2.830382e-01  -2.301862e-01  -0.3051
706757.3051  2.832829e-01  -2.302592e-01  -0.3051
706817.3050  2.835333e-01  -2.303280e-01  -0.3050
706877.3051  2.837789e-01  -2.303829e-01  -0.3051
706937.3051  2.840251e-01  -2.304520e-01  -0.3051
706997.3051  2.842769e-01  -2.305155e-01  -0.3051
707057.3051  2.845240e-01  -2.305793e-01  -0.3051
707117.3050  2.847718e-01  -2.306433e-01  -0.3050
707177.3051  2.850199e-01  -2.307077e-01  -0.3051
707237.3051  2.852738e-01  -2.307723e-01  -0.3051
707297.3051  2.855230e-01  -2.308313e-01  -0.3051
707357.3051  2.857726e-01  -2.308964e-01  -0.3051
707417.3051  2.860229e-01  -2.309617e-01  -0.3051
707477.3050  2.862736e-01  -2.310274e-01  -0.3050
707537.3051  2.865248e-01  -2.310930e-01  -0.3051
707597.3051  2.867766e-01  -2.311592e-01  -0.3051
707657.3051  2.870288e-01  -2.312198e-01  -0.3051
707717.3051  2.872816e-01  -2.312862e-01  -0.3051
707777.3050  2.875349e-01  -2.313531e-01  -0.3050
707837.3051  2.877886e-01  -2.314204e-01  -0.3051
707897.3051  2.880430e-01  -2.314818e-01  -0.3051
707957.3051  2.882979e-01  -2.315495e-01  -0.3051
708017.3051  2.885532e-01  -2.316173e-01  -0.3051
708077.3051  2.888091e-01  -2.316797e-01  -0.3051
708137.3051  2.890655e-01  -2.317480e-01  -0.3051
708197.3051  2.893224e-01  -2.318108e-01  -0.3051
708257.3051  2.895799e-01  -2.318799e-01  -0.3051
708317.3050  2.898325e-01  -2.319432e-01  -0.3050
708377.3051  2.900910e-01  -2.320125e-01  -0.3051
708437.3051  2.903501e-01  -2.320766e-01  -0.3051
708497.3051  2.906096e-01  -2.321465e-01  -0.3051
708557.3051  2.908645e-01  -2.322109e-01  -0.3051
708617.3051  2.911250e-01  -2.322756e-01  -0.3051
708677.3051  2.913862e-01  -2.323463e-01  -0.3051
708737.3051  2.916426e-01  -2.324115e-01  -0.3051
708797.3051  2.919050e-01  -2.324769e-01  -0.3051
708857.3050  2.921624e-01  -2.325485e-01  -0.3050
708917.3051  2.924256e-01  -2.326145e-01  -0.3051
708977.3050  2.926842e-01  -2.326808e-01  -0.3050
709037.3051  2.929485e-01  -2.327473e-01  -0.3051
709097.3051  2.932082e-01  -2.328199e-01  -0.3051
709157.3051  2.934737e-01  -2.328867e-01  -0.3051
709217.3051  2.937344e-01  -2.329541e-01  -0.3051
709277.3051  2.940010e-01  -2.330217e-01  -0.3051
709337.3051  2.942628e-01  -2.330894e-01  -0.3051
709397.3051  2.945252e-01  -2.331576e-01  -0.3051
709457.3051  2.947933e-01  -2.332261e-01  -0.3051
709517.3050  2.950568e-01  -2.332946e-01  -0.3050
709577.3051  2.953207e-01  -2.333636e-01  -0.3051
709637.3051  2.955853e-01  -2.334327e-01  -0.3051
709697.3051  2.958556e-01  -2.335022e-01  -0.3051
709757.3051  2.961213e-01  -2.335719e-01  -0.3051
709817.3050  2.963875e-01  -2.336417e-01  -0.3050
709877.3051  2.966542e-01  -2.337064e-01  -0.3051
709937.3051  2.969217e-01  -2.337768e-01  -0.3051
709997.3051  2.971895e-01  -2.338475e-01  -0.3051
710057.3051  2.974579e-01  -2.339188e-01  -0.3051
710117.3051  2.977269e-01  -2.339843e-01  -0.3051
710177.3050  2.979964e-01  -2.340559e-01  -0.3050
710237.3051  2.982666e-01  -2.341277e-01  -0.3051
710297.3051  2.985372e-01  -2.341941e-01  -0.3051
710357.3051  2.988084e-01  -2.342665e-01  -0.3051
710417.3051  2.990802e-01  -2.343391e-01  -0.3051
710477.3050  2.993527e-01  -2.344063e-01  -0.3050
710537.3051  2.996255e-01  -2.344795e-01  -0.3051
710597.3051  2.998991e-01  -2.345473e-01  -0.3051
710657.3051  3.001731e-01  -2.346211e-01  -0.3051
710717.3051  3.004478e-01  -2.346893e-01  -0.3051
710777.3051  3.007176e-01  -2.347636e-01  -0.3051
710837.3051  3.009934e-01  -2.348325e-01  -0.3051
710897.3051  3.012698e-01  -2.349017e-01  -0.3051
710957.3051  3.015414e-01  -2.349766e-01  -0.3051
711017.3050  3.018189e-01  -2.350464e-01  -0.3050
711077.3051  3.020970e-01  -2.351163e-01  -0.3051
711137.3051  3.023704e-01  -2.351923e-01  -0.3051
711197.3051  3.026497e-01  -2.352627e-01  -0.3051
711257.3051  3.029295e-01  -2.353336e-01  -0.3051
711317.3051  3.032045e-01  -2.354046e-01  -0.3051
711377.3051  3.034856e-01  -2.354817e-01  -0.3051
711437.3051  3.037618e-01  -2.355532e-01  -0.3051
711497.3051  3.040441e-01  -2.356251e-01  -0.3051
711557.3050  3.043214e-01  -2.356972e-01  -0.3050
711617.3051  3.045995e-01  -2.357698e-01  -0.3051
711677.3050  3.048835e-01  -2.358425e-01  -0.3050
711737.3051  3.051625e-01  -2.359155e-01  -0.3051
711797.3051  3.054478e-01  -2.359888e-01  -0.3051
711857.3051  3.057282e-01  -2.360623e-01  -0.3051
711917.3051  3.060091e-01  -2.361361e-01  -0.3051
711977.3051  3.062906e-01  -2.362103e-01  -0.3051
712037.3051  3.065782e-01  -2.362847e-01  -0.3051
712097.3051  3.068610e-01  -2.363538e-01  -0.3051
712157.3051  3.071443e-01  -2.364288e-01  -0.3051
712217.3050  3.074284e-01  -2.365041e-01  -0.3050
712277.3051  3.077129e-01  -2.365794e-01  -0.3051
712337.3051  3.080036e-01  -2.366553e-01  -0.3051
712397.3051  3.082894e-01  -2.367258e-01  -0.3051
712457.3051  3.085758e-01  -2.368021e-01  -0.3051
712517.3050  3.088628e-01  -2.368788e-01  -0.3050
712577.3051  3.091505e-01  -2.369502e-01  -0.3051
712637.3051  3.094387e-01  -2.370273e-01  -0.3051
712697.3051  3.097275e-01  -2.370993e-01  -0.3051
712757.3051  3.100170e-01  -2.371770e-01  -0.3051
712817.3051  3.103071e-01  -2.372496e-01  -0.3051
712877.3050  3.105923e-01  -2.373278e-01  -0.3050
712937.3051  3.108836e-01  -2.374008e-01  -0.3051
712997.3051  3.111757e-01  -2.374799e-01  -0.3051
713057.3051  3.114682e-01  -2.375535e-01  -0.3051
713117.3051  3.117614e-01  -2.376329e-01  -0.3051
713177.3050  3.120553e-01  -2.377071e-01  -0.3050
713237.3051  3.123442e-01  -2.377815e-01  -0.3051
713297.3051  3.126393e-01  -2.378621e-01  -0.3051
713357.3051  3.129350e-01  -2.379371e-01  -0.3051
713417.3051  3.132259e-01  -2.380125e-01  -0.3051
713477.3051  3.135228e-01  -2.380881e-01  -0.3051
713537.3051  3.138205e-01  -2.381640e-01  -0.3051
713597.3051  3.141132e-01  -2.382456e-01  -0.3051
713657.3051  3.144122e-01  -2.383222e-01  -0.3051
713717.3050  3.147061e-01  -2.383990e-01  -0.3050
713777.3051  3.150063e-01  -2.384762e-01  -0.3051
713837.3051  3.153017e-01  -2.385536e-01  -0.3051
713897.3051  3.156031e-01  -2.386311e-01  -0.3051
713957.3051  3.158997e-01  -2.387092e-01  -0.3051
714017.3051  3.162024e-01  -2.387875e-01  -0.3051
714077.3051  3.165004e-01  -2.388660e-01  -0.3051
714137.3051  3.167989e-01  -2.389449e-01  -0.3051
714197.3051  3.171036e-01  -2.390184e-01  -0.3051
714257.3050  3.174035e-01  -2.390980e-01  -0.3050
714317.3051  3.177040e-01  -2.391776e-01  -0.3051
714377.3050  3.180051e-01  -2.392576e-01  -0.3050
714437.3051  3.183124e-01  -2.393380e-01  -0.3051
714497.3051  3.186150e-01  -2.394130e-01  -0.3051
714557.3051  3.189180e-01  -2.394939e-01  -0.3051
714617.3051  3.192218e-01  -2.395751e-01  -0.3051
714677.3051  3.195263e-01  -2.396512e-01  -0.3051
714737.3051  3.198313e-01  -2.397330e-01  -0.3051
714797.3051  3.201371e-01  -2.398151e-01  -0.3051
714857.3051  3.204436e-01  -2.398920e-01  -0.3051
714917.3050  3.207507e-01  -2.399747e-01  -0.3050
714977.3051  3.210585e-01  -2.400522e-01  -0.3051
715037.3051  3.213670e-01  -2.401355e-01  -0.3051
715097.3051  3.216761e-01  -2.402136e-01  -0.3051
715157.3051  3.219858e-01  -2.402918e-01  -0.3051
715217.3050  3.222964e-01  -2.403760e-01  -0.3050
715277.3051  3.226074e-01  -2.404551e-01  -0.3051
715337.3051  3.229193e-01  -2.405345e-01  -0.3051
715397.3051  3.232318e-01  -2.406194e-01  -0.3051
715457.3051  3.235394e-01  -2.406994e-01  -0.3051
715517.3051  3.238533e-01  -2.407797e-01  -0.3051
715577.3050  3.241679e-01  -2.408601e-01  -0.3050
715637.3051  3.244832e-01  -2.409465e-01  -0.3051
715697.3051  3.247935e-01  -2.410275e-01  -0.3051
715757.3051  3.251101e-01  -2.411090e-01  -0.3051
715817.3051  3.254220e-01  -2.411907e-01  -0.3051
715877.3050  3.257400e-01  -2.412726e-01  -0.3050
715937.3051  3.260587e-01  -2.413551e-01  -0.3051
715997.3051  3.263726e-01  -2.414377e-01  -0.3051
716057.3051  3.266927e-01  -2.415206e-01  -0.3051
716117.3051  3.270079e-01  -2.416038e-01  -0.3051
716177.3051  3.273294e-01  -2.416874e-01  -0.3051
716237.3051  3.276460e-01  -2.417712e-01  -0.3051
716297.3051  3.279633e-01  -2.418500e-01  -0.3051
716357.3051  3.282871e-01  -2.419344e-01  -0.3051
716417.3050  3.286058e-01  -2.420193e-01  -0.3050
716477.3051  3.289309e-01  -2.421044e-01  -0.3051
716537.3051  3.292509e-01  -2.421844e-01  -0.3051
716597.3051  3.295719e-01  -2.422702e-01  -0.3051
716657.3051  3.298935e-01  -2.423563e-01  -0.3051
716717.3051  3.302214e-01  -2.424370e-01  -0.3051
716777.3051  3.305445e-01  -2.425238e-01  -0.3051
716837.3051  3.308683e-01  -2.426108e-01  -0.3051
716897.3051  3.311927e-01  -2.426925e-01  -0.3051
716957.3050  3.315179e-01  -2.427802e-01  -0.3050
717017.3051  3.318438e-01  -2.428626e-01  -0.3051
717077.3050  3.321705e-01  -2.429509e-01  -0.3050
717137.3051  3.324979e-01  -2.430340e-01  -0.3051
717197.3051  3.328258e-01  -2.431175e-01  -0.3051
717257.3051  3.331548e-01  -2.432066e-01  -0.3051
717317.3051  3.334843e-01  -2.432906e-01  -0.3051
717377.3051  3.338146e-01  -2.433751e-01  -0.3051
717437.3051  3.341457e-01  -2.434652e-01  -0.3051
717497.3051  3.344774e-01  -2.435502e-01  -0.3051
717557.3051  3.348101e-01  -2.436355e-01  -0.3051
717617.3050  3.351433e-01  -2.437212e-01  -0.3050
717677.3051  3.354716e-01  -2.438072e-01  -0.3051
717737.3051  3.358064e-01  -2.438934e-01  -0.3051
717797.3051  3.361419e-01  -2.439855e-01  -0.3051
717857.3051  3.364783e-01  -2.440724e-01  -0.3051
717917.3050  3.368083e-01  -2.441563e-01  -0.3050
717977.3051  3.371461e-01  -2.442439e-01  -0.3051
718037.3051  3.374846e-01  -2.443318e-01  -0.3051
718097.3051  3.378182e-01  -2.444145e-01  -0.3051
718157.3051  3.381582e-01  -2.445031e-01  -0.3051
718217.3051  3.384933e-01  -2.445921e-01  -0.3051
718277.3050  3.388349e-01  -2.446811e-01  -0.3050
718337.3051  3.391715e-01  -2.447707e-01  -0.3051
718397.3051  3.395147e-01  -2.448607e-01  -0.3051
718457.3051  3.398528e-01  -2.449454e-01  -0.3051
718517.3051  3.401975e-01  -2.450358e-01  -0.3051
718577.3050  3.405372e-01  -2.451267e-01  -0.3050
718637.3051  3.408777e-01  -2.452124e-01  -0.3051
718697.3051  3.412246e-01  -2.453041e-01  -0.3051
718757.3051  3.415668e-01  -2.453905e-01  -0.3051
718817.3051  3.419096e-01  -2.454825e-01  -0.3051
718877.3051  3.422590e-01  -2.455750e-01  -0.3051
718937.3051  3.426033e-01  -2.456624e-01  -0.3051
718997.3051  3.429485e-01  -2.457501e-01  -0.3051
719057.3051  3.432944e-01  -2.458435e-01  -0.3051
719117.3050  3.436411e-01  -2.459320e-01  -0.3050
719177.3051  3.439887e-01  -2.460261e-01  -0.3051
719237.3051  3.443428e-01  -2.461152e-01  -0.3051
719297.3051  3.446919e-01  -2.462047e-01  -0.3051
719357.3051  3.450419e-01  -2.462944e-01  -0.3051
719417.3051  3.453926e-01  -2.463899e-01  -0.3051
719477.3051  3.457440e-01  -2.464802e-01  -0.3051
719537.3051  3.460965e-01  -2.465710e-01  -0.3051
719597.3051  3.464496e-01  -2.466622e-01  -0.3051
719657.3050  3.467977e-01  -2.467535e-01  -0.3050
719717.3051  3.471525e-01  -2.468454e-01  -0.3051
719777.3050  3.475080e-01  -2.469373e-01  -0.3050
719837.3051  3.478645e-01  -2.470299e-01  -0.3051
719897.3051  3.482216e-01  -2.471225e-01  -0.3051
719957.3051  3.485739e-01  -2.472158e-01  -0.3051
720017.3051  3.489328e-01  -2.473092e-01  -0.3051
720077.3051  3.492925e-01  -2.474029e-01  -0.3051
720137.3051  3.496529e-01  -2.474970e-01  -0.3051
720197.3051  3.500084e-01  -2.475917e-01  -0.3051
720257.3051  3.503705e-01  -2.476811e-01  -0.3051
720317.3050  3.507278e-01  -2.477762e-01  -0.3050
720377.3051  3.510915e-01  -2.478717e-01  -0.3051
720437.3051  3.514563e-01  -2.479623e-01  -0.3051
720497.3051  3.518159e-01  -2.480584e-01  -0.3051
720557.3051  3.521764e-01  -2.481550e-01  -0.3051
720617.3050  3.525436e-01  -2.482466e-01  -0.3050
720677.3051  3.529057e-01  -2.483436e-01  -0.3051
720737.3051  3.532747e-01  -2.484359e-01  -0.3051
720797.3051  3.536385e-01  -2.485338e-01  -0.3051
720857.3051  3.540032e-01  -2.486268e-01  -0.3051
720917.3051  3.543747e-01  -2.487253e-01  -0.3051
720977.3050  3.547412e-01  -2.488190e-01  -0.3050
721037.3051  3.551085e-01  -2.489129e-01  -0.3051
721097.3051  3.554824e-01  -2.490126e-01  -0.3051
721157.3051  3.558515e-01  -2.491072e-01  -0.3051
721217.3051  3.562213e-01  -2.492024e-01  -0.3051
721277.3050  3.565921e-01  -2.492977e-01  -0.3050
721337.3051  3.569637e-01  -2.493934e-01  -0.3051
721397.3051  3.573362e-01  -2.494949e-01  -0.3051
721457.3051  3.577095e-01  -2.495913e-01  -0.3051
721517.3051  3.580838e-01  -2.496880e-01  -0.3051
721577.3051  3.584589e-01  -2.497851e-01  -0.3051
721637.3051  3.588348e-01  -2.498826e-01  -0.3051
721697.3051  3.592117e-01  -2.499805e-01  -0.3051
721757.3051  3.595894e-01  -2.500787e-01  -0.3051
721817.3050  3.599681e-01  -2.501773e-01  -0.3050
721877.3051  3.603476e-01  -2.502710e-01  -0.3051
721937.3051  3.607281e-01  -2.503702e-01  -0.3051
721997.3051  3.611093e-01  -2.504699e-01  -0.3051
722057.3051  3.614857e-01  -2.505698e-01  -0.3051
722117.3051  3.618687e-01  -2.506702e-01  -0.3051
722177.3051  3.622528e-01  -2.507657e-01  -0.3051
722237.3051  3.626377e-01  -2.508666e-01  -0.3051
722297.3051  3.630177e-01  -2.509682e-01  -0.3051
722357.3050  3.634043e-01  -2.510646e-01  -0.3050
722417.3051  3.637860e-01  -2.511668e-01  -0.3051
722477.3050  3.641745e-01  -2.512640e-01  -0.3050
722537.3051  3.645640e-01  -2.513670e-01  -0.3051
722597.3051  3.649484e-01  -2.514649e-01  -0.3051
722657.3051  3.653398e-01  -2.515684e-01  -0.3051
722717.3051  3.657261e-01  -2.516673e-01  -0.3051
722777.3051  3.661133e-01  -2.517664e-01  -0.3051
722837.3051  3.665074e-01  -2.518710e-01  -0.3051
722897.3051  3.668965e-01  -2.519708e-01  -0.3051
722957.3051  3.672924e-01  -2.520710e-01  -0.3051
723017.3050  3.676834e-01  -2.521716e-01  -0.3050
723077.3051  3.680752e-01  -2.522725e-01  -0.3051
723137.3051  3.684680e-01  -2.523790e-01  -0.3051
723197.3051  3.688677e-01  -2.524807e-01  -0.3051
723257.3051  3.692623e-01  -2.525825e-01  -0.3051
723317.3050  3.696581e-01  -2.526850e-01  -0.3050
723377.3051  3.700546e-01  -2.527878e-01  -0.3051
723437.3051  3.704521e-01  -2.528910e-01  -0.3051
723497.3051  3.708506e-01  -2.529944e-01  -0.3051
723557.3051  3.712561e-01  -2.530983e-01  -0.3051
723617.3051  3.716565e-01  -2.531973e-01  -0.3051
723677.3050  3.720579e-01  -2.533020e-01  -0.3050
723737.3051  3.724601e-01  -2.534069e-01  -0.3051
723797.3051  3.728574e-01  -2.535122e-01  -0.3051
723857.3051  3.732617e-01  -2.536129e-01  -0.3051
723917.3051  3.736669e-01  -2.537190e-01  -0.3051
723977.3050  3.740732e-01  -2.538254e-01  -0.3050
724037.3051  3.744803e-01  -2.539271e-01  -0.3051
724097.3051  3.748886e-01  -2.540345e-01  -0.3051
724157.3051  3.752977e-01  -2.541370e-01  -0.3051
724217.3051  3.757018e-01  -2.542450e-01  -0.3051
724277.3051  3.761130e-01  -2.543482e-01  -0.3051
724337.3051  3.765251e-01  -2.544570e-01  -0.3051
724397.3051  3.769322e-01  -2.545608e-01  -0.3051
724457.3051  3.773463e-01  -2.546703e-01  -0.3051
724517.3050  3.777615e-01  -2.547751e-01  -0.3050
724577.3051  3.781714e-01  -2.548803e-01  -0.3051
724637.3051  3.785886e-01  -2.549857e-01  -0.3051
724697.3051  3.790007e-01  -2.550967e-01  -0.3051
724757.3051  3.794200e-01  -2.552031e-01  -0.3051
724817.3051  3.798339e-01  -2.553097e-01  -0.3051
724877.3051  3.802553e-01  -2.554168e-01  -0.3051
724937.3051  3.806713e-01  -2.555242e-01  -0.3051
724997.3051  3.810885e-01  -2.556319e-01  -0.3051
725057.3050  3.815128e-01  -2.557403e-01  -0.3050
725117.3051  3.819319e-01  -2.558488e-01  -0.3051
725177.3050  3.823521e-01  -2.559577e-01  -0.3050
725237.3051  3.827735e-01  -2.560671e-01  -0.3051
725297.3051  3.832019e-01  -2.561770e-01  -0.3051
725357.3051  3.836252e-01  -2.562820e-01  -0.3051
725417.3051  3.840496e-01  -2.563926e-01  -0.3051
725477.3051  3.844749e-01  -2.565035e-01  -0.3051
725537.3051  3.849014e-01  -2.566097e-01  -0.3051
725597.3051  3.853290e-01  -2.567215e-01  -0.3051
725657.3051  3.857576e-01  -2.568334e-01  -0.3051
725717.3050  3.861872e-01  -2.569409e-01  -0.3050
725777.3051  3.866180e-01  -2.570538e-01  -0.3051
725837.3051  3.870497e-01  -2.571621e-01  -0.3051
725897.3051  3.874826e-01  -2.572756e-01  -0.3051
725957.3051  3.879165e-01  -2.573847e-01  -0.3051
726017.3050  3.883515e-01  -2.574991e-01  -0.3050
726077.3051  3.887874e-01  -2.576090e-01  -0.3051
726137.3051  3.892246e-01  -2.577191e-01  -0.3051
726197.3051  3.896567e-01  -2.578349e-01  -0.3051
726257.3051  3.900960e-01  -2.579458e-01  -0.3051
726317.3051  3.905363e-01  -2.580572e-01  -0.3051
726377.3050  3.909715e-01  -2.581689e-01  -0.3050
726437.3051  3.914142e-01  -2.582813e-01  -0.3051
726497.3051  3.918579e-01  -2.583939e-01  -0.3051
726557.3051  3.922964e-01  -2.585069e-01  -0.3051
726617.3051  3.927423e-01  -2.586203e-01  -0.3051
726677.3050  3.931832e-01  -2.587342e-01  -0.3050
726737.3051  3.936313e-01  -2.588483e-01  -0.3051
726797.3051  3.940742e-01  -2.589630e-01  -0.3051
726857.3051  3.945247e-01  -2.590779e-01  -0.3051
726917.3051  3.949698e-01  -2.591934e-01  -0.3051
726977.3051  3.954224e-01  -2.593093e-01  -0.3051
727037.3051  3.958699e-01  -2.594206e-01  -0.3051
727097.3051  3.963184e-01  -2.595371e-01  -0.3051
727157.3051  3.967744e-01  -2.596543e-01  -0.3051
727217.3050  3.972253e-01  -2.597667e-01  -0.3050
727277.3051  3.976774e-01  -2.598846e-01  -0.3051
727337.3051  3.981305e-01  -2.599979e-01  -0.3051
727397.3051  3.985849e-01  -2.601165e-01  -0.3051
727457.3051  3.990465e-01  -2.602308e-01  -0.3051
727517.3051  3.995032e-01  -2.603503e-01  -0.3051
727577.3051  3.999609e-01  -2.604652e-01  -0.3051
727637.3051  4.004199e-01  -2.605806e-01  -0.3051
727697.3051  4.008799e-01  -2.607013e-01  -0.3051
727757.3050  4.013411e-01  -2.608175e-01  -0.3050
727817.3051  4.018036e-01  -2.609341e-01  -0.3051
727877.3050  4.022672e-01  -2.610512e-01  -0.3050
727937.3051  4.027320e-01  -2.611737e-01  -0.3051
727997.3051  4.031916e-01  -2.612916e-01  -0.3051
728057.3051  4.036587e-01  -2.614100e-01  -0.3051
728117.3051  4.041271e-01  -2.615288e-01  -0.3051
728177.3051  4.045966e-01  -2.616478e-01  -0.3051
728237.3051  4.050672e-01  -2.617674e-01  -0.3051
728297.3051  4.055328e-01  -2.618873e-01  -0.3051
728357.3051  4.060060e-01  -2.620078e-01  -0.3051
728417.3050  4.064803e-01  -2.621236e-01  -0.3050
728477.3051  4.069495e-01  -2.622450e-01  -0.3051
728537.3051  4.074261e-01  -2.623667e-01  -0.3051
728597.3051  4.078978e-01  -2.624889e-01  -0.3051
728657.3051  4.083770e-01  -2.626065e-01  -0.3051
728717.3050  4.088510e-01  -2.627294e-01  -0.3050
728777.3051  4.093327e-01  -2.628479e-01  -0.3051
728837.3051  4.098092e-01  -2.629717e-01  -0.3051
728897.3051  4.102933e-01  -2.630910e-01  -0.3051
728957.3051  4.107723e-01  -2.632157e-01  -0.3051
729017.3051  4.112524e-01  -2.633359e-01  -0.3051
729077.3050  4.117403e-01  -2.634615e-01  -0.3050
729137.3051  4.122231e-01  -2.635826e-01  -0.3051
729197.3051  4.127069e-01  -2.637042e-01  -0.3051
729257.3051  4.131986e-01  -2.638309e-01  -0.3051
729317.3051  4.136852e-01  -2.639534e-01  -0.3051
729377.3050  4.141728e-01  -2.640762e-01  -0.3050
729437.3051  4.146618e-01  -2.641994e-01  -0.3051
729497.3051  4.151521e-01  -2.643232e-01  -0.3051
729557.3051  4.156436e-01  -2.644472e-01  -0.3051
729617.3051  4.161364e-01  -2.645719e-01  -0.3051
729677.3051  4.166306e-01  -2.646969e-01  -0.3051
729737.3051  4.171260e-01  -2.648223e-01  -0.3051
729797.3051  4.176227e-01  -2.649482e-01  -0.3051
729857.3051  4.181206e-01  -2.650746e-01  -0.3051
729917.3050  4.186200e-01  -2.652014e-01  -0.3050
729977.3051  4.191206e-01  -2.653286e-01  -0.3051
730037.3051  4.196225e-01  -2.654514e-01  -0.3051
730097.3051  4.201192e-01  -2.655795e-01  -0.3051
730157.3051  4.206238e-01  -2.657081e-01  -0.3051
730217.3051  4.211296e-01  -2.658323e-01  -0.3051
730277.3051  4.216304e-01  -2.659616e-01  -0.3051
730337.3051  4.221388e-01  -2.660867e-01  -0.3051
730397.3051  4.226486e-01  -2.662172e-01  -0.3051
730457.3050  4.231535e-01  -2.663430e-01  -0.3050
730517.3051  4.236660e-01  -2.664694e-01  -0.3051
730577.3050  4.241733e-01  -2.666011e-01  -0.3050
730637.3051  4.246886e-01  -2.667285e-01  -0.3051
730697.3051  4.251986e-01  -2.668562e-01  -0.3051
730757.3051  4.257166e-01  -2.669894e-01  -0.3051
730817.3051  4.262294e-01  -2.671180e-01  -0.3051
730877.3051  4.267501e-01  -2.672471e-01  -0.3051
730937.3051  4.272656e-01  -2.673767e-01  -0.3051
730997.3051  4.277825e-01  -2.675069e-01  -0.3051
731057.3051  4.283073e-01  -2.676374e-01  -0.3051
731117.3050  4.288270e-01  -2.677684e-01  -0.3050
731177.3051  4.293480e-01  -2.678998e-01  -0.3051
731237.3051  4.298704e-01  -2.680318e-01  -0.3051
731297.3051  4.303943e-01  -2.681640e-01  -0.3051
731357.3051  4.309195e-01  -2.682920e-01  -0.3051
731417.3050  4.314461e-01  -2.684254e-01  -0.3050
731477.3051  4.319809e-01  -2.685592e-01  -0.3051
731537.3051  4.325103e-01  -2.686885e-01  -0.3051
731597.3051  4.330411e-01  -2.688233e-01  -0.3051
731657.3051  4.335735e-01  -2.689583e-01  -0.3051
731717.3051  4.341004e-01  -2.690892e-01  -0.3051
731777.3050  4.346357e-01  -2.692253e-01  -0.3050
731837.3051  4.351724e-01  -2.693572e-01  -0.3051
731897.3051  4.357103e-01  -2.694893e-01  -0.3051
731957.3051  4.362499e-01  -2.696268e-01  -0.3051
732017.3051  4.367908e-01  -2.697600e-01  -0.3051
732077.3050  4.373265e-01  -2.698936e-01  -0.3050
732137.3051  4.378706e-01  -2.700327e-01  -0.3051
732197.3051  4.384158e-01  -2.701673e-01  -0.3051
732257.3051  4.389559e-01  -2.703025e-01  -0.3051
732317.3051  4.395042e-01  -2.704378e-01  -0.3051
732377.3051  4.400473e-01  -2.705739e-01  -0.3051
732437.3051  4.405987e-01  -2.707105e-01  -0.3051
732497.3051  4.411515e-01  -2.708476e-01  -0.3051
732557.3051  4.416990e-01  -2.709849e-01  -0.3051
732617.3050  4.422480e-01  -2.711230e-01  -0.3050
732677.3051  4.428054e-01  -2.712568e-01  -0.3051
732737.3051  4.433574e-01  -2.713957e-01  -0.3051
732797.3051  4.439178e-01  -2.715352e-01  -0.3051
732857.3051  4.444729e-01  -2.716751e-01  -0.3051
732917.3051  4.450295e-01  -2.718107e-01  -0.3051
732977.3051  4.455876e-01  -2.719517e-01  -0.3051
733037.3051  4.461540e-01  -2.720883e-01  -0.3051
733097.3051  4.467154e-01  -2.722301e-01  -0.3051
733157.3050  4.472781e-01  -2.723677e-01  -0.3050
733217.3051  4.478424e-01  -2.725106e-01  -0.3051
733277.3050  4.484083e-01  -2.726493e-01  -0.3050
733337.3051  4.489756e-01  -2.727883e-01  -0.3051
733397.3051  4.495447e-01  -2.729327e-01  -0.3051
733457.3051  4.501153e-01  -2.730728e-01  -0.3051
733517.3051  4.506875e-01  -2.732133e-01  -0.3051
733577.3051  4.512612e-01  -2.733544e-01  -0.3051
733637.3051  4.518366e-01  -2.734962e-01  -0.3051
733697.3051  4.524135e-01  -2.736381e-01  -0.3051
733757.3051  4.529922e-01  -2.737808e-01  -0.3051
733817.3050  4.535653e-01  -2.739239e-01  -0.3050
733877.3051  4.541471e-01  -2.740675e-01  -0.3051
733937.3051  4.547304e-01  -2.742116e-01  -0.3051
733997.3051  4.553154e-01  -2.743562e-01  -0.3051
734057.3051  4.558952e-01  -2.745013e-01  -0.3051
734117.3050  4.564834e-01  -2.746423e-01  -0.3050
734177.3051  4.570663e-01  -2.747884e-01  -0.3051
734237.3051  4.576580e-01  -2.749351e-01  -0.3051
734297.3051  4.582443e-01  -2.750776e-01  -0.3051
734357.3051  4.588390e-01  -2.752252e-01  -0.3051
734417.3051  4.594287e-01  -2.753688e-01  -0.3051
734477.3050  4.600268e-01  -2.755173e-01  -0.3050
734537.3051  4.606198e-01  -2.756618e-01  -0.3051
734597.3051  4.612213e-01  -2.758070e-01  -0.3051
734657.3051  4.618177e-01  -2.759571e-01  -0.3051
734717.3051  4.624156e-01  -2.761032e-01  -0.3051
734777.3050  4.630153e-01  -2.762499e-01  -0.3050
734837.3051  4.636236e-01  -2.763969e-01  -0.3051
734897.3051  4.642267e-01  -2.765445e-01  -0.3051
734957.3051  4.648314e-01  -2.766927e-01  -0.3051
735017.3051  4.654379e-01  -2.768414e-01  -0.3051
735077.3051  4.660462e-01  -2.769906e-01  -0.3051
735137.3051  4.666560e-01  -2.771402e-01  -0.3051
735197.3051  4.672678e-01  -2.772905e-01  -0.3051
735257.3051  4.678812e-01  -2.774412e-01  -0.3051
735317.3050  4.684963e-01  -2.775925e-01  -0.3050
735377.3051  4.691132e-01  -2.777397e-01  -0.3051
735437.3051  4.697320e-01  -2.778921e-01  -0.3051
735497.3051  4.703524e-01  -2.780451e-01  -0.3051
735557.3051  4.709746e-01  -2.781939e-01  -0.3051
735617.3051  4.715917e-01  -2.783477e-01  -0.3051
735677.3051  4.722175e-01  -2.784977e-01  -0.3051
735737.3051  4.728451e-01  -2.786528e-01  -0.3051
735797.3051  4.734745e-01  -2.788036e-01  -0.3051
735857.3050  4.740985e-01  -2.789551e-01  -0.3050
735917.3051  4.747315e-01  -2.791118e-01  -0.3051
735977.3050  4.753593e-01  -2.792643e-01  -0.3050
736037.3051  4.759961e-01  -2.794173e-01  -0.3051
736097.3051  4.766274e-01  -2.795712e-01  -0.3051
736157.3051  4.772677e-01  -2.797253e-01  -0.3051
736217.3051  4.779028e-01  -2.798800e-01  -0.3051
736277.3051  4.785468e-01  -2.800353e-01  -0.3051
736337.3051  4.791856e-01  -2.801911e-01  -0.3051
736397.3051  4.798262e-01  -2.803475e-01  -0.3051
736457.3051  4.804758e-01  -2.805043e-01  -0.3051
736517.3050  4.811202e-01  -2.806618e-01  -0.3050
736577.3051  4.817664e-01  -2.808153e-01  -0.3051
736637.3051  4.824147e-01  -2.809738e-01  -0.3051
736697.3051  4.830719e-01  -2.811329e-01  -0.3051
736757.3051  4.837238e-01  -2.812881e-01  -0.3051
736817.3050  4.843776e-01  -2.814483e-01  -0.3050
736877.3051  4.850335e-01  -2.816044e-01  -0.3051
736937.3051  4.856911e-01  -2.817659e-01  -0.3051
736997.3051  4.863507e-01  -2.819232e-01  -0.3051
737057.3051  4.870123e-01  -2.820856e-01  -0.3051
737117.3051  4.876759e-01  -2.822441e-01  -0.3051
737177.3050  4.883413e-01  -2.824031e-01  -0.3050
737237.3051  4.890087e-01  -2.825627e-01  -0.3051
737297.3051  4.896708e-01  -2.827228e-01  -0.3051
737357.3051  4.903422e-01  -2.828836e-01  -0.3051
737417.3051  4.910156e-01  -2.830449e-01  -0.3051
737477.3050  4.916909e-01  -2.832068e-01  -0.3050
737537.3051  4.923610e-01  -2.833691e-01  -0.3051
737597.3051  4.930404e-01  -2.835322e-01  -0.3051
737657.3051  4.937216e-01  -2.836958e-01  -0.3051
737717.3051  4.943979e-01  -2.838599e-01  -0.3051
737777.3051  4.950831e-01  -2.840247e-01  -0.3051
737837.3051  4.957633e-01  -2.841854e-01  -0.3051
737897.3051  4.964528e-01  -2.843512e-01  -0.3051
737957.3051  4.971372e-01  -2.845133e-01  -0.3051
738017.3050  4.978307e-01  -2.846803e-01  -0.3050
738077.3051  4.985190e-01  -2.848433e-01  -0.3051
738137.3051  4.992094e-01  -2.850115e-01  -0.3051
738197.3051  4.999092e-01  -2.851758e-01  -0.3051
738257.3051  5.006038e-01  -2.853406e-01  -0.3051
738317.3051  5.013005e-01  -2.855106e-01  -0.3051
738377.3051  5.019993e-01  -2.856765e-01  -0.3051
738437.3051  5.027001e-01  -2.858432e-01  -0.3051
738497.3051  5.034032e-01  -2.860105e-01  -0.3051
738557.3050  5.041157e-01  -2.861783e-01  -0.3050
738617.3051  5.048229e-01  -2.863466e-01  -0.3051
738677.3050  5.055323e-01  -2.865157e-01  -0.3050
738737.3051  5.062439e-01  -2.866852e-01  -0.3051
738797.3051  5.069576e-01  -2.868553e-01  -0.3051
738857.3051  5.076660e-01  -2.870217e-01  -0.3051
738917.3051  5.083841e-01  -2.871931e-01  -0.3051
738977.3051  5.091043e-01  -2.873650e-01  -0.3051
739037.3051  5.098267e-01  -2.875331e-01  -0.3051
739097.3051  5.105514e-01  -2.877063e-01  -0.3051
739157.3051  5.112708e-01  -2.878801e-01  -0.3051
739217.3050  5.119999e-01  -2.880500e-01  -0.3050
739277.3051  5.127312e-01  -2.882206e-01  -0.3051
739337.3051  5.134572e-01  -2.883962e-01  -0.3051
739397.3051  5.141931e-01  -2.885679e-01  -0.3051
739457.3051  5.149310e-01  -2.887403e-01  -0.3051
739517.3050  5.156638e-01  -2.889133e-01  -0.3050
739577.3051  5.164065e-01  -2.890913e-01  -0.3051
739637.3051  5.171437e-01  -2.892656e-01  -0.3051
739697.3051  5.178833e-01  -2.894404e-01  -0.3051
739757.3051  5.186328e-01  -2.896158e-01  -0.3051
739817.3051  5.193769e-01  -2.897918e-01  -0.3051
739877.3050  5.201235e-01  -2.899642e-01  -0.3050
739937.3051  5.208799e-01  -2.901415e-01  -0.3051
739997.3051  5.216311e-01  -2.903194e-01  -0.3051
740057.3051  5.223845e-01  -2.904980e-01  -0.3051
740117.3051  5.231405e-01  -2.906727e-01  -0.3051
740177.3050  5.238988e-01  -2.908526e-01  -0.3050
740237.3051  5.246593e-01  -2.910285e-01  -0.3051
740297.3051  5.254223e-01  -2.912096e-01  -0.3051
740357.3051  5.261876e-01  -2.913870e-01  -0.3051
740417.3051  5.269553e-01  -2.915692e-01  -0.3051
740477.3051  5.277254e-01  -2.917478e-01  -0.3051
740537.3051  5.284980e-01  -2.919270e-01  -0.3051
740597.3051  5.292730e-01  -2.921069e-01  -0.3051
740657.3051  5.300504e-01  -2.922873e-01  -0.3051
740717.3050  5.308303e-01  -2.924684e-01  -0.3050
740777.3051  5.316127e-01  -2.926502e-01  -0.3051
740837.3051  5.323899e-01  -2.928327e-01  -0.3051
740897.3051  5.331771e-01  -2.930158e-01  -0.3051
740957.3051  5.339669e-01  -2.931995e-01  -0.3051
741017.3051  5.347514e-01  -2.933839e-01  -0.3051
741077.3051  5.355462e-01  -2.935688e-01  -0.3051
741137.3051  5.363358e-01  -2.937501e-01  -0.3051
741197.3051  5.371355e-01  -2.939364e-01  -0.3051
741257.3050  5.379304e-01  -2.941235e-01  -0.3050
741317.3051  5.387352e-01  -2.943066e-01  -0.3051
741377.3050  5.395350e-01  -2.944950e-01  -0.3050
741437.3051  5.403373e-01  -2.946795e-01  -0.3051
741497.3051  5.411498e-01  -2.948647e-01  -0.3051
741557.3051  5.419573e-01  -2.950550e-01  -0.3051
741617.3051  5.427673e-01  -2.952416e-01  -0.3051
741677.3051  5.435800e-01  -2.954288e-01  -0.3051
741737.3051  5.444031e-01  -2.956167e-01  -0.3051
741797.3051  5.452210e-01  -2.958053e-01  -0.3051
741857.3051  5.460413e-01  -2.959945e-01  -0.3051
741917.3050  5.468647e-01  -2.961844e-01  -0.3050
741977.3051  5.476905e-01  -2.963751e-01  -0.3051
742037.3051  5.485189e-01  -2.965664e-01  -0.3051
742097.3051  5.493502e-01  -2.967539e-01  -0.3051
742157.3051  5.501840e-01  -2.969466e-01  -0.3051
742217.3050  5.510207e-01  -2.971399e-01  -0.3050
742277.3051  5.518522e-01  -2.973295e-01  -0.3051
742337.3051  5.526942e-01  -2.975243e-01  -0.3051
742397.3051  5.535391e-01  -2.977152e-01  -0.3051
742457.3051  5.543867e-01  -2.979113e-01  -0.3051
742517.3051  5.552290e-01  -2.981036e-01  -0.3051
742577.3050  5.560822e-01  -2.982969e-01  -0.3050
742637.3051  5.569380e-01  -2.984907e-01  -0.3051
742697.3051  5.577887e-01  -2.986895e-01  -0.3051
742757.3051  5.586503e-01  -2.988847e-01  -0.3051
742817.3051  5.595067e-01  -2.990804e-01  -0.3051
742877.3050  5.603739e-01  -2.992771e-01  -0.3050
742937.3051  5.612359e-01  -2.994744e-01  -0.3051
742997.3051  5.621009e-01  -2.996724e-01  -0.3051
743057.3051  5.629766e-01  -2.998667e-01  -0.3051
743117.3051  5.638473e-01  -3.000662e-01  -0.3051
743177.3051  5.647209e-01  -3.002663e-01  -0.3051
743237.3051  5.656052e-01  -3.004628e-01  -0.3051
743297.3051  5.664846e-01  -3.006644e-01  -0.3051
743357.3051  5.673669e-01  -3.008623e-01  -0.3051
743417.3050  5.682522e-01  -3.010652e-01  -0.3050
743477.3051  5.691404e-01  -3.012646e-01  -0.3051
743537.3051  5.700315e-01  -3.014648e-01  -0.3051
743597.3051  5.709259e-01  -3.016699e-01  -0.3051
743657.3051  5.718230e-01  -3.018715e-01  -0.3051
743717.3051  5.727232e-01  -3.020737e-01  -0.3051
743777.3051  5.736262e-01  -3.022768e-01  -0.3051
743837.3051  5.745325e-01  -3.024805e-01  -0.3051
743897.3051  5.754338e-01  -3.026850e-01  -0.3051
743957.3050  5.763460e-01  -3.028901e-01  -0.3050
744017.3051  5.772615e-01  -3.030962e-01  -0.3051
744077.3050  5.781800e-01  -3.032985e-01  -0.3050
744137.3051  5.790934e-01  -3.035061e-01  -0.3051
744197.3051  5.800180e-01  -3.037142e-01  -0.3051
744257.3051  5.809379e-01  -3.039188e-01  -0.3051
744317.3051  5.818688e-01  -3.041284e-01  -0.3051
744377.3051  5.827949e-01  -3.043345e-01  -0.3051
744437.3051  5.837321e-01  -3.045457e-01  -0.3051
744497.3051  5.846645e-01  -3.047533e-01  -0.3051
744557.3051  5.856082e-01  -3.049618e-01  -0.3051
744617.3050  5.865469e-01  -3.051708e-01  -0.3050
744677.3051  5.874890e-01  -3.053850e-01  -0.3051
744737.3051  5.884424e-01  -3.055957e-01  -0.3051
744797.3051  5.893908e-01  -3.058070e-01  -0.3051
744857.3051  5.903426e-01  -3.060193e-01  -0.3051
744917.3050  5.912977e-01  -3.062280e-01  -0.3050
744977.3051  5.922560e-01  -3.064416e-01  -0.3051
745037.3051  5.932177e-01  -3.066560e-01  -0.3051
745097.3051  5.941827e-01  -3.068714e-01  -0.3051
745157.3051  5.951510e-01  -3.070832e-01  -0.3051
745217.3051  5.961226e-01  -3.073000e-01  -0.3051
745277.3050  5.970977e-01  -3.075134e-01  -0.3050
745337.3051  5.980760e-01  -3.077316e-01  -0.3051
745397.3051  5.990578e-01  -3.079465e-01  -0.3051
745457.3051  6.000431e-01  -3.081623e-01  -0.3051
745517.3051  6.010235e-01  -3.083830e-01  -0.3051
745577.3050  6.020157e-01  -3.086002e-01  -0.3050
745637.3051  6.030112e-01  -3.088183e-01  -0.3051
745697.3051  6.040104e-01  -3.090370e-01  -0.3051
745757.3051  6.050046e-01  -3.092566e-01  -0.3051
745817.3051  6.060106e-01  -3.094772e-01  -0.3051
745877.3051  6.070121e-01  -3.096942e-01  -0.3051
745937.3051  6.080253e-01  -3.099162e-01  -0.3051
745997.3051  6.090337e-01  -3.101390e-01  -0.3051
746057.3051  6.100456e-01  -3.103626e-01  -0.3051
746117.3050  6.110696e-01  -3.105829e-01  -0.3050
746177.3051  6.120888e-01  -3.108082e-01  -0.3051
746237.3051  6.131115e-01  -3.110299e-01  -0.3051
746297.3051  6.141464e-01  -3.112527e-01  -0.3051
746357.3051  6.151767e-01  -3.114804e-01  -0.3051
746417.3051  6.162103e-01  -3.117047e-01  -0.3051
746477.3051  6.172479e-01  -3.119299e-01  -0.3051
746537.3051  6.182892e-01  -3.121558e-01  -0.3051
746597.3051  6.193340e-01  -3.123825e-01  -0.3051
746657.3050  6.203828e-01  -3.126102e-01  -0.3050
746717.3051  6.214353e-01  -3.128387e-01  -0.3051
746777.3050  6.224915e-01  -3.130679e-01  -0.3050
746837.3051  6.235516e-01  -3.132980e-01  -0.3051
746897.3051  6.246155e-01  -3.135249e-01  -0.3051
746957.3051  6.256830e-01  -3.137566e-01  -0.3051
747017.3051  6.267462e-01  -3.139891e-01  -0.3051
747077.3051  6.278217e-01  -3.142185e-01  -0.3051
747137.3051  6.289009e-01  -3.144487e-01  -0.3051
747197.3051  6.299758e-01  -3.146837e-01  -0.3051
747257.3051  6.310629e-01  -3.149157e-01  -0.3051
747317.3050  6.321541e-01  -3.151483e-01  -0.3050
747377.3051  6.332407e-01  -3.153819e-01  -0.3051
747437.3051  6.343312e-01  -3.156164e-01  -0.3051
747497.3051  6.354343e-01  -3.158516e-01  -0.3051
747557.3051  6.365330e-01  -3.160878e-01  -0.3051
747617.3050  6.376443e-01  -3.163247e-01  -0.3050
747677.3051  6.387510e-01  -3.165626e-01  -0.3051
747737.3051  6.398616e-01  -3.168014e-01  -0.3051
747797.3051  6.409766e-01  -3.170368e-01  -0.3051
747857.3051  6.421042e-01  -3.172773e-01  -0.3051
747917.3051  6.432273e-01  -3.175146e-01  -0.3051
747977.3050  6.443548e-01  -3.177567e-01  -0.3050
748037.3051  6.454863e-01  -3.179958e-01  -0.3051
748097.3051  6.466219e-01  -3.182397e-01  -0.3051
748157.3051  6.477620e-01  -3.184804e-01  -0.3051
748217.3051  6.489062e-01  -3.187222e-01  -0.3051
748277.3050  6.500547e-01  -3.189648e-01  -0.3050
748337.3051  6.512075e-01  -3.192082e-01  -0.3051
748397.3051  6.523556e-01  -3.194526e-01  -0.3051
748457.3051  6.535171e-01  -3.196978e-01  -0.3051
748517.3051  6.546829e-01  -3.199440e-01  -0.3051
748577.3051  6.558532e-01  -3.201869e-01  -0.3051
748637.3051  6.570189e-01  -3.204348e-01  -0.3051
748697.3051  6.581981e-01  -3.206838e-01  -0.3051
748757.3051  6.593725e-01  -3.209294e-01  -0.3051
748817.3050  6.605604e-01  -3.211801e-01  -0.3050
748877.3051  6.617442e-01  -3.214276e-01  -0.3051
748937.3051  6.629412e-01  -3.216760e-01  -0.3051
748997.3051  6.641337e-01  -3.219254e-01  -0.3051
749057.3051  6.653399e-01  -3.221798e-01  -0.3051
749117.3051  6.665416e-01  -3.224311e-01  -0.3051
749177.3051  6.677479e-01  -3.226832e-01  -0.3051
749237.3051  6.689589e-01  -3.229362e-01  -0.3051
749297.3051  6.701837e-01  -3.231863e-01  -0.3051
749357.3050  6.714039e-01  -3.234413e-01  -0.3050
749417.3051  6.726290e-01  -3.236972e-01  -0.3051
749477.3050  6.738587e-01  -3.239500e-01  -0.3050
749537.3051  6.750934e-01  -3.242079e-01  -0.3051
749597.3051  6.763326e-01  -3.244626e-01  -0.3051
749657.3051  6.775767e-01  -3.247222e-01  -0.3051
749717.3051  6.788257e-01  -3.249790e-01  -0.3051
749777.3051  6.800795e-01  -3.252366e-01  -0.3051
749837.3051  6.813292e-01  -3.254991e-01  -0.3051
749897.3051  6.825927e-01  -3.257586e-01  -0.3051
749957.3051  6.838613e-01  -3.260191e-01  -0.3051
