2461132.582318345 -24442520.45558597 -14322896.35529278 -1284178.287937772
2461132.583012789 -24552392.96832505 -14554872.59928244 -1304320.040343615
2461132.583707234 -24660752.84463913 -14785951.31047537 -1324381.118448227
2461132.584401678 -24767574.380495816 -15016115.07514186 -1344352.9714000039
2461132.585096123 -24872929.76026623 -15245388.45026793 -1364244.187575472
2461132.585790567 -24977050.03070661 -15473833.3477412 -1384090.908317899
2461132.586485012 -25079879.75467776 -15701433.43561631 -1403879.873128414
2461132.587179456 -25181149.22448925 -15928124.55717617 -1423560.951471979
2461132.587873900 -25281037.80804441 -16153949.31242441 -1443161.645781727
2461132.588568345 -25379603.18174601 -16378923.87265228 -1462688.5670721831
2461132.589262790 -25476857.62332653 -16603050.80114941 -1482140.574064336
2461132.589957234 -25572806.27240859 -16826329.87767889 -1501515.381859997
2461132.590651678 -25667479.36173043 -17048769.944535058 -1520815.1442934892
2461132.591346123 -25760898.459889557 -17270376.83726509 -1540040.602262942
2461132.592040567 -25853083.0787285 -17491156.02407133 -1559192.2269123478
2461132.592735012 -25944052.100456268 -17711112.92254816 -1578270.462515017
2461132.593429456 -26033824.5573057 -17930252.96146702 -1597275.857179289
2461132.594123900 -26122418.79894907 -18148581.5107805 -1616208.917217026
2461132.594818345 -26209852.70462159 -18366103.89660819 -1635070.14078667
2461132.595512789 -26296143.717936292 -18582825.40167667 -1653860.021251147
2461132.596207234 -26381308.86323238 -18798751.26438754 -1672579.0474844142
2461132.596901678 -26465364.757100057 -19013886.67816487 -1691227.703463558
2461132.597596123 -26548327.622064028 -19228236.79080771 -1709806.468332731
2461132.598290567 -26630213.29927058 -19441806.70396048 -1728315.816395165
2461132.598985012 -26711037.26062096 -19654601.47267692 -1746756.217103698
2461132.599679456 -26790814.62042317 -19866626.10506847 -1765128.135057467
2461132.600373900 -26869560.146584522 -20077885.56202958 -1783432.03000408
2461132.601068345 -26947288.27136675 -20288384.75703399 -1801668.3568470022
2461132.601762789 -27024013.10172398 -20498128.55599577 -1819837.565657373
2461132.602457234 -27099748.42924279 -20707121.777189698 -1837940.101690189
2461132.603151678 -27174507.7397026 -20915369.19122585 -1855976.4054041079
2461132.603846123 -27248304.22227376 -21122875.52107386 -1873946.912484786
2461132.604540567 -27321150.7783695 -21329645.442132488 -1891852.053871223
2461132.605235012 -27393060.03016755 -21535683.582340382 -1909692.255784988
2461132.605929456 -27464044.32881584 -21740994.52232459 -1927467.9397618629
2461132.606623901 -27534115.76233648 -21945582.79558333 -1945179.522685772
2461132.607318345 -27603286.16324104 -22149452.88869971 -1962827.416824712
2461132.608012789 -27671567.11587001 -22352609.24158388 -1980412.029868446
2461132.608707234 -27738969.96346804 -22555056.24774065 -1997933.764967846
2461132.609401678 -27805505.81500647 -22756798.25456012 -2015393.020775557
2461132.610096123 -27871185.551764052 -22957839.5636293 -2032790.191487927
2461132.610790567 -27936019.83367578 -23158184.43106224 -2050125.666888028
2461132.611485011 -28000019.10545992 -23357837.06784713 -2067399.832389556
2461132.612179456 -28063193.60253231 -23556801.64020816 -2084613.069081599
2461132.612873901 -28125553.356716808 -23755082.269980967 -2101765.753773938
2461132.613568345 -28187108.20176027 -23952683.034999568 -2118858.259043136
2461132.614262789 -28247867.7786601 -24149607.96949402 -2135890.953278862
2461132.614957234 -28307841.54081198 -24345861.06449683 -2152864.2007306837
2461132.615651678 -28367038.75898495 -24541446.26825758 -2169778.361555158
2461132.616346123 -28425468.52613091 -24736367.486664068 -2186633.79186308
2461132.617040567 -28483139.762035012 -24930628.58366933 -2203430.843766862
2461132.617735012 -28540061.21781341 -25124233.38172354 -2220169.865428004
2461132.618429456 -28596241.48026409 -25317185.66220982 -2236851.201104519
2461132.619123900 -28651688.976076793 -25509489.165883113 -2253475.1911983574
2461132.619818345 -28706411.97590736 -25701147.593311712 -2270042.172302681
2461132.620512790 -28760418.59832179 -25892164.605320342 -2286552.477249028
2461132.621207234 -28813716.81361498 -26082543.82343455 -2303006.435154235
2461132.621901678 -28866314.44750873 -26272288.8303255 -2319404.3714671987
2461132.622596123 -28918219.18473409 -26461403.17025503 -2335746.608015317
2461132.623290567 -28969438.440799613 -26649890.401036758 -2352033.494885018
2461132.623985012 -29019979.59017845 -26837754.006361462 -2368265.355995261
2461132.624679456 -29069850.47417249 -27024997.19943338 -2384442.367594249
2461132.625373900 -29119058.09303037 -27211623.43596745 -2400564.8750040443
2461132.626068345 -29167602.438888 -27397639.63711375 -2416635.477114323
2461132.626762789 -29215489.3684375 -27583049.632180877 -2432654.798723528
2461132.627457234 -29262752.574272 -27767842.92685692 -2448614.2458892884
2461132.628151678 -29309389.96769077 -27952027.43340696 -2464517.134187898
2461132.628846123 -29355345.91647001 -28135643.73416124 -2480388.3446794148
2461132.629540567 -29400642.19126457 -28318683.880749222 -2496220.6942988033
2461132.630235012 -29445428.77541901 -28501059.975610033 -2511954.191511535
2461132.630929456 -29489644.33615867 -28682825.476345994 -2527622.978456029
2461132.631623900 -29533149.298051167 -28864063.23409036 -2543279.246868426
2461132.632318345 -29575976.48948947 -29044730.11756471 -2558890.623462139
2461132.633012789 -29618204.90206005 -29224798.34007203 -2574438.088947056
2461132.633707234 -29659846.739565253 -29404288.40526425 -2589935.041966917
2461132.634401678 -29700907.755572148 -29583202.05835827 -2605380.8632964627
2461132.635096123 -29741393.59097065 -29761542.83284909 -2620776.263408461
2461132.635790567 -29781309.788305182 -29939313.508060332 -2636121.41894593
2461132.636485012 -29820661.82477387 -30116516.98706781 -2651416.617469577
2461132.637179456 -29859455.084033843 -30293156.1014252 -2666662.112707634
2461132.637873901 -29897694.867010668 -30469233.656869538 -2681858.158226496
2461132.638568345 -29935386.39160994 -30644752.42932512 -2697005.004170705
2461132.639262789 -29972534.794967588 -30819715.16627757 -2712102.898059427
2461132.639957234 -30009144.90059121 -30994124.59463063 -2727152.089121068
2461132.640651678 -30045221.90458501 -31167983.39919277 -2742152.815780199
2461132.641346123 -30080764.02654371 -31341294.45749554 -2757105.440823658
2461132.642040567 -30115795.48591056 -31514059.78845376 -2772009.845113209
2461132.642735011 -30150236.38906864 -31686284.705669332 -2786867.83454195
2461132.643429456 -30184295.107385438 -31857965.288400628 -2801675.854490144
2461132.644123901 -30216926.35794865 -32029137.92637376 -2816453.455453775
2461132.644818345 -30249350.014096312 -32200308.2229366 -2832787.8870575707
2461132.645512789 -30280934.86111656 -32370427.77384441 -2847510.017474762
2461132.646207234 -30312023.875923168 -32540017.23113401 -2862185.5032616532
2461132.646901678 -30342621.40669708 -32709079.031837888 -2876814.562900676
2461132.647596123 -30372731.73896274 -32877615.5890213 -2891397.412686743
2461132.648290567 -30402359.09682956 -33045629.292081423 -2905934.266755436
2461132.648985012 -30431507.6442018 -33213122.50704213 -2920425.337110742
2461132.649679456 -30460181.48595882 -33380097.57684504 -2934870.8336524144
2461132.650373900 -30488384.6691057 -33546556.82163661 -2949270.96420298
2461132.651068345 -30516121.18389581 -33712502.53905122 -2963625.934534319
2461132.651762790 -30543394.9649258 -33877937.00449061 -2977935.948393888
2461132.652457234 -30570209.892203808 -34042862.47139939 -2992201.207530536
2461132.653151678 -30596569.792191863 -34207281.17153673 -3006421.911719957
2461132.653846123 -30622478.43882303 -34371195.31524436 -3020598.258789769
2461132.654540567 -30647939.55449433 -34534607.09171095 -3034730.444644205
2461132.655235012 -30672956.81103569 -34697518.66923265 -3048818.663288504
2461132.655929456 -30697533.83065607 -34859932.195470095 -3062863.106852876
2461132.656623900 -30721674.18686704 -35021849.79770183 -3076863.965616132
2461132.657318345 -30745381.4053848 -35183273.58307418 -3090821.428028994
2461132.658012789 -30768658.96501097 -35344205.63884762 -3104735.680737062
2461132.658707234 -30791510.29849285 -35504648.03263962 -3118606.908603355
2461132.659401678 -30813938.7933638 -35664602.812664144 -3132435.294730642
2461132.660096123 -30835947.79276412 -35824072.00796776 -3146221.0204833993
2461132.660790567 -30857540.59624326 -35983057.62866231 -3159964.265509387
2461132.661485012 -30878720.46054353 -36141561.6661545 -3173665.2077609827
2461132.662179456 -30899490.600366 -36299586.09337198 -3187324.023516148
2461132.662873900 -30919854.1891192 -36457132.864986405 -3200940.887399134
2461132.663568345 -30939814.35965083 -36614203.917633265 -3214515.972400812
2461132.664262789 -30959374.20496306 -36770801.17012855 -3228049.449898779
2461132.664957234 -30978536.77891199 -36926926.52368236 -3241541.489677114
2461132.665651678 -30997305.096891463 -37082581.862109564 -3254992.2599458657
2461132.666346123 -31015682.136501748 -37237769.05203734 -3268401.927360248
2461132.667040567 -31033670.838203687 -37392489.94310975 -3281770.657039518
2461132.667735012 -31051274.105958268 -37546746.3681895 -3295098.612585649
2461132.668429456 -31068494.80785243 -37700540.14355677 -3308385.9561016853
2461132.669123901 -31085335.77671125 -37853873.06910529 -3321632.848209756
2461132.669818345 -31101799.81069691 -38006746.92853539 -3334839.4480690174
2461132.670512789 -31117889.6738947 -38159163.4895446 -3348005.913393075
2461132.671207234 -31133608.0968866 -38311124.5040154 -3361132.400467381
2461132.671901678 -31148957.777312692 -38462631.708200194 -3374219.064166244
2461132.672596123 -31163941.38042034 -38613686.822903864 -3387266.05796962
2461132.673290567 -31178561.53960223 -38764291.55366364 -3400273.5339796534
2461132.673985011 -31192820.85692271 -38914447.59092626 -3413241.642937008
2461132.674679456 -31206721.90363334 -39064156.61022291 -3426170.53423691
2461132.675373901 -31220267.2206777 -39213420.2723415 -3439060.3559450028
2461132.676068345 -31233459.31918547 -39362240.22349644 -3451911.2548129093
2461132.676762789 -31246300.680956747 -39510618.0954962 -3464723.376293668
2461132.677457234 -31258793.758935973 -39658555.50590834 -3477496.86455685
2461132.678151678 -31270940.9776764 -39806054.05822236 -3490231.862503462
2461132.678846123 -31282744.73379503 -39953115.34201003 -3502928.5117807356
2461132.679540567 -31294207.39641834 -40099740.93308369 -3515586.95279655
2461132.680235012 -31305331.30761898 -40245932.393652216 -3528207.324733796
2461132.680929456 -31316118.78284369 -40391691.2724748 -3540789.7655643993
2461132.681623900 -31326572.11133252 -40537019.10501247 -3553334.4120632517
2461132.682318345 -31336693.55653004 -40681917.41357779 -3565841.399821878
2461132.683012790 -31346485.35648794 -40826387.70748205 -3578310.8632618953
2461132.683707234 -31355949.72425998 -40970431.48318073 -3590742.935648379
2461132.684401678 -31365088.848289028 -41114050.22441683 -3603137.749102896
2461132.685096123 -31373904.89278648 -41257245.40236205 -3615495.4346164716
2461132.685790567 -31382399.9981044 -41400018.47575628 -3627816.12206229
2461132.686485012 -31390576.28110031 -41542370.891044915 -3640099.9402082623
2461132.687179456 -31398435.835494883 -41684304.08251438 -3652347.0167293823
2461132.687873900 -31405980.73222286 -41825819.472425774 -3664557.478219982
2461132.688568345 -31413213.019777153 -41966918.47114662 -3676731.450205683
2461132.689262789 -31420134.72454634 -42107602.47728084 -3688869.057155327
2461132.689957234 -31426747.85114572 -42247872.8777969 -3700970.422492561
2461132.690651678 -31433054.38274223 -42387731.0481542 -3713035.668607512
2461132.691346123 -31439056.281372983 -42527178.35242775 -3725064.916868014
2461132.692040567 -31444755.48825799 -42666216.14343113 -3737058.2876308733
2461132.692735012 -31450153.924107 -42804845.76283776 -3749015.900252956
2461132.693429456 -31455253.4894205 -42943068.54130048 -3760937.87310201
2461132.694123900 -31460056.06478519 -43080885.79856956 -3772824.323567422
2461132.694818345 -31464563.511164058 -43218298.84360912 -3784675.368070833
2461132.695512789 -31468777.67018091 -43355308.97471179 -3796491.122076604
2461132.696207234 -31472700.36439986 -43491917.47961208 -3808271.700102103
2461132.696901678 -31476333.39759958 -43628125.635598 -3820017.215727814
2461132.697596123 -31479678.55504262 -43763934.709621355 -3831727.781607422
2461132.698290567 -31482737.60373977 -43899345.95840624 -3843403.509477719
2461132.698985012 -31485512.2927097 -44034360.628556624 -3855044.510168245
2461132.699679456 -31488004.353233878 -44168979.956661895 -3866650.8936110307
2461132.700373901 -31490215.499106888 -44303205.16940107 -3878222.768849953
2461132.701068345 -31492147.42688243 -44437037.4836457 -3889760.244050143
2461132.701762789 -31493801.816114612 -44570478.106563784 -3901263.426507405
2461132.702457234 -31495180.32959525 -44703528.23571704 -3912732.422657054
2461132.703151678 -31496284.61358701 -44836189.05915757 -3924167.338082676
2461132.703846123 -31497116.298052117 -44968461.7555257 -3935568.277525053
2461132.704540567 -31497676.99687721 -45100347.49416883 -3946935.344892812
2461132.705235011 -31497968.30809442 -45231847.43521082 -3958268.643268833
2461132.705929456 -31497991.81409864 -45362962.72961954 -3969568.274916512
2461132.706623901 -31497749.08186075 -45493694.51930704 -3980834.341288815
2461132.707318345 -31497241.663136903 -45624043.93732029 -3992066.9430450713
2461132.708012789 -31496471.09467455 -45754012.107901506 -4003266.180056647
2461132.708707234 -31495438.89841528 -45883600.146496885 -4014432.151408051
2461132.709401678 -31494146.5816941 -46012809.15980021 -4025564.9554010537
2461132.710096123 -31492595.63743473 -46141640.245934926 -4036664.6895708307
2461132.710790567 -31490787.54434179 -46270094.494559005 -4047731.4506953573
2461132.711485012 -31488723.767090067 -46398172.98692479 -4058765.334800833
2461132.712179456 -31486405.75651038 -46525876.79593259 -4069766.437166823
2461132.712873900 -31483834.94977226 -46653206.986233145 -4080734.852335301
2461132.713568345 -31481012.770563733 -46780164.614311956 -4091670.67411837
2461132.714262790 -31477940.629267942 -46906750.72856672 -4102573.995605235
2461132.714957234 -31474619.92313698 -47032966.36938347 -4113444.9091691133
2461132.715651678 -31471052.03646277 -47158812.569216676 -4124283.506474429
2461132.716346123 -31467238.34074511 -47284290.35266642 -4135089.878483854
2461132.717040567 -31463180.194856986 -47409400.73655436 -4145864.1154651814
2461132.717735012 -31458878.94520722 -47534144.7299989 -4156606.306998001
2461132.718429456 -31454335.92590034 -47658523.334489316 -4167316.541980574
2461132.719123900 -31449552.45889402 -47782537.54395914 -4177994.908636356
2461132.719818345 -31444529.854153827 -47906188.344858624 -4188641.4945205287
2461132.720512789 -31439269.4098055 -48029476.71622595 -4199256.386526478
2461132.721207234 -31433772.412284803 -48152403.62975793 -4209839.670892201
2461132.721901678 -31428040.13648501 -48274970.04987978 -4220391.433206551
2461132.722596123 -31422073.84590201 -48397176.933813676 -4230911.7584154485
2461132.723290567 -31415874.79277695 -48519025.23164678 -4241400.730828045
2461132.723985012 -31409444.21823691 -48640515.886398494 -4251858.434122754
2461132.724679456 -31402783.35243306 -48761649.83408654 -4262284.951353224
2461132.725373900 -31395893.41467686 -48882428.00379245 -4272680.364954282
2461132.726068345 -31388775.61357395 -49002851.31772614 -4283044.756747735
2461132.726762789 -31381431.14715612 -49122920.69128991 -4293378.207948099
2461132.727457234 -31373861.203011032 -49242637.03314125 -4303680.799168367
2461132.728151678 -31366066.95841003 -49362001.24525525 -4313952.610425538
2461132.728846123 -31358049.58043397 -49481014.22298621 -4324193.721146214
2461132.729540567 -31349810.22609715 -49599676.85512805 -4334404.21017204
2461132.730235012 -31341350.042469148 -49717990.023974694 -4344584.155765177
2461132.730929456 -31332670.166795 -49835954.60537916 -4354733.63561356
2461132.731623901 -31323771.72661344 -49953571.46881209 -4364852.726836242
2461132.732318345 -31314655.83987338 -50070841.477419704 -4374941.505988562
2461132.733012789 -31305323.615048468 -50187765.488080874 -4385000.049067331
2461132.733707234 -31295776.15125023 -50304344.35146361 -4395028.431515889
2461132.734401678 -31286014.538339127 -50420578.91208083 -4405026.728229128
2461132.735096123 -31276039.85703427 -50536470.00834548 -4414995.013558495
2461132.735790567 -31265853.17902124 -50652018.47262494 -4424933.361316823
2461132.736485011 -31255455.567058418 -50767225.13129485 -4434841.844783226
2461132.737179456 -31244848.075081803 -50882090.80479224 -4444720.536707908
2461132.737873901 -31234031.74830805 -50996616.307668135 -4454569.509316796
2461132.738568345 -31223007.6233362 -51110802.44863925 -4464388.834316335
2461132.739262789 -31211776.72824782 -51224650.0306395 -4474178.582897952
2461132.739957234 -31200340.082705703 -51338159.85087047 -4483938.825742752
2461132.740651678 -31188698.69805097 -51451332.70085165 -4493669.633025983
2461132.741346123 -31176853.577399 -51564169.36646976 -4503371.074421419
2461132.742040567 -31164805.715733852 -51676670.62802783 -4513043.219105825
2461132.742735012 -31152556.10000119 -51788837.260293305 -4522686.135763302
2461132.743429456 -31140105.709200058 -51900670.03254596 -4532299.8925895775
2461132.744123900 -31127455.51447327 -52012169.70862512 -4541884.557296209
2461132.744818345 -31114606.479196403 -52123337.04697616 -4551440.197114808
2461132.745512790 -31101559.55906563 -52234172.80069671 -4560966.878801231
2461132.746207234 -31088315.70218429 -52344677.71758228 -4570464.668639546
2461132.746901678 -31074875.84914816 -52454852.54017114 -4579933.632446239
2461132.747596123 -31061240.933129497 -52564698.00578902 -4589373.83557409
2461132.748290567 -31047411.879960068 -52674214.84659294 -4598785.342916199
2461132.748985012 -31033389.60821276 -52783403.789614916 -4608168.218909828
2461132.749679456 -31019175.029282223 -52892265.556804724 -4617522.527540383
2461132.750373900 -31004769.0474643 -53000800.865072645 -4626848.332345078
2461132.751068345 -30990172.560034383 -53109010.42633131 -4636145.696416774
2461132.751762789 -30975386.45732466 -53216894.9475373 -4645414.682407838
2461132.752457234 -30960411.62280026 -53324455.13073223 -4654655.352533566
2461132.753151678 -30945248.933134418 -53431691.67308335 -4663867.768576063
2461132.753846123 -30929899.25828252 -53538605.266923666 -4673051.991887721
2461132.754540567 -30914363.46155515 -53645196.59979159 -4682208.08339485
2461132.755235012 -30898642.399690192 -53751466.35447029 -4691336.1036011195
2461132.755929456 -30882736.92292389 -53857415.209026285 -4700436.112591153
2461132.756623900 -30866647.87506088 -53963043.836848095 -4709508.170033838
2461132.757318345 -30850376.09354347 -54068352.9066839 -4718552.335185865
2461132.758012789 -30833922.40951967 -54173343.08267912 -4727568.666894931
2461132.758707234 -30817287.64791066 -54278015.024413556 -4736557.223603235
2461132.759401678 -30800472.62747704 -54382369.38693807 -4745518.063350672
2461132.760096123 -30783478.16088433 -54486406.82081066 -4754451.243778112
2461132.760790567 -30766305.05476762 -54590127.972132646 -4763356.822130554
2461132.761485012 -30748954.10979535 -54693533.482583664 -4772234.855260446
2461132.762179456 -30731426.12073205 -54796623.98945728 -4781085.399630657
2461132.762873901 -30713721.876500532 -54899400.12569516 -4789908.511317743
2461132.763568345 -30695842.160243113 -55001862.51992176 -4798704.24601488
2461132.764262789 -30677787.74938193 -55104011.79647793 -4807472.659035059
2461132.764957234 -30659559.41567876 -55205848.5754547 -4816213.805313933
2461132.765651678 -30641157.92529368 -55307373.47272632 -4824927.739412917
2461132.766346123 -30622584.03884322 -55408587.09998316 -4833614.5155220255
2461132.767040567 -30603838.511457723 -55509490.06476403 -4842274.187462899
2461132.767735011 -30584922.09283781 -55610082.97048842 -4850906.808691569
2461132.768429456 -30565835.52731037 -55710366.41648821 -4859512.432301366
2461132.769123901 -30546579.553883478 -55810340.9980391 -4868091.111025722
2461132.769818345 -30527154.90630095 -55910007.3063915 -4876642.897240919
2461132.770512789 -30507562.313096 -56009365.92880161 -4885167.8429689305
2461132.771207234 -30487802.49764422 -56108417.44856143 -4893665.999880003
2461132.771901678 -30467876.17821595 -56207162.44502911 -4902137.419295519
2461132.772596123 -30447784.06802794 -56305601.49365857 -4910582.152190498
2461132.773290567 -30427526.875294343 -56403735.166029 -4919000.249196335
2461132.773985012 -30407105.30327708 -56501564.02987384 -4927391.76060343
2461132.774679456 -30386520.05033556 -56599088.64910978 -4935756.736363626
2461132.775373900 -30365771.80997581 -56696309.58386506 -4944095.226092934
2461132.776068345 -30344861.270898897 -56793227.390507765 -4952407.279073912
2461132.776762790 -30323789.117048852 -56889842.62167374 -4960692.944258244
2461132.777457234 -30302556.0276599 -56986155.826294065 -4968952.2702691825
2461132.778151678 -30281162.67730313 -57082167.549622424 -4977185.305404036
2461132.778846123 -30259609.7359327 -57177878.3332622 -4985392.097636494
2461132.779540567 -30237897.8689312 -57273288.71519308 -4993572.694619106
2461132.780235012 -30216027.73715479 -57368399.22979743 -5001727.143685624
2461132.780929456 -30193999.996977452 -57463210.407886766 -5009855.49185329
2461132.781623900 -30171815.30033496 -57557722.77672729 -5017957.785825249
2461132.782318345 -30149474.29476818 -57651936.86006576 -5026034.07199277
2461132.783012789 -30126977.62346586 -57745853.17815466 -5034084.396437505
2461132.783707234 -30104325.92530688 -57839472.2477775 -5042108.804933832
2461132.784401678 -30081519.83490205 -57932794.58227338 -5050107.342950931
2461132.785096123 -30058559.98263535 -58025820.69156177 -5058080.0556551
2461132.785790567 -30035446.99470466 -58118551.08216669 -5066026.987911875
2461132.786485012 -30012181.49316205 -58210986.2572409 -5073948.184288187
2461132.787179456 -29988764.09595354 -58303126.716589496 -5081843.689054505
2461132.787873900 -29965195.41695844 -58394972.95669376 -5089713.546186937
2461132.788568345 -29941476.06602808 -58486525.47073412 -5097557.799369278
2461132.789262789 -29917606.64902429 -58577784.74861364 -5105376.491995135
2461132.789957234 -29893587.767857227 -58668751.27698049 -5113169.667169969
2461132.790651678 -29869420.02052287 -58759425.53925071 -5120937.367713046
2461132.791346123 -29845104.00114004 -58849808.01563067 -5128679.636159494
2461132.792040567 -29820640.29998699 -58939899.18313911 -5136396.51476224
2461132.792735012 -29796029.50353745 -59029699.51562898 -5144088.045494052
2461132.793429456 -29771272.1944965 -59119209.48380927 -5151754.270049387
2461132.794123901 -29746368.95183574 -59208429.55526646 -5159395.229846352
2461132.794818345 -29721320.350828312 -59297360.194485694 -5167010.966028607
2461132.795512789 -29696126.96308332 -59386001.86287173 -5174601.519467204
2461132.796207234 -29670789.35657974 -59474355.01877047 -5182166.93076252
2461132.796901678 -29645308.09570038 -59562420.117488675 -5189707.240246055
2461132.797596123 -29619683.74126557 -59650197.61131311 -5197222.487982148
2461132.798290567 -29593916.85056646 -59737687.949529625 -5204712.713769593
2461132.798985011 -29568007.97739187 -59824891.57846099 -5212177.957145072
2461132.799679456 -29541957.67206807 -59911808.9414628 -5219618.257382808
2461132.800373901 -29515766.48149411 -59998440.478931636 -5227033.65349531
2461132.801068345 -29489434.94916748 -60084786.628343046 -5234424.184236843
2461132.801762789 -29462963.61518944 -60170847.824351765 -5241789.888111896
2461132.802457234 -29436353.01633732 -60256624.49867955 -5249130.8033657735
2461132.803151678 -29409603.686103363 -60342117.08010723 -5256446.967983909
2461132.803846123 -29382716.15467986 -60427325.994635224 -5263738.419705736
2461132.804540567 -29355690.94897798 -60512251.665536836 -5271005.196029288
2461132.805235012 -29328528.592727877 -60596894.51315333 -5278247.334193719
2461132.805929456 -29301229.606476672 -60681254.955008596 -5285464.871189183
2461132.806623900 -29273794.507579792 -60765333.4059442 -5292657.843768505
2461132.807318345 -29246223.81025027 -60849130.27807248 -5299826.288443183
2461132.808012790 -29218518.02561984 -60932645.9806908 -5306970.241476134
2461132.808707234 -29190677.66173659 -61015880.920393206 -5314089.738891329
2461132.809401678 -29162703.22359104 -61098835.50109121 -5321184.816475557
2461132.810096123 -29134595.213148367 -61181510.12401551 -5328255.509778777
2461132.810790567 -29106354.12938095 -61263905.18771519 -5335301.854113972
2461132.811485012 -29077980.46828881 -61346021.08809314 -5342323.884560326
2461132.812179456 -29049474.72292706 -61427858.2184191 -5349321.635964374
2461132.812873900 -29020837.38343222 -61509416.969345145 -5356295.142941373
2461132.813568345 -28992068.93704801 -61590697.728921264 -5363244.439876722
2461132.814262789 -28963169.86815067 -61671700.88261212 -5370169.5609274395
2461132.814957234 -28934140.658274032 -61752426.813312635 -5377070.540023578
2461132.815651678 -28904981.78613451 -61832875.901363954 -5383947.410869609
2461132.816346123 -28875693.72765567 -61913048.52456887 -5390800.20694582
2461132.817040567 -28846276.95599254 -61992945.05820725 -5397628.961509734
2461132.817735012 -28816731.94155574 -62072565.875051364 -5404433.707597385
2461132.818429456 -28787059.152035277 -62151911.345381 -5411214.478024732
2461132.819123900 -28757259.052424148 -62230981.83699847 -5417971.305389022
2461132.819818345 -28727332.10504162 -62309777.71524338 -5424704.22206998
2461132.820512789 -28697278.769556332 -62388299.34300735 -5431413.260231355
2461132.821207234 -28667099.50300915 -62466547.08074866 -5438098.451821923
2461132.821901678 -28636794.75983568 -62544521.2865065 -5444759.828577065
2461132.822596123 -28606364.99188869 -62622222.31591538 -5451397.422019793
2461132.823290567 -28575810.64846018 -62699650.52221909 -5458011.263462209
2461132.823985012 -28545132.1763033 -62776806.25628498 -5464601.384006572
2461132.824679456 -28514330.01965401 -62853689.86661742 -5471167.814546734
2461132.825373901 -28483404.62025249 -62930301.69937194 -5477710.585769135
2461132.826068345 -28452356.41736432 -63006642.09836854 -5484229.728154252
2461132.826762789 -28421185.847801577 -63082711.40510519 -5490725.271977644
2461132.827457234 -28389893.3459435 -63158509.958771326 -5497197.247311149
2461132.828151678 -28358479.34375707 -63234038.09626091 -5503645.684024144
2461132.828846123 -28326944.27081738 -63309296.15218547 -5510070.611784631
2461132.829540567 -28295288.55432782 -63384284.45888717 -5516472.060060471
2461132.830235011 -28263512.619139858 -63459003.34645163 -5522850.058120399
2461132.830929456 -28231616.88777294 -63533453.142720506 -5529204.635035344
2461132.831623901 -28199601.78043395 -63607634.1733042 -5535535.819679382
2461132.832318345 -28167467.71503658 -63681546.76159402 -5541843.640730884
2461132.833012789 -28135215.10722041 -63755191.22877499 -5548128.1266737245
2461132.833707234 -28102844.37036942 -63828567.89383869 -5554389.305798312
2461132.834401678 -28070355.91563168 -63901677.07359356 -5560627.206202571
2461132.835096123 -28037750.1519386 -63974519.08267523 -5566841.8557929
2461132.835790567 -28005027.48602112 -64047094.233563215 -5573033.282285578
2461132.836485012 -27972188.32242463 -64119402.836599655 -5579201.513208441
2461132.837179456 -27939233.06353546 -64191445.19998282 -5585346.575900381
2461132.837873900 -27906162.109604172 -64263221.62976697 -5591468.497511367
2461132.838568345 -27872975.85875282 -64334732.429896265 -5597567.305005345
2461132.839262790 -27839674.706972018 -64405977.902259186 -5603643.025165067
2461132.839957234 -27806259.04815444 -64476958.34666574 -5609695.684589969
2461132.840651678 -27772729.27413192 -64547674.06081513 -5615725.309693625
2461132.841346123 -27739085.774692763 -64618125.34030651 -5621731.926704644
2461132.842040567 -27705328.9375743 -64688312.47870173 -5627715.561672121
2461132.842735012 -27671459.14848112 -64758235.767532974 -5633676.240466189
2461132.843429456 -27637476.79110911 -64827895.49629685 -5639613.988777768
2461132.844123900 -27603382.247165993 -64897291.95245611 -5645528.832118503
2461132.844818345 -27569175.89638165 -64966425.42146255 -5651420.7958230395
2461132.845512789 -27534858.11652483 -65035296.18676612 -5657289.905049587
2461132.846207234 -27500429.28341955 -65103904.529823706 -5663136.184780866
2461132.846901678 -27465889.77096144 -65172250.730108276 -5668959.659824803
2461132.847596123 -27431239.951132532 -65240335.06512018 -5674760.354815717
2461132.848290567 -27396480.194016892 -65308157.81039708 -5680538.294215017
2461132.848985012 -27361610.86781589 -65375719.23952361 -5686293.502312164
2461132.849679456 -27326632.33886327 -65443019.624141224 -5692026.00322551
2461132.850373900 -27291544.97164012 -65510059.23395794 -5697735.820903214
2461132.851068345 -27256349.12878973 -65576838.336757936 -5703422.979124032
2461132.851762789 -27221045.17113222 -65643357.19841116 -5709087.501498256
2461132.852457234 -27185633.457679108 -65709616.08288264 -5714729.411468452
2461132.853151678 -27150114.34564772 -65775615.25224195 -5720348.732310387
2461132.853846123 -27114488.19047552 -65841354.96667243 -5725945.48713374
2461132.854540567 -27078755.3458341 -65906835.48448035 -5731519.698883123
2461132.855235012 -27042916.163643338 -65972057.062103994 -5737071.390338628
2461132.855929456 -27006970.9940852 -66037019.95412271 -5742600.584116841
2461132.856623901 -26970920.18561748 -66101724.41326575 -5748107.302671531
2461132.857318345 -26934764.0849875 -66166170.690421134 -5753591.568294494
2461132.858012789 -26898503.0372455 -66230359.03464444 -5759053.403116273
2461132.858707234 -26862137.38575809 -66294289.69316737 -5764492.829106955
2461132.859401678 -26825667.47222146 -66357962.91140649 -5769909.868077011
2461132.860096123 -26789093.636674542 -66421378.93297154 -5775304.541677895
2461132.860790567 -26752416.21751196 -66484537.99967392 -5780676.871402957
2461132.861485011 -26715635.55149698 -66547440.35153513 -5786026.8785880655
2461132.862179456 -26678751.973774258 -66610086.22679481 -5791354.584412468
2461132.862873901 -26641765.81788253 -66672475.86191923 -5796660.009899333
2461132.863568345 -26604677.41576703 -66734609.49160901 -5801943.175916702
2461132.864262789 -26567487.097792137 -66796487.3488075 -5807204.10317801
2461132.864957234 -26530195.19275352 -66858109.66470851 -5812442.812242909
2461132.865651678 -26492802.02789036 -66919476.66876421 -5817659.323517928
2461132.866346123 -26455307.92889758 -66980588.58869301 -5822853.657257146
2461132.867040567 -26417713.21993766 -67041445.65048718 -5828025.833562984
2461132.867735012 -26380018.223652683 -67102048.07842054 -5833175.8723867275
2461132.868429456 -26342223.26117602 -67162396.09505609 -5838303.793529336
2461132.869123900 -26304328.65214401 -67222489.92125334 -5843409.616642013
2461132.869818345 -26266334.71470758 -67282329.77617592 -5848493.3612270225
2461132.870512790 -26228241.7655437 -67341915.87729886 -5853555.04663811
2461132.871207234 -26190050.11986671 -67401248.44041584 -5858594.692081381
2461132.871901678 -26151760.09143969 -67460327.67964648 -5863612.316615792
2461132.872596123 -26113371.99258551 -67519153.80744341 -5868607.939153848
2461132.873290567 -26074886.13419803 -67577727.0345994 -5873581.578462268
2461132.873985012 -26036302.825752992 -67636047.57025431 -5878533.253162532
2461132.874679456 -25997622.37531896 -67694115.62190214 -5883462.981731529
2461132.875373900 -25958845.089568052 -67751931.39539768 -5888370.78250224
2461132.876068345 -25919971.273786772 -67809495.09496367 -5893256.673664189
2461132.876762789 -25881001.231886387 -67866806.9231971 -5898120.673264239
2461132.877457234 -25841935.26641376 -67923867.08107628 -5902962.799207002
2461132.878151678 -25802773.67856144 -67980675.76796716 -5907783.069255605
2461132.878846123 -25763516.7681783 -68037233.18163005 -5912581.501032091
2461132.879540567 -25724164.83377956 -68093539.51822601 -5917358.11201817
2461132.880235012 -25684718.17255712 -68149594.97232331 -5922112.919555649
2461132.880929456 -25645177.08038954 -68205399.7369037 -5926845.940847088
2461132.881623900 -25605541.85185209 -68260954.00336882 -5931557.192956334
2461132.882318345 -25565812.7802266 -68316257.96154632 -5936246.692809087
2461132.883012789 -25525990.15751139 -68371311.7996961 -5940914.457193419
2461132.883707234 -25486074.27443091 -68426115.7045164 -5945560.502760356
2461132.884401678 -25446065.42044548 -68480669.86114977 -5950184.8460244
2461132.885096123 -25405963.88376085 -68534974.45318906 -5954787.503364055
2461132.885790567 -25365769.95133773 -68589029.66268358 -5959368.4910223605
2461132.886485012 -25325483.90890118 -68642835.67014457 -5963927.825107472
2461132.887179456 -25285106.040949993 -68696392.65455133 -5968465.521593061
2461132.887873901 -25244636.63076596 -68749700.79335675 -5972981.596318943
2461132.888568345 -25204075.960423097 -68802760.26249321 -5977476.064991504
2461132.889262789 -25163424.31079672 -68855571.23637801 -5981948.943184278
2461132.889957234 -25122681.96157257 -68908133.88791907 -5986400.246338352
2461132.890651678 -25081849.19125572 -68960448.3885204 -5990829.989762944
2461132.891346123 -25040926.277179517 -69012514.90808754 -5995238.188635878
2461132.892040567 -24999913.495514423 -69064333.61503305 -5999624.858003986
2461132.892735011 -24958811.121276762 -69115904.67628175 -6003990.012783757
2461132.893429456 -24917619.428337432 -69167228.25727616 -6008333.667761559
2461132.894123901 -24876338.68943052 -69218304.52198154 -6012655.837594346
2461132.894818345 -24834969.17616186 -69269133.63289128 -6016956.536810001
2461132.895512789 -24793511.15901755 -69319715.75103192 -6021235.779807838
2461132.896207234 -24751964.90737232 -69370051.0359683 -6025493.580858987
2461132.896901678 -24710330.689497963 -69420139.64580844 -6029729.954106947
2461132.897596123 -24668608.77257153 -69469981.73720877 -6033944.913567972
2461132.898290567 -24626799.42268366 -69519577.46537876 -6038138.473131461
2461132.898985012 -24584902.90484671 -69568926.98408605 -6042310.646560538
2461132.899679456 -24542919.483002782 -69618030.4456611 -6046461.447492293
2461132.900373900 -24500849.42003189 -69666888.00100206 -6050590.889438416
2461132.901068345 -24458692.97775983 -69715499.79957935 -6054698.985785446
2461132.901762790 -24416450.416966118 -69763865.98944058 -6058785.749795253
2461132.902457234 -24374121.997391928 -69811986.71721485 -6062851.194605533
2461132.903151678 -24331707.97774773 -69859862.12811765 -6066895.3332300335
2461132.903846123 -24289208.6157212 -69907492.36595507 -6070918.178559139
2461132.904540567 -24246624.16798473 -69954877.57312849 -6074919.74336014
2461132.905235012 -24203954.8902032 -70002017.89063895 -6078900.040277724
2461132.905929456 -24161201.03704141 -70048913.45809141 -6082859.081834358
2461132.906623900 -24118362.8621717 -70095564.41369924 -6086796.880430527
2461132.907318345 -24075440.50687446 -70141970.81101115 -6090713.401336861
2461132.908012789 -24032434.20174003 -70188132.769682 -6094608.647800298
2461132.908707234 -23989344.649008438 -70234050.76127681 -6098482.822370101
2461132.909401678 -23946171.96684271 -70279724.82010518 -6102335.881427807
2461132.910096123 -23902910.85557434 -70325150.93295456 -6106165.494681769
2461132.910790567 -23859560.111738 -70370328.14566284 -6109971.061185643
2461132.911485012 -23816141.606458418 -70415272.73861375 -6113761.720565155
2461132.912179456 -23772651.04207941 -70459981.44578102 -6117535.566120437
2461132.912873900 -23729005.27011104 -70504392.13182682 -6121257.398543101
2461132.913568345 -23685174.41275632 -70548482.43213005 -6124914.510948918
2461132.914262789 -23641437.1900868 -70592460.35060748 -6128624.502056293
2461132.914957234 -23597801.44854151 -70636331.71643427 -6132390.584553661
2461132.915651678 -23553438.19050401 -70679477.67615227 -6135862.606900875
2461132.916346123 -23507202.61721114 -70721043.21497288 -6138557.19308645
2461132.917040567 -23459765.38369201 -70761527.16242637 -6140757.954745903
2461132.917735012 -23412800.03116627 -70802176.96225305 -6143171.983229495
2461132.918429456 -23367489.10053496 -70843875.01308891 -6146298.603152263
2461132.919123901 -23323287.097647212 -70886215.96001263 -6149906.816140419
2461132.919818345 -23278976.761213273 -70928293.27090576 -6153481.883452183
2461132.920512789 -23234349.71971588 -70969951.70651515 -6156935.619288418
2461132.921207234 -23189654.87010229 -71011376.52036454 -6160373.175066052
2461132.921901678 -23145007.80520005 -71052653.72890915 -6163843.332788613
2461132.922596123 -23100283.514456842 -71093690.18306088 -6167293.147236149
2461132.923290567 -23055463.06117759 -71134471.72270067 -6170714.521023092
2461132.923985011 -23010563.141941078 -71175010.70533767 -6174114.427572618
2461132.924679456 -22965594.876098108 -71215315.33785473 -6177497.481539573
2461132.925373901 -22920548.93417018 -71255378.60851939 -6180859.649239599
2461132.926068345 -22875425.03838208 -71295200.24124968 -6184200.725484345
2461132.926762789 -22830223.73602081 -71334780.57286984 -6187520.854382081
2461132.927457234 -22784945.50057787 -71374119.88463706 -6190820.149038849
2461132.928151678 -22739590.3573666 -71413218.12383725 -6194098.5331520215
2461132.928846123 -22694158.52928371 -71452075.38398448 -6197356.014236724
2461132.929540567 -22648650.24118203 -71490691.75934753 -6200592.600851247
2461132.930235012 -22603065.71714755 -71529067.34292343 -6203808.301442954
2461132.930929456 -22557405.18050536 -71567202.22644055 -6207003.124348415
2461132.931623900 -22511668.85382545 -71605096.50036116 -6210177.077793669
2461132.932318345 -22465856.95892846 -71642750.25388427 -6213330.16989446
2461132.933012790 -22419969.716891542 -71680163.5749483 -6216462.408656536
2461132.933707234 -22374007.34805399 -71717336.5502338 -6219573.801975829
2461132.934401678 -22327970.072022982 -71754269.26516601 -6222664.35763874
2461132.935096123 -22281858.1076792 -71790961.80391759 -6225734.083322328
2461132.935790567 -22235671.67318246 -71827414.24941099 -6228782.986594586
2461132.936485012 -22189410.98597727 -71863626.68332106 -6231811.074914672
2461132.937179456 -22143076.262798417 -71899599.18607755 -6234818.3556330735
2461132.937873900 -22096667.71967642 -71935331.83686762 -6237804.8359918725
2461132.938568345 -22050185.57194308 -71970824.71363802 -6240770.523124968
2461132.939262789 -22003630.03423683 -72006077.89309776 -6243715.424058272
2461132.939957234 -21957001.320508238 -72041091.45072013 -6246639.545709968
2461132.940651678 -21910299.64402529 -72075865.46074532 -6249542.894890612
2461132.941346123 -21863525.21737884 -72110399.99618238 -6252425.478303474
2461132.942040567 -21816678.25248783 -72144695.1288117 -6255287.302544632
2461132.942735012 -21769758.960604608 -72178750.92918701 -6258128.374103213
2461132.943429456 -21722767.55232016 -72212567.4666377 -6260948.699361616
2461132.944123900 -21675704.2375694 -72246144.80927078 -6263748.284595662
2461132.944818345 -21628569.22563622 -72279483.02397303 -6266527.1359747965
2461132.945512789 -21581362.72515877 -72312582.17641313 -6269285.25956229
2461132.946207234 -21534084.94413454 -72345442.33104354 -6272022.661315375
2461132.946901678 -21486736.089925442 -72378063.55110256 -6274739.347085506
2461132.947596123 -21439316.36926288 -72410445.89861624 -6277435.322618494
2461132.948290567 -21391825.98825283 -72442589.43440033 -6280110.593554619
2461132.948985012 -21344265.1523808 -72474494.21806207 -6282765.165428933
2461132.949679456 -21296634.06651682 -72506160.30800217 -6285399.043671296
2461132.950373901 -21248932.93492046 -72537587.76141644 -6288012.23360666
2461132.951068345 -21201161.96124564 -72568776.6342977 -6290604.740455117
2461132.951762789 -21153321.34854561 -72599726.98143747 -6293176.569332151
2461132.952457234 -21105411.29927785 -72630438.85642764 -6295727.725248762
2461132.953151678 -21057432.015308768 -72660912.31166226 -6298258.213111574
2461132.953846123 -21009383.69791875 -72691147.39833897 -6300768.0377230635
2461132.954540567 -20961266.54780668 -72721144.16646083 -6303257.203781676
2461132.955235011 -20913080.765095 -72750902.66483769 -6305725.7158819195
2461132.955929456 -20864826.54933416 -72780422.94108789 -6308173.578514594
2461132.956623901 -20816504.09950755 -72809705.04163964 -6310600.796066858
2461132.957318345 -20768113.61403611 -72838749.01173252 -6313007.37282242
2461132.958012789 -20719655.29078299 -72867554.89541902 -6315393.312961617
2461132.958707234 -20671129.3270582 -72896122.73556577 -6317758.6205616025
2461132.959401678 -20622535.91962326 -72924452.57385501 -6320103.299596405
2461132.960096123 -20573875.26469573 -72952544.450786 -6322427.353937128
2461132.960790567 -20525147.55795385 -72980398.40567605 -6324730.787351997
2461132.961485012 -20476352.99454105 -73008014.47666219 -6327013.6035065735
2461132.962179456 -20427491.76907049 -73035392.70070207 -6329275.805963713
2461132.962873900 -20378564.07562957 -73062533.11357537 -6331517.398183878
2461132.963568345 -20329570.107784357 -73089435.7498848 -6333738.383525091
2461132.964262790 -20280510.05858414 -73116100.64305745 -6335938.765243085
2461132.964957234 -20231384.12056578 -73142527.82534575 -6338118.546491489
2461132.965651678 -20182192.48575817 -73168717.32782859 -6340277.730321788
2461132.966346123 -20132935.34568663 -73194669.1804124 -6342416.319683525
2461132.967040567 -20083612.89137728 -73220383.41183205 -6344534.317424361
2461132.967735012 -20034225.313361343 -73245860.04965203 -6346631.726290161
2461132.968429456 -19984772.80167958 -73271099.12026723 -6348708.548925126
2461132.969123900 -19935255.54588652 -73296100.64890385 -6350764.787871849
2461132.969818345 -19885673.735054757 -73320864.65962046 -6352800.445571365
2461132.970512789 -19836027.55777929 -73345391.17530873 -6354815.52436329
2461132.971207234 -19786317.20218169 -73369680.2176942 -6356810.026485917
2461132.971901678 -19736542.855914433 -73393731.80733721 -6358783.954076171
2461132.972596123 -19686704.70616501 -73417545.96363358 -6360737.309169868
2461132.973290567 -19636802.9396602 -73441122.70481539 -6362670.093701607
2461132.973985012 -19586837.74267025 -73464462.04795158 -6364582.309504963
2461132.974679456 -19536809.3010132 -73487564.00894856 -6366473.958312479
2461132.975373900 -19486717.80005855 -73510428.60255128 -6368345.041755798
2461132.976068345 -19436563.42473126 -73533055.84234346 -6370195.561365592
2461132.976762789 -19386346.35951706 -73555445.74074814 -6372025.518571838
2461132.977457234 -19336066.78846787 -73577598.30902724 -6373834.914703577
2461132.978151678 -19285724.8952007 -73599513.55728449 -6375623.750989249
2461132.978846123 -19235320.8628995 -73621191.49446677 -6377392.028556809
2461132.979540567 -19184854.87433246 -73642632.12835896 -6379139.748433351
2461132.980235012 -19134327.11186319 -73663835.46558176 -6380866.9115448175
2461132.980929456 -19083737.757432323 -73684801.51160088 -6382573.518716984
2461132.981623901 -19033086.99253783 -73705530.27073744 -6384259.570676026
2461132.982318345 -18982374.99826657 -73726021.74615668 -6385925.06804784
2461132.983012789 -18931601.95532813 -73746275.93985613 -6387570.011356991
2461132.983707234 -18880768.04405023 -73766292.85266937 -6389194.40102706
2461132.984401678 -18829873.444349587 -73786072.48427987 -6390798.237381751
2461132.985096123 -18778918.33574111 -73805614.83321917 -6392381.5206447765
2461132.985790567 -18727902.89735403 -73824919.89686184 -6393944.25093941
2461132.986485011 -18676827.30793903 -73843987.67142428 -6395486.428288466
2461132.987179456 -18625691.74586426 -73862818.15196821 -6397008.052614543
2461132.987873901 -18574496.38912054 -73881411.33240005 -6398509.123740012
2461132.988568345 -18523241.41532628 -73899767.20547058 -6399989.641386958
2461132.989262789 -18471927.00173174 -73917885.7627749 -6401449.605177212
2461132.989957234 -18420553.325222082 -73935766.99475254 -6402889.014632357
2461132.990651678 -18369120.56232138 -73953410.89068748 -6404307.869173804
2461132.991346123 -18317628.889196478 -73970817.43870802 -6405706.168122568
2461132.992040567 -18266078.481660742 -73987986.62578665 -6407083.910699613
2461132.992735012 -18214469.51517788 -74004918.43773995 -6408441.096025534
2461132.993429456 -18162802.16486568 -74021612.8592284 -6409777.723120703
2461132.994123900 -18111076.60549976 -74038069.87375624 -6411093.790905266
2461132.994818345 -18059293.01151733 -74054289.46367119 -6412389.298199065
2461132.995512790 -18007451.55702091 -74070271.61016414 -6413664.24372162
2461132.996207234 -17955552.41578209 -74086016.29326896 -6414918.62609225
2461132.996901678 -17903595.761245172 -74101523.49186224 -6416152.443829851
2461132.997596123 -17851581.76653093 -74116793.18366273 -6417365.695353004
2461132.998290567 -17799510.604440328 -74131825.3452311 -6418558.378979942
2461132.998985012 -17747382.447458103 -74146619.95196953 -6419730.492928433
2461132.999679456 -17695197.38858609 -74161176.97337285 -6420881.986204647
2461133.000373900 -17642955.64836367 -74175496.38544427 -6422012.887020308
2461133.001068345 -17590657.609767828 -74189578.17278798 -6423123.324439937
2461133.001762789 -17538303.30776422 -74203422.29799308 -6424213.211734804
2461133.002457234 -17485890.850757122 -74217028.60696559 -6425281.267183282
2461133.003151678 -17433421.92266608 -74230397.158899 -6426328.427096262
2461133.003846123 -17380901.46156076 -74243528.20700122 -6427357.646468271
2461133.004540567 -17328325.94261046 -74256421.49579687 -6428366.630696193
2461133.005235012 -17275688.13814792 -74269076.54662503 -6429350.788377651
2461133.005929456 -17223001.444131672 -74281494.11641791 -6430318.321159262
2461133.006623900 -17170243.61455971 -74293672.82379062 -6431255.32219157
2461133.007318345 -17117276.98657342 -74305604.36511555 -6432076.291311431
2461133.008012789 -17064054.727162838 -74317285.87870269 -6432752.063557509
2461133.008707234 -17010700.61576881 -74328724.73136926 -6433359.304323789
2461133.009401678 -16957367.147876292 -74339930.01543793 -6433992.503126237
2461133.010096123 -16904035.67887396 -74350900.56750599 -6434640.00833991
2461133.010790567 -16850639.15251048 -74361632.3119722 -6435260.118396734
2461133.011485012 -16797175.45923359 -74372125.05746424 -6435851.396986913
2461133.012179456 -16743666.840748549 -74382380.07764952 -6436427.52840673
2461133.012873901 -16690108.108752731 -74392397.01224689 -6436985.211346251
2461133.013568345 -16636495.023726039 -74402175.54682127 -6437521.708046283
2461133.014262789 -16582828.22654233 -74411715.65065905 -6438037.288331795
2461133.014957234 -16529108.96992252 -74421017.33364585 -6438532.613782256
2461133.015651678 -16475336.819658449 -74430080.51472859 -6439007.330354561
2461133.016346123 -16421511.84895595 -74438905.14256376 -6439461.404170124
2461133.017040567 -16367634.2873418 -74447491.15248543 -6439894.834442806
2461133.017735011 -16313704.48232913 -74455838.4615836 -6440307.617682105
2461133.018429456 -16259722.60578201 -74463947.01134045 -6440699.748234921
2461133.019123901 -16205688.57496367 -74471816.77965045 -6441071.223755451
2461133.019818345 -16151602.37565513 -74479447.7319497 -6441422.041215439
2461133.020512789 -16097464.299950339 -74486839.78642434 -6441752.19525586
2461133.021207234 -16043274.65099195 -74493992.85959928 -6442061.6804372575
2461133.021901678 -15989033.60327647 -74500906.8865512 -6442350.49218882
2461133.022596123 -15934741.26705306 -74507581.81241654 -6442618.625015232
2461133.023290567 -15880397.792481959 -74514017.57331969 -6442866.073480924
2461133.023985012 -15826003.369380191 -74520214.08466864 -6443092.83895661
2461133.024679456 -15771558.1891554 -74526171.2807707 -6443298.913464998
2461133.025373900 -15717062.42976081 -74531889.45730732 -6443484.1225756025
2461133.026068345 -15662516.19188026 -74537368.18418004 -6443648.629904587
2461133.026762790 -15607919.58605051 -74542606.6136878 -6443792.790365904
2461133.027457234 -15553272.94089976 -74547605.99680893 -6443915.9784464175
2461133.028151678 -15498576.99879905 -74552371.75551568 -6444015.614068583
2461133.028846123 -15443830.75308642 -74556893.49169707 -6444096.5324001955
2461133.029540567 -15389033.89539873 -74561166.57563338 -6444160.854699978
2461133.030235012 -15334188.98669079 -74565212.05621366 -6444198.670481889
2461133.030929456 -15279298.14963217 -74569047.91262811 -6444201.564928775
2461133.031623900 -15224357.611995691 -74572640.47920771 -6444185.41788535
2461133.032318345 -15169365.60262792 -74575970.42907903 -6444159.231948838
2461133.033012789 -15114322.83264158 -74579051.28602378 -6444116.504037524
2461133.033707234 -15059234.03762618 -74581891.6821333 -6444053.0430785185
2461133.034401678 -15004094.905151311 -74584491.74949831 -6443968.805309171
2461133.035096123 -14948907.57087371 -74586851.32421122 -6443863.788600135
2461133.035790567 -14893672.40903942 -74588970.30859004 -6443737.986695454
2461133.036485012 -14838389.30770548 -74590848.6282863 -6443591.392631093
2461133.037179456 -14783057.86751376 -74592486.20817713 -6443423.997781905
2461133.037873900 -14727678.711248111 -74593882.93998115 -6443235.796367186
2461133.038568345 -14672252.5466008 -74595038.71986972 -6443026.783457073
2461133.039262789 -14616778.915292751 -74595953.4686434 -6442796.94975174
2461133.039957234 -14561258.09432126 -74596627.08915243 -6442546.288500908
2461133.040651678 -14505690.28584496 -74597059.48368359 -6442274.792490796
2461133.041346123 -14450075.060944509 -74597250.5562108 -6441982.4511493575
2461133.042040567 -14394413.18773292 -74597200.20254298 -6441669.259851119
2461133.042735012 -14338705.20379212 -74596908.32536577 -6441335.213277777
2461133.043429456 -14282950.746287739 -74596374.82323064 -6440980.300761552
2461133.044123901 -14227149.57129159 -74595599.58499338 -6440604.511467492
2461133.044818345 -14171302.41629588 -74594582.51273623 -6440207.841135289
2461133.045512789 -14115409.809091259 -74593323.51041642 -6439790.284500629
2461133.046207234 -14059471.29768073 -74591822.46055102 -6439351.829033321
2461133.046901678 -14003486.88240733 -74590079.24786401 -6438892.464901605
2461133.047596123 -13947457.11505786 -74588093.77364706 -6438412.186747016
2461133.048290567 -13891382.351361861 -74585865.93430902 -6437910.987706691
2461133.048985011 -13835262.39096749 -74583395.6069077 -6437388.856181151
2461133.049679456 -13779097.30953772 -74580682.67537054 -6436845.782688735
2461133.050373901 -13722887.44941861 -74577727.03065567 -6436281.759827301
2461133.051068345 -13666633.010434851 -74574528.55803142 -6435696.778918479
2461133.051762789 -13610334.06954687 -74571087.13845764 -6435090.830234607
2461133.052457234 -13553990.77849167 -74567402.65344264 -6434463.904509765
2461133.053151678 -13497603.323589519 -74563474.98405994 -6433815.992632859
2461133.053846123 -13441171.865150131 -74559304.00945444 -6433147.085183955
2461133.054540567 -13384696.56121883 -74554889.60742886 -6432457.172616021
2461133.055235012 -13328177.571266929 -74550231.65452093 -6431746.24528208
2461133.055929456 -13271615.055297699 -74545330.02598058 -6431014.293428266
2461133.056623900 -13215009.17283158 -74540184.59574468 -6430261.307185985
2461133.057318345 -13158360.0833701 -74534795.23644361 -6429487.276575131
2461133.058012790 -13101667.94639937 -74529161.81939788 -6428692.191503844
2461133.058707234 -13044932.921393791 -74523284.21461509 -6427876.041768046
2461133.059401678 -12988155.167819519 -74517162.29078625 -6427038.817051481
2461133.060096123 -12931334.84513816 -74510795.91528232 -6426180.50692516
2461133.060790567 -12874472.112810351 -74504184.95415103 -6425301.100847254
2461133.061485012 -12817567.13029937 -74497329.27211305 -6424400.5881628
2461133.062179456 -12760620.05707477 -74490228.7325585 -6423478.958103289
2461133.062873900 -12703631.052616019 -74482883.19754347 -6422536.199786529
2461133.063568345 -12646600.27641614 -74475292.52778623 -6421572.302216311
2461133.064262789 -12589527.88798539 -74467456.58266364 -6420587.254281996
2461133.064957234 -12532414.0468549 -74459375.22020738 -6419581.044758459
2461133.065651678 -12475258.912580341 -74451048.29710008 -6418553.662305578
2461133.066346123 -12418062.64474565 -74442475.66867176 -6417505.095467921
2461133.067040567 -12360825.40296668 -74433657.18889566 -6416435.332674715
2461133.067735012 -12303547.34689495 -74424592.71038462 -6415344.362239128
2461133.068429456 -12246228.63622132 -74415282.08438689 -6414232.1723582605
2461133.069123900 -12188869.43067974 -74405725.1607823 -6413098.7511127135
2461133.069818345 -12131469.890051011 -74395921.78807826 -6411944.086466287
2461133.070512789 -12074030.17416648 -74385871.81340545 -6410768.166265614
2461133.071207234 -12016550.44291189 -74375575.08251391 -6409570.978239837
2461133.071901678 -11959030.85623103 -74365031.43976891 -6408352.510000379
2461133.072596123 -11901471.57412965 -74354240.72814651 -6407112.749040396
2461133.073290567 -11843872.75667919 -74343202.78922945 -6405851.682734679
2461133.073985012 -11786234.56402061 -74331917.46320292 -6404569.298339134
2461133.074679456 -11728557.15636822 -74320384.58884996 -6403265.5829904685
2461133.075373901 -11670840.694013499 -74308604.00354737 -6401940.523705907
2461133.076068345 -11613085.33732899 -74296575.54326108 -6400594.107382719
2461133.076762789 -11555291.246772131 -74284299.04254162 -6399226.320797945
2461133.077457234 -11497458.58288912 -74271774.33451974 -6397837.150608037
2461133.078151678 -11439587.506318899 -74259001.25090171 -6396426.583348428
2461133.078846123 -11381678.177796941 -74245979.62196471 -6394994.605433199
2461133.079540567 -11323730.758159291 -74232709.27655223 -6393541.203154673
2461133.080235011 -11265745.40834641 -74219190.04206914 -6392066.362683072
2461133.080929456 -11207722.2894072 -74205421.74447717 -6390570.070066075
2461133.081623901 -11149661.56250295 -74191404.20828986 -6389052.311228504
2461133.082318345 -11091563.388911331 -74177137.25656787 -6387513.071971934
2461133.083012789 -11033427.9300304 -74162620.7109138 -6385952.3379741255
2461133.083707234 -10975255.3473826 -74147854.39146757 -6384370.094788818
2461133.084401678 -10917045.80261884 -74132838.11690103 -6382766.327845303
2461133.085096123 -10858799.45752251 -74117571.70441313 -6381141.022447842
2461133.085790567 -10800516.47401359 -74102054.96972463 -6379494.163775496
2461133.086485012 -10742197.014152711 -74086287.72707301 -6377825.736881507
2461133.087179456 -10683841.24014529 -74070269.7892073 -6376135.726692962
2461133.087873900 -10625449.314345641 -74054000.9673825 -6374424.118010382
2461133.088568345 -10567021.39926112 -74037481.07135473 -6372690.895507207
2461133.089262790 -10508557.65755632 -74020709.9093753 -6370936.043729471
2461133.089957234 -10450058.25205722 -74003687.28818558 -6369159.547095263
2461133.090651678 -10391523.34575541 -73986413.0130115 -6367361.389894315
2461133.091346123 -10332953.10181229 -73968886.88755786 -6365541.556287611
2461133.092040567 -10274347.68356339 -73951108.71400282 -6363700.030306809
2461133.092735012 -10215707.254522528 -73933078.29299223 -6361836.795853884
2461133.093429456 -10157031.97838619 -73914795.42363374 -6359951.83670066
2461133.094123900 -10098322.01903779 -73896259.90349133 -6358045.136488221
2461133.094818345 -10039577.540552 -73877471.52857922 -6356116.678726605
2461133.095512789 -9980798.707199143 -73858430.09335606 -6354166.446794221
2461133.096207234 -9921985.68344952 -73839135.39071903 -6352194.423937406
2461133.096901678 -9863138.633977834 -73819587.21199776 -6350200.5932698995
2461133.097596123 -9804257.723667607 -73799785.34694831 -6348184.937772385
2461133.098290567 -9745343.117615612 -73779729.58374707 -6346147.440291999
2461133.098985012 -9686394.98113636 -73759419.70898443 -6344088.083541768
2461133.099679456 -9627413.479766581 -73738855.5076588 -6342006.8501002025
2461133.100373900 -9568398.779269736 -73718036.76317005 -6339903.722410687
2461133.101068345 -9509351.045640571 -73696963.2573133 -6337778.682781023
2461133.101762789 -9450270.445109671 -73675634.77027245 -6335631.713382835
2461133.102457234 -9391157.144148061 -73654051.08061367 -6333462.796251188
2461133.103151678 -9332011.309471823 -73632211.96527894 -6331271.913283843
2461133.103846123 -9272833.108046725 -73610117.19957934 -6329059.046240938
2461133.104540567 -9213622.707092918 -73587766.55718839 -6326824.176744296
2461133.105235012 -9154380.274089612 -73565159.81013541 -6324567.286276906
2461133.105929456 -9095105.976779824 -73542296.7287986 -6322288.356182446
2461133.106623901 -9035799.983175097 -73519177.08189827 -6319987.367664544
2461133.107318345 -8976462.461560328 -73495800.63648982 -6317664.3017864805
2461133.108012789 -8917093.580498528 -73472167.15795682 -6315319.139470423
2461133.108707234 -8857693.508835705 -73448276.41000389 -6312951.861496822
2461133.109401678 -8798262.415705707 -73424128.15464967 -6310562.448503973
2461133.110096123 -8738800.470535131 -73399722.15221953 -6308150.880987363
2461133.110790567 -8679307.843048248 -73375058.16133827 -6305717.139299108
2461133.111485011 -8619784.70327197 -73350135.93892291 -6303261.203647216
2461133.112179456 -8560231.221540837 -73324955.24017528 -6300783.054095206
2461133.112873901 -8500647.568502035 -73299515.81857431 -6298282.670561341
2461133.113568345 -8441033.91512045 -73273817.42586894 -6295760.032818031
2461133.114262789 -8381390.432683784 -73247859.81207003 -6293215.120491306
2461133.114957234 -8321717.292807638 -73221642.725443 -6290647.913060053
2461133.115651678 -8262014.66744067 -73195165.91249998 -6288058.389855494
2461133.116346123 -8202282.728869819 -73168429.11799192 -6285446.530060486
2461133.117040567 -8142521.649725484 -73141432.0849008 -6282812.312708873
2461133.117735012 -8082731.602986807 -73114174.5544315 -6280155.716684941
2461133.118429456 -8022912.761986954 -73086656.26600392 -6277476.720722578
2461133.119123900 -7963065.300418455 -73058876.95724486 -6274775.303404723
2461133.119818345 -7903189.392338552 -73030836.36397958 -6272051.443162778
2461133.120512790 -7843285.212174609 -73002534.22022384 -6269305.118275697
2461133.121207234 -7783352.934729557 -72973970.25817527 -6266536.306869563
2461133.121901678 -7723392.735187359 -72945144.20820515 -6263744.986916692
2461133.122596123 -7663404.789118535 -72916055.7988498 -6260931.136235085
2461133.123290567 -7603389.272485697 -72886704.75680202 -6258094.732487593
2461133.123985012 -7543346.361649168 -72857090.80690235 -6255235.7531813895
2461133.124679456 -7483276.233372589 -72827213.67213042 -6252354.175667038
2461133.125373900 -7423179.064828618 -72797073.07359612 -6249449.977137938
2461133.126068345 -7363055.033604616 -72766668.73053053 -6246523.134629551
2461133.126762789 -7302904.317708424 -72736000.36027716 -6243573.6250185985
2461133.127457234 -7242727.095574151 -72705067.67828268 -6240601.425022414
2461133.128151678 -7182523.546068014 -72673870.39808786 -6237606.511198112
2461133.128846123 -7122293.848494223 -72642408.2313183 -6234588.859941938
2461133.129540567 -7062038.182600911 -72610680.88767494 -6231548.447488396
2461133.130235012 -7001756.728586104 -72578688.07492505 -6228485.249909507
2461133.130929456 -6941449.667103716 -72546429.49889222 -6225399.243114079
2461133.131623900 -6881117.179269643 -72513904.86344709 -6222290.402846858
2461133.132318345 -6820759.446667876 -72481113.8704976 -6219158.704687801
2461133.133012789 -6760376.651356945 -72448056.2199793 -6216004.124051258
2461133.133707234 -6699968.975875044 -72414731.60984504 -6212826.636185035
2461133.134401678 -6639536.603247037 -72381139.73605515 -6209626.216169777
2461133.135096123 -6579079.716991976 -72347280.29256842 -6206402.838918122
2461133.135790567 -6518598.50113091 -72313152.97133264 -6203156.479173878
2461133.136485012 -6458093.14018304 -72278757.46226846 -6199887.111510801
2461133.137179456 -6397563.819178194 -72244093.45326234 -6196594.710331883
2461133.137873901 -6337010.723677552 -72209160.63016488 -6193279.249869425
2461133.138568345 -6276434.03978478 -72173958.67678264 -6189940.7041844465
2461133.139262789 -6215833.954110365 -72138487.27484298 -6186579.047163334
2461133.139957234 -6155210.653773709 -72102746.10398033 -6183194.252516805
2461133.140651678 -6094564.326446181 -72066734.84174687 -6179786.293781028
2461133.141346123 -6033895.16038912 -72030453.16361986 -6176355.144318481
2461133.142040567 -5973203.344427318 -71993900.74297121 -6172900.77731508
2461133.142735011 -5912489.067933457 -71957077.25104308 -6169423.165778244
2461133.143429456 -5851752.5208441885 -71919982.35694209 -6165922.282536278
2461133.144123901 -5790993.893682985 -71882615.72763719 -6162398.100238399
2461133.144818345 -5730213.377562592 -71844977.02794558 -6158850.591353574
2461133.145512789 -5669411.164187196 -71807065.92051819 -6155279.728169262
2461133.146207234 -5608587.4458609745 -71768882.06582901 -6151685.482790537
2461133.146901678 -5547742.415496919 -71730425.12216395 -6148067.827139253
2461133.147596123 -5486876.266623694 -71691694.74560907 -6144426.732952972
2461133.148290567 -5425989.193392565 -71652690.59003805 -6140762.171784027
2461133.148985012 -5365081.390584981 -71613412.30710031 -6137074.114998526
2461133.149679456 -5304153.053620122 -71573859.5462089 -6133362.5337753
2461133.150373900 -5243204.378562403 -71534031.954528 -6129627.399105007
2461133.151068345 -5182235.562129097 -71493929.17696062 -6125868.681788965
2461133.151762790 -5121246.801698015 -71453550.85613585 -6122086.352438255
2461133.152457234 -5060238.295315253 -71412896.6323965 -6118280.3814726295
2461133.153151678 -4999210.241702996 -71371966.14378598 -6114450.739119402
2461133.153846123 -4938162.8402674245 -71330759.02603556 -6110597.395412526
2461133.154540567 -4877096.291106643 -71289274.91255131 -6106720.320191402
2461133.155235012 -4816010.795018735 -71247513.43440086 -6102819.483099869
2461133.155929456 -4754906.553509828 -71205474.22030023 -6098894.853585058
2461133.156623900 -4693783.768802297 -71163156.89660032 -6094946.400896398
2461133.157318345 -4632642.643842982 -71120561.08727342 -6090974.094084388
2461133.158012789 -4571483.382311532 -71077686.4138996 -6086977.901999548
2461133.158707234 -4510306.188628772 -71034532.49565277 -6082957.7932912335
2461133.159401678 -4449111.267965213 -70991098.94928686 -6078913.736406586
2461133.160096123 -4387898.826249572 -70947385.38912179 -6074845.699589281
2461133.160790567 -4326669.070177417 -70903391.42702924 -6070753.650878451
2461133.161485012 -4265422.20721987 -70859116.67241816 -6066637.558107432
2461133.162179456 -4204158.44563241 -70814560.73222068 -6062497.388902619
2461133.162873900 -4142877.9944637325 -70769723.21087714 -6058333.110682303
2461133.163568345 -4081581.06356472 -70724603.7103216 -6054144.690655397
2461133.164262789 -4020267.863597475 -70679201.82996683 -6049932.095820266
2461133.164957234 -3958938.606044452 -70633517.16668929 -6045695.29296345
2461133.165651678 -3897593.5032176683 -70587549.31481408 -6041434.248658501
2461133.166346123 -3836232.76826801 -70541297.8660995 -6037148.929264611
2461133.167040567 -3774856.615194623 -70494762.40972169 -6032839.300925502
2461133.167735012 -3713465.258854393 -70447942.53225896 -6028505.329567965
2461133.168429456 -3652058.914971522 -70400837.81767601 -6024146.98090071
2461133.169123901 -3590637.8001471898 -70353447.84730817 -6019764.220413006
2461133.169818345 -3529202.13186932 -70305772.19984524 -6015357.013373374
2461133.170512789 -3467752.128522431 -70257810.45131515 -6010925.324828276
2461133.171207234 -3406288.009397591 -70209562.1750679 -6006469.119600748
2461133.171901678 -3344809.994702469 -70161026.94175872 -6001988.362289012
2461133.172596123 -3283318.305571484 -70112204.31933163 -5997483.017265203
2461133.173290567 -3221813.164076053 -70063093.87300241 -5992953.048673939
2461133.173985011 -3160294.793234943 -70013695.16524164 -5988398.420430861
2461133.174679456 -3098763.417024733 -69964007.75575766 -5983819.096221363
2461133.175373901 -3037219.26039037 -69914031.20147896 -5979215.039499064
2461133.176068345 -2975662.549255828 -69863765.05653687 -5974586.213484421
2461133.176762789 -2914093.510534903 -69813208.87224784 -5969932.581163244
2461133.177457234 -2852512.372142073 -69762362.19709557 -5965254.105285272
2461133.178151678 -2790919.3630035077 -69711224.57671294 -5960550.748362646
2461133.178846123 -2729314.71306817 -69659795.55386385 -5955822.472668511
2461133.179540567 -2667698.653319033 -69608074.66842481 -5951069.240235411
2461133.180235012 -2606071.415784424 -69556061.45736648 -5946291.012853773
2461133.180929456 -2544433.233549469 -69503755.45473461 -5941487.75207049
2461133.181623900 -2482784.3407676653 -69451156.1916315 -5936659.419187196
2461133.182318345 -2421124.972672574 -69398263.1961967 -5931805.975258856
2461133.183012790 -2359455.365589633 -69345075.99358758 -5926927.3810920715
2461133.183707234 -2297775.75694809 -69291594.10596009 -5922023.597243533
2461133.184401678 -2236086.385293067 -69237817.05244888 -5917094.584018436
2461133.185096123 -2174387.490297749 -69183744.34914742 -5912140.301468775
2461133.185790567 -2112679.312775699 -69129375.50908804 -5907160.709391799
2461133.186485012 -2050962.0946933068 -69074710.0422215 -5902155.767328186
2461133.187179456 -1989236.079182369 -69019747.45539667 -5897125.434560603
2461133.187873900 -1927501.510552804 -68964487.25233957 -5892069.670111771
2461133.188568345 -1865758.634305497 -68908928.9336328 -5886988.432742921
2461133.189262789 -1804007.697145298 -68853071.99669416 -5881881.680952039
2461133.189957234 -1742248.946994142 -68796915.93575552 -5876749.372971983
2461133.190651678 -1680482.6330043229 -68740460.24184118 -5871591.466768903
2461133.191346123 -1618709.005571905 -68683704.40274614 -5866407.920040383
2461133.192040567 -1556928.316350288 -68626647.90301414 -5861198.690213597
2461133.192735012 -1495140.818263906 -68569290.22391553 -5855963.734443557
2461133.193429456 -1433346.765522098 -68511630.84342471 -5850703.009611297
2461133.194123900 -1371546.413633107 -68453669.23619767 -5845416.472321911
2461133.194818345 -1309740.01941825 -68395404.87354892 -5840104.078902772
2461133.195512789 -1247927.841026243 -68336837.22342855 -5834765.785401666
2461133.196207234 -1186110.1379476741 -68277965.75039889 -5829401.54758473
2461133.196901678 -1124287.17102965 -68218789.91561079 -5824011.320934729
2461133.197596123 -1062459.202490601 -68159309.17677988 -5818595.060648942
2461133.198290567 -1000626.495935252 -68099522.98816259 -5813152.721637241
2461133.198985012 -938789.3163697575 -68039430.80053173 -5807684.258520189
2461133.199679456 -876947.9302170171 -67979032.06115195 -5802189.625626848
2461133.200373901 -815102.6053321571 -67918326.21375498 -5796668.776992941
2461133.201068345 -753253.6110181857 -67857312.69851454 -5791121.666358657
2461133.201762789 -691401.2180418351 -67795990.95202105 -5785548.247166658
2461133.202457234 -629545.6986495744 -67734360.40725586 -5779948.472559965
2461133.203151678 -567687.3265838142 -67672420.49356574 -5774322.295379814
2461133.203846123 -505826.3770992922 -67610170.63663644 -5768669.668163566
2461133.204540567 -443963.1269796494 -67547610.25846645 -5762990.543142528
2461133.205235011 -382097.85455419763 -67484738.77734032 -5757284.872239758
2461133.205929456 -320230.8397148824 -67421555.60780165 -5751552.607067857
2461133.206623901 -258362.3639334406 -67358060.160626 -5745793.698926784
2461133.207318345 -196492.71027876178 -67294251.84279321 -5740008.098801554
2461133.208012789 -134622.1634344507 -67230130.05745979 -5734195.75735998
2461133.208707234 -72751.0097165946 -67165694.20393054 -5728356.624950426
2461133.209401678 -10879.5370917426 -67100943.67763052 -5722490.651599364
2461133.210096123 50991.964804904266 -67035877.87007606 -5716597.787009178
2461133.210790567 112863.2046510863 -66970496.168845974 -5710677.980555647
2461133.211485012 174733.88941886098 -66904797.95755203 -5704731.181285697
2461133.212179456 236603.72435575642 -66838782.61580964 -5698757.337914845
2461133.212873900 298472.4129656988 -66772449.5192077 -5692756.398824826
2461133.213568345 360339.6569897124 -66705798.03927835 -5686728.312061088
2461133.214262790 422205.1563863848 -66638827.54346661 -5680673.025330303
2461133.214957234 484068.60931210086 -66571537.39509919 -5674590.485997895
2461133.215651678 545929.7121010324 -66503926.953353524 -5668480.641085374
2461133.216346123 607788.1592448876 -66435995.57322601 -5662343.437267853
2461133.217040567 669643.6433724138 -66367742.60550023 -5656178.820871366
2461133.217735012 731495.8552286511 -66299167.39671468 -5649986.737870331
2461133.218429456 793344.4836539275 -66230269.28913007 -5643767.133884773
2461133.219123900 855189.2155626005 -66161047.62069655 -5637519.954177671
2461133.219818345 917029.7359215354 -66091501.72502018 -5631245.143652326
2461133.220512789 978865.7277283162 -66021630.9313295 -5624942.646849431
2461133.221207234 1040696.871989185 -65951434.56444127 -5618612.407944442
2461133.221901678 1102522.847696717 -65880911.94472615 -5612254.3707447145
2461133.222596123 1164343.331807196 -65810062.388074 -5605868.478686654
2461133.223290567 1226157.9992177351 -65738885.205858536 -5599454.674832817
2461133.223985012 1287966.522743084 -65667379.704901874 -5593012.90186905
2461133.224679456 1349768.573092158 -65595545.1874385 -5586543.102101579
2461133.225373900 1411563.818844276 -65523380.9510791 -5580045.217453946
2461133.226068345 1473351.926425076 -65450886.28877356 -5573519.18946407
2461133.226762789 1535132.560082147 -65378060.48877402 -5566964.959281202
2461133.227457234 1596905.381860347 -65304902.83459708 -5560382.467662897
2461133.228151678 1658670.051576786 -65231412.60498606 -5553771.6549718175
2461133.228846123 1720426.226795518 -65157589.073872305 -5547132.461172689
2461133.229540567 1782173.5628018822 -65083431.51033664 -5540464.825829044
2461133.230235012 1843911.712576526 -65008939.17856987 -5533768.688100085
2461133.230929456 1905640.326769093 -64934111.33783299 -5527043.98673743
2461133.231623901 1967359.053671567 -64858947.24241733 -5520290.660081806
2461133.232318345 2029067.539191258 -64783446.141603515 -5513508.64605973
2461133.233012789 2090765.4268234628 -64707607.27962071 -5506697.882180179
2461133.233707234 2152452.357623738 -64631429.895604886 -5499858.305531161
2461133.234401678 2214127.970179827 -64554913.2235568 -5492989.8527763905
2461133.235096123 2275791.900583213 -64478056.49229954 -5486092.4601516565
2461133.235790567 2337443.782400299 -64400858.925435506 -5479166.063461464
2461133.236485011 2399083.246643194 -64323319.741302885 -5472210.598075344
2461133.237179456 2460709.921740129 -64245438.152931705 -5465225.998924394
2461133.237873901 2522323.4335054606 -64167213.36799933 -5458212.200497594
2461133.238568345 2583923.405109298 -64088644.58878538 -5451169.136838158
2461133.239262789 2645509.457046688 -64009731.012126274 -5444096.74153972
2461133.239957234 2707081.207106419 -63930471.8293692 -5436994.947742715
2461133.240651678 2768638.270339381 -63850866.226325385 -5429863.6881305175
2461133.241346123 2830180.259026519 -63770913.383223034 -5422702.89492558
2461133.242040567 2891706.78264633 -63690612.47465968 -5415512.499885582
2461133.242735012 2953217.447841925 -63609962.6695539 -5408292.434299427
2461133.243429456 3014711.858387649 -63528963.131096356 -5401042.62898341
2461133.244123900 3076189.6151552377 -63447613.01670068 -5393763.01427699
2461133.244818345 3137650.316079509 -63365911.47795322 -5386453.5200388925
2461133.245512790 3199093.556123577 -63283857.66056266 -5379114.075642875
2461133.246207234 3260518.927243602 -63201450.70430881 -5371744.60997363
2461133.246901678 3321926.0183530333 -63118689.74299068 -5364345.051422515
2461133.247596123 3383314.415286357 -63035573.90437435 -5356915.327883322
2461133.248290567 3444683.700762363 -62952102.3101397 -5349455.366747905
2461133.248985012 3506033.454346853 -62868274.07582698 -5341965.094901865
2461133.249679456 3567363.252414876 -62784088.31078224 -5334444.438720098
2461133.250373900 3628672.668112386 -62699544.11810263 -5326893.324062345
2461133.251068345 3689961.2713173945 -62614640.59458065 -5319311.676268607
2461133.251762789 3751228.6286005517 -62529376.830647856 -5311699.420154662
2461133.252457234 3812474.303185178 -62443751.91031793 -5304056.480007283
2461133.253151678 3873697.854906715 -62357764.911129005 -5296382.779579642
2461133.253846123 3934898.840171615 -62271414.9040852 -5288678.242086593
2461133.254540567 3996076.699414651 -62184700.99596944 -5280942.518146806
2461133.255235012 4057227.918972433 -62097623.39821142 -5273168.122637861
2461133.255929456 4118356.512691071 -62010179.479065254 -5265365.781716042
2461133.256623900 4179465.931767547 -61922366.810523495 -5257544.869113484
2461133.257318345 4240546.235887219 -61834187.999249525 -5249682.383893463
2461133.258012789 4301507.509883212 -61745675.74264405 -5241561.95774968
2461133.258707234 4362481.381713585 -61656779.3476846 -5233502.915350775
2461133.259401678 4423577.805141048 -61567456.266490586 -5225772.1861890275
2461133.260096123 4484599.541418797 -61477779.56142211 -5217893.925420889
2461133.260790567 4545042.611028239 -61387937.67228934 -5208650.667254853
2461133.261485012 4605681.704840328 -61297637.9799835 -5199916.544069656
2461133.262179456 4667070.9327472355 -61206670.74572634 -5193032.466431669
2461133.262873901 4728223.637095639 -61115405.96940691 -5185613.971253813
2461133.263568345 4788389.410007213 -61024125.24447538 -5175847.343878271
2461133.264262789 4849085.837182048 -60932257.19479257 -5167402.193072016
2461133.264957234 4910448.459694949 -60839748.98521628 -5160607.961317834
2461133.265651678 4971229.496132721 -60747067.664054915 -5152449.996301442
2461133.266346123 5031375.6179052405 -60654232.09317246 -5142800.464235304
2461133.267040567 5091930.512434165 -60560849.20254787 -5134183.157357442
2461133.267735011 5152695.276112417 -60466992.38322552 -5126118.501194585
2461133.268429456 5213317.953495907 -60372792.4535153 -5117757.019386543
2461133.269123901 5273796.706312067 -60278248.818507366 -5109095.458425891
2461133.269818345 5334322.354644586 -60183288.57307709 -5100596.212495981
2461133.270512789 5394844.786109144 -60087929.21421472 -5092139.379364831
2461133.271207234 5455328.456041142 -59992182.76070096 -5083640.277477407
2461133.271901678 5515772.8606890915 -59896048.07353317 -5075098.924330451
2461133.272596123 5576184.056965305 -59799521.54323243 -5066531.203077583
2461133.273290567 5636559.659238043 -59702602.71590615 -5057932.6054072585
2461133.273985012 5696898.136917606 -59605290.80660122 -5049300.700519969
2461133.274679456 5757198.921096055 -59507584.65919303 -5040635.392997276
2461133.275373900 5817461.437809771 -59409483.10879913 -5031936.58670193
2461133.276068345 5877685.107973161 -59310984.98169117 -5023204.184770908
2461133.276762790 5937869.347311257 -59212089.09520655 -5014438.089608091
2461133.277457234 5998013.566291262 -59112794.257658176 -5005638.2028770605
2461133.278151678 6058117.170053019 -59013099.26824349 -4996804.425493701
2461133.278846123 6118179.558338314 -58913002.91695195 -4987936.65761863
2461133.279540567 6178200.125419109 -58812503.98447146 -4979034.79864974
2461133.280235012 6238178.2600245755 -58711601.242093496 -4970098.747214379
2461133.280929456 6298113.345266943 -58610293.45161676 -4961128.401161717
2461133.281623900 6358004.758566183 -58508579.36524979 -4952123.657554661
2461133.282318345 6417851.871573424 -58406457.72551223 -4943084.412661974
2461133.283012789 6477654.050093131 -58303927.26513428 -4934010.561950144
2461133.283707234 6537410.654004031 -58200986.7069554 -4924902.000075174
2461133.284401678 6597121.0371786775 -58097634.76382132 -4915758.620874141
2461133.285096123 6656784.54740177 -57993870.13847942 -4906580.317356889
2461133.285790567 6716400.526287053 -57889691.523473114 -4897366.981697378
2461133.286485012 6775968.309192757 -57785097.60103452 -4888118.505225022
2461133.287179456 6835487.225135593 -57680087.04297597 -4878834.778415952
2461133.287873900 6894956.596704898 -57574658.51057693 -4869515.690883774
2461133.288568345 6954375.739971961 -57468810.65447565 -4860161.13137091
2461133.289262789 7013743.964396933 -57362542.11456093 -4850770.98773983
2461133.289957234 7073060.572734794 -57255851.51986121 -4841345.146964188
2461133.290651678 7132324.860980762 -57148737.488355435 -4831883.495112823
2461133.291346123 7191536.118222637 -57041198.626953095 -4822385.917349129
2461133.292040567 7250693.626522002 -56933233.5314159 -4812852.297924823
2461133.292735012 7309796.660859668 -56824840.78615415 -4803282.520162971
2461133.293429456 7368844.489188409 -56716018.963818 -4793676.466422854
2461133.294123901 7427836.372066619 -56606766.625666775 -4784034.018133494
2461133.294818345 7486771.562529397 -56497082.321489796 -4774355.055787509
2461133.295512789 7545649.306264299 -56386964.58895234 -4764639.458884485
2461133.296207234 7604468.841471922 -56276411.95352478 -4754887.105925692
2461133.296901678 7663229.398419703 -56165422.9289802 -4745097.874458963
2461133.297596123 7721930.199568296 -56053996.01681685 -4735271.641028707
2461133.298290567 7780570.459623551 -55942129.70581391 -4725408.281137839
2461133.298985011 7839149.385200019 -55829822.47230642 -4715507.669272989
2461133.299679456 7897666.174639625 -55717072.7801652 -4705569.678903841
2461133.300373901 7956120.018044303 -55603879.08037103 -4695594.18244662
2461133.301068345 8014510.097149919 -55490239.81087917 -4685581.0512532955
2461133.301762789 8072835.585151877 -55376153.39656781 -4675530.15560807
2461133.302457234 8131095.646576134 -55261618.249095425 -4665441.364715982
2461133.303151678 8189289.437178025 -55146632.76669966 -4655314.546686299
2461133.303846123 8247416.1038045315 -55031195.334058 -4645149.568521396
2461133.304540567 8305474.784259986 -54915304.32213505 -4634946.296104495
2461133.305235012 8363464.607171296 -54798958.08802411 -4624704.594186871
2461133.305929456 8421384.69185159 -54682154.9747844 -4614424.326374756
2461133.306623900 8479234.148160143 -54564893.31127813 -4604105.355116222
2461133.307318345 8537012.076360002 -54447171.4120048 -4593747.541687775
2461133.308012790 8594717.566973025 -54328987.5769322 -4583350.746180844
2461133.308707234 8652349.700632166 -54210340.09132571 -4572914.82748801
2461133.309401678 8709907.547930993 -54091227.225574285 -4562439.643288915
2461133.310096123 8767390.169270193 -53971647.235014684 -4551925.050036276
2461133.310790567 8824796.614702193 -53851598.3597503 -4541370.90294118
2461133.311485012 8882125.923771769 -53731078.8244698 -4530777.05595853
2461133.312179456 8939377.125352599 -53610086.83826511 -4520143.361772436
2461133.312873900 8996549.23748052 -53488620.59444695 -4509469.6717814
2461133.313568345 9053641.267193414 -53366678.27033578 -4498755.836081403
2461133.314262789 9110652.210357333 -53244258.02707298 -4488001.703450729
2461133.314957234 9167581.051477488 -53121358.00945494 -4477207.121336884
2461133.315651678 9224426.763513498 -52997976.34574706 -4466371.935841736
2461133.316346123 9281188.30773203 -52874111.14740514 -4455495.99169863
2461133.317040567 9337864.633535257 -52749760.50883863 -4444579.132253046
2461133.317735012 9394454.678238818 -52624922.50727295 -4433621.199452227
2461133.318429456 9450957.366847267 -52499595.20260622 -4422622.033834061
2461133.319123900 9507371.611880623 -52373776.6371423 -4411581.47450538
2461133.319818345 9563696.313201977 -52247464.83530945 -4400499.359118814
2461133.320512789 9619930.357805617 -52120657.80345284 -4389375.52385647
2461133.321207234 9676072.61959384 -51993353.52963929 -4378209.803414262
2461133.321901678 9732121.959165527 -51865549.98342337 -4367002.030983316
2461133.322596123 9788077.223605754 -51737245.11559812 -4355752.038229813
2461133.323290567 9843937.246263165 -51608436.857959025 -4344459.65527615
2461133.323985012 9899700.84652279 -51479123.12306423 -4333124.710681579
2461133.324679456 9955366.829575775 -51349301.80398711 -4321747.03142262
2461133.325373901 10010933.98618498 -51218970.77406371 -4310326.442872676
2461133.326068345 10066401.092444891 -51088127.88663783 -4298862.768781613
2461133.326762789 10121766.90953676 -50956770.97480106 -4287355.831255023
2461133.327457234 10177030.183478769 -50824897.85112873 -4275805.450733027
2461133.328151678 10232189.6448709 -50692506.30741099 -4264211.445968827
2461133.328846123 10287244.00863459 -50559594.11437962 -4252573.634006709
2461133.329540567 10342191.97374683 -50426159.021429844 -4240891.830159992
2461133.330235011 10397032.22296874 -50292198.75633765 -4229165.847988272
2461133.330929456 10451763.42256833 -50157711.02497199 -4217395.499274422
2461133.331623901 10506384.222037481 -50022693.51100209 -4205580.594001261
2461133.332318345 10560893.25380276 -49887143.87559958 -4193720.9403277556
2461133.333012789 10615289.13293016 -49751059.75713555 -4181816.344564766
2461133.333707234 10669570.456823431 -49614438.77087216 -4169866.611150417
2461133.334401678 10723735.80491591 -49477278.50864877 -4157871.5426250817
2461133.335096123 10777783.73835568 -49339576.53856277 -4145830.9396059075
2461133.335790567 10831712.799683841 -49201330.404644415 -4133744.600760801
2461133.336485012 10885521.51250579 -49062537.62652604 -4121612.3227820788
2461133.337179456 10939208.3811552 -48923195.69910537 -4109433.900359665
2461133.337873900 10992771.890350739 -48783302.09220269 -4097209.1261536516
2461133.338568345 11046210.50484493 -48642854.2502119 -4084937.790766588
2461133.339262790 11099522.66906548 -48501849.59174525 -4072619.682715063
2461133.339957234 11152706.80674836 -48360285.50927152 -4060254.5884009893
2461133.340651678 11205761.32056278 -48218159.368747726 -4047842.292082139
2461133.341346123 11258684.59172765 -48075468.50924396 -4035382.5758424434
2461133.342040567 11311474.979619319 -47932210.242561445 -4022875.219561418
2461133.342735012 11364130.8213705 -47788381.852843456 -4010320.0008833343
2461133.343429456 11416650.43145986 -47643980.59617907 -3997716.6951855803
2461133.344123900 11469032.10129232 -47499003.70019944 -3985065.0755467
2461133.344818345 11521274.09876959 -47353448.36366673 -3972364.912713558
2461133.345512789 11573374.66785082 -47207311.75605506 -3959615.9750681333
2461133.346207234 11625332.028102899 -47060591.01712394 -3946818.028593556
2461133.346901678 11677144.37424039 -46913283.2564831 -3933970.836839657
2461133.347596123 11728809.8756545 -46765385.55314964 -3921074.160887692
2461133.348290567 11780326.675931022 -46616894.955096304 -3908127.759314517
2461133.348985012 11831692.892356811 -46467808.47879127 -3895131.388156096
2461133.349679456 11882906.6154145 -46318123.10872917 -3882084.800870303
2461133.350373900 11933965.908265071 -46167835.796952955 -3868987.7482989384
2461133.351068345 11984868.80621805 -46016943.46256647 -3855839.9786291653
2461133.351762789 12035613.31618882 -45865442.99123765 -3842641.237354159
2461133.352457234 12086197.4161428 -45713331.23469191 -3829391.267232886
2461133.353151678 12136619.05452602 -45560605.01019578 -3816089.808249269
2461133.353846123 12186876.14968173 -45407261.10002998 -3802736.5975705227
2461133.354540567 12236966.589252621 -45253296.25095263 -3789331.3695045756
2461133.355235012 12286888.229568299 -45098707.173651315 -3775873.8554568207
2461133.355929456 12336638.8950174 -44943490.54218453 -3762363.783885892
2461133.356623901 12386216.37740406 -44787642.99341165 -3748800.880258666
2461133.357318345 12435618.43528826 -44631161.12641188 -3735184.867004298
2461133.358012789 12484842.79330936 -44474041.50189098 -3721515.463467413
2461133.358707234 12533887.1414926 -44316280.641576335 -3707792.3858602988
2461133.359401678 12582749.13453777 -44157875.02759947 -3694015.347214236
2461133.360096123 12631426.391089762 -43998821.101866156 -3680184.057329787
2461133.360790567 12679916.4929902 -43839115.265413314 -3666298.222726089
2461133.361485011 12728216.98450977 -43678753.87775299 -3652357.546589099
2461133.362179456 12776325.371560449 -43517733.2562025 -3638361.72871893
2461133.362873901 12824239.12088721 -43356049.67520063 -3624310.4654758973
2461133.363568345 12871955.65923843 -43193699.36560988 -3610203.44972567
2461133.364262789 12919472.37251425 -43030678.5140036 -3596040.370783128
2461133.364957234 12966786.60489244 -42866983.26193848 -3581820.914355194
2461133.365651678 13013895.65793078 -42702609.70521162 -3567544.76248243
2461133.366346123 13060796.78964538 -42537553.89310165 -3553211.593479353
2461133.367040567 13107487.213564051 -42371811.827593766 -3538821.0818736353
2461133.367735012 13153964.097753981 -42205379.46258819 -3524372.8983439943
2461133.368429456 13200224.56382283 -42038252.70309158 -3509866.709656648
2461133.369123900 13246265.68589252 -41870427.40439094 -3495302.178600634
2461133.369818345 13292084.48954446 -41701899.3712097 -3480678.963921628
2461133.370512790 13337677.950735709 -41532664.35684526 -3465996.720254365
2461133.371207234 13383042.994684812 -41362718.06228781 -3451255.098053673
2461133.371901678 13428176.494726289 -41192056.13531968 -3436453.743523984
2461133.372596123 13473075.27113296 -41020674.1695949 -3421592.298547321
2461133.373290567 13517736.08993456 -40848567.703707136 -3406670.40064219
2461133.373985012 13562155.66903766 -40675732.22240442 -3391687.6908905627
2461133.374679456 13606330.65403299 -40502163.14883544 -3376643.7889705272
2461133.375373900 13650257.62721789 -40327855.846599326 -3361538.3043112718
2461133.376068345 13693933.139490189 -40152805.62854312 -3346370.872134328
2461133.376762789 13737353.97423392 -39977007.83373096 -3331141.440762865
2461133.377457234 13780516.22867988 -39800457.556479886 -3315849.277602374
2461133.378151678 13823415.67964355 -39623149.753271334 -3300493.366900586
2461133.378846123 13866049.16536363 -39445079.64875603 -3285073.9089105884
2461133.379540567 13908416.22592587 -39266243.21511204 -3269594.093388978
2461133.380235012 13950510.15472457 -39086634.5465421 -3254050.422220023
2461133.380929456 13992320.5222623 -38906246.597099856 -3238435.4371621497
2461133.381623900 14033848.267808981 -38725075.60900677 -3222754.050327885
2461133.382318345 14075111.93416952 -38543122.94592172 -3207030.3008974902
2461133.383012789 14116111.21480036 -38360384.43879981 -3191268.013384608
2461133.383707234 14156813.659685709 -38176846.46739435 -3175436.3798213
2461133.384401678 14197190.20043584 -37992496.2983896 -3159508.208823834
2461133.385096123 14237248.00838934 -37807331.67414689 -3143495.362625497
2461133.385790567 14277002.034452211 -37621352.56972989 -3127418.2090328718
2461133.386485012 14316449.74828648 -37434553.85314268 -3111278.455732037
2461133.387179456 14355579.32406638 -37246927.64781009 -3095067.9228653037
2461133.387873901 14394385.43796646 -37058467.9029485 -3078785.494340224
2461133.388568345 14432865.978009 -36869169.441385575 -3062433.5919473744
2461133.389262789 14471016.33510424 -36679026.30727973 -3046012.054062701
2461133.389957234 14508830.82271589 -36488032.17656283 -3029519.662594223
2461133.390651678 14546304.25214166 -36296180.81036396 -3012955.832422553
2461133.391346123 14583431.63796616 -36103465.96911626 -2996320.298755676
2461133.392040567 14620207.66979204 -35909881.2592249 -2979612.55428601
2461133.392735011 14656626.90499347 -35715420.187702164 -2962832.0585576147
2461133.393429456 14692683.8038799 -35520076.17125677 -2945978.2785174414
2461133.394123901 14728372.720203461 -35323842.53254098 -2929050.681478901
2461133.394818345 14763687.88528369 -35126712.49454626 -2912048.721375173
2461133.395512789 14798623.41005133 -34928679.18012686 -2894971.844262625
2461133.396207234 14833173.28168323 -34729735.60995169 -2877819.4881646116
2461133.396901678 14867331.36011972 -34529874.70040406 -2860591.0829114583
2461133.397596123 14901091.37445913 -34329089.261427104 -2843286.049976579
2461133.398290567 14934446.91922462 -34127371.99431442 -2825903.802308483
2461133.398985012 14967391.4504975 -33924715.48944296 -2808443.744158747
2461133.399679456 14999918.28191166 -33721112.22394765 -2790905.270905641
2461133.400373900 15032020.580502851 -33516554.55933528 -2773287.768873461
2461133.401068345 15063691.36240659 -33311034.739036273 -2755590.615147339
2461133.401762790 15094923.48839807 -33104544.885892093 -2737813.177383472
2461133.402457234 15125709.659267109 -32897076.999577053 -2719954.813614615
2461133.403151678 15156042.41102065 -32688622.95395172 -2702014.872050764
2461133.403846123 15185914.109905351 -32479174.494346898 -2683992.6908747912
2461133.404540567 15215316.94724192 -32268723.23477505 -2665887.5980330072
2461133.405235012 15244242.93406274 -32057260.65506816 -2647698.911020521
2461133.405929456 15272683.89554373 -31844778.097938858 -2629425.936661155
2461133.406623900 15300631.46522108 -31631266.76596338 -2611067.970881897
2461133.407318345 15328077.07898266 -31416717.71848355 -2592624.298481633
2461133.408012789 15355011.96882377 -31201121.86842563 -2574094.192894174
2461133.408707234 15381427.156355951 -30984469.97903377 -2555476.915945257
2461133.409401678 15407313.44605724 -30766752.660515282 -2536771.7176034823
2461133.410096123 15432661.418251429 -30547960.366595477 -2517977.835725063
2461133.410790567 15457461.42180328 -30328083.39097948 -2499094.4957921063
2461133.411485012 15481703.56651594 -30107111.86371819 -2480120.910644438
2461133.412179456 15505377.71521582 -29885035.74747593 -2461056.280204713
2461133.412873900 15528473.4755097 -29661844.83369693 -2441899.791196694
2461133.413568345 15550980.19119765 -29437528.73866806 -2422650.616856568
2461133.414262789 15572886.9333245 -29212076.899474543 -2403307.9166371548
2461133.414957234 15594182.490976391 -28985478.56983162 -2383870.83586737
2461133.415651678 15614855.36737415 -28757722.81513082 -2364338.50369519
2461133.416346123 15634893.74980676 -28528798.51041184 -2344710.038747873
2461133.417040567 15654285.51192264 -28298694.334340952 -2324984.5449376637
2461133.417735012 15673018.229729239 -28067398.76138958 -2305161.102944328
2461133.418429456 15691079.388025941 -27834900.03112224 -2285238.701085424
2461133.419123901 15708455.54201672 -27601186.24167951 -2265216.494405007
2461133.419818345 15725132.79251823 -27366245.28668993 -2245093.650780831
2461133.420512789 15741097.83454596 -27130064.723779973 -2224869.017546951
2461133.421207234 15756339.3843496 -26892631.5961202 -2204540.641597532
2461133.421901678 15770839.69381593 -26653933.44100679 -2184108.520220947
2461133.422596123 15784578.30611956 -26413957.83185615 -2163573.358404825
2461133.423290567 15797545.070012249 -26172690.81475595 -2142932.3674953813
2461133.423985011 15809747.27142438 -25930116.04909514 -2122176.974376025
2461133.424679456 15821172.91214537 -25686219.22364946 -2101305.203487047
2461133.425373901 15831778.83885313 -25440989.45748518 -2080325.3303369551
2461133.426068345 15841521.01071562 -25194415.61753787 -2059245.216365352
2461133.426762789 15850384.98531445 -24946482.62722468 -2038061.862631936
2461133.427457234 15858374.405375632 -24697172.878972933 -2016765.865037658
2461133.428151678 15865475.262934549 -24446470.57318548 -1995354.176726549
2461133.428846123 15871662.76697038 -24194360.86569713 -1973827.5207241462
2461133.429540567 15876913.771734169 -23940828.33383294 -1952185.740690204
2461133.430235012 15881210.22957892 -23685856.54428251 -1930426.529003671
2461133.430929456 15884531.113699209 -23429429.03167472 -1908548.41132637
2461133.431623900 15886853.80184472 -23171529.118859768 -1886550.234520973
2461133.432318345 15888155.04560975 -22912139.78619739 -1864430.7832935548
2461133.433012790 15888411.38048034 -22651243.60944529 -1842188.6111200561
2461133.433707234 15887598.32482746 -22388822.846456952 -1819822.333719308
2461133.434401678 15885690.55026271 -22124859.40391878 -1797330.550359618
2461133.435096123 15882661.869358009 -21859334.82620039 -1774711.8336390841
2461133.435790567 15878485.20812585 -21592230.28574774 -1751964.724471135
2461133.436485012 15873132.54695894 -21323526.57704471 -1729087.738784248
2461133.437179456 15866574.88253999 -21053204.107627667 -1706079.364931163
2461133.437873900 15858782.18205532 -20781242.8897137 -1682938.063186196
2461133.438568345 15849723.33464382 -20507622.53183624 -1659662.265297395
2461133.439262789 15839366.10000007 -20232322.23050636 -1636250.3740565951
2461133.439957234 15827677.053933019 -19955320.7619358 -1612700.762891435
2461133.440651678 15814621.53066591 -19676596.4738641 -1589011.775484049
2461133.441346123 15800163.56164527 -19396127.277538158 -1565181.72542193
2461133.442040567 15784265.810608448 -19113890.63990054 -1541208.895887161
2461133.442735012 15766889.504637841 -18829863.57605134 -1517091.539391002
2461133.443429456 15747994.360907711 -18544022.64205839 -1492827.877561768
2461133.444123900 15727538.50880464 -18256343.92820143 -1468416.100995256
2461133.444818345 15705478.40707537 -17966803.05274931 -1443854.369177882
2461133.445512789 15681768.75562674 -17675375.15638369 -1419140.810494398
2461133.446207234 15656362.40156919 -17382034.89739931 -1394273.52233353
2461133.446901678 15629210.239060491 -17086756.44783083 -1369250.57130679
2461133.447596123 15600261.10246695 -16789513.49067749 -1344069.993597745
2461133.448290567 15569461.65231677 -16490279.218422951 -1318729.795461488
2461133.448985012 15536756.253473341 -16189026.333076041 -1293227.9538968059
2461133.449679456 15502086.844904691 -15885727.04799205 -1267562.417516629
2461133.450373901 15465392.80036891 -15580353.091772031 -1241731.107645943
2461133.451068345 15426610.77927299 -15272875.71458219 -1215731.9196805449
2461133.451762789 15385674.56689473 -14963265.697285729 -1189562.724744582
2461133.452457234 15342514.903081799 -14651493.36383838 -1163221.3716904751
2461133.453151678 15297059.298460022 -14337528.59746621 -1136705.689490788
2461133.453846123 15249231.837092089 -14021340.86122229 -1110013.490079026
2461133.454540567 15198952.96442867 -13702899.22360902 -1083142.571704449
2461133.455235011 15146139.25928402 -13382172.39005724 -1056090.722875668
2461133.455929456 15090703.18844858 -13059128.741173951 -1028855.7269787
2461133.456623901 15032552.842419311 -12733736.37881132 -1001435.367667948
2461133.457318345 14971591.650583731 -12405963.18117185 -973827.435143422
2461133.458012789 14907718.07403644 -12075776.86835469 -946029.7334445004
2461133.458707234 14840825.274033599 -11743145.079968281 -918040.0889105558
2461133.459401678 14770800.753903382 -11408035.46669187 -889856.3599817144
2461133.460096123 14697525.97202576 -11070415.79796865 -861476.4485401015
2461133.460790567 14620875.923273979 -10730254.088363871 -832898.3130231027
2461133.461485012 14540718.68607143 -10387518.74553181 -804119.9835768407
2461133.462179456 14456914.93196255 -10042178.74321623 -775139.5795607641
2461133.462873900 14369317.39432469 -9694203.823272796 -745955.3297641291
2461133.463568345 14277770.29256282 -9343564.7313636 -716565.5957538433
2461133.464262790 14182108.70783179 -8990233.491752598 -686968.8988414719
2461133.464957234 14082157.90602955 -8634183.72754529 -657163.9512378256
2461133.465651678 13977732.60350403 -8275391.033794353 -627149.6920579294
2461133.466346123 13868636.17063063 -7913833.4121625265 -596925.3289501348
2461133.467040567 13754659.76816013 -7549491.777331679 -566490.3862536853
2461133.467735012 13635581.4110325 -7182350.54711334 -535844.7607424255
2461133.468429456 13511164.954232471 -6812398.330298871 -504988.7861927718
2461133.469123900 13381158.99526871 -6439628.728745002 -473923.30822623847
2461133.469818345 13245295.68805168 -6064041.273087282 -442649.77112600347
2461133.470512789 13103289.4634023 -5685642.514884292 -411170.3186193945
2461133.471207234 12954835.65225312 -5304447.302003011 -379487.910960429
2461133.471901678 12799609.008946491 -4920480.268756149 -347606.4610462822
2461133.472596123 12637262.134085521 -4533777.577793928 -315530.9927664766
2461133.473290567 12467423.79939853 -4144388.957135637 -283267.82532109343
2461133.473985012 12289697.181370148 -3752380.083095246 -250824.7878612492
2461133.474679456 12103658.01641476 -3357835.368295734 -218211.46950674232
2461133.475373900 11908852.6986994 -2960861.223492213 -185439.5105806777
2461133.476068345 11704796.3530741 -2561589.8725061463 -152522.9417634692
2461133.476762789 11490970.93087876 -2160183.811040594 -119478.5787896305
2461133.477457234 11266823.396938508 -1756841.01210475 -86326.48125036235
2461133.478151678 11031764.103214389 -1351800.9924166962 -53090.48494638171
2461133.478846123 10785165.48018319 -945351.8644159845 -19798.817958512358
2461133.479540567 10526361.22323141 -537838.5054765244 13515.189008950641
2461133.480235012 10254646.210640391 -129671.9759692857 46812.287729014766
2461133.480929456 9969277.463741906 278659.6927200077 80046.38397708899
2461133.481623901 9669476.551656377 686579.2472290046 113163.4893340301
2461133.482318345 9354433.954140853 1093406.460886353 146100.5524693646
2461133.483012789 9023316.02017268 1498342.9397457188 178784.17798669942
2461133.483707234 8675275.299710495 1900455.6914121648 211129.2544183228
2461133.484401678 8309465.162543647 2298659.887352712 243037.5332393882
2461133.485096123 7925059.718830058 2691701.574499225 274396.2296970053
2461133.485790567 7521280.102625743 3078141.512471199 305076.7531174986
2461133.486485011 7097428.090949367 3456341.877626936 334933.7235326484
2461133.487179456 6652927.717580673 3824458.231259423 363804.4876301146
2461133.487873901 6187060.616201924 4180537.250096022 391409.27664061467
2461133.488568345 5699867.151833196 4522267.175819557 417621.569741342
2461133.489262789 5192270.293299711 4846986.796933128 442490.84188065346
2461133.489957234 4664150.702961296 5152348.795910765 465614.326264892
2461133.490651678 4110276.3337458717 5437713.972207529 484831.07264049246
2461133.491346123 3539931.703436901 5698011.200337084 502464.0243100771
2461133.492040567 2962370.418596187 5928486.44419771 520695.18295339594
2461133.492735012 2367684.255161449 6130886.276691939 535491.9780470809
2461133.493429456 1757820.643319786 6303688.378369665 546504.1540948078
2461133.494123900 1138846.856550583 6444646.376486531 554638.4313006052
2461133.494818345 510787.0098350029 6553954.443397695 558862.7755693615
2461133.495512790 -123434.583594313 6631409.024496085 559097.7877519436
2461133.496207234 -760790.3590282631 6677327.64471245 555372.2505852466
2461133.496901678 -1398437.534725723 6692557.572027679 547767.3015326527
2461133.497596123 -2033845.281573552 6678397.705243422 536400.9384194692
2461133.498290567 -2663698.287514077 6636476.941066239 521803.9847692753
2461133.498985012 -3283372.608883927 6568723.133635969 505093.1622784201
2461133.499679456 -3891288.434140413 6477324.350540396 486533.7941830412
2461133.500373900 -4486361.803630271 6364496.886809123 466346.4650766527
2461133.501068345 -5067894.6082335925 6232407.25851513 444730.0025922377
2461133.501762789 -5635475.041155598 6083118.7081702165 421871.4304483015
2461133.502457234 -6188940.199598484 5918555.387601451 397941.3300527885
2461133.503151678 -6728934.298914509 5739821.835571538 373483.2740877127
2461133.503846123 -7254385.570159769 5549838.745697002 347878.04949732905
2461133.504540567 -7766205.423447642 5349406.302068602 321610.7886233217
2461133.505235012 -8264757.772868171 5139817.633150508 294787.2414964313
2461133.505929456 -8750460.023614777 4922222.846513752 267499.73051805765
2461133.506623900 -9223763.204430023 4697641.073815294 239828.56772105562
2461133.507318345 -9685136.648448078 4466973.046821274 211843.4336423945
2461133.508012789 -10135056.40761809 4231013.480617424 183604.669809602
2461133.508707234 -10573996.666918851 3990462.821698475 155164.4599647889
2461133.509401678 -11002423.527639471 3745938.116317399 126567.8905008704
2461133.510096123 -11420790.634843739 3497982.888713093 97853.89032292164
2461133.510790567 -11829536.222342769 3247076.006385393 69056.05614274509
2461133.511485012 -12229081.2343497 2993639.563779492 40203.372325985125
2461133.512179456 -12619828.255195051 2738045.846834227 11320.8357620515
2461133.512873901 -13002161.037639769 2480623.456469943 -17570.00352568298
2461133.513568345 -13376444.4679122 2221662.674723887 -46450.57571711527
2461133.514262789 -13743024.84336916 1961420.156690566 -75304.88892626579
2461133.514957234 -14102230.368359549 1700123.027252075 -104119.1826929781
2461133.515651678 -14454371.796987379 1437972.455471173 -132881.6295688865
2461133.516346123 -14799743.16928947 1175146.772526368 -161582.0780743128
2461133.517040567 -15138622.6011377 911804.1919464022 -190211.8311806114
2461133.517735011 -15471273.09870149 648085.1840200338 -218763.4552681474
2461133.518429456 -15797943.3763436 384114.5498455417 -247230.6152178941
2461133.519123901 -16118868.66272335 120003.234821436 -275607.9318975001
2461133.519818345 -16434271.4847635 -144150.08406745098 -303890.8588667069
2461133.520512789 -16744362.422546761 -408257.6073788714 -332075.57558727136
2461133.521207234 -17049340.83076219 -672241.192979067 -360158.89481864835
2461133.521901678 -17349395.52365286 -936031.2836788264 -388138.1821679696
2461133.522596123 -17644705.42256446 -1199565.963667533 -416011.28612237686
2461133.523290567 -17935440.16615614 -1462790.1272617101 -443776.4771344418
2461133.523985012 -18221760.684025 -1725654.7457295181 -471432.3945391427
2461133.524679456 -18503819.73429892 -1988116.2193070091 -498978.0001958601
2461133.525373900 -18781762.40674068 -2250135.803767582 -526412.537960997
2461133.526068345 -19055726.5930578 -2511679.102302059 -553735.4982208646
2461133.526762790 -19325843.4262557 -2772715.6147314357 -580946.5868267701
2461133.527457234 -19592237.69064841 -3033218.336907848 -608045.6978428405
2461133.528151678 -19855028.20435608 -3293163.4042615 -635032.8896163355
2461133.528846123 -20114328.17604642 -3552529.7742080227 -661908.3637446077
2461133.529540567 -20370245.537629917 -3811298.942820238 -688672.4465717052
2461133.530235012 -20622883.2545169 -4069454.691730858 -715325.572894611
2461133.530929456 -20872339.61498952 -4326982.861762872 -741868.2716039919
2461133.531623900 -21118708.50015026 -4583871.150219198 -768301.1530203694
2461133.532318345 -21362079.63582081 -4840108.929144552 -794624.897718056
2461133.533012789 -21602538.82767807 -5095687.0822025845 -820840.2466562027
2461133.533707234 -21840168.18082843 -5350597.858098794 -846947.9924596549
2461133.534401678 -22075046.30493947 -5604834.738729096 -872948.9717124031
2461133.535096123 -22307248.50596859 -5858392.320451064 -898844.0581437713
2461133.535790567 -22536846.96545385 -6111266.207064167 -924634.1566025385
2461133.536485012 -22763910.90826099 -6363452.913250629 -950320.1977271624
2461133.537179456 -22988506.75961481 -6614949.777372884 -975903.1332316403
2461133.537873900 -23210698.29218144 -6865754.88265012 -1001383.931736307
2461133.538568345 -23430546.763909593 -7115866.98584718 -1026763.575081407
2461133.539262789 -23648111.04728642 -7365285.452706344 -1052043.055068797
2461133.539957234 -23863447.75061316 -7614010.199438059 -1077223.370583543
2461133.540651678 -24076611.33186023 -7862041.639661798 -1102305.52505291
2461133.541346123 -24287654.20561932 -8109380.636254702 -1127290.524205161
2461133.542040567 -24496626.84363001 -8356028.457623952 -1152179.374095029
2461133.542735012 -24703577.869323358 -8601986.737970656 -1176973.07936638
2461133.543429456 -24908554.14679088 -8847257.44115869 -1201672.641726087
2461133.544123901 -25111600.8645568 -9091842.82784239 -1226279.05860604
2461133.544818345 -25312761.61450367 -9335745.425542992 -1250793.321992734
2461133.545512789 -25512078.4662746 -9578968.001395514 -1275216.417406263
2461133.546207234 -25709592.03745212 -9821513.537316155 -1299549.32301253
2461133.546901678 -25905341.55979127 -10063385.207365511 -1323793.008854225
2461133.547596123 -26099364.94176397 -10304586.35710533 -1347948.436187779
2461133.548290567 -26291698.82765364 -10545120.48476671 -1372016.5569147822
2461133.548985011 -26482378.6534212 -10784991.22406535 -1395998.3130977359
2461133.549679456 -26671438.69954739 -11024202.32851556 -1419894.636550976
2461133.550373901 -26858912.14104255 -11262757.65710903 -1443706.448498609
2461133.551068345 -27044831.09480157 -11500661.161237491 -1467434.659292259
2461133.551762789 -27229226.664469942 -11737916.87274976 -1491080.168182018
2461133.552457234 -27412128.98296709 -11974528.89304228 -1514643.863134878
2461133.553151678 -27593567.252815988 -12210501.38309471 -1538126.620695343
2461133.553846123 -27773569.78441601 -12445838.55436967 -1561529.305883595
2461133.554540567 -27952164.03238441 -12680544.66050301 -1584852.7721270479
2461133.555235012 -28129376.63006254 -12914623.98971262 -1608097.861221494
2461133.555929456 -28305233.42229938 -13148080.85786596 -1631265.40331848
2461133.556623900 -28479759.49661908 -13380919.60215155 -1654356.2169359608
2461133.557318345 -28652979.21287252 -13613144.57530546 -1677371.1089894308
2461133.558012790 -28824916.23146 -13844760.14034614 -1700310.874841182
2461133.558707234 -28995593.54020363 -14075770.66577482 -1723176.298365431
2461133.559401678 -29165033.479940567 -14306180.52120145 -1745968.1520274752
2461133.560096123 -29333257.768905208 -14535994.07336054 -1768687.1969749508
2461133.560790567 -29500287.525976 -14765215.68248637 -1791334.183139809
2461133.561485012 -29666143.29284818 -14993849.69901813 -1813909.8493494121
2461133.562179456 -29830845.05519017 -15221900.4606076 -1836414.92344563
2461133.562873900 -29994412.26283698 -15449372.28940453 -1858850.122410704
2461133.563568345 -30156863.84907473 -15676269.489597509 -1881216.152498865
2461133.564262789 -30318218.24906362 -15902596.34518962 -1903513.709372844
2461133.564957234 -30478493.41744521 -16128357.11798971 -1925743.4782444178
2461133.565651678 -30637706.845176782 -16353556.04580209 -1947906.134018182
2461133.566346123 -30795875.57563259 -16578197.340798499 -1970002.341438079
2461133.567040567 -30953016.22001033 -16802285.188057832 -1992032.755235882
2461133.567735012 -31109144.97207815 -17025823.74426001 -2013998.0202812469
2461133.568429456 -31264277.6222955 -17248817.13652169 -2035898.7717328172
2461133.569123900 -31418429.57133985 -17471269.461362418 -2057735.635189952
2461133.569818345 -31571615.843068253 -17693184.78379077 -2079509.2268447161
2461133.570512789 -31723851.096942518 -17914567.13650062 -2101220.153633852
2461133.571207234 -31875149.639943857 -18135420.51916911 -2122869.013390289
2461133.571901678 -32025525.43800199 -18355748.89784757 -2144456.394994158
2461133.572596123 -32174992.12696249 -18575556.204438422 -2165982.878522836
2461133.573290567 -32323563.023114342 -18794846.33625063 -2187449.035400036
2461133.573985012 -32471251.133298572 -19013623.15562765 -2208855.428543598
2461133.574679456 -32618069.16461809 -19231890.48964185 -2230202.61251193
2461133.575373901 -32764029.53376722 -19449652.129849818 -2251491.133648901
2461133.576068345 -32909144.375998724 -19666911.83210382 -2272721.530227177
2461133.576762789 -33053425.55374521 -19883673.31641453 -2293894.3325896673
2461133.577457234 -33196884.664910425 -20099940.266860843 -2315010.063289336
2461133.578151678 -33339533.050846033 -20315716.3315428 -2336069.237226963
2461133.578846123 -33481381.80402758 -20531005.12257408 -2357072.361787026
2461133.579540567 -33622441.775443494 -20745810.216110438 -2378019.936971588
2461133.580235011 -33762723.58170986 -20960135.15241128 -2398912.455532064
2461133.580929456 -33902237.61192279 -21173983.435931213 -2419750.403099058
2461133.581623901 -34040994.034260534 -21387358.535439163 -2440534.2583098807
2461133.582318345 -34179002.80234565 -21600263.8841624 -2461264.4929342
2461133.583012789 -34316273.661377996 -21812702.87995335 -2481941.571997366
2461133.583707234 -34452816.15404816 -22024678.88547698 -2502565.9539016928
2461133.584401678 -34588639.62624104 -22236195.228416853 -2523138.090545629
2461133.585096123 -34723753.23253809 -22447255.20169812 -2543658.427440731
2461133.585790567 -34858165.941526875 -22657862.06372573 -2564127.403826587
2461133.586485012 -34991886.54092621 -22868019.0386363 -2584545.452783587
2461133.587179456 -35124923.64253404 -23077729.31656236 -2604913.001343617
2461133.587873900 -35257285.68700608 -23286996.05390739 -2625230.470598678
2461133.588568345 -35388980.94847122 -23495822.37363089 -2645498.275807454
2461133.589262790 -35520017.5389914 -23704211.36554186 -2665716.826499829
2461133.589957234 -35650403.41287141 -23912166.08659999 -2685886.526579448
2461133.590651678 -35780146.37082492 -24119689.56122359 -2706007.774424193
2461133.591346123 -35909254.06400269 -24326784.781603172 -2726080.962984819
2461133.592040567 -36037733.99788812 -24533454.708020102 -2746106.479881582
2461133.592735012 -36165593.5360654 -24739702.26916944 -2766084.707498976
2461133.593429456 -36292839.90386547 -24945530.36248637 -2786016.023078619
2461133.594123900 -36419480.191894285 -25150941.85447547 -2805900.798810293
2461133.594818345 -36545521.35944812 -25355939.58104231 -2825739.401921155
2461133.595512789 -36670970.23781997 -25560526.3478269 -2845532.194763178
2461133.596207234 -36795833.533501625 -25764704.930538278 -2865279.5348988753
2461133.596901678 -36920117.831285 -25968478.075290173 -2884981.77518519
2461133.597596123 -37043829.59726664 -26171848.498936668 -2904639.263855881
2461133.598290567 -37166975.18175901 -26374818.88940837 -2924252.3446020884
2461133.598985012 -37289560.82211217 -26577391.90604785 -2943821.3566513457
2461133.599679456 -37411592.645448886 -26779570.1799447 -2963346.634845015
2461133.600373900 -37533076.67131659 -26981356.31426942 -2982828.509714114
2461133.601068345 -37654018.81425893 -27182752.884606298 -3002267.307553635
2461133.601762789 -37774424.88631047 -27383762.43928462 -3021663.350495377
2461133.602457234 -37894300.599416226 -27584387.49970841 -3041016.956579253
2461133.603151678 -38013651.567779966 -27784630.560684 -3060328.439823254
2461133.603846123 -38132483.31014282 -27984494.090745762 -3079598.1102918833
2461133.604540567 -38250801.25199522 -28183980.532479532 -3098826.274163323
2461133.605235012 -38368610.72772428 -28383092.3028435 -3118013.233795118
2461133.605929456 -38485916.98269912 -28581831.793486707 -3137159.2877886943
2461133.606623901 -38602725.17529577 -28780201.37106489 -3156264.731052423
2461133.607318345 -38719040.37886452 -28978203.3775534 -3175329.854863525
2461133.608012789 -38834867.58364092 -29175840.13055741 -3194354.9469287097
2461133.608707234 -38950211.69860288 -29373113.92361909 -3213340.291443536
2461133.609401678 -39065077.55327542 -29570027.02652184 -3232286.169150651
2461133.610096123 -39179469.899485156 -29766581.685591232 -3251192.857396878
2461133.610790567 -39293393.413065664 -29962780.123993002 -3270060.630189071
2461133.611485011 -39406852.69551586 -30158624.54202777 -3288889.7582489788
2461133.612179456 -39519852.275612995 -30354117.117422417 -3307680.5090669016
2461133.612873901 -39632396.6109811 -30549260.00561836 -3326433.146954365
2461133.613568345 -39744490.08961727 -30744055.340056278 -3345147.93309573
2461133.614262789 -39856137.031376265 -30938505.23245773 -3363825.125598758
2461133.614957234 -39967341.68941567 -31132611.77310332 -3382464.979544204
2461133.615651678 -40078108.251601964 -31326377.03110742 -3401067.747034407
2461133.616346123 -40188440.84187966 -31519803.05468971 -3419633.677240981
2461133.617040567 -40298343.52160383 -31712891.871443108 -3438163.016451505
2461133.617735012 -40407820.29083784 -31905645.488598593 -3456656.008115313
2461133.618429456 -40516875.08961738 -32098065.89328629 -3475112.892888475
2461133.619123900 -40625511.799181 -32290155.05279364 -3493533.9086777656
2461133.619818345 -40733734.24316943 -32481914.9148198 -3511919.290683891
2461133.620512790 -40841546.1887938 -32673347.407727018 -3530269.271443818
2461133.621207234 -40948951.34797383 -32864454.44078845 -3548584.080872337
2461133.621901678 -41055953.378447436 -33055237.90443274 -3566863.946302759
2461133.622596123 -41162555.88485182 -33245699.670485497 -3585109.0925268843
2461133.623290567 -41268762.419777654 -33435841.592407204 -3603319.741834206
2461133.623985012 -41374576.48479671 -33625665.50552802 -3621496.114050304
2461133.624679456 -41480001.53146391 -33815173.227279544 -3639638.426574624
2461133.625373900 -41585040.96229455 -34004366.55742301 -3657746.89441738
2461133.626068345 -41689698.13171735 -34193247.27827467 -3675821.730235944
2461133.626762789 -41793976.34700432 -34381817.154927865 -3693863.144370374
2461133.627457234 -41897878.86917765 -34570077.93547205 -3711871.3448783862
2461133.628151678 -42001408.91389479 -34758031.351208754 -3729846.53756964
2461133.628846123 -42104569.65231209 -34945679.11686445 -3747788.926039333
2461133.629540567 -42207364.211927615 -35133022.93080049 -3765698.7117013317
2461133.630235012 -42309795.67740392 -35320064.475220084 -3783576.093820391
2461133.630929456 -42411867.09137111 -35506805.41637212 -3801421.269544146
2461133.631623900 -42513581.45521094 -35693247.404752545 -3819234.433934169
2461133.632318345 -42614941.72982245 -35879392.07530228 -3837015.779996706
2461133.633012789 -42715950.83636977 -36065241.04760286 -3854765.498712672
2461133.633707234 -42816611.65701206 -36250795.92606889 -3872483.779067286
2461133.634401678 -42916927.0356171 -36436058.300137915 -3890170.808078909
2461133.635096123 -43016899.778457835 -36621029.744457535 -3907826.770827623
2461133.635790567 -43116532.65489335 -36805711.81906982 -3925451.850483125
2461133.636485012 -43215828.398033865 -36990106.06959302 -3943046.228332167
2461133.637179456 -43314789.70539097 -37174214.02740083 -3960610.083805481
2461133.637873901 -43413419.239512734 -37358037.20979875 -3978143.594504278
2461133.638568345 -43511719.62860478 -37541577.1201983 -3995646.936226187
2461133.639262789 -43609693.46713737 -37724835.24828838 -4013120.282990818
2461133.639957234 -43707343.31643883 -37907813.07020428 -4030563.807064764
2461133.640651678 -43804671.70527577 -38090512.04869433 -4047977.678986346
2461133.641346123 -43901681.13042054 -38272933.63328406 -4065362.067589616
2461133.642040567 -43998374.05720618 -38455079.260437876 -4082717.1400283016
2461133.642735011 -44094752.92006912 -38636950.353718646 -4100043.061799037
2461133.643429456 -44190820.12308015 -38818548.323944755 -4117339.996764338
2461133.644123901 -44286578.040463686 -38999874.56934508 -4134608.1071751034
2461133.644818345 -44382029.01710597 -39180930.4757115 -4151847.5536928037
2461133.645512789 -44477175.36905223 -39361717.41654941 -4169058.4954111963
2461133.646207234 -44572019.3839932 -39542236.75322596 -4186241.0898777763
2461133.646901678 -44666563.3217413 -39722489.835116215 -4203395.493114657
2461133.647596123 -44760809.414696634 -39902477.99974709 -4220521.859639373
2461133.648290567 -44854759.868303105 -40082202.572939396 -4237620.342485092
2461133.648985012 -44948416.861495085 -40261664.86894762 -4254691.093220597
2461133.649679456 -45041782.54713461 -40440866.1905979 -4271734.261969894
2461133.650373900 -45134859.05243934 -40619807.829423934 -4288749.9974314775
2461133.651068345 -45227648.479401946 -40798491.06580085 -4305738.446897309
2461133.651762790 -45320152.90520037 -40976917.16907731 -4322699.75627145
2461133.652457234 -45412374.38260012 -41155087.39770568 -4339634.0700884
2461133.653151678 -45504314.94034795 -41333002.999370195 -4356541.531531047
2461133.653846123 -45595976.58355768 -41510665.21111346 -4373422.2824484855
2461133.654540567 -45687361.29408805 -41688075.25946122 -4390276.463373355
2461133.655235012 -45778471.030913144 -41865234.36054494 -4407104.21353903
2461133.655929456 -45869307.73048502 -42042143.720223196 -4423905.670896438
2461133.656623900 -45959873.307089426 -42218804.53420104 -4440680.972130618
2461133.657318345 -46050169.65319401 -42395217.98814743 -4457430.252677093
2461133.658012789 -46140198.639790036 -42571385.25781166 -4474153.64673781
2461133.658707234 -46229962.116726905 -42747307.509137385 -4490851.287297008
2461133.659401678 -46319461.91304049 -42922985.898375675 -4507523.306136658
2461133.660096123 -46408699.83727449 -43098421.57219602 -4524169.833851765
2461133.660790567 -46497677.67779609 -43273615.667796 -4540790.999865407
2461133.661485012 -46586397.20310503 -43448569.31300947 -4557386.932443471
2461133.662179456 -46674860.16213693 -43623283.6264129 -4573957.758709217
2461133.662873900 -46763068.28456044 -43797759.717430644 -4590503.604657593
2461133.663568345 -46851023.28106912 -43971998.68643838 -4607024.595169285
2461133.664262789 -46938726.843667336 -44146001.62486547 -4623520.854024602
2461133.664957234 -47026180.645950824 -44319769.6152954 -4639992.503917127
2461133.665651678 -47113386.34338203 -44493303.73156541 -4656439.666467091
2461133.666346123 -47200345.57356006 -44666605.03886415 -4672862.46223464
2461133.667040567 -47287059.9564856 -44839674.59382851 -4689261.0107328035
2461133.667735012 -47373531.09482085 -45012513.44463876 -4705635.430440274
2461133.668429456 -47459760.574144796 -45185122.63111245 -4721985.838814093
2461133.669123901 -47545749.963203244 -45357503.1847972 -4738312.35230194
2461133.669818345 -47631500.81415472 -45529656.12906186 -4754615.0863544755
2461133.670512789 -47717014.66281149 -45701582.47918687 -4770894.155437205
2461133.671207234 -47802293.02887629 -45873283.24245291 -4787149.673042555
2461133.671901678 -47887337.41617476 -46044759.41822876 -4803381.7517012125
2461133.672596123 -47972149.31288346 -46216011.99805771 -4819590.502993931
2461133.673290567 -48056730.19175381 -46387041.96574291 -4835776.037562653
2461133.673985011 -48141081.510331705 -46557850.29743077 -4851938.465121573
2461133.674679456 -48225204.71117384 -46728437.961695045 -4868077.894468286
2461133.675373901 -48309101.222060576 -46898805.91961988 -4884194.4334947
2461133.676068345 -48392772.45620343 -47068955.12487954 -4900288.1891974285
2461133.676762789 -48476219.81244467 -47238886.52380891 -4916359.267687593
2461133.677457234 -48559444.67546494 -47408601.055494756 -4932407.774202249
2461133.678151678 -48642448.41598843 -47578099.65186757 -4948433.813115876
2461133.678846123 -48725232.39097619 -47747383.23777622 -4964437.487950188
2461133.679540567 -48807797.94378707 -47916452.7310062 -4980418.901378682
2461133.680235012 -48890146.40436917 -48085309.04236417 -4996378.155237264
2461133.680929456 -48972279.08946107 -48253953.075787894 -5012315.350537349
2461133.681623900 -49054197.30278891 -48422385.728452206 -5028230.5874783965
2461133.682318345 -49135902.33523849 -48590607.89082811 -5044123.965456063
2461133.683012790 -49217395.46500507 -48758620.446702555 -5059995.583066448
2461133.683707234 -49298677.95776993 -48926424.27325874 -5075845.538116326
2461133.684401678 -49379751.06687574 -49094020.24115928 -5091673.927633187
2461133.685096123 -49460616.0334954 -49261409.21462083 -5107480.847874828
2461133.685790567 -49541274.08678982 -49428592.051470906 -5123266.394336908
2461133.686485012 -49621726.444068834 -49595569.60321557 -5139030.661761721
2461133.687179456 -49701974.31094885 -49762342.71510552 -5154773.744146572
2461133.687873900 -49782018.88150777 -49928912.226201266 -5170495.734752232
2461133.688568345 -49861861.33843672 -50095278.96943577 -5186196.726110942
2461133.689262789 -49941502.85318967 -50261443.77167739 -5201876.810034504
2461133.689957234 -50020944.58613042 -50427407.45379198 -5217536.0776221715
2461133.690651678 -50100187.68667721 -50593170.83070382 -5233174.619268586
2461133.691346123 -50179233.29344486 -50758734.71145608 -5248792.524671367
2461133.692040567 -50258082.53438464 -50924099.899270356 -5264389.882838732
2461133.692735012 -50336736.52692189 -51089267.191605486 -5279966.782097079
2461133.693429456 -50415196.37809115 -51254237.38021557 -5295523.310098236
2461133.694123900 -50493463.18466942 -51419011.25120745 -5311059.553826879
2461133.694818345 -50571538.03330692 -51583589.58509706 -5326575.599607651
2461133.695512789 -50649422.00065605 -51747973.15686546 -5342071.53311227
2461133.696207234 -50727116.153497994 -51912162.736014076 -5357547.439366488
2461133.696901678 -50804621.54886747 -52076159.08661887 -5373003.402757029
2461133.697596123 -50881939.2341754 -52239962.96738449 -5388439.507038401
2461133.698290567 -50959070.2473296 -52403575.13169721 -5403855.8353394875
2461133.698985012 -51036015.616853625 -52566996.32767735 -5419252.470170326
2461133.699679456 -51112776.36200365 -52730227.29823105 -5434629.493428514
2461133.700373901 -51189353.49288361 -52893268.78110159 -5449986.986405682
2461133.701068345 -51265748.01055832 -53056121.50891972 -5465325.029793869
2461133.701762789 -51341960.90716504 -53218786.20925363 -5480643.703691769
2461133.702457234 -51417993.16602323 -53381263.60465819 -5495943.087610863
2461133.703151678 -51493845.761742525 -53543554.41272362 -5511223.260481638
2461133.703846123 -51569519.66032898 -53705659.34612352 -5526484.300659449
2461133.704540567 -51645015.81928991 -53867579.11266242 -5541726.285930595
2461133.705235011 -51720335.18773691 -54029314.415322535 -5556949.2935180785
2461133.705929456 -51795478.7064873 -54190865.95231021 -5572153.400087445
2461133.706623901 -51870447.30816401 -54352234.417101584 -5587338.681752477
2461133.707318345 -51945241.9172941 -54513420.49848786 -5602505.214080775
2461133.708012789 -52019863.45040554 -54674424.88061976 -5617653.072099401
2461133.708707234 -52094312.8161227 -54835248.24305194 -5632782.33030027
2461133.709401678 -52168590.915260315 -54995891.26078619 -5647893.062645638
2461133.710096123 -52242698.640915945 -55156354.60431483 -5662985.342573386
2461133.710790567 -52316636.878561325 -55316638.93966293 -5678059.243002321
2461133.711485012 -52390406.50613196 -55476744.92843057 -5693114.836337347
2461133.712179456 -52464008.39411572 -55636673.22783422 -5708152.1944747
2461133.712873900 -52537443.405639894 -55796424.49074771 -5723171.388806855
2461133.713568345 -52610712.39655709 -55955999.36574293 -5738172.490227695
2461133.714262790 -52683816.21552968 -56115398.497129664 -5753155.569137332
2461133.714957234 -52756755.70411335 -56274622.52499536 -5768120.695447069
2461133.715651678 -52829531.69683887 -56433672.08524406 -5783067.938584151
2461133.716346123 -52902145.0212932 -56592547.80963517 -5797997.367496591
2461133.717040567 -52974596.498199254 -56751250.3258216 -5812909.050657792
2461133.717735012 -53046886.941494174 -56909780.25738741 -5827803.056071211
2461133.718429456 -53119017.15840694 -57068138.2238853 -5842679.451274955
2461133.719123900 -53190987.94953462 -57226324.84087325 -5857538.303346333
2461133.719818345 -53262800.10891743 -57384340.71995112 -5872379.678906186
2461133.720512789 -53334454.42411297 -57542186.46879655 -5887203.644123478
2461133.721207234 -53405951.67626917 -57699862.69120059 -5902010.264719462
2461133.721901678 -53477292.64019627 -57857369.98710286 -5916799.605972166
2461133.722596123 -53548478.08443771 -58014708.9526263 -5931571.732720498
2461133.723290567 -53619508.77134039 -58171880.18011162 -5946326.709368484
2461133.723985012 -53690385.45712307 -58328884.258151084 -5961064.599889463
2461133.724679456 -53761108.8919449 -58485721.77162235 -5975785.467830077
2461133.725373900 -53831679.81997212 -58642393.30172146 -5990489.376314392
2461133.726068345 -53902098.97944417 -58798899.4259957 -6005176.38804788
2461133.726762789 -53972367.10273893 -58955240.71837613 -6019846.565321336
2461133.727457234 -54042484.916436955 -59111417.749209486 -6034499.9700147705
2461133.728151678 -54112453.141384706 -59267431.085290186 -6049136.6636012895
2461133.728846123 -54182272.492757134 -59423281.28989129 -6063756.707150906
2461133.729540567 -54251943.68011918 -59578968.92279584 -6078360.161334221
2461133.730235012 -54321467.40748668 -59734494.540327325 -6092947.086426204
2461133.730929456 -54390844.37338604 -59889858.695379965 -6107517.542309888
2461133.731623901 -54460075.27091365 -60045061.93744892 -6122071.588479845
2461133.732318345 -54529160.78779374 -60200104.812659495 -6136609.284045978
2461133.733012789 -54598101.60643629 -60354987.863796845 -6151130.687736881
2461133.733707234 -54666898.40399354 -60509711.6303348 -6165635.857903417
2461133.734401678 -54735551.8524158 -60664276.64846439 -6180124.852522145
2461133.735096123 -54804062.618506886 -60818683.45112233 -6194597.729198784
2461133.735790567 -54872431.36397842 -60972932.56801899 -6209054.54517149
2461133.736485011 -54940658.745503455 -61127024.52566618 -6223495.357314289
2461133.737179456 -55008745.41476961 -61280959.84740438 -6237920.222140303
2461133.737873901 -55076692.018531345 -61434739.053429976 -6252329.195805058
2461133.738568345 -55144499.19866131 -61588362.66082207 -6266722.334109672
2461133.739262789 -55212167.59220153 -61741831.18356899 -6281099.692504013
2461133.739957234 -55279697.83141343 -61895145.13259436 -6295461.326089895
2461133.740651678 -55347090.54382742 -62048305.015783295 -6309807.289624157
2461133.741346123 -55414346.35229187 -62201311.33800792 -6324137.6375217335
2461133.742040567 -55481465.8750213 -62354164.60115268 -6338452.42385874
2461133.742735012 -55548449.72564397 -62506865.3041396 -6352751.702375382
2461133.743429456 -55615298.51324897 -62659413.94295305 -6367035.526478987
2461133.744123900 -55682012.842432566 -62811811.01066426 -6381303.949246932
2461133.744818345 -55748593.31334395 -62964056.99745567 -6395557.023429556
2461133.745512790 -55815040.521730475 -63116152.39064506 -6409794.801452979
2461133.746207234 -55881355.05898231 -63268097.67470919 -6424017.335421981
2461133.746901678 -55947537.51217627 -63419893.33130739 -6438224.677122784
2461133.747596123 -56013588.464119606 -63571539.83930488 -6452416.878025837
2461133.748290567 -56079508.493392594 -63723037.67479577 -6466593.989288584
2461133.748985012 -56145298.17439115 -63874387.31112586 -6480756.061758056
2461133.749679456 -56210958.07736845 -64025589.21891524 -6494903.1459737485
2461133.750373900 -56276488.76847628 -64176643.866080426 -6509035.292170062
2461133.751068345 -56341890.809805915 -64327551.717856675 -6523152.550279079
2461133.751762789 -56407164.75942825 -64478313.236819685 -6537254.969933049
2461133.752457234 -56472311.17143354 -64628928.8829073 -6551342.600467029
2461133.753151678 -56537330.595970705 -64779399.11344077 -6565415.490921412
2461133.753846123 -56602223.57928606 -64929724.383146055 -6579473.690044309
2461133.754540567 -56666990.66376151 -65079905.14417477 -6593517.246294232
2461133.755235012 -56731632.38795242 -65229941.8461248 -6607546.207842388
2461133.755929456 -56796149.28662493 -65379834.936060876 -6621560.622575166
2461133.756623900 -56860541.890792765 -65529584.85853496 -6635560.5380965285
2461133.757318345 -56924810.72775372 -65679192.05560622 -6649546.00173037
2461133.758012789 -56988956.32112544 -65828656.96686102 -6663517.060522874
2461133.758707234 -57052979.19088105 -65977980.02943254 -6677473.761244852
2461133.759401678 -57116879.8533843 -66127161.67802026 -6691416.150393994
2461133.760096123 -57180658.82142403 -66276202.34490925 -6705344.274197203
2461133.760790567 -57244316.6042485 -66425102.45998934 -6719258.1786127705
2461133.761485012 -57307853.707599096 -66573862.45077389 -6733157.909332677
2461133.762179456 -57371270.63374388 -66722482.742418535 -6747043.511784708
2461133.762873901 -57434567.88151046 -66870963.75773971 -6760915.0311346855
2461133.763568345 -57497745.94631849 -67019305.91723304 -6774772.512288633
2461133.764262789 -57560805.32021216 -67167509.63909133 -6788615.999894835
2461133.764957234 -57623746.491891704 -67315575.33922264 -6802445.538346037
2461133.765651678 -57686569.946744844 -67463503.43126807 -6816261.171781429
2461133.766346123 -57749276.16687812 -67611294.32661922 -6830062.94408881
2461133.767040567 -57811865.63114732 -67758948.43443584 -6843850.898906563
2461133.767735011 -57874338.81518757 -67906466.16166243 -6857625.079625647
2461133.768429456 -57936696.191443846 -68053847.9130462 -6871385.529391664
2461133.769123901 -57998938.22920096 -68201094.09115534 -6885132.291106988
2461133.769818345 -58061065.39461132 -68348205.09639208 -6898865.407432375
2461133.770512789 -58123078.15072251 -68495181.32700606 -6912584.920788577
2461133.771207234 -58184976.95750958 -68642023.17911966 -6926290.87335911
2461133.771901678 -58246762.27190994 -68788731.04675989 -6939983.307093586
2461133.772596123 -58308434.54783519 -68935305.32183695 -6953662.263706159
2461133.773290567 -58369994.23618922 -69081746.39413646 -6967327.784675041
2461133.773985012 -58431441.78491319 -69228054.65137818 -6980979.91124853
2461133.774679456 -58492777.63905085 -69374230.47932337 -6994618.684455155
2461133.775373900 -58554002.24074647 -69520274.26172096 -7008244.145099295
2461133.776068345 -58615116.02923363 -69666186.3802343 -7021856.333754444
2461133.776762790 -58676119.4408597 -69811967.21445233 -7035455.290764707
2461133.777457234 -58737012.909156755 -69957617.14201216 -7049041.05625665
2461133.778151678 -58797796.86486446 -70103136.53860812 -7062613.670140323
2461133.778846123 -58858471.73594128 -70248525.77797326 -7076173.172108073
2461133.779540567 -58919037.94758124 -70393785.23187467 -7089719.601634206
2461133.780235012 -58979495.922249265 -70538915.27015355 -7103252.99797931
2461133.780929456 -59039846.07970421 -70683916.2607369 -7116773.400191436
2461133.781623900 -59100088.837021984 -70828788.56964877 -7130280.847107617
2461133.782318345 -59160224.608617924 -70973532.56102212 -7143775.3773552645
2461133.783012789 -59220253.806271754 -71118148.59711534 -7157257.029353975
2461133.783707234 -59280176.839150265 -71262637.0383254 -7170725.841317097
2461133.784401678 -59339994.11383038 -71406998.24320154 -7184181.8512533745
2461133.785096123 -59399706.03432177 -71551232.56845857 -7197625.096968375
2461133.785790567 -59459313.002089374 -71695340.36899051 -7211055.616066114
2461133.786485012 -59518815.41607549 -71839321.9978836 -7224473.445950593
2461133.787179456 -59578213.67272169 -71983177.80642971 -7237878.623827357
2461133.787873900 -59637508.16599077 -72126908.14413913 -7251271.186704879
2461133.788568345 -59696699.28738786 -72270513.35875356 -7264651.171396116
2461133.789262789 -59755787.42598182 -72413993.79625896 -7278018.614520035
2461133.789957234 -59814772.968426265 -72557349.800898 -7291373.552502977
2461133.790651678 -59873656.29898032 -72700581.71518277 -7304716.021580163
2461133.791346123 -59932437.799528986 -72843689.87990719 -7318046.057797132
2461133.792040567 -59991117.84960362 -72986674.63415918 -7331363.697011108
2461133.792735012 -60049696.82640194 -73129536.3153331 -7344668.974892408
2461133.793429456 -60108175.10480789 -73272275.25914149 -7357961.92692588
2461133.794123901 -60166553.0574114 -73414891.7996274 -7371242.588412307
2461133.794818345 -60224831.05452767 -73557386.26917592 -7384510.994469602
2461133.795512789 -60283009.46421648 -73699758.99852614 -7397767.180034396
2461133.796207234 -60341088.65230117 -73842010.31678276 -7411011.179863159
2461133.796901678 -60399068.9823875 -73984140.55142762 -7424243.028533681
2461133.797596123 -60456950.81588225 -74126150.02833097 -7437462.760446331
2461133.798290567 -60514734.512011684 -74268039.07176313 -7450670.409825256
2461133.798985011 -60572420.4278396 -74409808.00440529 -7463866.01071987
2461133.799679456 -60630008.91828564 -74551457.14736103 -7477049.597005989
2461133.800373901 -60687500.3361428 -74692986.82016714 -7490221.20238707
2461133.801068345 -60744895.03209525 -74834397.34080453 -7503380.860395624
2461133.801762789 -60802193.35473591 -74975689.02570911 -7516528.604394243
2461133.802457234 -60859395.650583506 -75116862.1897825 -7529664.467576989
2461133.803151678 -60916502.26409969 -75257917.14640261 -7542788.482970566
2461133.803846123 -60973513.53770619 -75398854.20743427 -7555900.68343547
2461133.804540567 -61030429.811801106 -75539673.68323968 -7569001.101667283
2461133.805235012 -61087251.42477595 -75680375.88268861 -7582089.7701977445
2461133.805929456 -61143978.71303174 -75820961.11316879 -7595166.7213960355
2461133.806623900 -61200612.01099532 -75961429.6805959 -7608231.98746987
2461133.807318345 -61257151.65113533 -76101781.889424 -7621285.600466614
2461133.808012790 -61313597.963978186 -76242018.04265511 -7634327.592274483
2461133.808707234 -61369951.27812377 -76382138.44184934 -7647357.994623741
2461133.809401678 -61426211.920260966 -76522143.38713467 -7660376.839087596
2461133.810096123 -61482380.21518298 -76662033.17721653 -7673384.157083583
2461133.810790567 -61538456.4858028 -76801808.10938776 -7686379.979874422
2461133.811485012 -61594441.05316805 -76941468.47953773 -7699364.338569274
2461133.812179456 -61650334.23647605 -77081014.58216214 -7712337.264124733
2461133.812873900 -61706136.35308853 -77220446.71037236 -7725298.787345931
2461133.813568345 -61761847.71854624 -77359765.15590456 -7738248.9388875915
2461133.814262789 -61817468.64658358 -77498970.2091291 -7751187.749255056
2461133.814957234 -61872999.449142724 -77638062.15905966 -7764115.248805301
2461133.815651678 -61928440.43638793 -77777041.29336219 -7777031.467748067
2461133.816346123 -61983791.91671949 -77915907.89836401 -7789936.436146832
2461133.817040567 -62039054.196787804 -78054662.25906278 -7802830.183919752
2461133.817735012 -62094227.58150695 -78193304.65913506 -7815712.740840761
2461133.818429456 -62149312.374068335 -78331835.38094537 -7828584.136540507
2461133.819123900 -62204308.8759544 -78470254.70555474 -7841444.400507355
2461133.819818345 -62259217.38695166 -78608562.91272925 -7854293.562088416
2461133.820512789 -62314038.20516407 -78746760.28094868 -7867131.6504903585
2461133.821207234 -62368771.62702621 -78884847.08741495 -7879958.69478062
2461133.821901678 -62423417.947316125 -79022823.60806039 -7892774.723888062
2461133.822596123 -62477977.459168114 -79160690.11755632 -7905579.7666041255
2461133.823290567 -62532450.454085484 -79298446.88932101 -7918373.851583714
2461133.823985012 -62586837.22195328 -79436094.19552791 -7931157.007346155
2461133.824679456 -62641138.05105044 -79573632.30711399 -7943929.262275909
2461133.825373901 -62695353.22806241 -79711061.49378751 -7956690.644623773
2461133.826068345 -62749483.03809315 -79848382.02403611 -7969441.182507606
2461133.826762789 -62803527.76467738 -79985594.16513471 -7982180.903913248
2461133.827457234 -62857487.68979238 -80122698.18315335 -7994909.8366954485
2461133.828151678 -62911363.093870156 -80259694.34296489 -8007628.00857869
2461133.828846123 -62965154.25580873 -80396582.9082529 -8020335.447158148
2461133.829540567 -63018861.452984184 -80533364.14151902 -8033032.179900372
2461133.830235011 -63072484.961262055 -80670038.30409087 -8045718.234144344
2461133.830929456 -63126025.055008486 -80806605.65612932 -8058393.637102236
2461133.831623901 -63179482.00710195 -80943066.45663603 -8071058.415860272
2461133.832318345 -63232856.08894415 -81079420.96346082 -8083712.597379508
2461133.833012789 -63286147.57047112 -81215669.43330906 -8096356.208496694
2461133.833707234 -63339356.720164396 -81351812.12174888 -8108989.275925142
2461133.834401678 -63392483.80506157 -81487849.2832185 -8121611.826255444
2461133.835096123 -63445529.09076731 -81623781.17103304 -8134223.88595641
2461133.835790567 -63498492.841463976 -81759608.03739217 -8146825.481375683
2461133.836485012 -63551375.31992207 -81895330.13338667 -8159416.638740636
2461133.837179456 -63604176.78751084 -82030947.70900553 -8171997.38415928
2461133.837873900 -63656897.504208535 -82166461.01314306 -8184567.74362074
2461133.838568345 -63709537.72861277 -82301870.29360554 -8197127.742996338
2461133.839262790 -63762097.7179506 -82437175.7971181 -8209677.408040148
2461133.839957234 -63814577.72808859 -82572377.7693315 -8222216.764389843
2461133.840651678 -63866978.013542965 -82707476.45482872 -8234745.837567472
2461133.841346123 -63919298.827489264 -82842472.0971319 -8247264.652980131
2461133.842040567 -63971540.421772264 -82977364.93870847 -8259773.2359206965
2461133.842735012 -64023703.04691566 -83112155.22097814 -8272271.611568718
2461133.843429456 -64075786.95213172 -83246843.1843191 -8284759.804990929
2461133.844123900 -64127792.38533069 -83381429.06807452 -8297237.841142124
2461133.844818345 -64179719.59313032 -83515913.11055909 -8309705.744865772
2461133.845512789 -64231568.82086524 -83650295.54906502 -8322163.540894853
2461133.846207234 -64283340.31259613 -83784576.61986876 -8334611.25385237
2461133.846901678 -64335034.311118975 -83918756.55823672 -8347048.90825225
2461133.847596123 -64386651.057974055 -84052835.59843193 -8359476.52849997
2461133.848290567 -64438190.79345512 -84186813.9737199 -8371894.138893113
2461133.848985012 -64489653.75661813 -84320691.91637476 -8384301.763622225
2461133.849679456 -64541040.18529023 -84454469.65768526 -8396699.42677144
2461133.850373900 -64592350.316078454 -84588147.42796092 -8409087.152319066
2461133.851068345 -64643584.38437844 -84721725.45653781 -8421464.964138359
2461133.851762789 -64694742.62438305 -84855203.97178446 -8433832.885998156
2461133.852457234 -64745825.26909079 -84988583.20110765 -8446190.941563472
2461133.853151678 -64796832.55031438 -85121863.37095857 -8458539.15439616
2461133.853846123 -64847764.69868908 -85255044.70683795 -8470877.547955697
2461133.854540567 -64898621.943681054 -85388127.43330245 -8483206.14559956
2461133.855235012 -64949404.51359548 -85521111.77396987 -8495524.97058412
2461133.855929456 -65000112.635584734 -85653997.9515248 -8507834.046065072
2461133.856623901 -65050746.5356565 -85786786.18772456 -8520133.395098196
2461133.857318345 -65101306.4386818 -85919476.70340422 -8532423.040639933
2461133.858012789 -65151792.5684029 -86052069.71848254 -8544703.005547905
2461133.858707234 -65202205.147441074 -86184565.45196721 -8556973.312581638
2461133.859401678 -65252544.397304624 -86316964.12196024 -8569233.98440319
2461133.860096123 -65302810.538396314 -86449265.94566339 -8581485.04357758
2461133.860790567 -65353003.79002131 -86581471.13938351 -8593726.512573553
2461133.861485011 -65403124.37039457 -86713579.91853778 -8605958.413764102
2461133.862179456 -65453172.49664843 -86845592.49765898 -8618180.76942701
2461133.862873901 -65503148.38484011 -86977509.0904007 -8630393.601745542
2461133.863568345 -65553052.249958985 -87109329.90954246 -8642596.932808926
2461133.864262789 -65602884.30593404 -87241055.16699488 -8654790.784612887
2461133.864957234 -65652644.76564105 -87372685.07380478 -8666975.179060351
2461133.865651678 -65702333.840909794 -87504219.84016013 -8679150.137961915
2461133.866346123 -65751951.742531106 -87635659.67539531 -8691315.683036383
2461133.867040567 -65801498.68026421 -87767004.78799558 -8703471.83591138
2461133.867735012 -65850974.86284342 -87898255.38560277 -8715618.618123848
2461133.868429456 -65900380.49798526 -88029411.6750194 -8727756.051120698
2461133.869123900 -65949715.79239532 -88160473.86221395 -8739884.156259147
2461133.869818345 -65998980.95177511 -88291442.15232573 -8752002.954807475
2461133.870512790 -66048176.18082874 -88422316.74966957 -8764112.467945347
2461133.871207234 -66097301.68326973 -88553097.85774039 -8776212.716764595
2461133.871901678 -66146357.6618277 -88683785.67921823 -8788303.722269474
2461133.872596123 -66195344.318254806 -88814380.41597266 -8800385.505377376
2461133.873290567 -66244261.8533324 -88944882.26906781 -8812458.086919155
2461133.873985012 -66293110.46687752 -89075291.43876635 -8824521.487639954
2461133.874679456 -66341890.357749306 -89205608.12453474 -8836575.72819928
2461133.875373900 -66390601.7238553 -89335832.52504733 -8848620.82917196
2461133.876068345 -66439244.76215787 -89465964.83819108 -8860656.811048254
2461133.876762789 -66487819.66868058 -89596005.26106995 -8872683.694234565
2461133.877457234 -66536326.63851402 -89725953.99000937 -8884701.499053946
2461133.878151678 -66584765.86582234 -89855811.22056055 -8896710.245746467
2461133.878846123 -66633137.54384927 -89985577.14750506 -8908709.95446974
2461133.879540567 -66681441.86492411 -90115251.9648591 -8920700.64529946
2461133.880235012 -66729679.020467766 -90244835.86587763 -8932682.338229842
2461133.880929456 -66777849.20099869 -90374329.04305896 -8944655.053174054
2461133.881623900 -66825952.59613893 -90503731.68814875 -8956618.809964726
2461133.882318345 -66873989.39461977 -90633043.99214435 -8968573.628354494
2461133.883012789 -66921959.78428758 -90762266.145299 -8980519.52801628
2461133.883707234 -66969863.952109836 -90891398.33712593 -8992456.528543914
2461133.884401678 -67017702.08418052 -91020440.75640242 -9004384.649452563
2461133.885096123 -67065474.36572593 -91149393.59117417 -9016303.910179017
2461133.885790567 -67113180.98111023 -91278257.02875906 -9028214.33008248
2461133.886485012 -67160822.11384115 -91407031.25575139 -9040115.928444583
2461133.887179456 -67208397.94657539 -91535716.45802584 -9052008.724470252
2461133.887873901 -67255908.66112414 -91664312.82074119 -9063892.73728786
2461133.888568345 -67303354.43845852 -91792820.528345 -9075767.985949708
2461133.889262789 -67350735.45871493 -91921239.76457661 -9087634.48943258
2461133.889957234 -67398051.90120056 -92049570.71247168 -9099492.266638078
2461133.890651678 -67445303.94439852 -92177813.55436575 -9111341.336393038
2461133.891346123 -67492491.76597308 -92305968.47189839 -9123181.717449985
2461133.892040567 -67539615.54277503 -92434035.64601661 -9135013.428487582
2461133.892735011 -67586675.45084679 -92562015.25697894 -9146836.48811096
2461133.893429456 -67633671.6654275 -92689907.48435912 -9158650.914852241
2461133.894123901 -67680604.36095826 -92817712.50704977 -9170456.727170829
2461133.894818345 -67727473.71108691 -92945430.50326616 -9182253.943453975
2461133.895512789 -67774279.88867335 -93073061.65054987 -9194042.58201697
2461133.896207234 -67821023.06579424 -93200606.12577246 -9205822.661103753
2461133.896901678 -67867703.41374815 -93328064.10513909 -9217594.198887244
2461133.897596123 -67914321.1030603 -93455435.76419207 -9229357.213469623
2461133.898290567 -67960876.3034875 -93582721.27781458 -9241111.722882895
2461133.898985012 -68007369.18402283 -93709920.82023406 -9252857.745089179
2461133.899679456 -68053799.91290067 -93837034.56502579 -9264595.297981184
2461133.900373900 -68100168.65760113 -93964062.68511656 -9276324.399382379
2461133.901068345 -68146475.58485498 -94091005.3527878 -9288045.067047678
2461133.901762790 -68192720.86064808 -94217862.7396794 -9299757.318663621
2461133.902457234 -68238904.65022632 -94344635.01679283 -9311461.171848815
2461133.903151678 -68285027.11809996 -94471322.35449485 -9323156.644154267
2461133.903846123 -68331088.42804816 -94597924.92252074 -9334843.753063753
2461133.904540567 -68377088.74312378 -94724442.88997746 -9346522.515994322
2461133.905235012 -68423028.22565745 -94850876.42534739 -9358192.950296411
2461133.905929456 -68468907.03726232 -94977225.69649133 -9369855.073254483
2461133.906623900 -68514725.33883844 -95103490.87065196 -9381508.902087182
2461133.907318345 -68560483.29057698 -95229672.11445703 -9393154.453947805
2461133.908012789 -68606181.05196466 -95355769.59392267 -9404791.745924586
2461133.908707234 -68651818.78178802 -95481783.47445644 -9416420.795041079
2461133.909401678 -68697396.63813792 -95607713.92086078 -9428041.618256574
2461133.910096123 -68742914.77841334 -95733561.09733601 -9439654.232466303
2461133.910790567 -68788373.35932598 -95859325.16748361 -9451258.654501958
2461133.911485012 -68833772.53690417 -95985006.2943093 -9462854.901131788
2461133.912179456 -68879112.46649724 -96110604.64022596 -9474442.989061324
2461133.912873900 -68924393.3027795 -96236120.36705714 -9486022.934933316
2461133.913568345 -68969615.19975427 -96361553.63603987 -9497594.755328268
2461133.914262789 -69014778.310758 -96486904.60782762 -9509158.466764776
2461133.914957234 -69059882.78846422 -96612173.44249357 -9520714.085699838
2461133.915651678 -69104928.78488779 -96737360.29953353 -9532261.628529152
2461133.916346123 -69149916.45138834 -96862465.33786881 -9543801.111587476
2461133.917040567 -69194845.93867473 -96987488.71584938 -9555332.551148895
2461133.917735012 -69239717.39680855 -97112430.59125668 -9566855.963427298
2461133.918429456 -69284530.97520824 -97237291.12130658 -9578371.364576539
2461133.919123901 -69329286.82265274 -97362070.4626525 -9589878.770690674
2461133.919818345 -69373985.08728544 -97486768.77138779 -9601378.19780472
2461133.920512789 -69418625.91661778 -97611386.2030492 -9612869.661894336
2461133.921207234 -69463209.45753323 -97735922.91261941 -9624353.178876648
2461133.921901678 -69507735.8562909 -97860379.05452983 -9635828.764610305
2461133.922596123 -69552205.25852908 -97984754.78266358 -9647296.434895864
2461133.923290567 -69596617.80926917 -98109050.25035813 -9658756.205476072
2461133.923985011 -69640973.65291905 -98233265.61040834 -9670208.092036206
2461133.924679456 -69685272.93327697 -98357401.01506871 -9681652.110204276
2461133.925373901 -69729515.79353489 -98481456.6160568 -9693088.275551498
2461133.926068345 -69773702.37628211 -98605432.56455536 -9704516.603592405
2461133.926762789 -69817832.82350887 -98729329.01121542 -9715937.109785205
2461133.927457234 -69861907.27660976 -98853146.10615869 -9727349.809532184
2461133.928151678 -69905925.87638731 -98976883.99898054 -9738754.718179852
2461133.928846123 -69949888.76305519 -99100542.83875236 -9750151.851019299
2461133.929540567 -69993796.0762419 -99224122.77402443 -9761541.223286433
2461133.930235012 -70037647.9549941 -99347623.95282823 -9772922.850162344
2461133.930929456 -70081444.53777994 -99471046.52267955 -9784296.746773558
2461133.931623900 -70125185.9624923 -99594390.63058047 -9795662.928192215
2461133.932318345 -70168872.36645234 -99717656.42302237 -9807021.409436557
2461133.933012790 -70212503.88641277 -99840844.04598835 -9818372.205471009
2461133.933707234 -70256080.65856077 -99963953.64495571 -9829715.331206499
2461133.934401678 -70299602.81852175 -100086985.3648984 -9841050.801500918
2461133.935096123 -70343070.50136232 -100209939.3502898 -9852378.631159075
2461133.935790567 -70386483.84159343 -100332815.74510501 -9863698.834933188
2461133.936485012 -70429842.97317363 -100455614.6928231 -9875011.42752314
2461133.937179456 -70473148.02951224 -100578336.3364301 -9886316.423576646
2461133.937873900 -70516399.14347251 -100700980.8184211 -9897613.837689532
2461133.938568345 -70559596.44737467 -100823548.2808025 -9908903.684406236
2461133.939262789 -70602740.07299894 -100946038.8650948 -9920185.978219634
2461133.939957234 -70645830.15158889 -101068452.7123348 -9931460.73357165
2461133.940651678 -70688866.81385408 -101190789.9630779 -9942727.964853432
2461133.941346123 -70731850.18997337 -101313050.7574007 -9953987.686405519
2461133.942040567 -70774780.4095978 -101435235.234903 -9965239.91251817
2461133.942735012 -70817657.60185374 -101557343.5347106 -9976484.657431632
2461133.943429456 -70860481.89534548 -101679375.795477 -9987721.935336303
2461133.944123900 -70903253.4181585 -101801332.15538639 -9998951.760373116
2461133.944818345 -70945972.29786232 -101923212.75215541 -10010174.14663366
2461133.945512789 -70988638.66151325 -102045017.7230356 -10021389.1081605
2461133.946207234 -71031252.63565747 -102166747.20481561 -10032596.658947378
2461133.946901678 -71073814.34633364 -102288401.33382359 -10043796.812939519
2461133.947596123 -71116323.91907585 -102409980.2459294 -10054989.584033791
2461133.948290567 -71158781.47891659 -102531484.07654661 -10066174.986078989
2461133.948985012 -71201187.15038933 -102652912.9606348 -10077353.03287608
2461133.949679456 -71243541.05753122 -102774267.0327018 -10088523.738178441
2461133.950373901 -71285843.32388617 -102895546.4268061 -10099687.11569207
2461133.951068345 -71328094.0725072 -103016751.2765583 -10110843.179075869
2461133.951762789 -71370293.4259595 -103137881.71512419 -10121991.94194176
2461133.952457234 -71412441.50632277 -103258937.8752261 -10133133.41785508
2461133.953151678 -71454538.43519434 -103379919.8891454 -10144267.6203347
2461133.953846123 -71496584.3336913 -103500827.88872449 -10155394.562853301
2461133.954540567 -71538579.32245359 -103621662.0053691 -10166514.25883749
2461133.955235011 -71580523.5216463 -103742422.37005 -10177626.721668221
2461133.955929456 -71622417.05096257 -103863109.1133055 -10188731.96468085
2461133.956623901 -71664260.02962582 -103983722.3652429 -10199830.001165519
2461133.957318345 -71706052.57639259 -104104262.2555414 -10210920.84436713
2461133.958012789 -71747794.80955504 -104224728.91345331 -10222004.50748581
2461133.958707234 -71789486.84694333 -104345122.4678065 -10233081.00367704
2461133.959401678 -71831128.80592826 -104465443.0470062 -10244150.34605178
2461133.960096123 -71872720.80342387 -104585690.7790373 -10255212.54767686
2461133.960790567 -71914262.95588955 -104705865.7914659 -10266267.62157507
2461133.961485012 -71955755.37933293 -104825968.2114417 -10277315.580725381
2461133.962179456 -71997198.18931197 -104945998.1656996 -10288356.43806322
2461133.962873900 -72038591.50093767 -105065955.7805619 -10299390.206480581
2461133.963568345 -72079935.42887622 -105185841.18194 -10310416.89882638
2461133.964262790 -72121230.08735165 -105305654.49533659 -10321436.527906481
2461133.964957234 -72162475.59014796 -105425395.8458475 -10332449.10648408
2461133.965651678 -72203672.0506116 -105545065.3581633 -10343454.64727974
2461133.966346123 -72244819.58165386 -105664663.15657151 -10354453.16297174
2461133.967040567 -72285918.29575314 -105784189.3649583 -10365444.66619625
2461133.967735012 -72326968.3049571 -105903644.10681051 -10376429.16954743
2461133.968429456 -72367969.72088543 -106023027.5052175 -10387406.68557768
2461133.969123900 -72408922.6547315 -106142339.6828727 -10398377.22679794
2461133.969818345 -72449827.21726508 -106261580.76207569 -10409340.80567776
2461133.970512789 -72490683.51883447 -106380750.8647341 -10420297.43464556
2461133.971207234 -72531491.66936867 -106499850.1123652 -10431247.1260888
2461133.971901678 -72572251.77837957 -106618878.6260976 -10442189.89235413
2461133.972596123 -72612963.95496435 -106737836.5266736 -10453125.74574772
2461133.973290567 -72653628.30780749 -106856723.9344504 -10464054.69853533
2461133.973985012 -72694244.9451829 -106975540.96940191 -10474976.76294248
2461133.974679456 -72734813.9749563 -107094287.7511208 -10485891.95115471
2461133.975373900 -72775335.50458719 -107212964.3988202 -10496800.27531784
2461133.976068345 -72815809.64113098 -107331571.031335 -10507701.74753803
2461133.976762789 -72856236.49124128 -107450107.76712409 -10518596.379881859
2461133.977457234 -72896616.16117166 -107568574.724272 -10529484.18437687
2461133.978151678 -72936948.75677818 -107686972.0204902 -10540365.17301138
2461133.978846123 -72977234.383521 -107805299.7731192 -10551239.357734911
2461133.979540567 -73017473.14646693 -107923558.0991301 -10562106.75045822
2461133.980235012 -73057665.150291 -108041747.1151264 -10572967.363053551
2461133.980929456 -73097810.49927883 -108159866.9373453 -10583821.207354829
2461133.981623901 -73137909.29732847 -108277917.6816596 -10594668.29515779
2461133.982318345 -73177961.64795257 -108395899.4635797 -10605508.638220081
2461133.983012789 -73217967.65428013 -108513812.3982542 -10616342.24826175
2461133.983707234 -73257927.41905868 -108631656.6004726 -10627169.13696502
2461133.984401678 -73297841.04465622 -108749432.1846666 -10637989.31597472
2461133.985096123 -73337708.63306299 -108867139.2649114 -10648802.79689829
2461133.985790567 -73377530.28589381 -108984777.9549275 -10659609.5913062
2461133.986485011 -73417306.10438956 -109102348.3680822 -10670409.71073182
2461133.987179456 -73457036.18941934 -109219850.6173915 -10681203.16667189
2461133.987873901 -73496720.64148225 -109337284.8155212 -10691989.970586302
2461133.988568345 -73536359.56070958 -109454651.0747889 -10702770.13389872
2461133.989262789 -73575953.04686615 -109571949.5071651 -10713543.667996401
2461133.989957234 -73615501.19935274 -109689180.2242752 -10724310.58423054
2461133.990651678 -73655004.11720751 -109806343.3374006 -10735070.89391635
2461133.991346123 -73694461.89910819 -109923438.9574806 -10745824.60833324
2461133.992040567 -73733874.6433735 -110040467.1951137 -10756571.73872507
2461133.992735012 -73773242.44796552 -110157428.16055891 -10767312.296300089
2461133.993429456 -73812565.41049093 -110274321.96373789 -10778046.29223142
2461133.994123900 -73851843.62820311 -110391148.7142359 -10788773.73765691
2461133.994818345 -73891077.19800396 -110507908.52130319 -10799494.643679399
2461133.995512790 -73930266.21644545 -110624601.493857 -10810209.02136705
2461133.996207234 -73969410.7797316 -110741227.7404826 -10820916.88175318
2461133.996901678 -74008510.9837201 -110857787.36943471 -10831618.235836709
2461133.997596123 -74047566.9239241 -110974280.4886394 -10842313.09458215
2461133.998290567 -74086578.69551395 -111090707.2056949 -10853001.46891981
2461133.998985012 -74125546.39331873 -111207067.62787369 -10863683.36974594
2461133.999679456 -74164470.11182831 -111323361.86212331 -10874358.80792291
2461134.000373900 -74203349.94519475 -111439590.01506831 -10885027.794279272
2461134.001068345 -74242185.98723406 -111555752.19301109 -10895690.33961006
2461134.001762789 -74280978.33142783 -111671848.5019338 -10906346.45467685
2461134.002457234 -74319727.07092516 -111787879.04749961 -10916996.15020784
2461134.003151678 -74358432.29854386 -111903843.9350539 -10927639.43689815
2461134.003846123 -74397094.10677232 -112019743.26962571 -10938276.32540991
2461134.004540567 -74435712.58777139 -112135577.1559291 -10948906.826372249
2461134.005235012 -74474287.83337547 -112251345.6983649 -10959530.95038178
2461134.005929456 -74512819.93509462 -112367049.0010213 -10970148.70800241
2461134.006623900 -74551308.98411585 -112482687.16767581 -10980760.10976563
2461134.007318345 -74589755.07130475 -112598260.3017964 -10991365.16617074
2461134.008012789 -74628158.28720719 -112713768.50654279 -11001963.88768477
2461134.008707234 -74666518.72205082 -112829211.88476789 -11012556.28474284
2461134.009401678 -74704836.4657465 -112944590.5390188 -11023142.36774818
2461134.010096123 -74743111.60789025 -113059904.5715386 -11033722.147072311
2461134.010790567 -74781344.23776415 -113175154.0842673 -11044295.63305515
2461134.011485012 -74819534.44433859 -113290339.17884311 -11054862.836005181
2461134.012179456 -74857682.31627312 -113405459.9566042 -11065423.76619958
2461134.012873901 -74895787.94191849 -113520516.5185891 -11075978.43388438
2461134.013568345 -74933851.40931793 -113635508.9655388 -11086526.84927459
2461134.014262789 -74971872.8062085 -113750437.3978978 -11097069.02255423
2461134.014957234 -75009852.22002283 -113865301.9158151 -11107604.963876631
2461134.015651678 -75047789.73789051 -113980102.6191455 -11118134.683364509
2461134.016346123 -75085685.44663942 -114094839.6074512 -11128658.191110048
2461134.017040567 -75123539.43279742 -114209512.98000279 -11139175.49717504
2461134.017735011 -75161351.78259358 -114324122.83578031 -11149686.61159111
2461134.018429456 -75199122.58195975 -114438669.27347481 -11160191.54435969
2461134.019123901 -75236851.916532 -114553152.39148921 -11170690.30545231
2461134.019818345 -75274539.87165183 -114667572.28793989 -11181182.90481069
2461134.020512789 -75312186.53236789 -114781929.06065759 -11191669.35234672
2461134.021207234 -75349791.98343717 -114896222.8071889 -11202149.65794273
2461134.021901678 -75387356.30932643 -115010453.624797 -11212623.83145163
2461134.022596123 -75424879.59421378 -115124621.6104634 -11223091.88269702
2461134.023290567 -75462361.92198965 -115238726.86088851 -11233553.821473181
2461134.023985012 -75499803.37625855 -115352769.4724934 -11244009.657545442
2461134.024679456 -75537204.04034019 -115466749.54142061 -11254459.40065001
2461134.025373900 -75574563.99727105 -115580667.1635352 -11264903.06049441
2461134.026068345 -75611883.32980545 -115694522.4344266 -11275340.64675736
2461134.026762790 -75649162.12041707 -115808315.4494085 -11285772.16908897
2461134.027457234 -75686400.45130034 -115922046.30352141 -11296197.63711098
2461134.028151678 -75723598.40437147 -116035715.0915328 -11306617.06041665
2461134.028846123 -75760756.06127013 -116149321.9079384 -11317030.44857111
2461134.029540567 -75797873.50336045 -116262866.8469639 -11327437.81111128
2461134.030235012 -75834950.81173255 -116376350.00256531 -11337839.15754619
2461134.030929456 -75871988.06720361 -116489771.46843031 -11348234.49735691
2461134.031623900 -75908985.35031925 -116603131.3379797 -11358623.83999683
2461134.032318345 -75945942.74135496 -116716429.704368 -11369007.194891611
2461134.033012789 -75982860.32031706 -116829666.660485 -11379384.57143943
2461134.033707234 -76019738.16694413 -116942842.2989564 -11389755.97901105
2461134.034401678 -76056576.36070836 -117055956.712145 -11400121.426949939
2461134.035096123 -76093374.98081648 -117169009.9921522 -11410480.92457242
2461134.035790567 -76130134.1062114 -117282002.2308185 -11420834.48116769
2461134.036485012 -76166853.81557308 -117394933.51972501 -11431182.10599799
2461134.037179456 -76203534.18731998 -117507803.95019391 -11441523.80829879
2461134.037873900 -76240175.2996101 -117620613.6132904 -11451859.59727874
2461134.038568345 -76276777.23034236 -117733362.59982279 -11462189.482119909
2461134.039262789 -76313340.0571577 -117846051.0003442 -11472513.47197792
2461134.039957234 -76349863.85744025 -117958678.9051533 -11482831.57598184
2461134.040651678 -76386348.7083187 -118071246.40429549 -11493143.803234631
2461134.041346123 -76422794.68666698 -118183753.5875639 -11503450.16281292
2461134.042040567 -76459201.86910616 -118296200.5445001 -11513750.66376739
2461134.042735012 -76495570.33200511 -118408587.3643956 -11524045.31512263
2461134.043429456 -76531900.15148164 -118520914.1362925 -11534334.12587748
2461134.044123901 -76568191.40340403 -118633180.9489848 -11544617.105004951
2461134.044818345 -76604444.1633917 -118745387.8910189 -11554894.2614525
2461134.045512789 -76640658.50681679 -118857535.0506953 -11565165.604141919
2461134.046207234 -76676834.50880492 -118969622.5160688 -11575431.14196968
2461134.046901678 -76712972.24423662 -119081650.3749501 -11585690.88380682
2461134.047596123 -76749071.78774816 -119193618.71490659 -11595944.83849922
2461134.048290567 -76785133.21373287 -119305527.6232631 -11606193.01486763
2461134.048985011 -76821156.59634224 -119417377.1871032 -11616435.42170773
2461134.049679456 -76857142.00948682 -119529167.49326979 -11626672.06779039
2461134.050373901 -76893089.5268376 -119640898.6283665 -11636902.961861521
2461134.051068345 -76928999.22182682 -119752570.67875841 -11647128.1126424
2461134.051762789 -76964871.16764921 -119864183.7305729 -11657347.52882963
2461134.052457234 -77000705.437263 -119975737.8697005 -11667561.21909538
2461134.053151678 -77036502.10339111 -120087233.1817965 -11677769.19208733
2461134.053846123 -77072261.238522 -120198669.75228089 -11687971.45642888
2461134.054540567 -77107982.91491087 -120310047.66634019 -11698168.02071919
2461134.055235012 -77143667.20458065 -120421367.0089278 -11708358.89353324
2461134.055929456 -77179314.1793231 -120532627.864765 -11718544.083422141
2461134.056623900 -77214923.91069978 -120643830.318342 -11728723.59891289
2461134.057318345 -77250496.47004317 -120754974.4539191 -11738897.44850877
2461134.058012790 -77286031.92845753 -120866060.3555268 -11749065.64068931
2461134.058707234 -77321530.35682005 -120977088.1069676 -11759228.18391032
2461134.059401678 -77356991.82578196 -121088057.7918162 -11769385.08660417
2461134.060096123 -77392416.40576924 -121198969.4934209 -11779536.35717971
2461134.060790567 -77427804.16698387 -121309823.2949042 -11789682.004022459
2461134.061485012 -77463155.17940475 -121420619.2791636 -11799822.03549464
2461134.062179456 -77498469.51278871 -121531357.5288728 -11809956.45993533
2461134.062873900 -77533747.23667131 -121642038.1264824 -11820085.2856605
2461134.063568345 -77568988.4203683 -121752661.1542205 -11830208.52096314
2461134.064262789 -77604193.13297592 -121863226.6940941 -11840326.17411343
2461134.064957234 -77639361.44337244 -121973734.82788941 -11850438.25335854
2461134.065651678 -77674493.42021884 -122084185.6371734 -11860544.76692308
2461134.066346123 -77709589.13195978 -122194579.2032937 -11870645.72300905
2461134.067040567 -77744648.64682473 -122304915.6073804 -11880741.12979577
2461134.067735012 -77779672.0328286 -122415194.9303462 -11890830.99544029
2461134.068429456 -77814659.35777305 -122525417.2528875 -11900915.328077141
2461134.069123900 -77849610.68924704 -122635582.6554855 -11910994.13581869
2461134.069818345 -77884526.09462824 -122745691.21840629 -11921067.42675505
2461134.070512789 -77919405.64108336 -122855743.0217027 -11931135.208954291
2461134.071207234 -77954249.39556958 -122965738.1452141 -11941197.490462441
2461134.071901678 -77989057.42483523 -123075676.668568 -11951254.2793036
2461134.072596123 -78023829.79542077 -123185558.67118041 -11961305.583480071
2461134.073290567 -78058566.57365955 -123295384.2322568 -11971351.41097235
2461134.073985012 -78093267.82567893 -123405153.4307929 -11981391.76973924
2461134.074679456 -78127933.61740102 -123514866.3455755 -11991426.66771807
2461134.075373901 -78162564.01454362 -123624523.0551831 -12001456.11282467
2461134.076068345 -78197159.08262111 -123734123.63798699 -12011480.11295326
2461134.076762789 -78231718.88694535 -123843668.172152 -12021498.67597696
2461134.077457234 -78266243.49262646 -123953156.7356369 -12031511.8097475
2461134.078151678 -78300732.9645737 -124062589.4061955 -12041519.52209548
2461134.078846123 -78335187.36749658 -124171966.2613775 -12051521.82083047
2461134.079540567 -78369606.76590541 -124281287.3785291 -12061518.71374095
2461134.080235011 -78403991.22411223 -124390552.8347937 -12071510.2085945
2461134.080929456 -78438340.80623175 -124499762.7071129 -12081496.3131379
2461134.081623901 -78472655.57618216 -124608917.072227 -12091477.03509718
2461134.082318345 -78506935.59768598 -124718016.00667611 -12101452.38217758
2461134.083012789 -78541180.93427086 -124827059.5868005 -12111422.36206384
2461134.083707234 -78575391.64927043 -124936047.8887415 -12121386.98242017
2461134.084401678 -78609567.80582511 -125044980.9884424 -12131346.25089035
2461134.085096123 -78643709.46688297 -125153858.96164909 -12141300.17509766
2461134.085790567 -78677816.69520053 -125262681.8839106 -12151248.76264529
2461134.086485012 -78711889.55334361 -125371449.8305803 -12161192.02111608
2461134.087179456 -78745928.10368794 -125480162.876816 -12171129.95807276
2461134.087873900 -78779932.4084205 -125588821.0975813 -12181062.58105811
2461134.088568345 -78813902.5295395 -125697424.56764589 -12190989.89759476
2461134.089262790 -78847838.52885593 -125805973.3615866 -12200911.91518561
2461134.089957234 -78881740.46799394 -125914467.55378789 -12210828.641313558
2461134.090651678 -78915608.40839177 -126022907.21844229 -12220740.08344192
2461134.091346123 -78949442.41130254 -126131292.4295519 -12230646.24901424
2461134.092040567 -78983242.53779486 -126239623.2609283 -12240547.14545446
2461134.092735012 -79017008.8487538 -126347899.78619389 -12250442.78016699
2461134.093429456 -79050741.40488176 -126456122.0787821 -12260333.16053684
2461134.094123900 -79084440.26669885 -126564290.2119381 -12270218.293929651
2461134.094818345 -79118105.49454395 -126672404.25872 -12280098.18769164
2461134.095512789 -79151737.14857548 -126780464.2919991 -12289972.84914989
2461134.096207234 -79185335.28877196 -126888470.3844606 -12299842.2856123
2461134.096901678 -79218899.97493291 -126996422.60860449 -12309706.50436763
2461134.097596123 -79252431.26667966 -127104321.03674589 -12319565.512685768
2461134.098290567 -79285929.22345579 -127212165.7410163 -12329419.31781742
2461134.098985012 -79319393.90452829 -127319956.7933637 -12339267.92699465
2461134.099679456 -79352825.3689879 -127427694.2655534 -12349111.34743057
2461134.100373900 -79386223.67575018 -127535378.2291688 -12358949.58631961
2461134.101068345 -79419588.8835559 -127643008.7556122 -12368782.6508375
2461134.101762789 -79452921.05097209 -127750585.9161049 -12378610.54814144
2461134.102457234 -79486220.23639256 -127858109.7816885 -12388433.285370091
2461134.103151678 -79519486.49803858 -127965580.4232253 -12398250.8696435
2461134.103846123 -79552719.8939598 -128072997.9113988 -12408063.30806357
2461134.104540567 -79585920.4820348 -128180362.31671439 -12417870.60771374
2461134.105235012 -79619088.31997177 -128287673.7095004 -12427672.77565924
2461134.105929456 -79652223.46530928 -128394932.1599082 -12437469.81894706
2461134.106623901 -79685325.9754171 -128502137.7379129 -12447261.74460614
2461134.107318345 -79718395.90749657 -128609290.5133147 -12457048.55964733
2461134.108012789 -79751433.31858163 -128716390.5557385 -12466830.27106352
2461134.108707234 -79784438.2655392 -128823437.9346351 -12476606.885829661
2461134.109401678 -79817410.80507015 -128930432.7192819 -12486378.410902869
2461134.110096123 -79850350.99370979 -129037374.9787833 -12496144.8532225
2461134.110790567 -79883258.88782866 -129144264.7820712 -12505906.219710119
2461134.111485011 -79916134.54363307 -129251102.197906 -12515662.517269649
2461134.112179456 -79948978.01716588 -129357887.2948772 -12525413.752787478
2461134.112873901 -79981789.36430706 -129464620.1414033 -12535159.933132451
2461134.113568345 -80014568.64077455 -129571300.8057334 -12544901.06515594
2461134.114262789 -80047315.90212469 -129677929.3559472 -12554637.15569189
2461134.114957234 -80080031.20375298 -129784505.8599557 -12564368.21155695
2461134.115651678 -80112714.6008947 -129891030.385502 -12574094.239550501
2461134.116346123 -80145366.14862564 -129997503.0001616 -12583815.24645464
2461134.117040567 -80177985.9018627 -130103923.7713434 -12593531.23903441
2461134.117735012 -80210573.91536446 -130210292.76628959 -12603242.2240378
2461134.118429456 -80243130.24373183 -130316610.0520771 -12612948.20819564
2461134.119123900 -80275654.9414088 -130422875.6956178 -12622649.19822197
2461134.119818345 -80308148.06268297 -130529089.7636587 -12632345.2008137
2461134.120512790 -80340609.66168627 -130635252.3227833 -12642036.22265115
2461134.121207234 -80373039.79239543 -130741363.4394116 -12651722.27039772
2461134.121901678 -80405438.50863278 -130847423.1798008 -12661403.35070011
2461134.122596123 -80437805.86406662 -130953431.6100461 -12671079.47018844
2461134.123290567 -80470141.91221221 -131059388.79608081 -12680750.63547614
2461134.123985012 -80502446.70643197 -131165294.8036774 -12690416.85316015
2461134.124679456 -80534720.29993653 -131271149.69844799 -12700078.12982092
2461134.125373900 -80566962.74578483 -131376953.5458445 -12709734.47202253
2461134.126068345 -80599174.0968851 -131482706.41115971 -12719385.886312641
2461134.126762789 -80631354.40599544 -131588408.3595277 -12729032.379222602
2461134.127457234 -80663503.72572415 -131694059.455924 -12738673.95726761
2461134.128151678 -80695622.10853055 -131799659.7651667 -12748310.62694663
2461134.128846123 -80727709.60672566 -131905209.35191672 -12757942.39474246
2461134.129540567 -80759766.27247244 -132010708.2806784 -12767569.267121889
2461134.130235012 -80791792.15778667 -132116156.61580011 -12777191.25053567
2461134.130929456 -80823787.31453744 -132221554.4214747 -12786808.351418609
2461134.131623900 -80855751.79444772 -132326901.7617401 -12796420.57618965
2461134.132318345 -80887685.64909492 -132432198.70047961 -12806027.9312518
2461134.133012789 -80919588.9299116 -132537445.30142312 -12815630.4229924
2461134.133707234 -80951461.68818578 -132642641.6281467 -12825228.05778295
2461134.134401678 -80983303.9750617 -132747787.7440739 -12834820.8419794
2461134.135096123 -81015115.84154038 -132852883.712476 -12844408.78192203
2461134.135790567 -81046897.33848013 -132957929.59647238 -12853991.8839355
2461134.136485012 -81078648.51659706 -133062925.45903131 -12863570.154329011
2461134.137179456 -81110369.3304595 -133167871.4465923 -12873143.52388947
2461134.137873901 -81142059.80391628 -133272767.64497711 -12882711.97798607
2461134.138568345 -81173720.39147662 -133377613.76463069 -12892275.84079024
2461134.139262789 -81205351.03237039 -133482409.9645378 -12901835.031312611
2461134.139957234 -81236947.9406126 -133587159.6493023 -12911386.54009372
2461134.140651678 -81268510.1859713 -133691863.73498 -12920929.60283136
2461134.141346123 -81300052.63173787 -133796509.3757404 -12930475.87107655
2461134.142040567 -81331571.814751 -133901099.69447201 -12940022.589819381
2461134.142735011 -81363025.31042115 -134005671.7693308 -12949536.38219358
2461134.143429456 -81394406.27316427 -134110231.6698882 -12959011.83430515
2461134.144123901 -81425839.36375864 -134214670.8487501 -12968546.88365808
2461134.144818345 -81457309.19292182 -134319002.8337229 -12978129.41461011
2461134.145512789 -81488573.38133024 -134423438.9646447 -12987568.8939678
2461134.146207234 -81519516.12167537 -134528080.1312017 -12996774.125611689
2461134.146901678 -81550492.81167074 -134632616.4087934 -13006024.10575909
2461134.147596123 -81581756.36588317 -134736827.44649592 -13015517.54663933
2461134.148290567 -81613072.41499683 -134840917.97358942 -13025070.58934885
2461134.148985012 -81644263.0962619 -134945043.32068428 -13034543.63182549
2461134.149679456 -81675376.69823952 -135049161.437304 -13043974.525310291
2461134.150373900 -81706523.38481528 -135153176.28630608 -13053449.69021759
2461134.151068345 -81737656.57588911 -135257128.6209662 -13062932.542501539
2461134.151762790 -81768750.00732549 -135361041.4675135 -13072402.444066511
2461134.152457234 -81799807.85141896 -135464911.28469932 -13081862.63638121
2461134.153151678 -81830843.6685007 -135568726.3360609 -13091323.72624789
2461134.153846123 -81861851.80964877 -135672491.6534452 -13100781.25092653
2461134.154540567 -81892830.62410225 -135776208.77842152 -13110233.88444215
2461134.155235012 -81923780.25590345 -135879877.6853927 -13119681.70873493
2461134.155929456 -81954701.12572311 -135983498.1069422 -13129125.022748211
2461134.156623900 -81985593.12368342 -136087070.2387121 -13138563.70948923
2461134.157318345 -82016456.26124908 -136190594.1701322 -13147997.747199161
2461134.158012789 -82047290.58499181 -136294069.95973098 -13157427.141732631
2461134.158707234 -82078096.14135799 -136397497.66590148 -13166851.89893051
2461134.159401678 -82108872.97666833 -136500877.34690028 -13176272.02461977
2461134.160096123 -82139621.13711889 -136604209.0608496 -13185687.5246135
2461134.160790567 -82170340.66878155 -136707492.8657375 -13195098.40471114
2461134.161485012 -82201031.6176045 -136810728.81941828 -13204504.67069834
2461134.162179456 -82231694.0294125 -136913916.9796127 -13213906.32834726
2461134.162873900 -82262327.9499076 -137017057.40390882 -13223303.3834164
2461134.163568345 -82292933.42466928 -137120150.1497617 -13232695.84165067
2461134.164262789 -82323510.49915534 -137223195.2744952 -13242083.708781552
2461134.164957234 -82354059.21870197 -137326192.8353008 -13251466.990527
2461134.165651678 -82384579.62852447 -137429142.8892391 -13260845.69259163
2461134.166346123 -82415071.77371734 -137532045.49324 -13270219.820666559
2461134.167040567 -82445535.69925529 -137634900.7041031 -13279589.38042979
2461134.167735012 -82475971.44999312 -137737708.5784978 -13288954.37754588
2461134.168429456 -82506379.07066661 -137840469.1729645 -13298314.817666199
2461134.169123901 -82536758.60589258 -137943182.5439142 -13307670.70642899
2461134.169818345 -82567110.1001697 -138045848.7476296 -13317022.04945921
2461134.170512789 -82597433.59787868 -138148467.8402649 -13326368.85236892
2461134.171207234 -82627729.14328277 -138251039.8778468 -13335711.12075692
2461134.171901678 -82657996.78052819 -138353564.91627473 -13345048.86020916
2461134.172596123 -82688236.5536447 -138456043.01132062 -13354382.076298531
2461134.173290567 -82718448.50654568 -138558474.2186306 -13363710.77458507
2461134.173985011 -82748632.68302909 -138660858.5937242 -13373034.96061583
2461134.174679456 -82778789.12677732 -138763196.1919957 -13382354.63992507
2461134.175373901 -82808917.8813581 -138865487.0687136 -13391669.8180344
2461134.176068345 -82839018.9902245 -138967731.2790219 -13400980.50045242
2461134.176762789 -82869092.49671586 -139069928.87794012 -13410286.692675179
2461134.177457234 -82899138.44405763 -139172079.9203636 -13419588.400186
2461134.178151678 -82929156.87536225 -139274184.46106392 -13428885.62845564
2461134.178846123 -82959147.83362925 -139376242.5546897 -13438178.38294229
2461134.179540567 -82989111.36174601 -139478254.2557666 -13447466.6690914
2461134.180235012 -83019047.50248781 -139580219.61869758 -13456750.49233621
2461134.180929456 -83048956.29851833 -139682138.69776398 -13466029.858097259
2461134.181623900 -83078837.7923903 -139784011.5471251 -13475304.77178278
2461134.182318345 -83108692.02654558 -139885838.2208192 -13484575.23878867
2461134.183012790 -83138519.04331584 -139987618.7727635 -13493841.26449835
2461134.183707234 -83168318.88492268 -140089353.2567549 -13503102.85428306
2461134.184401678 -83198091.5934783 -140191041.72647 -13512360.01350176
2461134.185096123 -83227837.2109858 -140292684.23546588 -13521612.747501152
2461134.185790567 -83257555.77933934 -140394280.8371802 -13530861.061615821
2461134.186485012 -83287247.34032504 -140495831.5849318 -13540104.96116815
2461134.187179456 -83316911.93562093 -140597336.5319205 -13549344.45146849
2461134.187873900 -83346549.60679741 -140698795.7312286 -13558579.53781509
2461134.188568345 -83376160.39531793 -140800209.2358202 -13567810.22549429
2461134.189262789 -83405744.34253906 -140901577.0985419 -13577036.519780189
2461134.189957234 -83435301.48971088 -141002899.3721234 -13586258.425935281
2461134.190651678 -83464831.87797776 -141104176.10917792 -13595475.949209929
2461134.191346123 -83494335.5483781 -141205407.3622018 -13604689.09484273
2461134.192040567 -83523812.54184529 -141306593.1835761 -13613897.86806041
2461134.192735012 -83553262.89920779 -141407733.6255659 -13623102.27407793
2461134.193429456 -83582686.66118962 -141508828.7403212 -13632302.318098549
2461134.194123900 -83612083.86841059 -141609878.5798771 -13641498.005313769
2461134.194818345 -83641454.56138681 -141710883.1961543 -13650689.34090345
2461134.195512789 -83670798.78053111 -141811842.64095932 -13659876.33003572
2461134.196207234 -83700116.56615326 -141912756.965985 -13669058.977867309
2461134.196901678 -83729407.95846042 -142013626.222811 -13678237.28954318
2461134.197596123 -83758672.99755737 -142114450.46290338 -13687411.27019694
2461134.198290567 -83787911.72344722 -142215229.7376161 -13696580.92495068
2461134.198985012 -83817124.17603135 -142315964.09819052 -13705746.25891491
2461134.199679456 -83846310.39511007 -142416653.5957561 -13714907.277188849
2461134.200373901 -83875470.42038275 -142517298.2813307 -13724063.9848604
2461134.201068345 -83904604.29144861 -142617898.20582092 -13733216.387006
2461134.201762789 -83933712.04780632 -142718453.4200224 -13742364.48869089
2461134.202457234 -83962793.72885522 -142818963.9746203 -13751508.29496892
2461134.203151678 -83991849.373895 -142919429.92018962 -13760647.81088293
2461134.203846123 -84020879.02212644 -143019851.30719522 -13769783.04146431
2461134.204540567 -84049882.71265158 -143120228.1859927 -13778913.991733491
2461134.205235011 -84078860.48447414 -143220560.6068285 -13788040.66669967
2461134.205929456 -84107812.37649982 -143320848.61984 -13797163.07136101
2461134.206623901 -84136738.42753662 -143421092.2750562 -13806281.21070466
2461134.207318345 -84165638.67629546 -143521291.6223981 -13815395.089706661
2461134.208012789 -84194513.16138999 -143621446.7116785 -13824504.71333218
2461134.208707234 -84223361.92133744 -143721557.592603 -13833610.08653534
2461134.209401678 -84252184.99455878 -143821624.3147701 -13842711.21425941
2461134.210096123 -84280982.4193788 -143921646.9276712 -13851808.1014368
2461134.210790567 -84309754.23402703 -144021625.48069128 -13860900.75298907
2461134.211485012 -84338500.4766374 -144121560.0231094 -13869989.173826931
2461134.212179456 -84367221.18524908 -144221450.6040987 -13879073.36885031
2461134.212873900 -84395916.39780651 -144321297.27272648 -13888153.342948541
2461134.213568345 -84424586.15216005 -144421100.0779554 -13897229.10100007
2461134.214262790 -84453230.48606594 -144520859.06864288 -13906300.64787278
2461134.214957234 -84481849.43718676 -144620574.29354203 -13915367.98842391
2461134.215651678 -84510443.043092 -144720245.80130142 -13924431.127500068
2461134.216346123 -84539011.34125794 -144819873.6404661 -13933490.06993727
2461134.217040567 -84567554.36906832 -144919457.8594774 -13942544.82056107
2461134.217735012 -84596072.16381462 -145018998.50667349 -13951595.38418651
2461134.218429456 -84624564.76269619 -145118495.6302895 -13960641.76561806
2461134.219123900 -84653032.20282073 -145217949.27845812 -13969683.96964981
2461134.219818345 -84681474.52120458 -145317359.49920937 -13978722.001065569
2461134.220512789 -84709891.75477298 -145416726.3404717 -13987755.864638489
2461134.221207234 -84738283.94036043 -145516049.8500716 -13996785.56513169
2461134.221901678 -84766651.11471115 -145615330.0757345 -14005811.10729783
2461134.222596123 -84794993.31447898 -145714567.0650844 -14014832.495879289
2461134.223290567 -84823310.57622811 -145813760.8656449 -14023849.735608209
2461134.223985012 -84851602.93643326 -145912911.52483892 -14032862.83120654
2461134.224679456 -84879870.43147981 -146012019.0899892 -14041871.78738607
2461134.225373900 -84908113.09766446 -146111083.6083192 -14050876.60884838
2461134.226068345 -84936330.97119513 -146210105.126952 -14059877.30028504
2461134.226762789 -84964524.08819157 -146309083.6929121 -14068873.86637741
2461134.227457234 -84992692.48468544 -146408019.353125 -14077866.311796801
2461134.228151678 -85020836.1966209 -146506912.1544173 -14086854.64120464
2461134.228846123 -85048955.25985453 -146605762.1435174 -14095838.859252209
2461134.229540567 -85077049.7101561 -146704569.367056 -14104818.97058094
2461134.230235012 -85105119.58320826 -146803333.8715656 -14113794.9798222
2461134.230929456 -85133164.91460751 -146902055.7034814 -14122766.8915977
2461134.231623901 -85161185.73986389 -147000734.9091416 -14131734.710518949
2461134.232318345 -85189182.09440167 -147099371.53478763 -14140698.44118792
2461134.233012789 -85217154.01355948 -147197965.62656412 -14149658.088196509
2461134.233707234 -85245101.5325907 -147296517.2305194 -14158613.65612713
2461134.234401678 -85272922.89499886 -147395049.474457 -14167649.76164533
2461134.235096123 -85300821.46073215 -147493515.1944185 -14176596.93848335
2461134.235790567 -85328695.48037535 -147591937.674771 -14185539.96910868
2461134.236485011 -85356545.57945211 -147690319.0521925 -14194479.0480338
2461134.237179456 -85384371.56763048 -147788658.574924 -14203414.10735576
2461134.237873901 -85412173.31078602 -147886955.6905441 -14212345.09727975
2461134.238568345 -85439950.87619883 -147985210.5600099 -14221272.03281979
2461134.239262789 -85467704.34920223 -148083423.4083355 -14230194.93480914
2461134.239957234 -85495433.75170958 -148181594.23609582 -14239113.803689878
2461134.240651678 -85523139.08889166 -148279722.9847945 -14248028.63453673
2461134.241346123 -85550820.3967726 -148377809.7054623 -14256939.43237319
2461134.242040567 -85578477.7298839 -148475854.5148924 -14265846.208196402
2461134.242735012 -85606111.1254907 -148573857.4688592 -14274748.967459131
2461134.243429456 -85633720.5992963 -148671818.5468948 -14283647.70868722
2461134.244123900 -85661306.17494935 -148769737.75685722 -14292542.432978788
2461134.244818345 -85688867.90536217 -148867615.2106263 -14301433.15088037
2461134.245512790 -85716405.84927122 -148965451.0412504 -14310319.87485891
2461134.246207234 -85743920.00737734 -149063245.17557192 -14319202.59865109
2461134.246901678 -85771410.31343102 -149160997.3022103 -14328081.29435699
2461134.247596123 -85798876.81142639 -149258707.5020956 -14336955.96970816
2461134.248290567 -85826319.67953137 -149356376.3338755 -14345826.67582354
2461134.248985012 -85853739.02842288 -149454004.1164754 -14354693.44204717
2461134.249679456 -85881134.80286917 -149551590.57878777 -14363556.24413153
2461134.250373900 -85908506.97468346 -149649135.545862 -14372415.06656293
2461134.251068345 -85935855.58662203 -149746639.09528682 -14381269.91676423
2461134.251762789 -85963180.69966581 -149844101.3699263 -14390120.80808475
2461134.252457234 -85990482.34572053 -149941522.4093264 -14398967.74448921
2461134.253151678 -86017760.53893562 -150038902.18975458 -14407810.724195449
2461134.253846123 -86045015.30665164 -150136240.7347634 -14416649.74971437
2461134.254540567 -86072246.70408142 -150233538.167625 -14425484.83261116
2461134.255235012 -86099454.76136564 -150330794.5221763 -14434315.97632916
2461134.255929456 -86126639.4921265 -150428009.7734654 -14443143.17897228
2461134.256623900 -86153800.93373288 -150525183.9816536 -14451966.44637172
2461134.257318345 -86180939.13827905 -150622317.2596795 -14460785.78915037
2461134.258012789 -86208054.12794338 -150719409.613644 -14469601.20822941
2461134.258707234 -86235145.91682778 -150816461.0209614 -14478412.70192433
2461134.259401678 -86262214.54447883 -150913471.5502781 -14487220.276833419
2461134.260096123 -86289260.05440913 -151010441.2846165 -14496023.94085922
2461134.260790567 -86316282.47895992 -151107370.2672078 -14504823.698290508
2461134.261485012 -86343281.84464778 -151204258.5206213 -14513619.55153912
2461134.262179456 -86370258.18419613 -151301106.0898189 -14522411.50504912
2461134.262873901 -86397211.53116067 -151397913.02292028 -14531199.56355041
2461134.263568345 -86424141.91745822 -151494679.3623608 -14539983.731255999
2461134.264262789 -86451049.37432678 -151591405.14832568 -14548764.012173489
2461134.264957234 -86477933.9335352 -151688090.4230785 -14557540.410498539
2461134.265651678 -86504795.62682466 -151784735.228962 -14566312.93043284
2461134.266346123 -86531634.48574628 -151881339.6078155 -14575081.57613166
2461134.267040567 -86558450.54176433 -151977903.60134512 -14583846.3517374
2461134.267735011 -86585243.82628421 -152074427.2512215 -14592607.26138813
2461134.268429456 -86612014.37063974 -152170910.5990353 -14601364.30921394
2461134.269123901 -86638762.20609021 -152267353.6862858 -14610117.49933568
2461134.269818345 -86665487.36382324 -152363756.55438912 -14618866.83586582
2461134.270512789 -86692189.87495476 -152460119.2446796 -14627612.322908489
2461134.271207234 -86718869.77052945 -152556441.7984091 -14636353.964559618
2461134.271901678 -86745527.08152075 -152652724.2567479 -14645091.76490668
2461134.272596123 -86772161.83883145 -152748966.6607842 -14653825.728028892
2461134.273290567 -86798774.0732934 -152845169.0515251 -14662555.85799741
2461134.273985012 -86825363.81566818 -152941331.46989632 -14671282.15887489
2461134.274679456 -86851931.09664716 -153037453.9567427 -14680004.63471616
2461134.275373900 -86878475.94685163 -153133536.5528284 -14688723.28956745
2461134.276068345 -86904998.39683336 -153229579.29883713 -14697438.12746707
2461134.276762790 -86931498.47707425 -153325582.2353719 -14706149.15244529
2461134.277457234 -86957976.21798715 -153421545.4029564 -14714856.368524069
2461134.278151678 -86984431.64991578 -153517468.8420338 -14723559.779717451
2461134.278846123 -87010864.8031349 -153613352.59296808 -14732259.39003134
2461134.279540567 -87037275.70785074 -153709196.69604388 -14740955.20346366
2461134.280235012 -87063664.39420101 -153805001.19146648 -14749647.22400417
2461134.280929456 -87090030.89225528 -153900766.1193622 -14758335.45563495
2461134.281623900 -87116375.23201507 -153996491.51977912 -14767019.902329778
2461134.282318345 -87142697.44341423 -154092177.4326863 -14775700.5680548
2461134.283012789 -87168997.55631876 -154187823.897975 -14784377.456767999
2461134.283707234 -87195275.60052772 -154283430.9554581 -14793050.57241952
2461134.284401678 -87221531.60577285 -154378998.6448709 -14801719.91895179
2461134.285096123 -87247765.60171886 -154474527.0058709 -14810385.5002992
2461134.285790567 -87273977.6179639 -154570016.07803848 -14819047.320388451
2461134.286485012 -87300167.6840396 -154665465.900877 -14827705.38313836
2461134.287179456 -87326335.82941124 -154760876.51381218 -14836359.692459881
2461134.287873900 -87352482.08347811 -154856247.9561939 -14845010.25225651
2461134.288568345 -87378606.47557351 -154951580.267295 -14853657.066423561
2461134.289262789 -87404709.03496532 -155046873.4863119 -14862300.13884911
2461134.289957234 -87430789.79085556 -155142127.6523655 -14870939.47341324
2461134.290651678 -87456848.77238147 -155237342.8045006 -14879575.0739883
2461134.291346123 -87482886.00861493 -155332518.9816861 -14888206.94443928
2461134.292040567 -87508901.52856304 -155427656.22281572 -14896835.088623289
2461134.292735012 -87534895.36116837 -155522754.5667078 -14905459.51039001
2461134.293429456 -87560867.53530888 -155617814.05210578 -14914080.21358144
2461134.294123901 -87586818.07979849 -155712834.7176784 -14922697.20203194
2461134.294818345 -87612747.02338704 -155807816.60201952 -14931310.47956859
2461134.295512789 -87638654.39476043 -155902759.74364883 -14939920.05001055
2461134.296207234 -87664540.22254099 -155997664.1810117 -14948525.91716994
2461134.296901678 -87690404.53528768 -156092529.9524795 -14957128.084851071
2461134.297596123 -87716247.36149617 -156187357.09634998 -14965726.55685087
2461134.298290567 -87742068.7295991 -156282145.6508472 -14974321.33695896
2461134.298985011 -87767868.6679663 -156376895.6541219 -14982912.428957459
2461134.299679456 -87793647.20490488 -156471607.1442516 -14991499.8366209
2461134.300373901 -87819404.36865963 -156566280.15924078 -15000083.56371684
2461134.301068345 -87845140.1874129 -156660914.7370216 -15008663.614005191
2461134.301762789 -87870854.68928516 -156755510.9154531 -15017239.99123865
2461134.302457234 -87896547.9023349 -156850068.7323222 -15025812.699162519
2461134.303151678 -87922219.85455896 -156944588.2253437 -15034381.74151489
2461134.303846123 -87947870.57389271 -157039069.4321604 -15042947.12202664
2461134.304540567 -87973500.08821023 -157133512.39034322 -15051508.84442117
2461134.305235012 -87999108.4253244 -157227917.1373917 -15060066.91241491
2461134.305929456 -88024695.61298725 -157322283.71073398 -15068621.32971694
2461134.306623900 -88050261.67889014 -157416612.1477271 -15077172.10002917
2461134.307318345 -88075806.6506638 -157510902.4856567 -15085719.22704636
2461134.308012790 -88101330.55587867 -157605154.7617382 -15094262.71445614
2461134.308707234 -88126833.42204492 -157699369.0131159 -15102802.56593897
2461134.309401678 -88152315.27661276 -157793545.2768642 -15111338.78516825
2461134.310096123 -88177776.14697261 -157887683.58998698 -15119871.37581021
2461134.310790567 -88203216.06045535 -157981783.9894181 -15128400.34152413
2461134.311485012 -88228635.04433234 -158075846.5120219 -15136925.68596212
2461134.312179456 -88254033.12581567 -158169871.1945927 -15145447.41276935
2461134.312873900 -88279410.33205844 -158263858.0738555 -15153965.525583921
2461134.313568345 -88304766.69015475 -158357807.1864664 -15162480.02803701
2461134.314262789 -88330102.22713996 -158451718.5690118 -15170990.923752781
2461134.314957234 -88355416.96999116 -158545592.2580097 -15179498.21634839
2461134.315651678 -88380710.94562678 -158639428.2899091 -15188001.90943416
2461134.316346123 -88405984.18090722 -158733226.70109102 -15196502.00661348
2461134.317040567 -88431236.70263492 -158826987.5278674 -15204998.51148273
2461134.317735012 -88456468.5375543 -158920710.8064827 -15213491.4276316
2461134.318429456 -88481679.71235228 -159014396.5731131 -15221980.758642811
2461134.319123900 -88506870.25365832 -159108044.8638671 -15230466.50809227
2461134.319818345 -88532040.18804461 -159201655.71478552 -15238948.679549031
2461134.320512789 -88557189.54202607 -159295229.161842 -15247427.2765754
2461134.321207234 -88582318.34206077 -159388765.24094272 -15255902.30272694
2461134.321901678 -88607426.61454996 -159482263.9879269 -15264373.761552349
2461134.322596123 -88632514.38583839 -159575725.4385672 -15272841.6565935
2461134.323290567 -88657581.6822142 -159669149.628569 -15281305.99138586
2461134.323985012 -88682628.52990936 -159762536.5935716 -15289766.76945785
2461134.324679456 -88707654.95509978 -159855886.36914802 -15298223.99433151
2461134.325373901 -88732660.98390535 -159949198.9908049 -15306677.66952179
2461134.326068345 -88757646.64239018 -160042474.493983 -15315127.798537511
2461134.326762789 -88782611.956563 -160135712.9140574 -15323574.38488042
2461134.327457234 -88807556.9523769 -160228914.2863375 -15332017.4320459
2461134.328151678 -88832481.65572974 -160322078.64606708 -15340456.94352264
2461134.328846123 -88857386.09246443 -160415206.0284251 -15348892.92279274
2461134.329540567 -88882270.28836878 -160508296.468525 -15357325.373331811
2461134.330235011 -88907134.26917589 -160601350.0014154 -15365754.29860883
2461134.330929456 -88931978.06056432 -160694366.66208032 -15374179.70208629
2461134.331623901 -88956801.68815815 -160787346.48543918 -15382601.58722017
2461134.332318345 -88981605.1775272 -160880289.50634688 -15391019.95746
2461134.333012789 -89006388.55418718 -160973195.7595943 -15399434.816248689
2461134.333707234 -89031151.84359983 -161066065.279908 -15407846.16702301
2461134.334401678 -89055895.0711731 -161158898.1019508 -15416254.013212891
2461134.335096123 -89080618.26226138 -161251694.26032192 -15424658.35824211
2461134.335790567 -89105321.44216543 -161344453.7895569 -15433059.20552792
2461134.336485012 -89130004.63613293 -161437176.7241278 -15441456.55848131
2461134.337179456 -89154667.86935827 -161529863.09844348 -15449850.42050676
2461134.337873900 -89179311.16698278 -161622512.9468502 -15458240.79500245
2461134.338568345 -89203934.55409515 -161715126.3036308 -15466627.68536026
2461134.339262790 -89228538.05573122 -161807703.2030057 -15475011.09496581
2461134.339957234 -89253121.69687435 -161900243.6791325 -15483391.02719816
2461134.340651678 -89277685.50245562 -161992747.7661067 -15491767.485430341
2461134.341346123 -89302229.49735376 -162085215.49796158 -15500140.473029071
2461134.342040567 -89326753.70639561 -162177646.9086682 -15508509.99335476
2461134.342735012 -89351258.15435587 -162270042.0321357 -15516876.04976164
2461134.343429456 -89375742.8659577 -162362400.90221182 -15525238.64559759
2461134.344123900 -89400207.86587252 -162454723.5526824 -15533597.78420452
2461134.344818345 -89424653.17872043 -162547010.017272 -15541953.4689179
2461134.345512789 -89449078.82907012 -162639260.3296439 -15550305.7030673
2461134.346207234 -89473484.8414392 -162731474.5234004 -15558654.48997582
2461134.346901678 -89497871.24029426 -162823652.6320827 -15566999.83296076
2461134.347596123 -89522238.05005105 -162915794.6891713 -15575341.7353331
2461134.348290567 -89546585.29507467 -163007900.7280863 -15583680.200397681
2461134.348985012 -89570912.99967955 -163099970.7821871 -15592015.23145345
2461134.349679456 -89595221.18812984 -163192004.88477278 -15600346.831793088
2461134.350373900 -89619509.88463934 -163284003.0690826 -15608675.004703429
2461134.351068345 -89643779.11337185 -163375965.3682956 -15616999.75346505
2461134.351762789 -89668028.89844118 -163467891.81553102 -15625321.08135253
2461134.352457234 -89692259.26391123 -163559782.4438484 -15633638.99163468
2461134.353151678 -89716470.2337963 -163651637.28624788 -15641953.48757408
2461134.353846123 -89740661.83206123 -163743456.37567022 -15650264.57242744
2461134.354540567 -89764834.08262141 -163835239.7449969 -15658572.24944546
2461134.355235012 -89788987.00934301 -163926987.4270507 -15666876.52187297
2461134.355929456 -89813120.63604303 -164018699.4545947 -15675177.392948741
2461134.356623901 -89837234.98648965 -164110375.8603342 -15683474.86590578
2461134.357318345 -89861330.08440214 -164202016.6769153 -15691768.94397112
2461134.358012789 -89885405.95345125 -164293621.9369258 -15700059.63036595
2461134.358707234 -89909462.61725898 -164385191.6728952 -15708346.92830561
2461134.359401678 -89933500.09939912 -164476725.9172951 -15716630.84099944
2461134.360096123 -89957518.42339712 -164568224.7025387 -15724911.371651249
2461134.360790567 -89981517.61273038 -164659688.0609817 -15733188.523458662
2461134.361485011 -90005497.69082837 -164751116.02492192 -15741462.29961373
2461134.362179456 -90029458.68107256 -164842508.6265997 -15749732.7033027
2461134.362873901 -90053400.60679695 -164933865.8981981 -15757999.73770601
2461134.363568345 -90077323.4912878 -165025187.8718426 -15766263.40599839
2461134.364262789 -90101227.35778405 -165116474.579602 -15774523.711348629
2461134.364957234 -90125112.22947739 -165207726.05348802 -15782780.656920029
2461134.365651678 -90148978.12951228 -165298942.3254553 -15791034.24587013
2461134.366346123 -90172825.08098617 -165390123.427402 -15799284.48135068
2461134.367040567 -90196653.10694976 -165481269.3911698 -15807531.36650784
2461134.367735012 -90220462.23040687 -165572380.2485441 -15815774.90448199
2461134.368429456 -90244252.4743148 -165663456.031254 -15824015.098407999
2461134.369123900 -90268023.86158425 -165754496.7709723 -15832251.95141498
2461134.369818345 -90291776.4150798 -165845502.4993161 -15840485.46662644
2461134.370512790 -90315510.1576196 -165936473.24784678 -15848715.64716034
2461134.371207234 -90339225.1119758 -166027409.0480696 -15856942.49612906
2461134.371901678 -90362921.30087471 -166118309.9314349 -15865166.01663928
2461134.372596123 -90386598.74699676 -166209175.92933717 -15873386.21179218
2461134.373290567 -90410257.47297658 -166300007.07311592 -15881603.08468343
2461134.373985012 -90433897.50140333 -166390803.3940555 -15889816.63840301
2461134.374679456 -90457518.8548209 -166481564.92338538 -15898026.87603563
2461134.375373900 -90481121.55572765 -166572291.6922799 -15906233.80066027
2461134.376068345 -90504705.62657689 -166662983.7318593 -15914437.41535056
2461134.376762789 -90528271.08977686 -166753641.0731886 -15922637.723174458
2461134.377457234 -90551817.96769093 -166844263.7472789 -15930834.72719472
2461134.378151678 -90575346.28263767 -166934851.785087 -15939028.43046842
2461134.378846123 -90598856.05689095 -167025405.21751538 -15947218.83604729
2461134.379540567 -90622347.31268014 -167115924.0754124 -15955405.94697772
2461134.380235012 -90645820.07219025 -167206408.3895731 -15963589.766300471
2461134.380929456 -90669274.35756195 -167296858.19073838 -15971770.297051052
2461134.381623900 -90692710.19089182 -167387273.5095955 -15979947.542259721
2461134.382318345 -90716127.59423229 -167477654.3767786 -15988121.504951078
2461134.383012789 -90739526.58959198 -167568000.8228683 -15996292.18814451
2461134.383707234 -90762907.19893578 -167658312.87839192 -16004459.59485424
2461134.384401678 -90786269.44418485 -167748590.5738241 -16012623.72808868
2461134.385096123 -90809613.34721673 -167838833.9395863 -16020784.590851419
2461134.385790567 -90832938.92986572 -167929043.0060471 -16028942.18614059
2461134.386485012 -90856246.21392268 -168019217.80352238 -16037096.51694897
2461134.387179456 -90879535.22113544 -168109358.3622762 -16045247.58626406
2461134.387873901 -90902805.97320864 -168199464.7125195 -16053395.397068119
2461134.388568345 -90926058.49180403 -168289536.8844111 -16061539.952338241
2461134.389262789 -90949292.79854062 -168379574.9080578 -16069681.25504618
2461134.389957234 -90972508.91499473 -168469578.8135144 -16077819.30815856
2461134.390651678 -90995706.86270006 -168559548.6307837 -16085954.114636678
2461134.391346123 -91018886.66314775 -168649484.38981712 -16094085.67743678
2461134.392040567 -91042048.33778675 -168739386.120514 -16102213.999509841
2461134.392735011 -91065191.90802386 -168829253.8527225 -16110339.083801689
2461134.393429456 -91088317.39522363 -168919087.6162393 -16118460.93325299
2461134.394123901 -91111424.82070869 -169008887.44081 -16126579.5507992
2461134.394818345 -91134514.20575982 -169098653.3561288 -16134694.93937086
2461134.395512789 -91157585.5716161 -169188385.3918394 -16142807.101893129
2461134.396207234 -91180638.93947475 -169278083.5775341 -16150916.04128623
2461134.396901678 -91203674.3304918 -169367747.94275507 -16159021.760465302
2461134.397596123 -91226691.76578152 -169457378.5169932 -16167124.262340339
2461134.398290567 -91249691.26641734 -169546975.32968938 -16175223.549816221
2461134.398985012 -91272672.8534311 -169636538.4102343 -16183319.62579289
2461134.399679456 -91295636.54781385 -169726067.78796792 -16191412.49316523
2461134.400373900 -91318582.37051545 -169815563.4921804 -16199502.15482301
2461134.401068345 -91341510.34244524 -169905025.55211192 -16207588.613651171
2461134.401762790 -91364420.48447159 -169994453.9969528 -16215671.87252938
2461134.402457234 -91387312.81742236 -170083848.8558435 -16223751.93433255
2461134.403151678 -91410187.3620849 -170173210.1578751 -16231828.801930469
2461134.403846123 -91433044.13920616 -170262537.932089 -16239902.47818817
2461134.404540567 -91455883.16949287 -170351832.20747718 -16247972.9659654
2461134.405235012 -91478704.47361153 -170441093.0129827 -16256040.26811718
2461134.405929456 -91501508.07218862 -170530320.37749922 -16264104.38749378
2461134.406623900 -91524293.98581077 -170619514.3298714 -16272165.32694006
2461134.407318345 -91547062.2350245 -170708674.89889508 -16280223.08929649
2461134.408012789 -91569812.84033693 -170797802.11331758 -16288277.677398281
2461134.408707234 -91592545.82221544 -170886896.0018369 -16296329.09407611
2461134.409401678 -91615261.20108779 -170975956.59310338 -16304377.34215541
2461134.410096123 -91637958.99734248 -171064983.9157183 -16312422.424456999
2461134.410790567 -91660639.2313288 -171153977.99823493 -16320464.343796821
2461134.411485012 -91683301.92335655 -171242938.8691582 -16328503.102986
2461134.412179456 -91705947.09369671 -171331866.5569452 -16336538.704830721
2461134.412873900 -91728574.7625813 -171420761.09000498 -16344571.15213248
2461134.413568345 -91751184.9502033 -171509622.4966988 -16352600.44768793
2461134.414262789 -91773777.67671707 -171598450.80534 -16360626.59428913
2461134.414957234 -91796352.96223825 -171687246.04419458 -16368649.59472295
2461134.415651678 -91818910.8268439 -171776008.2414812 -16376669.451771881
2461134.416346123 -91841451.29057282 -171864737.42537048 -16384686.168213561
2461134.417040567 -91863974.3734253 -171953433.6239868 -16392699.7468208
2461134.417735012 -91886480.09536336 -172042096.8654066 -16400710.190361781
2461134.418429456 -91908968.47631109 -172130727.1776597 -16408717.50159992
2461134.419123901 -91931439.53615427 -172219324.5887286 -16416721.683294
2461134.419818345 -91953893.29474102 -172307889.1265495 -16424722.73819815
2461134.420512789 -91976329.77188155 -172396420.8190119 -16432720.66906156
2461134.421207234 -91998748.9873482 -172484919.6939583 -16440715.478629088
2461134.421901678 -92021150.96087591 -172573385.779185 -16448707.16964071
2461134.422596123 -92043535.71216203 -172661819.102442 -16456695.74483193
2461134.423290567 -92065903.26086637 -172750219.6914331 -16464681.20693344
2461134.423985011 -92088253.62661165 -172838587.57381588 -16472663.55867143
2461134.424679456 -92110586.82898316 -172926922.7772019 -16480642.80276746
2461134.425373901 -92132902.88752915 -173015225.3291569 -16488618.941938478
2461134.426068345 -92155201.82176095 -173103495.25720078 -16496591.978896849
2461134.426762789 -92177483.65115277 -173191732.5888078 -16504561.91635038
2461134.427457234 -92199748.39514218 -173279937.3514066 -16512528.757002247
2461134.428151678 -92221996.07313006 -173368109.57238027 -16520492.50355124
2461134.428846123 -92244226.70448045 -173456249.2790668 -16528453.158691369
2461134.429540567 -92266440.30852108 -173544356.49875888 -16536410.72511234
2461134.430235012 -92288636.90454307 -173632431.2587038 -16544365.205499081
2461134.430929456 -92310816.51180148 -173720473.586104 -16552316.60253234
2461134.431623900 -92332979.14951482 -173808483.50811708 -16560264.918888118
2461134.432318345 -92355124.83686571 -173896461.0518558 -16568210.15723795
2461134.433012790 -92377253.59300059 -173984406.2443881 -16576152.320249021
2461134.433707234 -92399365.43703 -174072319.1127374 -16584091.4105839
2461134.434401678 -92421460.38802873 -174160199.6838825 -16592027.430900872
2461134.435096123 -92443538.4650356 -174248047.98475802 -16599960.38385358
2461134.435790567 -92465599.68705401 -174335864.04225418 -16607890.27209149
2461134.436485012 -92487644.07305163 -174423647.883217 -16615817.098259319
2461134.437179456 -92509671.64196081 -174511399.53444847 -16623740.8649976
2461134.437873900 -92531682.41267836 -174599119.0227065 -16631661.5749425
2461134.438568345 -92553676.40406592 -174686806.37470552 -16639579.230725579
2461134.439262789 -92575653.63494994 -174774461.61711538 -16647493.834974218
2461134.439957234 -92597614.12412173 -174862084.77656332 -16655405.39031132
2461134.440651678 -92619557.89033763 -174949675.8796322 -16663313.899355518
2461134.441346123 -92641484.95231916 -175037234.9528619 -16671219.36472092
2461134.442040567 -92663395.32875271 -175124762.0227486 -16679121.789017498
2461134.442735012 -92685289.03829044 -175212257.1157456 -16687021.17485087
2461134.443429456 -92707166.0995494 -175299720.2582626 -16694917.524822209
2461134.444123900 -92729026.5311125 -175387151.47666672 -16702810.84152847
2461134.444818345 -92750870.35152781 -175474550.7972818 -16710701.12756224
2461134.445512789 -92772697.57930934 -175561918.246389 -16718588.38551199
2461134.446207234 -92794508.23293675 -175649253.8502267 -16726472.617961688
2461134.446901678 -92816302.33085553 -175736557.6349907 -16734353.827491159
2461134.447596123 -92838079.89147694 -175823829.626834 -16742232.016676052
2461134.448290567 -92859840.93317844 -175911069.8518676 -16750107.188087538
2461134.448985012 -92881585.47430347 -175998278.3361596 -16757979.344292799
2461134.449679456 -92903313.53316173 -176085455.10573637 -16765848.487854699
2461134.450373901 -92925025.12802902 -176172600.18658203 -16773714.62133178
2461134.451068345 -92946720.27714768 -176259713.6046381 -16781577.747278452
2461134.451762789 -92968398.99872641 -176346795.38580498 -16789437.86824514
2461134.452457234 -92990061.31094041 -176433845.5559407 -16797294.986777693
2461134.453151678 -93011707.23193164 -176520864.1408616 -16805149.10541804
2461134.453846123 -93033336.77980848 -176607851.1663425 -16813000.22670389
2461134.454540567 -93054949.9726465 -176694806.6581166 -16820848.35316881
2461134.455235011 -93076546.82848783 -176781730.6418755 -16828693.48734214
2461134.455929456 -93098127.36534165 -176868623.1432695 -16836535.631749332
2461134.456623901 -93119691.60118419 -176955484.18790787 -16844374.7889113
2461134.457318345 -93141239.55395888 -177042313.80135852 -16852210.96134512
2461134.458012789 -93162771.2415764 -177129112.0091479 -16860044.1515638
2461134.458707234 -93184286.68191451 -177215878.8367622 -16867874.36207609
2461134.459401678 -93205785.89281854 -177302614.3096462 -16875701.59538674
2461134.460096123 -93227268.8921014 -177389318.4532041 -16883525.85399642
2461134.460790567 -93248735.69754325 -177475991.29279938 -16891347.140401673
2461134.461485012 -93270186.32689224 -177562632.8537547 -16899165.45709503
2461134.462179456 -93291620.79786398 -177649243.1613525 -16906980.80656502
2461134.462873900 -93313039.12814197 -177735822.2408346 -16914793.19129603
2461134.463568345 -93334441.33537778 -177822370.1174027 -16922602.61376849
2461134.464262790 -93355827.43719058 -177908886.81621808 -16930409.07645875
2461134.464957234 -93377197.45116797 -177995372.3624018 -16938212.58183922
2461134.465651678 -93398551.39486556 -178081826.781035 -16946013.132378258
2461134.466346123 -93419889.28580706 -178168250.097159 -16953810.73054025
2461134.467040567 -93441211.14148462 -178254642.335775 -16961605.37878558
2461134.467735012 -93462516.97935884 -178341003.52184469 -16969397.079570647
2461134.468429456 -93483806.81685862 -178427333.6802896 -16977185.83534798
2461134.469123900 -93505080.67138146 -178513632.8359923 -16984971.64856597
2461134.469818345 -93526338.56029357 -178599901.0137954 -16992754.521669272
2461134.470512789 -93547580.50092983 -178686138.2385023 -17000534.45709851
2461134.471207234 -93568806.51059389 -178772344.534877 -17008311.45729024
2461134.471901678 -93590016.60655814 -178858519.9276442 -17016085.524677362
2461134.472596123 -93611210.80606431 -178944664.4414896 -17023856.66168874
2461134.473290567 -93632389.1263227 -179030778.10105982 -17031624.87074918
2461134.473985012 -93653551.58451302 -179116860.9309625 -17039390.154279858
2461134.474679456 -93674698.197784 -179202912.9557664 -17047152.51469798
2461134.475373900 -93695828.98325378 -179288934.2000015 -17054911.95441686
2461134.476068345 -93716943.95800976 -179374924.6881589 -17062668.475845907
2461134.476762789 -93738043.13910869 -179460884.4446914 -17070422.0813907
2461134.477457234 -93759126.54357705 -179546813.4940131 -17078172.773452982
2461134.478151678 -93780194.18841058 -179632711.86049968 -17085920.55443073
2461134.478846123 -93801246.09057495 -179718579.5684886 -17093665.42671793
2461134.479540567 -93822282.26700544 -179804416.64227882 -17101407.39270489
2461134.480235012 -93843302.73460717 -179890223.1061312 -17109146.454778
2461134.480929456 -93864307.5102551 -179975998.9842686 -17116882.615319982
2461134.481623901 -93885296.61079426 -180061744.3008761 -17124615.87670966
2461134.482318345 -93906270.05303952 -180147459.0801003 -17132346.241322
2461134.483012789 -93927227.85377601 -180233143.3460504 -17140073.711528387
2461134.483707234 -93948170.02975911 -180318797.1227977 -17147798.28969639
2461134.484401678 -93969096.59771429 -180404420.4343758 -17155519.978189692
2461134.485096123 -93990007.57433748 -180490013.30478078 -17163238.779368263
2461134.485790567 -94010902.97629498 -180575575.7579715 -17170954.69558845
2461134.486485011 -94031782.8202236 -180661107.817869 -17178667.72920269
2461134.487179456 -94052647.12273073 -180746609.50835702 -17186377.88255987
2461134.487873901 -94073495.90039434 -180832080.8532825 -17194085.158005122
2461134.488568345 -94094329.1697631 -180917521.8764545 -17201789.55787978
2461134.489262789 -94115146.94735664 -181002932.60164592 -17209491.08452148
2461134.489957234 -94135949.24966516 -181088313.0525919 -17217189.7402642
2461134.490651678 -94156736.09315002 -181173663.2529909 -17224885.52743844
2461134.491346123 -94177507.49424353 -181258983.2265048 -17232578.44837067
2461134.492040567 -94198263.46934903 -181344272.9967585 -17240268.505383868
2461134.492735012 -94219004.03484106 -181429532.5873403 -17247955.7007974
2461134.493429456 -94239729.20706534 -181514762.0218019 -17255640.03692698
2461134.494123900 -94260439.00233895 -181599961.3236586 -17263321.51608454
2461134.494818345 -94281133.43695019 -181685130.51638922 -17271000.14057848
2461134.495512790 -94301812.52715904 -181770269.623436 -17278675.91271365
2461134.496207234 -94322476.2891967 -181855378.66820562 -17286348.83479109
2461134.496901678 -94343124.73926626 -181940457.6740678 -17294018.909108423
2461134.497596123 -94363757.8935422 -182025506.6643567 -17301686.137959562
2461134.498290567 -94384375.76817079 -182110525.66237012 -17309350.523634918
2461134.498985012 -94404978.37927023 -182195514.6913703 -17317012.068421192
2461134.499679456 -94425565.7429304 -182280473.7745834 -17324670.774601657
2461134.500373900 -94446137.87521316 -182365402.9351998 -17332326.644455798
2461134.501068345 -94466694.79215248 -182450302.19637418 -17339979.68025986
2461134.501762789 -94487236.50975427 -182535171.5812259 -17347629.88428626
2461134.502457234 -94507763.04399662 -182620011.11283833 -17355277.25880397
2461134.503151678 -94528274.4108299 -182704820.81425962 -17362921.80607853
2461134.503846123 -94548770.62617669 -182789600.70850268 -17370563.52837171
2461134.504540567 -94569251.70593187 -182874350.8185451 -17378202.42794199
2461134.505235012 -94589717.66596285 -182959071.1673287 -17385838.50704427
2461134.505929456 -94610168.52210937 -183043761.7777609 -17393471.76792988
2461134.506623900 -94630604.29018393 -183128422.6727139 -17401102.212846708
2461134.507318345 -94651024.98597157 -183213053.8750244 -17408729.84403925
2461134.508012789 -94671430.62522982 -183297655.4074947 -17416354.66374826
2461134.508707234 -94691821.22368924 -183382227.2928924 -17423976.67421131
2461134.509401678 -94712196.79705316 -183466769.5539497 -17431595.877662342
2461134.510096123 -94732557.36099768 -183551282.2133647 -17439212.276331868
2461134.510790567 -94752902.93117191 -183635765.2938006 -17446825.872447
2461134.511485012 -94773233.52319804 -183720218.81788632 -17454436.66823135
2461134.512179456 -94793549.15267113 -183804642.808216 -17462044.665905118
2461134.512873901 -94813849.83515981 -183889037.28734982 -17469649.86768505
2461134.513568345 -94834135.58620557 -183973402.27781308 -17477252.27578454
2461134.514262789 -94854406.42132327 -184057737.8020975 -17484851.89241357
2461134.514957234 -94874662.35600118 -184142043.8826603 -17492448.719778642
2461134.515651678 -94894903.40570101 -184226320.54192472 -17500042.760082882
2461134.516346123 -94915129.58585784 -184310567.8022796 -17507634.01552616
2461134.517040567 -94935340.91188043 -184394785.6860807 -17515222.48830478
2461134.517735011 -94955537.399151 -184478974.2156491 -17522808.180611752
2461134.518429456 -94975719.0630256 -184563133.4132727 -17530391.094636712
2461134.519123901 -94995885.91883396 -184647263.30120522 -17537971.23256596
2461134.519818345 -95016037.98187943 -184731363.9016672 -17545548.596582457
2461134.520512789 -95036175.26743963 -184815435.2368452 -17553123.18886576
2461134.521207234 -95056297.79076578 -184899477.3288926 -17560695.01159218
2461134.521901678 -95076405.56708321 -184983490.19992918 -17568264.06693459
2461134.522596123 -95096498.6115913 -185067473.87204137 -17575830.35706266
2461134.523290567 -95116576.93946362 -185151428.3672827 -17583393.88414266
2461134.523985012 -95136640.56584772 -185235353.70767307 -17590954.65033755
2461134.524679456 -95156689.50586563 -185319249.9151993 -17598512.657807138
2461134.525373900 -95176723.77461362 -185403117.01181552 -17606067.908707637
2461134.526068345 -95196743.3871623 -185486955.0194425 -17613620.40519232
2461134.526762790 -95216748.35855663 -185570763.9599682 -17621170.14941092
2461134.527457234 -95236738.70381624 -185654543.8552479 -17628717.14351013
2461134.528151678 -95256714.43793525 -185738294.7271038 -17636261.389633242
2461134.528846123 -95276675.57588233 -185822016.5973258 -17643802.88992017
2461134.529540567 -95296622.13260098 -185905709.48767102 -17651341.64650786
2461134.530235012 -95316554.1230092 -185989373.4198636 -17658877.66152987
2461134.530929456 -95336471.56200008 -186073008.4155961 -17666410.93711644
2461134.531623900 -95356374.46444142 -186156614.4965278 -17673941.47539476
2461134.532318345 -95376262.845176 -186240191.68428612 -17681469.27848864
2461134.533012789 -95396136.71902138 -186323740.000466 -17688994.34851882
2461134.533707234 -95415996.10077056 -186407259.46663028 -17696516.68760271
2461134.534401678 -95435841.00519124 -186490750.1043097 -17704036.29785468
2461134.535096123 -95455671.44702658 -186574211.9350028 -17711553.181385662
2461134.535790567 -95475487.44099487 -186657644.9801761 -17719067.34030358
2461134.536485012 -95495289.00178954 -186741049.2612643 -17726578.77671329
2461134.537179456 -95515076.14407958 -186824424.79967028 -17734087.49271624
2461134.537873900 -95534848.88250934 -186907771.6167652 -17741593.4904107
2461134.538568345 -95554607.23169847 -186991089.73388818 -17749096.771892082
2461134.539262789 -95574351.20624232 -187074379.1723468 -17756597.339252267
2461134.539957234 -95594080.82071182 -187157639.9534172 -17764095.19458035
2461134.540651678 -95613796.08965339 -187240872.098344 -17771590.33996204
2461134.541346123 -95633497.0275892 -187324075.6283401 -17779082.77748001
2461134.542040567 -95653183.6490173 -187407250.56458718 -17786572.50921389
2461134.542735012 -95672855.96841143 -187490396.9282359 -17794059.5372399
2461134.543429456 -95692514.0002212 -187573514.7404051 -17801543.86363158
2461134.544123901 -95712157.75887217 -187656604.0221828 -17809025.490458976
2461134.544818345 -95731787.25876592 -187739664.7946258 -17816504.41978929
2461134.545512789 -95751402.51428005 -187822697.0787599 -17823980.653686482
2461134.546207234 -95771003.53976819 -187905700.8955798 -17831454.19421159
2461134.546901678 -95790590.34956029 -187988676.2660494 -17838925.04342241
2461134.547596123 -95810162.9579623 -188071623.2111016 -17846393.20337378
2461134.548290567 -95829721.37925658 -188154541.75163862 -17853858.67611741
2461134.548985011 -95849265.62770182 -188237431.908532 -17861321.46370201
2461134.549679456 -95868795.71753304 -188320293.70262262 -17868781.56817316
2461134.550373901 -95888311.66296172 -188403127.1547203 -17876238.99157354
2461134.551068345 -95907813.4781758 -188485932.2856052 -17883693.73594259
2461134.551762789 -95927301.17733979 -188568709.1160262 -17891145.8033169
2461134.552457234 -95946774.77459481 -188651457.6667023 -17898595.195729982
2461134.553151678 -95966234.28405865 -188734177.9583219 -17906041.91521228
2461134.553846123 -95985679.71982588 -188816870.01154318 -17913485.96379123
2461134.554540567 -96005111.09596765 -188899533.8469941 -17920927.34349149
2461134.555235012 -96024528.426532 -188982169.4852725 -17928366.056334358
2461134.555929456 -96043931.72554405 -189064776.94694632 -17935802.104338318
2461134.556623900 -96063321.00700565 -189147356.25255308 -17943235.48951892
2461134.557318345 -96082696.28489563 -189229907.4226006 -17950666.21388867
2461134.558012790 -96102057.57317 -189312430.4775667 -17958094.27945713
2461134.558707234 -96121404.8857617 -189394925.4378996 -17965519.68823081
2461134.559401678 -96140738.23658098 -189477392.32401738 -17972942.44221351
2461134.560096123 -96160057.63951522 -189559831.15630892 -17980362.54340567
2461134.560790567 -96179363.10842903 -189642241.9551328 -17987779.99380525
2461134.561485012 -96198654.6571644 -189724624.7408185 -17995194.79540682
2461134.562179456 -96217932.29954052 -189806979.53366598 -18002606.95020235
2461134.562873900 -96237196.04935426 -189889306.3539456 -18010016.46018065
2461134.563568345 -96256445.92037977 -189971605.22189808 -18017423.32732791
2461134.564262789 -96275681.92636876 -190053876.1577352 -18024827.55362707
2461134.564957234 -96294904.08105056 -190136119.1816394 -18032229.14105836
2461134.565651678 -96314112.39813204 -190218334.3137637 -18039628.09159904
2461134.566346123 -96333306.89129786 -190300521.5742322 -18047024.40722349
2461134.567040567 -96352487.57421038 -190382680.9831398 -18054418.08990321
2461134.567735012 -96371654.46050957 -190464812.5605522 -18061809.141606793
2461134.568429456 -96390807.56381357 -190546916.32650658 -18069197.56429993
2461134.569123900 -96409946.8977181 -190628992.3010108 -18076583.35994552
2461134.569818345 -96429072.475797 -190711040.5040439 -18083966.530503463
2461134.570512789 -96448184.31160203 -190793060.9555564 -18091347.077931058
2461134.571207234 -96467282.418663 -190875053.6754699 -18098725.00418247
2461134.571901678 -96486366.81048784 -190957018.6836772 -18106100.31120908
2461134.572596123 -96505437.50056252 -191038956.0000428 -18113473.00095954
2461134.573290567 -96524494.5023514 -191120865.6444025 -18120843.0753796
2461134.573985012 -96543537.82929686 -191202747.63656348 -18128210.536412142
2461134.574679456 -96562567.49481975 -191284601.9963047 -18135575.38599725
2461134.575373901 -96581583.51231916 -191366428.74337652 -18142937.62607221
2461134.576068345 -96600585.89517261 -191448227.8975012 -18150297.25857156
2461134.576762789 -96619574.6567361 -191529999.4783727 -18157654.285426848
2461134.577457234 -96638549.8103441 -191611743.5056566 -18165008.70856699
2461134.578151678 -96657511.36930956 -191693459.9989905 -18172360.529918008
2461134.578846123 -96676459.34692407 -191775148.977984 -18179709.75140321
2461134.579540567 -96695393.75645798 -191856810.4622185 -18187056.37494307
2461134.580235011 -96714314.61116016 -191938444.4712474 -18194400.4024553
2461134.580929456 -96733221.92425825 -192020051.02459642 -18201741.835854832
2461134.581623901 -96752115.70895885 -192101630.1417631 -18209080.677053932
2461134.582318345 -96770995.97844711 -192183181.8422176 -18216416.92796189
2461134.583012789 -96789862.74588737 -192264706.1454019 -18223750.59048551
2461134.583707234 -96808716.02442265 -192346203.0707307 -18231081.666528508
2461134.584401678 -96827555.8271752 -192427672.6375908 -18238410.1579922
2461134.585096123 -96846382.16724601 -192509114.8653414 -18245736.06677506
2461134.585790567 -96865195.05771548 -192590529.7733145 -18253059.39477266
2461134.586485012 -96883994.51164287 -192671917.3808144 -18260380.14387808
2461134.587179456 -96902780.54206674 -192753277.70711783 -18267698.31598156
2461134.587873900 -96921553.16200495 -192834610.7714747 -18275013.91297064
2461134.588568345 -96940312.38445444 -192915916.5931072 -18282326.93673014
2461134.589262790 -96959058.22239164 -192997195.1912103 -18289637.38914224
2461134.589957234 -96977790.68877217 -193078446.5849521 -18296945.272086382
2461134.590651678 -96996509.79653133 -193159670.7934733 -18304250.5874393
2461134.591346123 -97015215.55858366 -193240867.83588758 -18311553.33707496
2461134.592040567 -97033907.98782328 -193322037.7312818 -18318853.52286488
2461134.592735012 -97052587.0971238 -193403180.4987155 -18326151.14667777
2461134.593429456 -97071252.89933859 -193484296.15722153 -18333446.21037965
2461134.594123900 -97089905.40730053 -193565384.72580618 -18340738.71583381
2461134.594818345 -97108544.6338222 -193646446.2234484 -18348028.66490102
2461134.595512789 -97127170.59169607 -193727480.6691007 -18355316.05943936
2461134.596207234 -97145783.29369411 -193808488.081689 -18362600.90130425
2461134.596901678 -97164382.75256848 -193889468.4801124 -18369883.19234842
2461134.597596123 -97182968.98105094 -193970421.8832434 -18377162.93442217
2461134.598290567 -97201541.99185333 -194051348.3099281 -18384440.129372858
2461134.598985012 -97220101.79766724 -194132247.77898628 -18391714.77904535
2461134.599679456 -97238648.41116461 -194213120.3092109 -18398986.88528195
2461134.600373900 -97257181.84499723 -194293965.9193689 -18406256.449922353
2461134.601068345 -97275702.11179698 -194374784.6282008 -18413523.47480357
2461134.601762789 -97294209.22417596 -194455576.4544207 -18420787.96176
2461134.602457234 -97312703.19472651 -194536341.41671702 -18428049.91262361
2461134.603151678 -97331184.03602107 -194617079.5337513 -18435309.32922347
2461134.603846123 -97349651.7606124 -194697790.8241595 -18442566.21338638
2461134.604540567 -97368106.38103382 -194778475.3065514 -18449820.56693634
2461134.605235012 -97386547.90979864 -194859132.9995108 -18457072.39169486
2461134.605929456 -97404976.3594009 -194939763.92159542 -18464321.68948096
2461134.606623901 -97423391.74231498 -195020368.0913376 -18471568.46211079
2461134.607318345 -97441794.07099567 -195100945.527243 -18478812.71139829
2461134.608012789 -97460183.35787855 -195181496.2477921 -18486054.43915476
2461134.608707234 -97478559.61537957 -195262020.2714396 -18493293.64718881
2461134.609401678 -97496922.85589547 -195342517.61661428 -18500530.33730658
2461134.610096123 -97515273.0918035 -195422988.3017198 -18507764.511311688
2461134.610790567 -97533610.33546183 -195503432.3451335 -18514996.17100523
2461134.611485011 -97551934.59920928 -195583849.7652077 -18522225.31818565
2461134.612179456 -97570245.8953655 -195664240.5802691 -18529451.95464915
2461134.612873901 -97588544.23623103 -195744604.8086192 -18536676.08218908
2461134.613568345 -97606829.63408722 -195824942.4685336 -18543897.702596407
2461134.614262789 -97625102.1011965 -195905253.5782632 -18551116.81765967
2461134.614957234 -97643361.6498021 -195985538.1560332 -18558333.42916482
2461134.615651678 -97661608.29212843 -196065796.2200437 -18565547.53889538
2461134.616346123 -97679842.0403809 -196146027.7884698 -18572759.14863216
2461134.617040567 -97698062.90674604 -196226232.8794611 -18579968.26015382
2461134.617735012 -97716270.90339153 -196306411.5111424 -18587174.875236258
2461134.618429456 -97734466.04246616 -196386563.7016137 -18594378.99565301
2461134.619123900 -97752648.33610019 -196466689.46894932 -18601580.623175148
2461134.619818345 -97770817.79640491 -196546788.8311995 -18608779.75957122
2461134.620512790 -97788974.43547301 -196626861.80638888 -18615976.40660734
2461134.621207234 -97807118.26537862 -196706908.412518 -18623170.56604722
2461134.621901678 -97825249.29817717 -196786928.6675618 -18630362.23965195
2461134.622596123 -97843367.5459055 -196866922.58947122 -18637551.42918041
2461134.623290567 -97861473.0205821 -196946890.19617212 -18644738.13638878
2461134.623985012 -97879565.73420684 -197026831.5055659 -18651922.36303094
2461134.624679456 -97897645.6987612 -197106746.5355292 -18659104.11085845
2461134.625373900 -97915712.92620827 -197186635.3039145 -18666283.38162015
2461134.626068345 -97933767.42849275 -197266497.8285493 -18673460.17706276
2461134.626762789 -97951809.21754119 -197346334.12723708 -18680634.49893032
2461134.627457234 -97969838.30526152 -197426144.2177567 -18687806.34896463
2461134.628151678 -97987854.7035439 -197505928.1178628 -18694975.72890496
2461134.628846123 -98005858.42425998 -197585685.8452857 -18702142.64048838
2461134.629540567 -98023849.47926322 -197665417.41773152 -18709307.08544923
2461134.630235012 -98041827.8803892 -197745122.852882 -18716469.065519787
2461134.630929456 -98059793.63945538 -197824802.1683952 -18723628.58242962
2461134.631623900 -98077746.76826103 -197904455.3819043 -18730785.63790635
2461134.632318345 -98095687.27858752 -197984082.51101932 -18737940.233674742
2461134.633012789 -98113615.18219829 -198063683.5733255 -18745092.37145733
2461134.633707234 -98131530.49083892 -198143258.5863847 -18752242.052974563
2461134.634401678 -98149433.216237 -198222807.5677345 -18759389.279944137
2461134.635096123 -98167323.37010233 -198302330.5348889 -18766534.054081652
2461134.635790567 -98185200.96412699 -198381827.5053379 -18773676.37710011
2461134.636485012 -98203066.00998518 -198461298.4965477 -18780816.250710342
2461134.637179456 -98220918.51933347 -198540743.525961 -18787953.676620882
2461134.637873901 -98238758.50381073 -198620162.61099648 -18795088.6565377
2461134.638568345 -98256585.97503814 -198699555.76904958 -18802221.19216464
2461134.639262789 -98274400.94461942 -198778923.0174918 -18809351.28520301
2461134.639957234 -98292203.42414056 -198858264.3736714 -18816478.93735199
2461134.640651678 -98309993.42517012 -198937579.854913 -18823604.15030828
2461134.641346123 -98327770.9592592 -199016869.4785177 -18830726.925766442
2461134.642040567 -98345536.03794141 -199096133.26176348 -18837847.265418388
2461134.642735011 -98363288.67273292 -199175371.2219045 -18844965.17095415
2461134.643429456 -98381028.87513262 -199254583.3761722 -18852080.6440611
2461134.644123901 -98398756.65662201 -199333769.7417741 -18859193.686424512
2461134.644818345 -98416472.02866524 -199412930.3358951 -18866304.29972726
2461134.645512789 -98434175.00270928 -199492065.17569658 -18873412.48565
2461134.646207234 -98451865.59018394 -199571174.278317 -18880518.245871082
2461134.646901678 -98469543.80250172 -199650257.6608714 -18887621.58206647
2461134.647596123 -98487209.65105799 -199729315.3404522 -18894722.49590995
2461134.648290567 -98504863.14723113 -199808347.3341286 -18901820.989073038
2461134.648985012 -98522504.30238232 -199887353.6589467 -18908917.0632249
2461134.649679456 -98540133.12785584 -199966334.3319301 -18916010.7200326
2461134.650373900 -98557749.6349788 -200045289.37007922 -18923101.96116068
2461134.651068345 -98575353.83506137 -200124218.79037178 -18930190.78827168
2461134.651762790 -98592945.73939708 -200203122.6097625 -18937277.20302581
2461134.652457234 -98610525.35926224 -200282000.8451839 -18944361.20708087
2461134.653151678 -98628092.70591645 -200360853.5135453 -18951442.80209273
2461134.653846123 -98645647.79060245 -200439680.63173372 -18958521.98971466
2461134.654540567 -98663190.62454641 -200518482.2166131 -18965598.77159803
2461134.655235012 -98680721.21895733 -200597258.2850257 -18972673.14939173
2461134.655929456 -98698239.585028 -200676008.85379007 -18979745.124742452
2461134.656623900 -98715745.73393415 -200754733.9397034 -18986814.69929495
2461134.657318345 -98733239.67683509 -200833433.55954 -18993881.87469135
2461134.658012789 -98750721.42487346 -200912107.73005152 -19000946.652571928
2461134.658707234 -98768190.98917541 -200990756.4679679 -19008009.03457437
2461134.659401678 -98785648.38085048 -201069379.7899962 -19015069.02233452
2461134.660096123 -98803093.61099176 -201147977.7128214 -19022126.617485948
2461134.660790567 -98820526.69067588 -201226550.2531068 -19029181.821659658
2461134.661485012 -98837947.63096306 -201305097.4274925 -19036234.63648498
2461134.662179456 -98855356.44289708 -201383619.2525974 -19043285.063588902
2461134.662873900 -98872753.13750552 -201462115.7450179 -19050333.10459596
2461134.663568345 -98890137.72579944 -201540586.9213283 -19057378.761128798
2461134.664262789 -98907510.21877383 -201619032.7980812 -19064422.034807842
2461134.664957234 -98924870.62740728 -201697453.3918071 -19071462.92725124
2461134.665651678 -98942218.96266225 -201775848.7190143 -19078501.44007504
2461134.666346123 -98959555.235485 -201854218.7961897 -19085537.57489315
2461134.667040567 -98976879.45680577 -201932563.6397981 -19092571.33331733
2461134.667735012 -98994191.63753834 -202010883.2662826 -19099602.716957122
2461134.668429456 -99011491.78858086 -202089177.6920645 -19106631.727419898
2461134.669123901 -99028779.92081526 -202167446.93354338 -19113658.36631105
2461134.669818345 -99046056.04510729 -202245691.0070973 -19120682.63523358
2461134.670512789 -99063320.17230712 -202323909.92908242 -19127704.53578855
2461134.671207234 -99080572.31324865 -202402103.7158336 -19134724.069574937
2461134.671901678 -99097812.47875002 -202480272.3836639 -19141741.23818925
2461134.672596123 -99115040.67961346 -202558415.9488653 -19148756.043226372
2461134.673290567 -99132256.92662543 -202636534.42770782 -19155768.48627855
2461134.673985011 -99149461.23055658 -202714627.83644038 -19162778.56893634
2461134.674679456 -99166653.60216168 -202792696.19129032 -19169786.2927879
2461134.675373901 -99183834.05217998 -202870739.50846392 -19176791.65941941
2461134.676068345 -99201002.59133482 -202948757.8041457 -19183794.67041498
2461134.676762789 -99218159.23033398 -203026751.0944995 -19190795.327356488
2461134.677457234 -99235303.97986977 -203104719.3956677 -19197793.63182389
2461134.678151678 -99252436.8506185 -203182662.7237711 -19204789.58539481
2461134.678846123 -99269557.85324125 -203260581.09491003 -19211783.189645052
2461134.679540567 -99286666.99838348 -203338474.5251633 -19218774.44614819
2461134.680235012 -99303764.29667516 -203416343.03058878 -19225763.356475707
2461134.680929456 -99320849.75873072 -203494186.6272234 -19232749.92219701
2461134.681623900 -99337923.39514919 -203572005.3310829 -19239734.14487955
2461134.682318345 -99354985.21651433 -203649799.1581623 -19246716.0260885
2461134.683012790 -99372035.2333943 -203727568.1244356 -19253695.56738729
2461134.683707234 -99389073.4563422 -203805312.2458559 -19260672.770337
2461134.684401678 -99406099.89589548 -203883031.5383558 -19267647.63649656
2461134.685096123 -99423114.56257667 -203960726.0178466 -19274620.16742333
2461134.685790567 -99440117.46689282 -204038395.7002193 -19281590.364672143
2461134.686485012 -99457108.61933595 -204116040.60134378 -19288558.22979614
2461134.687179456 -99474088.03038274 -204193660.73707 -19295523.76434601
2461134.687873900 -99491055.71049477 -204271256.1232263 -19302486.96987085
2461134.688568345 -99508011.67011869 -204348826.775621 -19309447.84791752
2461134.689262789 -99524955.91968578 -204426372.710042 -19316406.400030673
2461134.689957234 -99541888.46961248 -204503893.9422564 -19323362.62775335
2461134.690651678 -99558809.33030012 -204581390.48801088 -19330316.53262617
2461134.691346123 -99575718.51213506 -204658862.3630318 -19337268.116188
2461134.692040567 -99592616.02548882 -204736309.5830248 -19344217.3799756
2461134.692735012 -99609501.88071784 -204813732.16367579 -19351164.32552363
2461134.693429456 -99626376.08816375 -204891130.1206497 -19358108.95436493
2461134.694123900 -99643238.65815324 -204968503.4695915 -19365051.26803019
2461134.694818345 -99660089.60099824 -205045852.2261259 -19371991.26804819
2461134.695512789 -99676928.92699596 -205123176.4058574 -19378928.9559457
2461134.696207234 -99693756.64642875 -205200476.02437028 -19385864.33324742
2461134.696901678 -99710572.76956418 -205277751.0972287 -19392797.401476108
2461134.697596123 -99727377.30665527 -205355001.6399768 -19399728.16215262
2461134.698290567 -99744170.2679402 -205432227.6681385 -19406656.616795693
2461134.698985012 -99760951.66364248 -205509429.19721788 -19413582.76692225
2461134.699679456 -99777721.50397138 -205586606.242699 -19420506.614047132
2461134.700373901 -99794479.79912108 -205663758.82004592 -19427428.15968311
2461134.701068345 -99811226.55927148 -205740886.9447025 -19434347.40534128
2461134.701762789 -99827961.79458797 -205817990.63209352 -19441264.35253059
2461134.702457234 -99844685.51522139 -205895069.8976233 -19448179.002758
2461134.703151678 -99861397.73130812 -205972124.7566763 -19455091.35752854
2461134.703846123 -99878098.45297009 -206049155.2246176 -19462001.418345418
2461134.704540567 -99894787.69031493 -206126161.3167923 -19468909.18670967
2461134.705235011 -99911465.45343576 -206203143.048526 -19475814.66412065
2461134.705929456 -99928131.75241145 -206280100.4351244 -19482717.85207561
2461134.706623901 -99944786.59730658 -206357033.4918738 -19489618.752069812
2461134.707318345 -99961429.9981713 -206433942.2340408 -19496517.365596782
2461134.708012789 -99978061.96504165 -206510826.67687258 -19503413.694148
2461134.708707234 -99994682.50793949 -206587686.83559668 -19510307.739212908
2461134.709401678 -100011291.63687229 -206664522.7254213 -19517199.5022793
2461134.710096123 -100027889.3618335 -206741334.3615349 -19524088.984832898
2461134.710790567 -100044475.6928025 -206818121.759107 -19530976.188357398
2461134.711485012 -100061050.6397443 -206894884.93328738 -19537861.11433477
2461134.712179456 -100077614.21261011 -206971623.89920682 -19544743.76424505
2461134.712873900 -100094166.42133689 -207048338.6719763 -19551624.13956635
2461134.713568345 -100110707.27584791 -207125029.2666882 -19558502.24177477
2461134.714262790 -100127236.7860519 -207201695.69841498 -19565378.07234476
2461134.714957234 -100143754.9618442 -207278337.9822106 -19572251.63274854
2461134.715651678 -100160261.8131059 -207354956.1331096 -19579122.924456753
2461134.716346123 -100176757.3497042 -207431550.1661269 -19585991.94893803
2461134.717040567 -100193241.5814925 -207508120.09625912 -19592858.70765912
2461134.717735012 -100209714.5183103 -207584665.9384833 -19599723.20208498
2461134.718429456 -100226176.1699834 -207661187.7077579 -19606585.4336785
2461134.719123900 -100242626.54632361 -207737685.419022 -19613445.403900832
2461134.719818345 -100259065.6571292 -207814159.0871959 -19620303.11421126
2461134.720512789 -100275493.5121845 -207890608.7271809 -19627158.56606723
2461134.721207234 -100291910.1212604 -207967034.3538598 -19634011.76092416
2461134.721901678 -100308315.4941137 -208043435.98209602 -19640862.70023597
2461134.722596123 -100324709.640488 -208119813.62673452 -19647711.38545427
2461134.723290567 -100341092.57011311 -208196167.3026013 -19654557.81802906
2461134.723985012 -100357464.2927051 -208272497.024504 -19661401.99940858
2461134.724679456 -100373824.81796649 -208348802.80723092 -19668243.93103915
2461134.725373900 -100390174.1555866 -208425084.66555232 -19675083.6143651
2461134.726068345 -100406512.3152409 -208501342.6142194 -19681921.05082906
2461134.726762789 -100422839.3065915 -208577576.6679649 -19688756.24187196
2461134.727457234 -100439155.1392869 -208653786.8415032 -19695589.188932568
2461134.728151678 -100455459.8229625 -208729973.1495298 -19702419.89344812
2461134.728846123 -100471753.3672401 -208806135.6067217 -19709248.35685392
2461134.729540567 -100488035.7817281 -208882274.227738 -19716074.58058336
2461134.730235012 -100504307.0760215 -208958389.0272186 -19722898.56606819
2461134.730929456 -100520567.2597022 -209034480.01978528 -19729720.31473836
2461134.731623901 -100536816.3423387 -209110547.2200419 -19736539.82802175
2461134.732318345 -100553054.3334861 -209186590.6425733 -19743357.10734465
2461134.733012789 -100569281.2426865 -209262610.3019465 -19750172.15413149
2461134.733707234 -100585497.0794686 -209338606.21271 -19756984.96980499
2461134.734401678 -100601701.853348 -209414578.3893941 -19763795.55578592
2461134.735096123 -100617895.5738272 -209490526.846511 -19770603.91349343
2461134.735790567 -100634078.2503954 -209566451.5985548 -19777410.04434459
2461134.736485011 -100650249.89252889 -209642352.6600011 -19784213.94975499
2461134.737179456 -100666410.50969091 -209718230.04530782 -19791015.63113838
2461134.737873901 -100682560.1113312 -209794083.76891452 -19797815.08990658
2461134.738568345 -100698698.70688699 -209869913.84524292 -19804612.327469733
2461134.739262789 -100714826.3057824 -209945720.2886965 -19811407.345236238
2461134.739957234 -100730942.9174286 -210021503.1136611 -19818200.14461271
2461134.740651678 -100747048.5512235 -210097262.3345043 -19824990.72700393
2461134.741346123 -100763143.2165524 -210172997.9655758 -19831779.0938129
2461134.742040567 -100779226.92278759 -210248710.0212077 -19838565.24644108
2461134.742735012 -100795299.6792886 -210324398.51571402 -19845349.1862879
2461134.743429456 -100811361.49540201 -210400063.463391 -19852130.91475119
2461134.744123900 -100827412.3804617 -210475704.87851718 -19858910.43322695
2461134.744818345 -100843452.3437886 -210551322.77535322 -19865687.74310952
2461134.745512790 -100859481.394691 -210626917.16814202 -19872462.84579148
2461134.746207234 -100875499.5424643 -210702488.07110912 -19879235.74266354
2461134.746901678 -100891506.7963915 -210778035.4984619 -19886006.43511486
2461134.747596123 -100907503.1657425 -210853559.4643907 -19892774.92453267
2461134.748290567 -100923488.659775 -210929059.983068 -19899541.21230268
2461134.748985012 -100939463.2877336 -211004537.0686486 -19906305.29980866
2461134.749679456 -100955427.0588506 -211079990.7352697 -19913067.18843298
2461134.750373900 -100971379.9823455 -211155420.9970513 -19919826.8795558
2461134.751068345 -100987322.0674256 -211230827.8680959 -19926584.37455598
2461134.751762789 -101003253.3232853 -211306211.36248818 -19933339.67481057
2461134.752457234 -101019173.75910671 -211381571.49429598 -19940092.78169461
2461134.753151678 -101035083.38405909 -211456908.2775695 -19946843.69658193
2461134.753846123 -101050982.20729981 -211532221.72634128 -19953592.4208442
2461134.754540567 -101066870.2379733 -211607511.8546272 -19960338.95585174
2461134.755235012 -101082747.48521201 -211682778.6764253 -19967083.30297288
2461134.755929456 -101098613.95813559 -211758022.2057167 -19973825.46357442
2461134.756623900 -101114469.66585161 -211833242.4564651 -19980565.43902156
2461134.757318345 -101130314.6174552 -211908439.4426171 -19987303.23067741
2461134.758012789 -101146148.82202919 -211983613.1781021 -19994038.83990394
2461134.758707234 -101161972.2886441 -212058763.6768324 -20000772.26806094
2461134.759401678 -101177785.0263584 -212133890.9527033 -20007503.51650691
2461134.760096123 -101193587.0442179 -212208995.0195929 -20014232.58659834
2461134.760790567 -101209378.3512565 -212284075.89136222 -20020959.47969025
2461134.761485012 -101225158.956496 -212359133.5818555 -20027684.197136
2461134.762179456 -101240928.8689457 -212434168.10489962 -20034406.74028714
2461134.762873901 -101256688.097603 -212509179.474305 -20041127.11049363
2461134.763568345 -101272436.6514532 -212584167.7038646 -20047845.309103798
2461134.764262789 -101288174.5394694 -212659132.807355 -20054561.337464258
2461134.764957234 -101303901.7706127 -212734074.79853562 -20061275.19691997
2461134.765651678 -101319618.3538319 -212808993.69114912 -20067986.88881424
2461134.766346123 -101335324.29806429 -212883889.4989214 -20074696.414488893
2461134.767040567 -101351019.6122348 -212958762.23556158 -20081403.77528359
2461134.767735011 -101366704.3052564 -213033611.914762 -20088108.97253707
2461134.768429456 -101382378.38603021 -213108438.5501982 -20094812.0075859
2461134.769123901 -101398041.8634453 -213183242.1555292 -20101512.88176519
2461134.769818345 -101413694.7463791 -213258022.7443974 -20108211.59640842
2461134.770512789 -101429337.04369679 -213332780.3304284 -20114908.15284736
2461134.771207234 -101444968.7642521 -213407514.9272313 -20121602.55241214
2461134.771901678 -101460589.9168865 -213482226.5483986 -20128294.79643147
2461134.772596123 -101476200.51043001 -213556915.2075063 -20134984.886232212
2461134.773290567 -101491800.5537008 -213631580.9181141 -20141672.82313955
2461134.773985012 -101507390.05550501 -213706223.6937646 -20148358.608477462
2461134.774679456 -101522969.0246374 -213780843.5479847 -20155042.24356767
2461134.775373900 -101538537.4698807 -213855440.49428442 -20161723.72973089
2461134.776068345 -101554095.4000062 -213930014.5461575 -20168403.0682858
2461134.776762790 -101569642.82377349 -214004565.7170811 -20175080.26054982
2461134.777457234 -101585179.7499303 -214079094.0205166 -20181755.307838418
2461134.778151678 -101600706.1872129 -214153599.46990868 -20188428.2114657
2461134.778846123 -101616222.1443461 -214228082.07868582 -20195098.97274396
2461134.779540567 -101631727.6300427 -214302541.86026 -20201767.59298435
2461134.780235012 -101647222.6530044 -214376978.82802722 -20208434.07349581
2461134.780929456 -101662707.2219212 -214451392.9953675 -20215098.415586088
2461134.781623900 -101678181.3454715 -214525784.3756443 -20221760.62056125
2461134.782318345 -101693645.0323222 -214600152.98220542 -20228420.68972572
2461134.783012789 -101709098.29112901 -214674498.8283816 -20235078.62438257
2461134.783707234 -101724541.1305359 -214748821.9274888 -20241734.425832808
2461134.784401678 -101739973.55917561 -214823122.292826 -20248388.095376328
2461134.785096123 -101755395.58566931 -214897399.93767628 -20255039.63431134
2461134.785790567 -101770807.2186269 -214971654.875307 -20261689.04393441
2461134.786485012 -101786208.4666468 -215045887.1189695 -20268336.32554048
2461134.787179456 -101801599.3383165 -215120096.6818989 -20274981.48042304
2461134.787873900 -101816979.8422116 -215194283.5773147 -20281624.50987409
2461134.788568345 -101832349.98689689 -215268447.81842038 -20288265.415183708
2461134.789262789 -101847709.78092569 -215342589.41840369 -20294904.19764088
2461134.789957234 -101863059.23284 -215416708.3904362 -20301540.85853271
2461134.790651678 -101878398.35117081 -215490804.74767408 -20308175.39914497
2461134.791346123 -101893727.1444377 -215564878.5032577 -20314807.82076155
2461134.792040567 -101909045.6211492 -215638929.6703113 -20321438.12466534
2461134.792735012 -101924353.7898026 -215712958.26194373 -20328066.31213715
2461134.793429456 -101939651.65888429 -215786964.291248 -20334692.38445644
2461134.794123901 -101954939.2368692 -215860947.7713016 -20341316.34290125
2461134.794818345 -101970216.5322213 -215934908.7151661 -20347938.18874801
2461134.795512789 -101985483.5533938 -216008847.1358878 -20354557.92327144
2461134.796207234 -102000740.30882831 -216082763.0464972 -20361175.547744993
2461134.796901678 -102015986.8069557 -216156656.4600093 -20367791.06344045
2461134.797596123 -102031223.056196 -216230527.3894233 -20374404.47162816
2461134.798290567 -102046449.0649581 -216304375.8477235 -20381015.77357674
2461134.798985011 -102061664.84163961 -216378201.8478782 -20387624.97055365
2461134.799679456 -102076870.3946278 -216452005.4028403 -20394232.063824397
2461134.800373901 -102092065.7322987 -216525786.5255476 -20400837.054653328
2461134.801068345 -102107250.86301729 -216599545.2289218 -20407439.94430314
2461134.801762789 -102122425.795138 -216673281.5258702 -20414040.73403498
2461134.802457234 -102137590.5370042 -216746995.429284 -20420639.425108597
2461134.803151678 -102152745.0969484 -216820686.9520393 -20427236.018782098
2461134.803846123 -102167889.4832925 -216894356.1069969 -20433830.516312208
2461134.804540567 -102183023.7043474 -216968002.9070026 -20440422.91895406
2461134.805235012 -102198147.7684133 -217041627.3648863 -20447013.22796145
2461134.805929456 -102213261.6837797 -217115229.4934633 -20453601.44458641
2461134.806623900 -102228365.4587253 -217188809.3055336 -20460187.57007968
2461134.807318345 -102243459.101518 -217262366.8138815 -20466771.605690587
2461134.808012790 -102258542.6204153 -217335902.031277 -20473353.5526668
2461134.808707234 -102273616.02366361 -217409414.9704743 -20479933.412254512
2461134.809401678 -102288679.31949921 -217482905.6442129 -20486511.18569852
2461134.810096123 -102303732.5161473 -217556374.0652171 -20493086.87424212
2461134.810790567 -102318775.6218226 -217629820.2461961 -20499660.47912702
2461134.811485012 -102333808.6447294 -217703244.1998441 -20506232.001593713
2461134.812179456 -102348831.5930613 -217776645.93884048 -20512801.442881
2461134.812873900 -102363844.4750012 -217850025.4758495 -20519368.80422619
2461134.813568345 -102378847.29872179 -217923382.8235204 -20525934.08686535
2461134.814262789 -102393840.07238509 -217996717.9944879 -20532497.29203284
2461134.814957234 -102408822.80414261 -218070031.0013713 -20539058.42096175
2461134.815651678 -102423795.50213529 -218143321.8567754 -20545617.474883553
2461134.816346123 -102438758.1744939 -218216590.57329002 -20552174.45502846
2461134.817040567 -102453710.8293387 -218289837.1634902 -20558729.36262497
2461134.817735012 -102468653.47477931 -218363061.6399362 -20565282.19890034
2461134.818429456 -102483586.1189152 -218436264.0151737 -20571832.96508034
2461134.819123900 -102498508.7698354 -218509444.3017332 -20578381.66238925
2461134.819818345 -102513421.4356186 -218582602.5121308 -20584928.29204988
2461134.820512789 -102528324.1243332 -218655738.65886822 -20591472.8552837
2461134.821207234 -102543216.8440372 -218728852.7544317 -20598015.35331069
2461134.821901678 -102558099.6027784 -218801944.8112935 -20604555.787349343
2461134.822596123 -102572972.4085943 -218875014.84191108 -20611094.15861683
2461134.823290567 -102587835.2695121 -218948062.85872722 -20617630.46832883
2461134.823985012 -102602688.19354889 -219021088.87417042 -20624164.71769947
2461134.824679456 -102617531.18871139 -219094092.90065432 -20630696.90794175
2461134.825373901 -102632364.2629962 -219167074.9505781 -20637227.04026695
2461134.826068345 -102647187.4243899 -219240035.0363266 -20643755.11588514
2461134.826762789 -102662000.6808687 -219312973.17027 -20650281.136004783
2461134.827457234 -102676804.04039879 -219385889.36476442 -20656805.10183316
2461134.828151678 -102691597.5109363 -219458783.632151 -20663327.014575828
2461134.828846123 -102706381.100427 -219531655.9847569 -20669846.87543727
2461134.829540567 -102721154.8168068 -219604506.4348948 -20676364.685620412
2461134.830235011 -102735918.66800159 -219677334.9948631 -20682880.44632657
2461134.830929456 -102750672.6619272 -219750141.67694563 -20689394.15875595
2461134.831623901 -102765416.80648941 -219822926.4934122 -20695905.82410741
2461134.832318345 -102780151.10958381 -219895689.45651817 -20702415.44357811
2461134.833012789 -102794875.5790964 -219968430.5785049 -20708923.01836396
2461134.833707234 -102809590.2229028 -220041149.8715991 -20715428.54965942
2461134.834401678 -102824295.04886921 -220113847.3480136 -20721932.03865777
2461134.835096123 -102838990.0648512 -220186523.0199471 -20728433.48655067
2461134.835790567 -102853675.27869509 -220259176.89958408 -20734932.89452839
2461134.836485012 -102868350.698237 -220331808.9990945 -20741430.26378004
2461134.837179456 -102883016.3313033 -220404419.3306348 -20747925.59549306
2461134.837873900 -102897672.1857103 -220477007.9063471 -20754418.8908537
2461134.838568345 -102912318.2692647 -220549574.7383593 -20760910.15104682
2461134.839262790 -102926954.58976339 -220622119.8387855 -20767399.377255797
2461134.839957234 -102941581.15499319 -220694643.2197255 -20773886.570662837
2461134.840651678 -102956197.9727316 -220767144.8932656 -20780371.73244853
2461134.841346123 -102970805.0507459 -220839624.8714777 -20786854.86379219
2461134.842040567 -102985402.3967941 -220912083.1664198 -20793335.965871897
2461134.842735012 -102999990.01862389 -220984519.7901361 -20799815.03986417
2461134.843429456 -103014567.9239739 -221056934.754657 -20806292.08694429
2461134.844123900 -103029136.1205727 -221129328.0719987 -20812767.108286187
2461134.844818345 -103043694.6161391 -221201699.75416392 -20819240.10506224
2461134.845512789 -103058243.4183827 -221274049.8131412 -20825711.07844378
2461134.846207234 -103072782.53500311 -221346378.2609056 -20832180.02960055
2461134.846901678 -103087311.9736903 -221418685.1094181 -20838646.95970107
2461134.847596123 -103101831.7421249 -221490970.37062618 -20845111.86991242
2461134.848290567 -103116341.8479779 -221563234.05646348 -20851574.76140042
2461134.848985012 -103130842.2989106 -221635476.1788497 -20858035.63532954
2461134.849679456 -103145333.1025749 -221707696.7496913 -20864494.49286278
2461134.850373900 -103159814.266613 -221779895.7808807 -20870951.33516194
2461134.851068345 -103174285.7986578 -221852073.2842968 -20877406.16338747
2461134.851762789 -103188747.7063326 -221924229.27180493 -20883858.97869848
2461134.852457234 -103203199.9972513 -221996363.7552568 -20890309.78225262
2461134.853151678 -103217642.6790183 -222068476.7464902 -20896758.57520646
2461134.853846123 -103232075.7592285 -222140568.2573301 -20903205.35871497
2461134.854540567 -103246499.2454676 -222212638.2995873 -20909650.13393197
2461134.855235012 -103260913.1453117 -222284686.8850592 -20916092.902009927
2461134.855929456 -103275317.4663275 -222356714.0255299 -20922533.664099943
2461134.856623901 -103289712.2160726 -222428719.7327699 -20928972.42135189
2461134.857318345 -103304097.40209499 -222500704.0185363 -20935409.17491433
2461134.858012789 -103318473.03193341 -222572666.8945728 -20941843.92593427
2461134.858707234 -103332839.11311729 -222644608.3726096 -20948276.67555762
2461134.859401678 -103347195.6531669 -222716528.4643634 -20954707.42492903
2461134.860096123 -103361542.659593 -222788427.1815379 -20961136.17519171
2461134.860790567 -103375880.1398973 -222860304.5358233 -20967562.92748764
2461134.861485011 -103390208.101572 -222932160.53889638 -20973987.682957422
2461134.862179456 -103404526.55210051 -223003995.2024208 -20980410.44274041
2461134.862873901 -103418835.4989566 -223075808.5380468 -20986831.207974583
2461134.863568345 -103433134.94960509 -223147600.55741128 -20993249.97979691
2461134.864262789 -103447424.9115016 -223219371.2721383 -20999666.7593427
2461134.864957234 -103461705.3920925 -223291120.6938383 -21006081.547746032
2461134.865651678 -103475976.3988151 -223362848.8341088 -21012494.34613992
2461134.866346123 -103490237.9390976 -223434555.7045341 -21018905.1556559
2461134.867040567 -103504490.0203591 -223506241.3166852 -21025313.977424297
2461134.867735012 -103518732.6500095 -223577905.68212008 -21031720.812574103
2461134.868429456 -103532965.8354497 -223649548.81238377 -21038125.662233137
2461134.869123900 -103547189.5840716 -223721170.719008 -21044528.527527697
2461134.869818345 -103561403.90325801 -223792771.41351172 -21050929.40958308
2461134.870512790 -103575608.80038281 -223864350.9074003 -21057328.309523188
2461134.871207234 -103589804.2828108 -223935909.2121669 -21063725.22847065
2461134.871901678 -103603990.3578975 -224007446.3392908 -21070120.16754677
2461134.872596123 -103618167.0329901 -224078962.3002389 -21076513.12787177
2461134.873290567 -103632334.3154264 -224150457.10646522 -21082904.11056436
2461134.873985012 -103646492.2125351 -224221930.7694103 -21089293.1167421
2461134.874679456 -103660640.7316366 -224293383.30050242 -21095680.14752139
2461134.875373900 -103674779.88004169 -224364814.7111564 -21102065.20401717
2461134.876068345 -103688909.66505279 -224436225.01277462 -21108448.28734317
2461134.876762789 -103703030.0939633 -224507614.2167462 -21114829.398612108
2461134.877457234 -103717141.1740575 -224578982.33444792 -21121208.5389352
2461134.878151678 -103731242.9126113 -224650329.3772434 -21127585.709422298
2461134.878846123 -103745335.3168913 -224721655.35648358 -21133960.9111824
2461134.879540567 -103759418.3941558 -224792960.2835066 -21140334.145322878
2461134.880235012 -103773492.1516538 -224864244.169638 -21146705.41295008
2461134.880929456 -103787556.596626 -224935507.0261904 -21153074.715169
2461134.881623900 -103801611.7363039 -225006748.8644639 -21159442.05308346
2461134.882318345 -103815657.57791069 -225077969.6957456 -21165807.427796
2461134.883012789 -103829694.12866029 -225149169.5313103 -21172170.84040791
2461134.883707234 -103843721.39575869 -225220348.3824202 -21178532.29201934
2461134.884401678 -103857739.3864022 -225291506.2603246 -21184891.78372906
2461134.885096123 -103871748.1077794 -225362643.1762601 -21191249.31663478
2461134.885790567 -103885747.5670695 -225433759.1414512 -21197604.89183276
2461134.886485012 -103899737.7714436 -225504854.1671095 -21203958.51041823
2461134.887179456 -103913718.7280638 -225575928.264434 -21210310.17348511
2461134.887873901 -103927690.44408359 -225646981.4446113 -21216659.88212607
2461134.888568345 -103941652.9266482 -225718013.71881568 -21223007.63743275
2461134.889262789 -103955606.15963529 -225789025.0593387 -21229353.43818125
2461134.889957234 -103969549.9387399 -225860015.12398112 -21235697.264426008
2461134.890651678 -103983484.6647981 -225930984.5818628 -21242039.156425048
2461134.891346123 -103997410.5446696 -226001933.77792948 -21248379.13513622
2461134.892040567 -104011326.1855509 -226072860.38367778 -21254717.06216088
2461134.892735011 -104025223.128223 -226143750.260492 -21261052.09436208
2461134.893429456 -104039116.7604181 -226214629.1251033 -21267385.76658655
2461134.894123901 -104053016.1099206 -226285512.0647797 -21273718.97920808
2461134.894818345 -104066892.7715668 -226356351.6047855 -21280048.89873943
2461134.895512789 -104080663.5333575 -226427008.6675022 -21286367.21497487
2461134.896207234 -104094469.39888379 -226497718.9207522 -21292688.01427195
2461134.896901678 -104108424.98032239 -226568673.9185865 -21299022.73586721
2461134.897596123 -104122291.69543679 -226639474.9036943 -21305347.55045066
2461134.898290567 -104135517.2078279 -226709198.742963 -21311607.343399208
2461134.898985012 -104148319.9429378 -226778210.6147037 -21317824.22457836
2461134.899679456 -104161450.1322401 -226847764.53469962 -21324073.41742971
2461134.900373900 -104175230.4238073 -226918399.73418638 -21330387.07321644
2461134.901068345 -104189137.6355084 -226989241.6123929 -21336712.47820935
2461134.901762790 -104202883.2560312 -227059807.8803857 -21343020.60057744
2461134.902457234 -104216553.1110197 -227130242.0107573 -21349320.0860387
2461134.903151678 -104230308.378972 -227200813.4346249 -21355627.15077439
2461134.903846123 -104244076.6695665 -227271401.14038992 -21361934.51062437
2461134.904540567 -104257822.0322417 -227341945.0295833 -21368238.54518819
2461134.905235012 -104271550.2503122 -227412454.7695569 -21374539.83793301
2461134.905929456 -104285278.6192846 -227482959.2725348 -21380840.13229964
2461134.906623900 -104298999.7325458 -227553446.1561258 -21387138.68216956
2461134.907318345 -104312711.472105 -227623911.8789117 -21393435.2743315
2461134.908012789 -104326413.961716 -227694356.6470622 -21399729.921647713
2461134.908707234 -104340107.6470972 -227764781.2050066 -21406022.669501837
2461134.909401678 -104353792.3504522 -227835185.25478828 -21412313.50029267
2461134.910096123 -104367468.0373364 -227905568.738107 -21418602.41089962
2461134.910790567 -104381134.71462749 -227975931.6657467 -21424889.40237585
2461134.911485012 -104394792.3891953 -228046274.0484796 -21431174.47577353
2461134.912179456 -104408441.0679014 -228116595.8970658 -21437457.63214355
2461134.912873900 -104422080.7575993 -228186897.22225362 -21443738.87253573
2461134.913568345 -104435711.4651346 -228257178.0347799 -21450018.1979987
2461134.914262789 -104449333.1973446 -228327438.34536922 -21456295.60957989
2461134.914957234 -104462945.961059 -228397678.1647349 -21462571.10832565
2461134.915651678 -104476549.7630989 -228467897.5035783 -21468844.69528109
2461134.916346123 -104490144.610278 -228538096.3725886 -21475116.37149038
2461134.917040567 -104503730.5094015 -228608274.7824442 -21481386.137996256
2461134.917735012 -104517307.46726711 -228678432.7438107 -21487653.99584072
2461134.918429456 -104530875.4906641 -228748570.2673431 -21493919.946064178
2461134.919123901 -104544434.5863743 -228818687.3636842 -21500183.98970613
2461134.919818345 -104557984.7611712 -228888784.0434651 -21506446.12780496
2461134.920512789 -104571526.02182059 -228958860.31730533 -21512706.361397877
2461134.921207234 -104585058.3750803 -229028916.1958131 -21518964.69152093
2461134.921901678 -104598581.8277004 -229098951.68958458 -21525221.11920918
2461134.922596123 -104612096.3864229 -229168966.80920503 -21531475.64549635
2461134.923290567 -104625602.057982 -229238961.5652472 -21537728.2714152
2461134.923985011 -104639098.8491042 -229308935.9682734 -21543978.99799717
2461134.924679456 -104652586.7665079 -229378890.0288336 -21550227.826272942
2461134.925373901 -104666065.816904 -229448823.75746667 -21556474.75727163
2461134.926068345 -104679536.0069955 -229518737.1647 -21562719.79202161
2461134.926762789 -104692997.3434775 -229588630.2610493 -21568962.93154985
2461134.927457234 -104706449.8330374 -229658503.05701908 -21575204.176882397
2461134.928151678 -104719893.4823548 -229728355.5631023 -21581443.52904418
2461134.928846123 -104733328.2981017 -229798187.78978062 -21587680.98905882
2461134.929540567 -104746754.28694241 -229867999.74752408 -21593916.557949092
2461134.930235012 -104760171.4555331 -229937791.44679162 -21600150.23673647
2461134.930929456 -104773579.8105226 -230007562.8980309 -21606382.02644137
2461134.931623900 -104786979.3585522 -230077314.1116777 -21612611.92808321
2461134.932318345 -104800370.106255 -230147045.0981572 -21618839.9426801
2461134.933012790 -104813752.060257 -230216755.86788282 -21625066.071249302
2461134.933707234 -104827125.2271761 -230286446.4312568 -21631290.314806707
2461134.934401678 -104840489.6136229 -230356116.7986703 -21637512.67436739
2461134.935096123 -104853845.22620009 -230425766.9805028 -21643733.15094507
2461134.935790567 -104867192.0715031 -230495396.98712322 -21649951.74555248
2461134.936485012 -104880530.1561193 -230565006.82888862 -21656168.45920138
2461134.937179456 -104893859.4866291 -230634596.5161452 -21662383.292902227
2461134.937873900 -104907180.06960459 -230704166.05922788 -21668596.24766459
2461134.938568345 -104920491.9116111 -230773715.46846062 -21674807.324496772
2461134.939262789 -104933795.01920581 -230843244.75415602 -21681016.524406053
2461134.939957234 -104947089.39893849 -230912753.9266156 -21687223.84839864
2461134.940651678 -104960375.0573518 -230982242.9961297 -21693429.29747987
2461134.941346123 -104973652.0009805 -231051711.9729779 -21699632.87265353
2461134.942040567 -104986920.2363519 -231121160.8674283 -21705834.57492274
2461134.942735012 -105000179.7699859 -231190589.6897382 -21712034.40528939
2461134.943429456 -105013430.6083951 -231259998.4501537 -21718232.364754252
2461134.944123900 -105026672.7580843 -231329387.15891019 -21724428.45431709
2461134.944818345 -105039906.22555129 -231398755.8262316 -21730622.67497666
2461134.945512789 -105053131.017286 -231468104.46233118 -21736815.02773054
2461134.946207234 -105066347.1397714 -231537433.0774113 -21743005.5135751
2461134.946901678 -105079554.5994827 -231606741.6816631 -21749194.13350603
2461134.947596123 -105092753.4028879 -231676030.2852669 -21755380.88851777
2461134.948290567 -105105943.5564476 -231745298.8983919 -21761565.779603463
2461134.948985012 -105119125.0666151 -231814547.5311971 -21767748.8077556
2461134.949679456 -105132297.93983619 -231883776.1938297 -21773929.97396523
2461134.950373901 -105145462.1825497 -231952984.89642662 -21780109.279222682
2461134.951068345 -105158617.8011867 -232022173.6491137 -21786286.72451701
2461134.951762789 -105171764.8021712 -232091342.46200612 -21792462.31083613
2461134.952457234 -105184903.1919198 -232160491.3452081 -21798636.03916725
2461134.953151678 -105198032.976842 -232229620.308813 -21804807.91049621
2461134.953846123 -105211154.1633401 -232298729.3629035 -21810977.92580798
2461134.954540567 -105224266.7578086 -232367818.51755148 -21817146.08608646
2461134.955235011 -105237370.7666354 -232436887.7828182 -21823312.39231428
2461134.955929456 -105250466.196201 -232505937.1687541 -21829476.845473338
2461134.956623901 -105263553.0528783 -232574966.6853988 -21835639.44654434
2461134.957318345 -105276631.3430336 -232643976.3427811 -21841800.19650699
2461134.958012789 -105289701.0730257 -232712966.1509195 -21847959.0963399
2461134.958707234 -105302762.249206 -232781936.11982158 -21854116.147020582
2461134.959401678 -105315814.8779193 -232850886.25948432 -21860271.34952576
2461134.960096123 -105328858.96550271 -232919816.5798941 -21866424.70483096
2461134.960790567 -105341894.5182865 -232988727.0910266 -21872576.21391055
2461134.961485012 -105354921.5425938 -233057617.8028468 -21878725.87773808
2461134.962179456 -105367940.04474051 -233126488.7253095 -21884873.697285958
2461134.962873900 -105380950.03103559 -233195339.86835852 -21891019.67352566
2461134.963568345 -105393951.5077806 -233264171.24192712 -21897163.80742748
2461134.964262790 -105406944.4812704 -233332982.8559383 -21903306.0999608
2461134.964957234 -105419928.9577927 -233401774.7203044 -21909446.552093998
2461134.965651678 -105432904.943628 -233470546.8449272 -21915585.164794292
2461134.966346123 -105445872.44504979 -233539299.23969802 -21921721.93902805
2461134.967040567 -105458831.4683247 -233608031.9144977 -21927856.8757605
2461134.967735012 -105471782.01971221 -233676744.8791966 -21933989.975956023
2461134.968429456 -105484724.1054648 -233745438.1436549 -21940121.240577597
2461134.969123900 -105497657.731828 -233814111.7177217 -21946250.67058775
2461134.969818345 -105510582.9050404 -233882765.6112364 -21952378.26694745
2461134.970512789 -105523499.6313336 -233951399.8340276 -21958504.03061698
2461134.971207234 -105536407.91693221 -234020014.3959137 -21964627.96255561
2461134.971901678 -105549307.7680538 -234088609.30670258 -21970750.06372153
2461134.972596123 -105562199.1909094 -234157184.5761919 -21976870.3350717
2461134.973290567 -105575082.1917026 -234225740.214169 -21982988.77756248
2461134.973985012 -105587956.77663049 -234294276.2304106 -21989105.39214899
2461134.974679456 -105600822.9518832 -234362792.6346836 -21995220.179785423
2461134.975373900 -105613680.7236437 -234431289.4367441 -22001333.14142498
2461134.976068345 -105626530.09808831 -234499766.64633852 -22007444.27801973
2461134.976762789 -105639371.08138669 -234568224.2732024 -22013553.59052097
2461134.977457234 -105652203.6797013 -234636662.3270615 -22019661.079878673
2461134.978151678 -105665027.89918791 -234705080.817631 -22025766.74704229
2461134.978846123 -105677843.74599561 -234773479.7546162 -22031870.59295982
2461134.979540567 -105690651.2262663 -234841859.1477122 -22037972.61857848
2461134.980235012 -105703450.3461356 -234910219.0066035 -22044072.82484464
2461134.980929456 -105716241.1117319 -234978559.3409648 -22050171.21270335
2461134.981623901 -105729023.5291772 -235046880.1604607 -22056267.78309885
2461134.982318345 -105741797.6045863 -235115181.4747453 -22062362.53697456
2461134.983012789 -105754563.34406771 -235183463.2934629 -22068455.4752726
2461134.983707234 -105767320.7537227 -235251725.6262478 -22074546.598934337
2461134.984401678 -105780069.8396463 -235319968.48272368 -22080635.90889996
2461134.985096123 -105792810.6079267 -235388191.8725047 -22086723.4061089
2461134.985790567 -105805543.06464499 -235456395.8051947 -22092809.091499507
2461134.986485011 -105818267.2158762 -235524580.2903876 -22098892.96600921
2461134.987179456 -105830983.0676882 -235592745.33766708 -22104975.03057431
2461134.987873901 -105843690.6261425 -235660890.9566071 -22111055.28613021
2461134.988568345 -105856389.8972936 -235729017.15677142 -22117133.73361152
2461134.989262789 -105869080.8871898 -235797123.9477137 -22123210.37395162
2461134.989957234 -105881763.6018724 -235865211.3389779 -22129285.208083007
2461134.990651678 -105894438.0473763 -235933279.340098 -22135358.2369373
2461134.991346123 -105907104.2297297 -236001327.96059778 -22141429.46144521
2461134.992040567 -105919762.1549541 -236069357.2099914 -22147498.88253612
2461134.992735012 -105932411.82906461 -236137367.09778312 -22153566.501138803
2461134.993429456 -105945053.2580696 -236205357.6334669 -22159632.318181
2461134.994123900 -105957686.44797109 -236273328.8265273 -22165696.334589493
2461134.994818345 -105970311.4047644 -236341280.68643862 -22171758.55128989
2461134.995512790 -105982928.1344381 -236409213.2226656 -22177818.96920725
2461134.996207234 -105995536.64297469 -236477126.44466323 -22183877.58926525
2461134.996901678 -106008136.9363497 -236545020.3618762 -22189934.41238695
2461134.997596123 -106020729.0205326 -236612894.9837398 -22195989.43949425
2461134.998290567 -106033312.9014859 -236680750.3196795 -22202042.67150823
2461134.998985012 -106045888.5851659 -236748586.3791107 -22208094.10934888
2461134.999679456 -106058456.0775225 -236816403.1714396 -22214143.753935322
2461135.000373900 -106070219.6313536 -236884610.62103432 -22220106.674267687
2461135.001068345 -106082768.98332469 -236952390.2791585 -22226151.96772901
2461135.001762789 -106095310.15894419 -237020150.7030576 -22232195.47402021
2461135.002457234 -106107843.16412349 -237087891.9020294 -22238237.194050528
2461135.003151678 -106120368.0047227 -237155613.885229 -22244277.12871417
2461135.003846123 -106132884.6865144 -237223316.6617499 -22250315.27889178
2461135.004540567 -106145393.2153686 -237291000.2408019 -22256351.64548329
2461135.005235012 -106157893.59720701 -237358664.6318387 -22262386.229411572
2461135.005929456 -106170385.8378805 -237426309.8439559 -22268419.03156742
2461135.006623900 -106182869.9432361 -237493935.8864131 -22274450.05285287
2461135.007318345 -106195345.9189139 -237561542.767942 -22280479.29411072
2461135.008012789 -106207813.77078061 -237629130.497888 -22286506.75625194
2461135.008707234 -106220273.504666 -237696699.0853314 -22292532.440165758
2461135.009401678 -106232725.1264265 -237764248.5395202 -22298556.34675617
2461135.010096123 -106245168.641914 -237831778.8698703 -22304578.47693854
2461135.010790567 -106257604.0566664 -237899290.0847055 -22310598.831517898
2461135.011485012 -106270031.3765274 -237966782.1933725 -22316617.41140472
2461135.012179456 -106282450.6073166 -238034255.2050192 -22322634.21749402
2461135.012873901 -106294861.75484319 -238101709.12876022 -22328649.25067758
2461135.013568345 -106307264.8249683 -238169143.9741087 -22334662.51188016
2461135.014262789 -106319659.8232823 -238236559.749441 -22340674.00191768
2461135.014957234 -106332046.75563121 -238303956.4641934 -22346683.72170962
2461135.015651678 -106344425.627788 -238371334.1273858 -22352691.67213826
2461135.016346123 -106356796.4455732 -238438692.7483198 -22358697.854111377
2461135.017040567 -106369159.2147764 -238506032.33610278 -22364702.26852177
2461135.017735011 -106381513.9412089 -238573352.8998591 -22370704.91626131
2461135.018429456 -106393860.6292089 -238640654.4508436 -22376705.79976276
2461135.019123901 -106406199.27889329 -238707937.0065277 -22382704.925986692
2461135.019818345 -106418529.9031184 -238775200.5655182 -22388702.28821627
2461135.020512789 -106430852.50769 -238842445.1371545 -22394697.88735076
2461135.021207234 -106443167.0984327 -238909670.7305482 -22400691.724290982
2461135.021901678 -106455473.68112591 -238976877.35484102 -22406683.79995097
2461135.022596123 -106467772.2614995 -239044065.0191927 -22412674.11519231
2461135.023290567 -106480062.84525229 -239111233.73253042 -22418662.67087696
2461135.023985012 -106492345.4381977 -239178383.5039716 -22424649.46797724
2461135.024679456 -106504620.04612799 -239245514.3428883 -22430634.507343393
2461135.025373900 -106516886.67466451 -239312626.258046 -22436617.789765432
2461135.026068345 -106529145.33011821 -239379719.2584747 -22442599.31678577
2461135.026762790 -106541396.0197204 -239446793.3525088 -22448579.09040847
2461135.027457234 -106553638.7512616 -239513848.5476402 -22454557.111954372
2461135.028151678 -106565873.532096 -239580884.8512266 -22460533.38158395
2461135.028846123 -106578100.3684663 -239647902.27109122 -22466507.89927661
2461135.029540567 -106590319.2661663 -239714900.8161004 -22472480.66565469
2461135.030235012 -106602530.230829 -239781880.495332 -22478451.681732617
2461135.030929456 -106614733.26818809 -239848841.3179052 -22484420.948386118
2461135.031623900 -106626928.3840917 -239915783.2927005 -22490388.46636127
2461135.032318345 -106639115.58425 -239982706.4289262 -22496354.236577097
2461135.033012789 -106651294.8743067 -240049610.7355364 -22502318.25992474
2461135.033707234 -106663466.2598953 -240116496.2213515 -22508280.53724724
2461135.034401678 -106675629.7467361 -240183362.8955383 -22514241.06942771
2461135.035096123 -106687785.340638 -240250210.76703689 -22520199.85729177
2461135.035790567 -106699933.0473195 -240317039.8451299 -22526156.90173197
2461135.036485012 -106712072.8723558 -240383850.138459 -22532112.20359366
2461135.037179456 -106724204.8213736 -240450641.6559884 -22538065.76375602
2461135.037873900 -106736328.9000487 -240517414.4067851 -22544017.58309022
2461135.038568345 -106748445.1141704 -240584168.3998715 -22549967.66242039
2461135.039262789 -106760553.4716041 -240650903.6429257 -22555916.00410605
2461135.039957234 -106772653.9866935 -240717620.1397464 -22561862.61486102
2461135.040651678 -106784746.65400961 -240784317.9055088 -22567807.48819768
2461135.041346123 -106796831.47906351 -240850996.94874412 -22573750.62492341
2461135.042040567 -106808908.4675481 -240917657.2784963 -22579692.02586538
2461135.042735012 -106820977.6249852 -240984298.9034309 -22585631.691841953
2461135.043429456 -106833038.9568447 -241050921.83207318 -22591569.62365609
2461135.044123901 -106845092.4686512 -241117526.0732639 -22597505.82212819
2461135.044818345 -106857138.1658884 -241184111.63548282 -22603440.28803706
2461135.045512789 -106869176.05415079 -241250678.5277032 -22609373.022199202
2461135.046207234 -106881206.1388313 -241317226.758149 -22615304.025356382
2461135.046901678 -106893228.4255082 -241383756.33581612 -22621233.2983149
2461135.047596123 -106905242.91964321 -241450267.2692908 -22627160.84183301
2461135.048290567 -106917249.6266081 -241516759.5669599 -22633086.656631332
2461135.048985011 -106929248.5524825 -241583233.2383879 -22639010.74361536
2461135.049679456 -106941239.703617 -241649688.2940639 -22644933.10365736
2461135.050373901 -106953223.0854746 -241716124.7456269 -22650853.73721366
2461135.051068345 -106965198.7026736 -241782542.6038326 -22656772.64453603
2461135.051762789 -106977166.5602945 -241848941.87767988 -22662689.82624175
2461135.052457234 -106989126.6639356 -241915322.5758214 -22668605.28320515
2461135.053151678 -107001079.0191058 -241981684.70720267 -22674519.016285058
2461135.053846123 -107013023.63121411 -242048028.28028482 -22680431.02629665
2461135.054540567 -107024960.5057906 -242114353.3039105 -22686341.31411783
2461135.055235012 -107036889.6482808 -242180659.7866043 -22692249.88058062
2461135.055929456 -107048811.0642052 -242246947.7372516 -22698156.72653491
2461135.056623900 -107060724.7590281 -242313217.1644957 -22704061.85282826
2461135.057318345 -107072630.7381727 -242379468.0768204 -22709965.26029336
2461135.058012790 -107084529.0070947 -242445700.4829555 -22715866.9497807
2461135.058707234 -107096419.5712536 -242511914.39153782 -22721766.922135603
2461135.059401678 -107108302.43623221 -242578109.81157932 -22727665.178237148
2461135.060096123 -107120177.6093132 -242644286.7539179 -22733561.71930383
2461135.060790567 -107132045.10320319 -242710445.2359428 -22739456.547666308
2461135.061485012 -107143904.9142115 -242776585.25534537 -22745349.66231008
2461135.062179456 -107155757.0477134 -242842706.82047158 -22751241.06405168
2461135.062873900 -107167601.50930001 -242908809.9402863 -22757130.753775258
2461135.063568345 -107179438.304439 -242974894.6235084 -22763018.7323399
2461135.064262789 -107191267.4384977 -243040960.87879768 -22768905.000581518
2461135.064957234 -107203088.9167891 -243107008.7143821 -22774789.55930371
2461135.065651678 -107214902.7448484 -243173038.1390117 -22780672.40938733
2461135.066346123 -107226708.9280089 -243239049.16132292 -22786553.551662028
2461135.067040567 -107238507.4715186 -243305041.78970638 -22792432.98692777
2461135.067735012 -107250298.3814888 -243371016.0320655 -22798310.7162137
2461135.068429456 -107262081.6643969 -243436971.8948685 -22804186.74093208
2461135.069123900 -107273857.32571061 -243502909.3838813 -22810061.06279156
2461135.069818345 -107285625.37001419 -243568828.505843 -22815933.68317003
2461135.070512789 -107297385.80249031 -243634729.26892862 -22821804.60295708
2461135.071207234 -107309138.6285654 -243700611.6818195 -22827673.822962318
2461135.071901678 -107320883.8535072 -243766475.7528071 -22833541.344025
2461135.072596123 -107332621.4826082 -243832321.4903059 -22839407.16696385
2461135.073290567 -107344351.52109629 -243898148.9028364 -22845271.29257566
2461135.073985012 -107356073.97423461 -243963957.99867138 -22851133.72167418
2461135.074679456 -107367788.8473191 -244029748.78618 -22856994.45508192
2461135.075373901 -107379496.1456905 -244095521.27394372 -22862853.49363289
2461135.076068345 -107391195.87461519 -244161275.4703325 -22868710.838142738
2461135.076762789 -107402888.03921731 -244227011.38348567 -22874566.48939487
2461135.077457234 -107414572.6447777 -244292729.0218265 -22880420.44820997
2461135.078151678 -107426249.696584 -244358428.3937502 -22886272.715409078
2461135.078846123 -107437919.1999293 -244424109.5077191 -22892123.291820098
2461135.079540567 -107449581.16004099 -244489772.37196848 -22897972.17824739
2461135.080235011 -107461235.5821014 -244555416.9948984 -22903819.375503723
2461135.080929456 -107472882.4735956 -244621043.3835866 -22909664.88589629
2461135.081623901 -107484521.848527 -244686651.5412917 -22915508.71608379
2461135.082318345 -107496153.7011112 -244752241.4825693 -22921350.85951044
2461135.083012789 -107507778.0365064 -244817813.2155654 -22927191.3169289
2461135.083707234 -107519394.8598146 -244883366.7484841 -22933030.0890841
2461135.084401678 -107531004.1761765 -244948902.0893772 -22938867.17670865
2461135.085096123 -107542605.99080311 -245014419.2466358 -22944702.58054347
2461135.085790567 -107554200.30879931 -245079918.2280832 -22950536.301271122
2461135.086485012 -107565787.1353612 -245145399.0422261 -22956368.33964879
2461135.087179456 -107577366.4754863 -245210861.6968209 -22962198.69631089
2461135.087873900 -107588938.33436249 -245276306.20021948 -22968027.37192337
2461135.088568345 -107600502.7171042 -245341732.56044152 -22973854.36721386
2461135.089262790 -107612059.6288677 -245407140.7856569 -22979679.68284525
2461135.089957234 -107623609.07481511 -245472530.8840935 -22985503.319374528
2461135.090651678 -107635151.05974321 -245537902.8640366 -22991325.27827067
2461135.091346123 -107646685.58787191 -245603256.7351255 -22997145.56212797
2461135.092040567 -107658212.6626576 -245668592.5080743 -23002964.1728322
2461135.092735012 -107669732.2873261 -245733910.1931884 -23008781.11066236
2461135.093429456 -107681244.4657288 -245799209.800125 -23014596.37503979
2461135.094123900 -107692749.20253651 -245864491.3374844 -23020409.96590773
2461135.094818345 -107704246.5029588 -245929754.8134921 -23026221.88416211
2461135.095512789 -107715736.3721828 -245995000.23617902 -23032032.130707752
2461135.096207234 -107727218.8153219 -246060227.6138747 -23037840.706239372
2461135.096901678 -107738693.8375036 -246125436.9546127 -23043647.61154898
2461135.097596123 -107750161.443939 -246190628.266661 -23049452.847502008
2461135.098290567 -107761621.6397634 -246255801.5582409 -23055256.41487664
2461135.098985012 -107773074.4300807 -246320956.837403 -23061058.3144469
2461135.099679456 -107784519.820043 -246386094.11239302 -23066858.5470375
2461135.100373900 -107795957.8147544 -246451213.3912343 -23072657.113434047
2461135.101068345 -107807388.41935651 -246516314.6821104 -23078454.01442984
2461135.101762789 -107818811.6375424 -246581397.9953864 -23084249.25237833
2461135.102457234 -107830227.4686693 -246646463.3470633 -23090042.83410101
2461135.103151678 -107841635.9250237 -246711510.7352224 -23095834.75281834
2461135.103846123 -107853037.0116917 -246776540.167889 -23101625.00931669
2461135.104540567 -107864430.7337652 -246841551.6530548 -23107413.60438093
2461135.105235012 -107875817.096342 -246906545.1988661 -23113200.53880726
2461135.105929456 -107887196.1045205 -246971520.81350622 -23118985.81339541
2461135.106623901 -107898567.7633532 -247036478.5049156 -23124769.42892413
2461135.107318345 -107909932.0779212 -247101418.2812325 -23130551.38618939
2461135.108012789 -107921289.05323301 -247166340.15024638 -23136331.68595612
2461135.108707234 -107932638.6943597 -247231244.12007302 -23142110.32901822
2461135.109401678 -107943981.0063795 -247296130.198883 -23147887.31617437
2461135.110096123 -107955315.9942894 -247360998.39440292 -23153662.64818353
2461135.110790567 -107966643.6631649 -247425848.7148846 -23159436.325851448
2461135.111485011 -107977964.0179337 -247490681.1679422 -23165208.34992739
2461135.112179456 -107989277.06362219 -247555495.7615625 -23170978.72119334
2461135.112873901 -108000582.8052836 -247620292.5038767 -23176747.44044416
2461135.113568345 -108011881.2479104 -247685071.40268728 -23182514.50844534
2461135.114262789 -108023172.3965064 -247749832.4659429 -23188279.92597526
2461135.114957234 -108034456.25602059 -247814575.7015165 -23194043.69380524
2461135.115651678 -108045732.83145119 -247879301.11733982 -23199805.8127121
2461135.116346123 -108057002.12777041 -247944008.72117952 -23205566.283457942
2461135.117040567 -108068264.1500107 -248008698.5211703 -23211325.106837522
2461135.117735012 -108079518.9031425 -248073370.5251261 -23217082.28361669
2461135.118429456 -108090766.39211641 -248138024.7408259 -23222837.81455665
2461135.119123900 -108102006.6219551 -248202661.1764179 -23228591.70045308
2461135.119818345 -108113239.597595 -248267279.8395645 -23234343.94205846
2461135.120512790 -108124465.32404 -248331880.7383376 -23240094.54016175
2461135.121207234 -108135683.8062519 -248396463.88057187 -23245843.49553002
2461135.121901678 -108146895.04921901 -248461029.2742246 -23251590.80893877
2461135.122596123 -108158099.0564421 -248525576.9292036 -23257336.48269286
2461135.123290567 -108169295.8271693 -248590106.861537 -23263080.52360559
2461135.123985012 -108180485.37354511 -248654619.0690552 -23268822.924884573
2461135.124679456 -108191667.7004568 -248719113.5592597 -23274563.687266707
2461135.125373900 -108202842.8129213 -248783590.3403483 -23280302.81154762
2461135.126068345 -108214010.71587351 -248848049.4201459 -23286040.29849326
2461135.126762789 -108225171.4142137 -248912490.80630618 -23291776.148854837
2461135.127457234 -108236324.912902 -248976914.50684932 -23297510.36341612
2461135.128151678 -108247471.2168322 -249041320.5294398 -23303242.942928117
2461135.128846123 -108258610.330927 -249105708.881953 -23308973.88815666
2461135.129540567 -108269742.26009251 -249170079.5721603 -23314703.19986259
2461135.130235012 -108280867.0092346 -249234432.6078487 -23320430.87880872
2461135.130929456 -108291984.5832865 -249298767.996982 -23326156.92577355
2461135.131623900 -108303094.9870957 -249363085.74703178 -23331881.34149028
2461135.132318345 -108314198.2256154 -249427385.8660424 -23337604.126738008
2461135.133012789 -108325294.3037218 -249491668.3616976 -23343325.2822693
2461135.133707234 -108336383.2263133 -249555933.2418399 -23349044.80885167
2461135.134401678 -108347464.99827659 -249620180.5142623 -23354762.70724817
2461135.135096123 -108358539.624498 -249684410.1866248 -23360478.97820776
2461135.135790567 -108369607.1100931 -249748622.2673925 -23366193.622543737
2461135.136485012 -108380667.45989801 -249812816.7640399 -23371906.6409894
2461135.137179456 -108391720.6788367 -249876993.6846556 -23377618.034333833
2461135.137873901 -108402766.77172229 -249941153.0367037 -23383327.803310588
2461135.138568345 -108413805.74349901 -250005294.8282032 -23389035.94869972
2461135.139262789 -108424837.5992813 -250069419.06737182 -23394742.4712895
2461135.139957234 -108435862.34400229 -250133525.7623015 -23400447.37186762
2461135.140651678 -108446879.98245509 -250197614.9204193 -23406150.65116403
2461135.141346123 -108457890.5194812 -250261686.5494515 -23411852.30993533
2461135.142040567 -108468893.959993 -250325740.65737748 -23417552.34895743
2461135.142735011 -108479890.3090096 -250389777.2521763 -23423250.76899533
2461135.143429456 -108490879.569969 -250453796.3438977 -23428947.57236338
2461135.144123901 -108501861.741944 -250517797.9481593 -23434642.765836213
2461135.144818345 -108512836.836952 -250581782.06262818 -23440336.34260602
2461135.145512789 -108523804.8597671 -250645748.6947172 -23446028.30339776
2461135.146207234 -108534765.8152494 -250709697.8522235 -23451718.64895894
2461135.146901678 -108545719.7082106 -250773629.54283568 -23457407.3800404
2461135.147596123 -108556666.5434533 -250837543.7742273 -23463094.497393582
2461135.148290567 -108567606.3257623 -250901440.55398732 -23468780.00176231
2461135.148985012 -108578539.059883 -250965319.8895827 -23474463.89387583
2461135.149679456 -108589464.750509 -251029181.788509 -23480146.17445285
2461135.150373900 -108600383.4023649 -251093026.2581101 -23485826.84421318
2461135.151068345 -108611295.020236 -251156853.30605522 -23491505.9039076
2461135.151762790 -108622199.60892281 -251220662.9401216 -23497183.35429643
2461135.152457234 -108633097.1730981 -251284455.16750038 -23502859.19608355
2461135.153151678 -108643987.7173453 -251348229.9953852 -23508533.42995794
2461135.153846123 -108654871.2464368 -251411987.4315246 -23514206.05667486
2461135.154540567 -108665747.76507579 -251475727.4832024 -23519877.07695051
2461135.155235012 -108676617.2780132 -251539450.15800118 -23525546.491527673
2461135.155929456 -108687479.7899692 -251603155.4635105 -23531214.30114468
2461135.156623900 -108698335.3054274 -251666843.4065498 -23536880.50645357
2461135.157318345 -108709183.8291129 -251730513.99470088 -23542545.10819411
2461135.158012789 -108720025.3657552 -251794167.2354953 -23548208.10710432
2461135.158707234 -108730859.9200846 -251857803.1364904 -23553869.503924448
2461135.159401678 -108741687.49674751 -251921421.70494962 -23559529.29936269
2461135.160096123 -108752508.1002205 -251985022.94780722 -23565187.49407693
2461135.160790567 -108763321.73520471 -252048606.8726067 -23570844.088802803
2461135.161485012 -108774128.40639469 -252112173.4867687 -23576499.08426814
2461135.162179456 -108784928.1185087 -252175722.79787222 -23582152.48121494
2461135.162873900 -108795720.876174 -252239254.81310928 -23587804.28034361
2461135.163568345 -108806506.6839482 -252302769.5397414 -23593454.482335538
2461135.164262789 -108817285.5450584 -252366266.9873326 -23599103.08945803
2461135.164957234 -108828057.4584505 -252429747.17134058 -23604750.10846945
2461135.165651678 -108838822.4359631 -252493210.08893502 -23610395.53251694
2461135.166346123 -108849580.48227881 -252556655.7476538 -23616039.36232995
2461135.167040567 -108860331.6019769 -252620084.1546443 -23621681.59857309
2461135.167735012 -108871075.7997592 -252683495.31757012 -23627322.24199074
2461135.168429456 -108881813.08025649 -252746889.2436622 -23632961.29329344
2461135.169123901 -108892543.4481104 -252810265.9402347 -23638598.753199052
2461135.169818345 -108903266.9080058 -252873625.41487268 -23644234.622439433
2461135.170512789 -108913983.4645999 -252936967.6750064 -23649868.90169654
2461135.171207234 -108924693.1225556 -253000292.7281296 -23655501.591698498
2461135.171901678 -108935395.8864802 -253063600.5814264 -23661132.69315146
2461135.172596123 -108946091.7610097 -253126891.2422692 -23666762.20677824
2461135.173290567 -108956780.7508192 -253190164.7182754 -23672390.133311428
2461135.173985011 -108967462.8605124 -253253421.0166374 -23678016.47340316
2461135.174679456 -108978138.0947674 -253316660.1450293 -23683641.22779616
2461135.175373901 -108988806.4581521 -253379882.1104932 -23689264.397183828
2461135.176068345 -108999467.95531021 -253443086.9205404 -23694885.98230103
2461135.176762789 -109010122.5908608 -253506274.5825288 -23700505.98385489
2461135.177457234 -109020770.36945629 -253569445.1039486 -23706124.40251358
2461135.178151678 -109031411.2957132 -253632598.49218968 -23711741.23899311
2461135.178846123 -109042045.37421851 -253695734.75449932 -23717356.494004913
2461135.179540567 -109052672.6095684 -253758853.89819568 -23722970.16826659
2461135.180235012 -109063293.0063793 -253821955.9306364 -23728582.26248193
2461135.180929456 -109073906.56941229 -253885040.8596904 -23734192.77734052
2461135.181623900 -109084513.3032583 -253948108.69264188 -23739801.713548057
2461135.182318345 -109095113.212493 -254011159.4367624 -23745409.07181667
2461135.183012790 -109105706.3016728 -254074193.09922612 -23751014.85285025
2461135.183707234 -109116292.57542521 -254137209.68751642 -23756619.0573638
2461135.184401678 -109126872.0385253 -254200209.20956442 -23762221.68603631
2461135.185096123 -109137444.6940902 -254263191.6746982 -23767822.74110014
2461135.185790567 -109148010.54095441 -254326157.0982698 -23773422.2293116
2461135.186485012 -109158569.5908449 -254389105.4773131 -23779020.14380789
2461135.187179456 -109169121.84835751 -254452036.81923342 -23784616.48526826
2461135.187873900 -109179667.3182222 -254514951.1317496 -23790211.254348658
2461135.188568345 -109190206.0050335 -254577848.4222944 -23795804.4518028
2461135.189262789 -109200737.9133066 -254640728.6980141 -23801396.078269888
2461135.189957234 -109211263.04759629 -254703591.9662763 -23806986.134444382
2461135.190651678 -109221781.41241801 -254766438.2340404 -23812574.621142298
2461135.191346123 -109232293.0123954 -254829267.5090952 -23818161.53887767
2461135.192040567 -109242797.85100219 -254892079.7999935 -23823746.88944018
2461135.192735012 -109253295.9290469 -254954875.1192828 -23829330.679720238
2461135.193429456 -109263787.2565695 -255017653.4649634 -23834912.90632232
2461135.194123900 -109274271.8388381 -255080414.8408413 -23840493.57131324
2461135.194818345 -109284749.6811734 -255143159.2507823 -23846072.674941942
2461135.195512789 -109295220.788761 -255205886.6989284 -23851650.215625823
2461135.196207234 -109305685.1664127 -255268597.1910834 -23857226.191209022
2461135.196901678 -109316142.8186797 -255331290.73434788 -23862800.600599118
2461135.197596123 -109326593.7499517 -255393967.3356796 -23868373.44425925
2461135.198290567 -109337037.96434629 -255456627.00173458 -23873944.72300183
2461135.198985012 -109347475.4663091 -255519269.7396853 -23879514.43739075
2461135.199679456 -109357906.2602874 -255581895.556501 -23885082.58802905
2461135.200373901 -109368330.3507639 -255644504.4593304 -23890649.17571408
2461135.201068345 -109378747.7421553 -255707096.4552771 -23896214.20111402
2461135.201762789 -109389158.4386207 -255769671.5510125 -23901777.664727017
2461135.202457234 -109399562.4444953 -255832229.75152412 -23907339.56656003
2461135.203151678 -109409959.7638872 -255894771.05582228 -23912899.90460353
2461135.203846123 -109420350.4016992 -255957295.4812015 -23918458.6829536
2461135.204540567 -109430734.362355 -256019803.0346663 -23924015.902277328
2461135.205235011 -109441111.6502877 -256082293.7235691 -23929571.563202538
2461135.205929456 -109451482.2699329 -256144767.5549891 -23935125.66640862
2461135.206623901 -109461846.2257358 -256207224.53603488 -23940678.21259098
2461135.207318345 -109472203.5221267 -256269664.6737403 -23946229.20244241
2461135.208012789 -109482554.1635721 -256332087.9752245 -23951778.6366427
2461135.208707234 -109492898.1547693 -256394494.4484782 -23957326.51588359
2461135.209401678 -109503235.50015831 -256456884.1005626 -23962872.8408481
2461135.210096123 -109513566.2041633 -256519256.9385458 -23968417.61222982
2461135.210790567 -109523890.2711707 -256581612.969284 -23973960.83070307
2461135.211485012 -109534207.70573151 -256643952.20024708 -23979502.496981498
2461135.212179456 -109544518.51279241 -256706274.6398909 -23985042.61181182
2461135.212873900 -109554822.6967426 -256768580.29340038 -23990581.17519808
2461135.213568345 -109565120.26158589 -256830869.1594266 -23996118.18506914
2461135.214262790 -109575411.2121885 -256893141.2552918 -24001653.64555891
2461135.214957234 -109585695.55307409 -256955396.5882504 -24007187.55736403
2461135.215651678 -109595973.2893594 -257017635.1672546 -24012719.92128575
2461135.216346123 -109606244.42548001 -257079856.9992952 -24018250.73800293
2461135.217040567 -109616508.9658359 -257142062.0914663 -24023780.00821087
2461135.217735012 -109626766.9148058 -257204250.45074958 -24029307.73259477
2461135.218429456 -109637018.276887 -257266422.0843299 -24034833.91184687
2461135.219123900 -109647263.05715649 -257328577.0010314 -24040358.546765808
2461135.219818345 -109657501.2600318 -257390715.2078237 -24045881.63802944
2461135.220512789 -109667732.8898976 -257452836.71179202 -24051403.18633206
2461135.221207234 -109677957.9510998 -257514941.5198052 -24056923.19234865
2461135.221901678 -109688176.4481279 -257577029.6391284 -24062441.65678004
2461135.222596123 -109698388.3859487 -257639101.0781965 -24067958.58039756
2461135.223290567 -109708593.7688907 -257701155.8420298 -24073473.96319345
2461135.223985012 -109718792.6009379 -257763193.9294044 -24078987.80310743
2461135.224679456 -109728984.8868781 -257825215.357435 -24084500.10425391
2461135.225373900 -109739170.6311538 -257887220.13326782 -24090010.86732421
2461135.226068345 -109749349.8386275 -257949208.2651631 -24095520.093080312
2461135.226762789 -109759522.513666 -258011179.7600191 -24101027.782194972
2461135.227457234 -109769688.6606195 -258073134.6248819 -24106533.93535862
2461135.228151678 -109779848.28376101 -258135072.8663441 -24112038.553221278
2461135.228846123 -109790001.3875165 -258196994.4916333 -24117541.636482522
2461135.229540567 -109800147.9766008 -258258899.50863552 -24123043.18587609
2461135.230235012 -109810288.05534449 -258320787.92416868 -24128543.20206807
2461135.230929456 -109820421.6280814 -258382659.7452608 -24134041.68574711
2461135.231623901 -109830548.6990668 -258444514.9784808 -24139538.637560878
2461135.232318345 -109840669.272671 -258506353.6309283 -24145034.05819841
2461135.233012789 -109850783.35343349 -258568175.7100968 -24150527.94836264
2461135.233707234 -109860890.9455581 -258629981.2206682 -24156020.30801722
2461135.234401678 -109870992.05298759 -258691770.1614072 -24161511.13510052
2461135.235096123 -109881086.6804326 -258753542.5492203 -24167000.433707513
2461135.235790567 -109891174.832178 -258815298.3908852 -24172488.20449912
2461135.236485011 -109901256.5126217 -258877037.6936395 -24177974.44815909
2461135.237179456 -109911331.7260163 -258938760.4641253 -24183459.16533859
2461135.237873901 -109921400.4766466 -259000466.70923892 -24188942.35671406
2461135.238568345 -109931462.7687445 -259062156.4355678 -24194424.02293453
2461135.239262789 -109941518.6065968 -259123829.6500529 -24199904.164675992
2461135.239957234 -109951567.99445891 -259185486.3594532 -24205382.78258269
2461135.240651678 -109961610.936566 -259247126.5704254 -24210859.877307292
2461135.241346123 -109971647.437185 -259308750.2898355 -24216335.44952337
2461135.242040567 -109981677.5005292 -259370357.5242409 -24221809.499877
2461135.242735012 -109991701.1308512 -259431948.2805199 -24227282.0290391
2461135.243429456 -110001718.33229281 -259493522.5651226 -24232753.03762895
2461135.244123900 -110011729.1089873 -259555080.3826814 -24238222.52560659
2461135.244818345 -110021733.4648239 -259616621.7318699 -24243690.49090185
2461135.245512790 -110031731.40444131 -259678146.6294094 -24249156.93759234
2461135.246207234 -110041722.9320632 -259739655.08211648 -24254621.8663437
2461135.246901678 -110051708.0517703 -259801147.096302 -24260085.277765147
2461135.247596123 -110061686.76776221 -259862622.6786228 -24265547.17250954
2461135.248290567 -110071659.0842637 -259924081.8358491 -24271007.55124155
2461135.248985012 -110081625.0054728 -259985524.5746038 -24276466.41461283
2461135.249679456 -110091584.5355429 -260046950.90131742 -24281923.76325498
2461135.250373900 -110101537.6786479 -260108360.8228021 -24287379.597823802
2461135.251068345 -110111484.4389372 -260169754.34546572 -24292833.9189501
2461135.251762789 -110121424.8206234 -260231131.4760842 -24298286.7272989
2461135.252457234 -110131358.8278863 -260292492.2212476 -24303738.02351874
2461135.253151678 -110141286.4648798 -260353836.5874395 -24309187.80824618
2461135.253846123 -110151207.7357738 -260415164.5813843 -24314636.08213086
2461135.254540567 -110161122.6446249 -260476476.2074641 -24320082.84511075
2461135.255235012 -110171031.19526021 -260537771.4641996 -24325528.09510194
2461135.255929456 -110180933.3923197 -260599050.3685723 -24330971.83620419
2461135.256623900 -110190829.23993361 -260660312.9269671 -24336414.069045577
2461135.257318345 -110200718.7422552 -260721559.1459444 -24341854.79426249
2461135.258012789 -110210601.90348971 -260782789.0323824 -24347294.01252764
2461135.258707234 -110220478.7277351 -260844002.59250712 -24352731.72445684
2461135.259401678 -110230349.2191885 -260905199.83317462 -24358167.930721857
2461135.260096123 -110240213.38197601 -260966380.7607562 -24363602.63194966
2461135.260790567 -110250071.2203498 -261027545.38220942 -24369035.82881321
2461135.261485012 -110259922.73843259 -261088693.7039417 -24374467.521943428
2461135.262179456 -110269767.94038431 -261149825.7326411 -24379897.71199698
2461135.262873901 -110279606.8303113 -261210941.4746809 -24385326.399602532
2461135.263568345 -110289439.4124092 -261272040.9369171 -24390753.585430212
2461135.264262789 -110299265.69085169 -261333124.12578282 -24396179.27010731
2461135.264957234 -110309085.6697263 -261394191.04601768 -24401603.45360366
2461135.265651678 -110318899.3527993 -261455241.6959917 -24407026.1338217
2461135.266346123 -110328706.744616 -261516276.09234822 -24412447.31483031
2461135.267040567 -110338507.8492994 -261577294.2415814 -24417866.9972674
2461135.267735011 -110348302.6710663 -261638296.1505202 -24423285.18179608
2461135.268429456 -110358091.21402441 -261699281.8256279 -24428701.869052082
2461135.269123901 -110367873.4822982 -261760251.2735289 -24434117.05968609
2461135.269818345 -110377649.4799526 -261821204.5004927 -24439530.75431724
2461135.270512789 -110387419.21112469 -261882141.51316828 -24444942.953597203
2461135.271207234 -110397182.6800112 -261943062.3182835 -24450353.65818065
2461135.271901678 -110406939.8907075 -262003966.9222939 -24455762.86870254
2461135.272596123 -110416690.84731899 -262064855.3317823 -24461170.58580973
2461135.273290567 -110426435.5538848 -262125727.5529363 -24466576.81011385
2461135.273985012 -110436174.01455809 -262186583.59257564 -24471981.54228173
2461135.274679456 -110445906.233493 -262247423.4572221 -24477384.78295013
2461135.275373900 -110455632.2146787 -262308247.15122873 -24482786.53205431
2461135.276068345 -110465351.9618487 -262369054.67298412 -24488186.78749814
2461135.276762790 -110475065.4794996 -262429846.03907093 -24493585.55334428
2461135.277457234 -110484772.77173759 -262490621.2560814 -24498982.83023923
2461135.278151678 -110494473.8427298 -262551380.3306415 -24504378.61882932
2461135.278846123 -110504168.69653179 -262612123.26910132 -24509772.91973995
2461135.279540567 -110513857.3372222 -262672850.0780308 -24515165.73361646
2461135.280235012 -110523539.76883909 -262733560.76376182 -24520557.06108297
2461135.280929456 -110533215.9954708 -262794255.3327864 -24525946.902777158
2461135.281623900 -110542886.021336 -262854933.7918285 -24531335.259354457
2461135.282318345 -110552549.8505244 -262915596.1474926 -24536722.13146278
2461135.283012789 -110562207.4870747 -262976242.40617362 -24542107.5197317
2461135.283707234 -110571858.9350149 -263036872.57421628 -24547491.424786452
2461135.284401678 -110581504.1984154 -263097486.65800208 -24552873.8472547
2461135.285096123 -110591143.2815852 -263158084.6645612 -24558254.78781953
2461135.285790567 -110600776.1885176 -263218666.59841302 -24563634.2464308
2461135.286485012 -110610402.9228757 -263279232.45772523 -24569012.220972423
2461135.287179456 -110620023.489108 -263339782.25901577 -24574388.71550054
2461135.287873900 -110629637.8912821 -263400316.00866333 -24579763.73064246
2461135.288568345 -110639246.13379331 -263460833.7140399 -24585137.26711193
2461135.289262789 -110648848.2206704 -263521335.38145003 -24590509.3255765
2461135.289957234 -110658444.1546056 -263581821.01043138 -24595879.91574261
2461135.290651678 -110668033.9379274 -263642290.598592 -24601249.0494394
2461135.291346123 -110677617.5747052 -263702744.15242463 -24606616.72753221
2461135.292040567 -110687195.0692671 -263763181.6789205 -24611982.950700708
2461135.292735012 -110696766.4256909 -263823603.18475577 -24617347.71959887
2461135.293429456 -110706331.64790921 -263884008.6758817 -24622711.0348164
2461135.294123901 -110715890.7399568 -263944398.1589073 -24628072.89700152
2461135.294818345 -110725443.705868 -264004771.64018312 -24633433.3065949
2461135.295512789 -110734990.5512891 -264065129.13386488 -24638792.25483209
2461135.296207234 -110744531.2816667 -264125470.65213212 -24644149.73101325
2461135.296901678 -110754065.9007125 -264185796.19361728 -24649505.73271574
2461135.297596123 -110763594.41281451 -264246105.7746954 -24654860.26398206
2461135.298290567 -110773116.82198021 -264306399.4016615 -24660213.32543164
2461135.298985011 -110782633.1324333 -264366677.081368 -24665564.91773092
2461135.299679456 -110792143.34820369 -264426938.82038286 -24670915.04152383
2461135.300373901 -110801647.4732046 -264487184.62468243 -24676263.697402
2461135.301068345 -110811145.5114055 -264547414.5006144 -24681610.88599003
2461135.301762789 -110820637.46680221 -264607628.4544402 -24686956.60790408
2461135.302457234 -110830123.3436809 -264667826.493327 -24692300.86383842
2461135.303151678 -110839603.1460017 -264728008.62345546 -24697643.65440239
2461135.303846123 -110849076.8776951 -264788174.85098344 -24702984.98020353
2461135.304540567 -110858544.54270479 -264848325.1821687 -24708324.84185835
2461135.305235012 -110868006.1449912 -264908459.623293 -24713663.23998442
2461135.305929456 -110877461.68859279 -264968578.18080252 -24719000.17521066
2461135.306623900 -110886911.1773372 -265028680.8586936 -24724335.647439558
2461135.307318345 -110896354.6148445 -265088767.6552839 -24729669.65456789
2461135.308012790 -110905792.0054542 -265148838.5868715 -24735002.20063057
2461135.308707234 -110915223.3529842 -265208893.65932298 -24740333.28620768
2461135.309401678 -110924648.660999 -265268932.8780597 -24745662.911834758
2461135.310096123 -110934067.93335891 -265328956.2491016 -24750991.07810609
2461135.310790567 -110943481.1739906 -265388963.77872834 -24756317.7856398
2461135.311485012 -110952888.38677949 -265448955.47297138 -24761643.035031937
2461135.312179456 -110962289.5754786 -265508931.3375873 -24766966.82685229
2461135.312873900 -110971684.74339299 -265568891.377472 -24772289.16158795
2461135.313568345 -110981073.8943212 -265628835.59845358 -24777610.03981582
2461135.314262789 -110990457.0321538 -265688764.00665253 -24782929.46213973
2461135.314957234 -110999834.1607953 -265748676.6082925 -24788247.42917268
2461135.315651678 -111009205.2839416 -265808573.40894517 -24793563.94146771
2461135.316346123 -111018570.4047647 -265868454.41321346 -24798878.99948446
2461135.317040567 -111027929.52693109 -265928319.62470406 -24804192.603089742
2461135.317735012 -111037282.6540112 -265988169.0416237 -24809504.75017037
2461135.318429456 -111046629.7902762 -266048002.68005928 -24814815.444741808
2461135.319123900 -111055970.9394648 -266107820.54591668 -24820124.6873864
2461135.319818345 -111065306.1046933 -266167622.64347503 -24825432.478534147
2461135.320512789 -111074635.28972821 -266227408.97855443 -24830738.8187607
2461135.321207234 -111083958.49845271 -266287179.5573706 -24836043.70867812
2461135.321901678 -111093275.7347002 -266346934.3858324 -24841347.14887118
2461135.322596123 -111102587.0022485 -266406673.46995988 -24846649.1399322
2461135.323290567 -111111892.3044111 -266466396.81441978 -24851949.68232524
2461135.323985012 -111121191.6450242 -266526104.42543477 -24857248.776661627
2461135.324679456 -111130485.0278816 -266585796.3087149 -24862546.42350836
2461135.325373901 -111139772.4568603 -266645472.47052047 -24867842.62348128
2461135.326068345 -111149053.9356618 -266705132.91654816 -24873137.37714352
2461135.326762789 -111158329.46751489 -266764777.65142778 -24878430.684954092
2461135.327457234 -111167599.0560834 -266824406.67888913 -24883722.54679007
2461135.328151678 -111176862.704871 -266884019.9969136 -24889012.96051814
2461135.328846123 -111186120.41813989 -266943617.62174928 -24894301.93016733
2461135.329540567 -111195372.19956231 -267003199.55898193 -24899589.45629047
2461135.330235011 -111204618.0523369 -267062765.81315038 -24904875.53933695
2461135.330929456 -111213857.98025109 -267122316.39036262 -24910160.17990712
2461135.331623901 -111223091.9870814 -267181851.29635438 -24915443.378570102
2461135.332318345 -111232320.076654 -267241370.5371984 -24920725.13592479
2461135.333012789 -111241542.25267689 -267300874.11866942 -24926005.45254038
2461135.333707234 -111250758.5184792 -267360362.04572096 -24931284.32890157
2461135.334401678 -111259968.8777657 -267419834.32393607 -24936561.76556194
2461135.335096123 -111269173.33437091 -267479290.9594947 -24941837.763129782
2461135.335790567 -111278371.8920896 -267538731.9583337 -24947112.32219184
2461135.336485012 -111287564.554654 -267598157.3262376 -24952385.44331785
2461135.337179456 -111296751.3256159 -267657567.06867948 -24957657.127037253
2461135.337873900 -111305932.20862919 -267716961.18934947 -24962927.373222787
2461135.338568345 -111315107.2071504 -267776339.6861224 -24968196.179731518
2461135.339262790 -111324276.3254103 -267835702.5752627 -24973463.55059327
2461135.339957234 -111333439.5671574 -267895049.86253107 -24978729.48637513
2461135.340651678 -111342596.9361446 -267954381.55387273 -24983993.98764673
2461135.341346123 -111351748.43613711 -268013697.6551647 -24989257.05498717
2461135.342040567 -111360894.0709278 -268072998.17245588 -24994518.68899287
2461135.342735012 -111370033.8442677 -268132283.11153588 -24999778.89023726
2461135.343429456 -111379167.7599368 -268191552.4783607 -25005037.65930407
2461135.344123900 -111388295.8217566 -268250806.2790421 -25010294.99677512
2461135.344818345 -111397418.0335069 -268310044.5195762 -25015550.90323961
2461135.345512789 -111406534.39892569 -268369267.20572323 -25020805.379268218
2461135.346207234 -111415644.9217835 -268428474.34346804 -25026058.425451588
2461135.346901678 -111424749.60582429 -268487665.93860215 -25031310.04235797
2461135.347596123 -111433848.4548724 -268546841.99733466 -25036560.23057445
2461135.348290567 -111442941.4725812 -268606002.5234007 -25041808.989976432
2461135.348985012 -111452028.6623604 -268665147.514565 -25047056.3184112
2461135.349679456 -111461110.0283871 -268724276.9869591 -25052302.21989595
2461135.350373900 -111470185.5743647 -268783390.9462983 -25057546.694991212
2461135.351068345 -111479255.3039594 -268842489.3983708 -25062789.74424221
2461135.351762789 -111488319.220888 -268901572.3489675 -25068031.36821877
2461135.352457234 -111497377.32889201 -268960639.8040043 -25073271.56750513
2461135.353151678 -111506429.6317135 -269019691.7694157 -25078510.342687137
2461135.353846123 -111515476.1330039 -269078728.2507396 -25083747.69430839
2461135.354540567 -111524516.8363213 -269137749.2535689 -25088983.62289161
2461135.355235012 -111533551.7453792 -269196754.7837934 -25094218.129014548
2461135.355929456 -111542580.8638802 -269255744.8471418 -25099451.21324484
2461135.356623901 -111551604.1955267 -269314719.44935495 -25104682.87615124
2461135.357318345 -111560621.7440094 -269373678.5962703 -25109913.11830201
2461135.358012789 -111569633.5128842 -269432622.2934234 -25115141.940209463
2461135.358707234 -111578639.5057473 -269491550.5444751 -25120369.341741372
2461135.359401678 -111587639.7259909 -269550463.3472732 -25125595.3207502
2461135.360096123 -111596634.17769319 -269609360.7175194 -25130819.88121409
2461135.360790567 -111605622.8645542 -269668242.6611682 -25136043.02371468
2461135.361485011 -111614605.7900913 -269727109.1836274 -25141264.74874411
2461135.362179456 -111623582.95798029 -269785960.29070354 -25146485.05686288
2461135.362873901 -111632554.37191239 -269844795.9881236 -25151703.94865063
2461135.363568345 -111641520.03558019 -269903616.281671 -25156921.42468519
2461135.364262789 -111650479.95258391 -269962421.1769799 -25162137.48548024
2461135.364957234 -111659434.1263881 -270021210.6794672 -25167352.13155508
2461135.365651678 -111668382.56061101 -270079984.79466504 -25172565.36345003
2461135.366346123 -111677325.2586288 -270138743.528854 -25177777.18132042
2461135.367040567 -111686262.22367351 -270197486.8890881 -25182987.58542897
2461135.367735012 -111695193.45899391 -270256214.8817156 -25188196.57635517
2461135.368429456 -111704118.9676277 -270314927.5126728 -25193404.154425982
2461135.369123900 -111713038.7521064 -270373624.78758204 -25198610.31825686
2461135.369818345 -111721952.8118012 -270432306.71160567 -25203815.06096499
2461135.370512790 -111730861.15575069 -270490973.2911272 -25209018.39245578
2461135.371207234 -111739763.78748101 -270549624.53178 -25214220.31321733
2461135.371901678 -111748660.710035 -270608260.4389485 -25219420.82347821
2461135.372596123 -111757551.9269442 -270666881.01841384 -25224619.92380819
2461135.373290567 -111766437.4418307 -270725486.27618283 -25229817.61484985
2461135.373985012 -111775317.2582964 -270784076.2180677 -25235013.89723014
2461135.374679456 -111784191.379799 -270842650.84977835 -25240208.77150923
2461135.375373900 -111793059.80934669 -270901210.1770421 -25245402.23800401
2461135.376068345 -111801922.55043219 -270959754.2055059 -25250594.29730829
2461135.376762789 -111810779.6066844 -271018282.94124156 -25255784.95010639
2461135.377457234 -111819630.98166859 -271076796.389913 -25260974.19705709
2461135.378151678 -111828476.67886831 -271135294.5574223 -25266162.03877113
2461135.378846123 -111837316.7013626 -271193777.44960344 -25271348.47566122
2461135.379540567 -111846151.05135609 -271252245.07355285 -25276533.50705895
2461135.380235012 -111854979.72692339 -271310697.43843037 -25281717.128044523
2461135.380929456 -111863802.7382441 -271369134.5440691 -25286899.34596232
2461135.381623900 -111872620.088896 -271427556.39368 -25292080.16151404
2461135.382318345 -111881431.7829285 -271485962.9904651 -25297259.57620538
2461135.383012789 -111890237.82544921 -271544354.3385955 -25302437.592649627
2461135.383707234 -111899038.2215118 -271602730.4435742 -25307614.21329256
2461135.384401678 -111907832.97545129 -271661091.31129736 -25312789.43963117
2461135.385096123 -111916622.0908808 -271719436.94732183 -25317963.27227703
2461135.385790567 -111925405.5711379 -271777767.3570807 -25323135.711609922
2461135.386485012 -111934183.4198131 -271836082.5459171 -25328306.758224
2461135.387179456 -111942955.64057271 -271894382.51967853 -25333476.41274169
2461135.387873901 -111951722.2369351 -271952667.2837135 -25338644.675643872
2461135.388568345 -111960483.2125078 -272010936.8438374 -25343811.547497228
2461135.389262789 -111969238.57081799 -272069191.2055439 -25348977.02886759
2461135.389957234 -111977988.31575 -272127430.3722495 -25354141.12146894
2461135.390651678 -111986732.4523325 -272185654.33871657 -25359303.831586502
2461135.391346123 -111995470.98285921 -272243863.12000096 -25364465.15494146
2461135.392040567 -112004203.91089621 -272302056.72150445 -25369625.09213423
2461135.392735011 -112012931.241418 -272360235.1383837 -25374783.64911494
2461135.393429456 -112021652.9768862 -272418398.38482815 -25379940.82217957
2461135.394123901 -112030369.1209916 -272476546.4695169 -25385096.61232241
2461135.394818345 -112039079.6775904 -272534679.3990214 -25390251.02936363
2461135.395512789 -112047784.6485768 -272592797.18228024 -25395404.07501531
2461135.396207234 -112056484.0350545 -272650899.8290441 -25400555.74265729
2461135.396901678 -112065177.8387551 -272708987.3462118 -25405706.03458387
2461135.397596123 -112073866.0594222 -272767059.7416582 -25410854.95966767
2461135.398290567 -112082548.7053791 -272825117.01801515 -25416002.50800884
2461135.398985012 -112091225.78014529 -272883159.180679 -25421148.6801292
2461135.399679456 -112099897.2825878 -272941186.2379851 -25426293.48710776
2461135.400373900 -112108563.21994759 -272999198.1931117 -25431436.920968767
2461135.401068345 -112117223.59668809 -273057195.0510115 -25436578.98017357
2461135.401762790 -112125878.4135758 -273115176.818776 -25441719.67163886
2461135.402457234 -112134527.6741806 -273173143.5021009 -25446858.99586798
2461135.403151678 -112143171.3845576 -273231095.1040863 -25451996.94696259
2461135.403846123 -112151809.547328 -273289031.6309459 -25457133.52762115
2461135.404540567 -112160442.1623989 -273346953.0903627 -25462268.746820502
2461135.405235012 -112169069.23784679 -273404859.4850546 -25467402.594525468
2461135.405929456 -112177690.7771345 -273462750.82021886 -25472535.07124637
2461135.406623900 -112186306.7791075 -273520627.10403097 -25477666.18811314
2461135.407318345 -112194917.2509262 -273578488.3396357 -25482795.93711937
2461135.408012789 -112203522.1969672 -273636334.531657 -25487924.3166856
2461135.408707234 -112212121.61806001 -273694165.6875906 -25493051.33377608
2461135.409401678 -112220715.51769751 -273751981.81265944 -25498176.98885531
2461135.410096123 -112229303.9020414 -273809782.91053194 -25503301.27608262
2461135.410790567 -112237886.77364431 -273867568.98701316 -25508424.19812382
2461135.411485012 -112246464.132424 -273925340.0499512 -25513545.76397255
2461135.412179456 -112255035.9864284 -273983096.10202587 -25518665.963587157
2461135.412873900 -112263602.3391088 -274040837.1483764 -25523784.79747556
2461135.413568345 -112272163.18941219 -274098563.1975325 -25528902.27681314
2461135.414262789 -112280718.5444184 -274156274.252167 -25534018.39355247
2461135.414957234 -112289268.40856391 -274213970.3174288 -25539133.146160237
2461135.415651678 -112297812.782589 -274271651.4003284 -25544246.54155766
2461135.416346123 -112306351.6700304 -274329317.50640553 -25549358.58023979
2461135.417040567 -112314885.0770719 -274386968.63915354 -25554469.256361768
2461135.417735012 -112323413.006303 -274444604.8046887 -25559578.57261838
2461135.418429456 -112331935.4576262 -274502226.01087713 -25564686.53800475
2461135.419123901 -112340452.4390035 -274559832.2599333 -25569793.14243766
2461135.419818345 -112348963.9539382 -274617423.5573387 -25574898.38645748
2461135.420512789 -112357470.00145839 -274674999.9117123 -25580002.28125801
2461135.421207234 -112365970.5886617 -274732561.3258904 -25585104.81880749
2461135.421901678 -112374465.719932 -274790107.8047842 -25590205.99755131
2461135.422596123 -112382955.39602049 -274847639.3555953 -25595305.824427463
2461135.423290567 -112391439.6204084 -274905155.9835965 -25600404.299909282
2461135.423985011 -112399918.3992745 -274962657.6923143 -25605501.4181648
2461135.424679456 -112408391.7352055 -275020144.4879592 -25610597.18189796
2461135.425373901 -112416859.6280424 -275077616.3780975 -25615691.600077383
2461135.426068345 -112425322.0857543 -275135073.365107 -25620784.662634023
2461135.426762789 -112433779.11178231 -275192515.4542699 -25625876.370092582
2461135.427457234 -112442230.70501931 -275249942.6538952 -25630966.73362878
2461135.428151678 -112450676.8725389 -275307354.9668286 -25636055.7452127
2461135.428846123 -112459117.618699 -275364752.3979212 -25641143.403284162
2461135.429540567 -112467552.9442011 -275422134.9541551 -25646229.714761578
2461135.430235012 -112475982.8525174 -275479502.64089435 -25651314.68012821
2461135.430929456 -112484407.3497632 -275536855.4615217 -25656398.29354819
2461135.431623900 -112492826.4384796 -275594193.42207587 -25661480.55771129
2461135.432318345 -112501240.1184982 -275651516.5301762 -25666561.48159043
2461135.433012790 -112509648.3977741 -275708824.788216 -25671641.05511797
2461135.433707234 -112518051.2797371 -275766118.2014513 -25676719.27881803
2461135.434401678 -112526448.7632861 -275823396.77804774 -25681796.16386212
2461135.435096123 -112534840.85551259 -275880660.5210484 -25686871.70223883
2461135.435790567 -112543227.5607326 -275937909.4351317 -25691945.89237258
2461135.436485012 -112551608.87964849 -275995143.52740276 -25697018.741192378
2461135.437179456 -112559984.815697 -276052362.8030733 -25702090.24916984
2461135.437873900 -112568355.3749886 -276109567.2655002 -25707160.41047584
2461135.438568345 -112576720.5600655 -276166756.9208317 -25712229.22781084
2461135.439262789 -112585080.3706934 -276223931.7763511 -25717296.71011773
2461135.439957234 -112593434.81483631 -276281091.8346242 -25722362.84734402
2461135.440651678 -112601783.8958997 -276338237.1008254 -25727427.64000858
2461135.441346123 -112610127.6127923 -276395367.5831746 -25732491.099296972
2461135.442040567 -112618465.9725781 -276452483.2846228 -25737553.21719074
2461135.442735012 -112626798.9795458 -276509584.2097742 -25742613.992107518
2461135.443429456 -112635126.6343929 -276566670.3658131 -25747673.430983152
2461135.444123900 -112643448.9405205 -276623741.7577015 -25752731.534269203
2461135.444818345 -112651765.9041837 -276680798.3893584 -25757788.29619616
2461135.445512789 -112660077.5278541 -276737840.2664962 -25762843.71942688
2461135.446207234 -112668383.8113396 -276794867.39679897 -25767897.81293969
2461135.446901678 -112676684.7625465 -276851879.7825476 -25772950.566656668
2461135.447596123 -112684980.3848771 -276908877.4289174 -25778001.98109898
2461135.448290567 -112693270.67730069 -276965860.3442617 -25783052.06747515
2461135.448985012 -112701555.6468727 -277022828.5315332 -25788100.817768008
2461135.449679456 -112709835.29784879 -277079781.9952193 -25793148.23038467
2461135.450373901 -112718109.6309065 -277136720.7424798 -25798194.312258568
2461135.451068345 -112726378.649462 -277193644.7784414 -25803239.06385868
2461135.451762789 -112734642.35975999 -277250554.1068429 -25808282.479412
2461135.452457234 -112742900.7642625 -277307448.7334128 -25813324.56158398
2461135.453151678 -112751153.8627432 -277364328.6657137 -25818365.31934216
2461135.453846123 -112759401.6631017 -277421193.90608597 -25823404.74261392
2461135.454540567 -112767644.1687373 -277478044.4596914 -25828442.83192173
2461135.455235011 -112775881.3787093 -277534880.3351274 -25833479.598509822
2461135.455929456 -112784113.30004 -277591701.5351597 -25838515.03434721
2461135.456623901 -112792339.9369748 -277648508.0643239 -25843549.13784338
2461135.457318345 -112800561.2901658 -277705299.92972153 -25848581.91592555
2461135.458012789 -112808777.3630159 -277762077.136405 -25853613.36906432
2461135.458707234 -112816988.1617931 -277818839.68810135 -25858643.4914998
2461135.459401678 -112825193.6889722 -277875587.5907514 -25863672.28590742
2461135.460096123 -112833393.9443102 -277932320.85183936 -25868699.76126324
2461135.460790567 -112841588.93563311 -277989039.47326374 -25873725.90746383
2461135.461485012 -112849778.666346 -278045743.4605825 -25878750.72502748
2461135.462179456 -112857963.1354108 -278102432.8219868 -25883774.22520165
2461135.462873900 -112866142.3497999 -278159107.55971736 -25888796.39998535
2461135.463568345 -112874316.3137733 -278215767.6792789 -25893817.24768164
2461135.464262790 -112882485.0277261 -278272413.1919816 -25898836.77311333
2461135.464957234 -112890648.494768 -278329044.10526055 -25903854.97510769
2461135.465651678 -112898806.7207232 -278385660.4216981 -25908871.846849028
2461135.466346123 -112906959.7081946 -278442262.1490952 -25913887.38806204
2461135.467040567 -112915107.4582448 -278498849.2965835 -25918901.60268033
2461135.467735012 -112923249.97908 -278555421.85637164 -25923914.489074707
2461135.468429456 -112931387.2745164 -278611979.8322152 -25928926.048268482
2461135.469123900 -112939519.34787521 -278668523.2286722 -25933936.28068973
2461135.469818345 -112947646.20246029 -278725052.0507317 -25938945.18682906
2461135.470512789 -112955767.8416063 -278781566.3035447 -25943952.76720333
2461135.471207234 -112963884.2686383 -278838065.9923117 -25948959.022327118
2461135.471901678 -112971995.4868344 -278894551.12179893 -25953963.95266477
2461135.472596123 -112980101.4995515 -278951021.6970458 -25958967.55865461
2461135.473290567 -112988202.310081 -279007477.7229753 -25963969.84077967
2461135.473985012 -112996297.9217211 -279063919.2046041 -25968970.79954045
2461135.474679456 -113004388.3377978 -279120346.1471358 -25973970.43545578
2461135.475373900 -113012473.5616131 -279176758.5554746 -25978968.74900364
2461135.476068345 -113020553.59656909 -279233156.43466854 -25983965.74062822
2461135.476762789 -113028628.44517799 -279289539.79020965 -25988961.4127815
2461135.477457234 -113036698.1076553 -279345908.6293209 -25993955.77368536
2461135.478151678 -113044762.5911575 -279402262.95432043 -25998948.81416034
2461135.478846123 -113052821.8990172 -279458602.77025974 -26003940.53470064
2461135.479540567 -113060876.0346709 -279514928.08211434 -26008930.93575021
2461135.480235012 -113068925.00141841 -279571238.89491636 -26013920.017802533
2461135.480929456 -113076968.8025472 -279627535.2136294 -26018907.78135751
2461135.481623901 -113085007.44135201 -279683817.0433093 -26023894.22692166
2461135.482318345 -113093040.92113501 -279740084.3890297 -26028879.35498181
2461135.483012789 -113101069.245352 -279796337.2556547 -26033863.16598176
2461135.483707234 -113109092.41735 -279852575.6481812 -26038845.660428252
2461135.484401678 -113117110.4403512 -279908799.5717359 -26043826.83881244
2461135.485096123 -113125123.317582 -279965009.03122944 -26048806.70161602
2461135.485790567 -113133131.0525518 -280021204.0316461 -26053785.249375388
2461135.486485011 -113141133.6485899 -280077384.57814234 -26058762.4825005
2461135.487179456 -113149131.1063123 -280133550.6760096 -26063738.40248973
2461135.487873901 -113157123.4214786 -280189702.3328296 -26068713.01441807
2461135.488568345 -113165110.60360101 -280245839.5515253 -26073686.30947321
2461135.489262789 -113173092.6560249 -280301962.3384214 -26078658.28619168
2461135.489957234 -113181069.5829013 -280358070.6997721 -26083628.94413888
2461135.490651678 -113189041.38811441 -280414164.641083 -26088598.28340178
2461135.491346123 -113197008.07504061 -280470244.16736645 -26093566.304421753
2461135.492040567 -113204969.64683531 -280526309.28351253 -26098533.00774356
2461135.492735012 -113212926.1067508 -280582359.9945307 -26103498.39389681
2461135.493429456 -113220877.4580474 -280638396.30544347 -26108462.46364438
2461135.494123900 -113228823.70395389 -280694418.2212515 -26113425.21758896
2461135.494818345 -113236764.8477029 -280750425.7468308 -26118386.65613557
2461135.495512790 -113244700.8925447 -280806418.8869303 -26123346.77942346
2461135.496207234 -113252631.8416685 -280862397.6459964 -26128305.58751948
2461135.496901678 -113260557.6983839 -280918362.0292609 -26133263.0808532
2461135.497596123 -113268478.4649035 -280974312.0432232 -26138219.259092048
2461135.498290567 -113276394.1405331 -281030247.69984376 -26143174.119355652
2461135.498985012 -113284304.7334491 -281086168.9953041 -26148127.66638359
2461135.499679456 -113292210.2469258 -281142075.9347897 -26153079.90071659
2461135.500373900 -113300110.68422431 -281197968.52325183 -26158030.82298323
2461135.501068345 -113308006.0485956 -281253846.765733 -26162980.43368828
2461135.501762789 -113315896.3432671 -281309710.6671626 -26167928.733318653
2461135.502457234 -113323781.5714746 -281365560.2325351 -26172875.722382292
2461135.503151678 -113331661.7364102 -281421395.4664886 -26177821.40136842
2461135.503846123 -113339536.8413759 -281477216.3744274 -26182765.77092518
2461135.504540567 -113347406.8895816 -281533022.9612273 -26187708.83156297
2461135.505235012 -113355271.884235 -281588815.2316386 -26192650.583752044
2461135.505929456 -113363131.8285798 -281644593.19070876 -26197591.02798923
2461135.506623900 -113370986.7257756 -281700356.8431427 -26202530.16479687
2461135.507318345 -113378836.5791018 -281756106.1942395 -26207467.994817913
2461135.508012789 -113386681.3908099 -281811841.2504881 -26212404.51758397
2461135.508707234 -113394521.1600956 -281867562.0235035 -26217339.7300424
2461135.509401678 -113402355.894515 -281923268.5092327 -26222273.63773873
2461135.510096123 -113410185.59658921 -281978960.7120098 -26227206.24267904
2461135.510790567 -113418010.2697134 -282034638.63606906 -26232137.54748834
2461135.511485012 -113425829.9182403 -282090302.2855895 -26237067.55431286
2461135.512179456 -113433644.5467322 -282145951.6657023 -26241996.26446021
2461135.512873901 -113441454.1589839 -282201586.7808963 -26246923.67857273
2461135.513568345 -113449258.75826511 -282257207.6364365 -26251849.797173783
2461135.514262789 -113457058.34762609 -282312814.2371986 -26256774.62070971
2461135.514957234 -113464852.9302925 -282368406.58797884 -26261698.1496668
2461135.515651678 -113472642.5094975 -282423984.6936988 -26266620.38454272
2461135.516346123 -113480427.0883941 -282479548.5592035 -26271541.325816967
2461135.517040567 -113488206.6701611 -282535098.1893051 -26276460.97396626
2461135.517735011 -113495981.2580267 -282590633.58915675 -26281379.329479687
2461135.518429456 -113503750.8543593 -282646154.7640092 -26286296.39478879
2461135.519123901 -113511515.45924601 -282701661.72087836 -26291212.17809286
2461135.519818345 -113519275.07976119 -282757154.46194947 -26296126.67020572
2461135.520512789 -113527029.719075 -282812632.9919959 -26301039.87159958
2461135.521207234 -113534779.38040501 -282868097.316163 -26305951.78275573
2461135.521901678 -113542524.0669077 -282923547.4391359 -26310862.40414168
2461135.522596123 -113550263.7817523 -282978983.3657012 -26315771.736237608
2461135.523290567 -113557998.5281165 -283034405.1007252 -26320679.77953069
2461135.523985012 -113565728.309175 -283089812.6490343 -26325586.534496788
2461135.524679456 -113573453.12815379 -283145206.01574194 -26330492.001609482
2461135.525373900 -113581172.98820089 -283200585.2055129 -26335396.18133377
2461135.526068345 -113588887.89249241 -283255950.2232354 -26340299.07415865
2461135.526762790 -113596597.84419009 -283311301.07370186 -26345200.6805649
2461135.527457234 -113604302.8464394 -283366637.7615462 -26350101.00100988
2461135.528151678 -113612002.9025085 -283421960.2921093 -26355000.035981253
2461135.528846123 -113619698.01475519 -283477268.6705934 -26359897.78790614
2461135.529540567 -113627388.18326029 -283532562.9040075 -26364794.264987677
2461135.530235012 -113635073.4150205 -283587842.9942432 -26369689.45800803
2461135.530929456 -113642753.7132171 -283643108.9462078 -26374583.367447138
2461135.531623900 -113650429.0811065 -283698360.7650624 -26379475.99376953
2461135.532318345 -113658099.52182919 -283753598.4554746 -26384367.33743893
2461135.533012789 -113665765.0385333 -283808822.0222235 -26389257.3989345
2461135.533707234 -113673425.6343732 -283864031.47014314 -26394146.178740337
2461135.534401678 -113681081.3124898 -283919226.80385786 -26399033.6773102
2461135.535096123 -113688732.076169 -283974408.02863395 -26403919.89510905
2461135.535790567 -113696377.9285562 -284029575.1492048 -26408804.83260394
2461135.536485012 -113704018.87279789 -284084728.1703775 -26413688.49027841
2461135.537179456 -113711654.9120056 -284139867.0967171 -26418570.86859398
2461135.537873900 -113719286.0493647 -284194991.9331986 -26423451.968027793
2461135.538568345 -113726912.288141 -284250102.6848324 -26428331.78901392
2461135.539262789 -113734533.6307229 -284305199.3571017 -26433210.334010173
2461135.539957234 -113742150.0771479 -284360281.956874 -26438087.611194283
2461135.540651678 -113749761.6343906 -284415350.4860332 -26442963.61133998
2461135.541346123 -113757368.3056142 -284470404.949345 -26447838.33494142
2461135.542040567 -113764970.0940941 -284525445.35199726 -26452711.78241793
2461135.542735012 -113772567.0029546 -284580471.6987898 -26457583.95417671
2461135.543429456 -113780159.03531471 -284635483.9942151 -26462454.85076201
2461135.544123901 -113787746.1943362 -284690482.2431758 -26467324.472715992
2461135.544818345 -113795328.4830466 -284745466.4502355 -26472192.82023076
2461135.545512789 -113802905.904681 -284800436.62038815 -26477059.89386272
2461135.546207234 -113810478.4625545 -284855392.7573508 -26481925.69491098
2461135.546901678 -113818046.16002719 -284910334.8648098 -26486790.224582978
2461135.547596123 -113825609.0003463 -284965262.94702613 -26491653.48364504
2461135.548290567 -113833166.9865816 -285020177.00860286 -26496515.472522918
2461135.548985011 -113840720.12171699 -285075077.0542105 -26501376.19151203
2461135.549679456 -113848268.4082776 -285129963.08808625 -26506235.6431841
2461135.550373901 -113855811.8471516 -285184835.11387277 -26511093.83626956
2461135.551068345 -113863350.4442237 -285239693.1375581 -26515950.76088062
2461135.551762789 -113870884.20255381 -285294537.16373086 -26520806.4174584
2461135.552457234 -113878413.1250345 -285349367.1964651 -26525660.80633482
2461135.553151678 -113885937.214737 -285404183.2403782 -26530513.92795889
2461135.553846123 -113893456.4747579 -285458985.30015975 -26535365.78279898
2461135.554540567 -113900970.9081752 -285513773.38033587 -26540216.37131508
2461135.555235012 -113908480.51804821 -285568547.48557043 -26545065.69395639
2461135.555929456 -113915985.3072289 -285623307.6199086 -26549913.75104481
2461135.556623900 -113923485.27876191 -285678053.78781134 -26554760.54302081
2461135.557318345 -113930980.4357271 -285732785.9938699 -26559606.07034735
2461135.558012790 -113938470.7812337 -285787504.24290323 -26564450.33350664
2461135.558707234 -113945956.3182931 -285842208.539239 -26569293.33291945
2461135.559401678 -113953439.8309328 -285896901.4423882 -26574134.62427337
2461135.560096123 -113960922.9769302 -285951584.47771156 -26578973.94571827
2461135.560790567 -113968401.319241 -286006253.5719849 -26583812.01864751
2461135.561485012 -113975874.863855 -286060908.7309063 -26588648.83351553
2461135.562179456 -113983343.6137993 -286115549.9589498 -26593484.39075581
2461135.562873900 -113990807.56859389 -286170177.2590257 -26598318.70209653
2461135.563568345 -113998266.7340029 -286224790.6367599 -26603151.75885381
2461135.564262789 -114005721.1137427 -286279390.09689593 -26607983.559236187
2461135.564957234 -114013170.7088564 -286333975.64328647 -26612814.11054809
2461135.565651678 -114020615.5223765 -286388547.2803005 -26617643.41316387
2461135.566346123 -114028055.5592201 -286443105.01302844 -26622471.46065472
2461135.567040567 -114035490.8217196 -286497648.8456376 -26627298.2557517
2461135.567735012 -114042921.31026879 -286552178.78160787 -26632123.807945963
2461135.568429456 -114050347.03131239 -286606694.8269371 -26636948.10638751
2461135.569123900 -114057767.98780979 -286661196.9860052 -26641771.15148406
2461135.569818345 -114065184.179365 -286715685.2616513 -26646592.95497567
2461135.570512789 -114072597.9714998 -286770161.06076634 -26651413.03342715
2461135.571207234 -114080010.77216001 -286824625.2235131 -26656231.1022926
2461135.571901678 -114087418.8167185 -286879075.5229437 -26661047.92515394
2461135.572596123 -114094822.1080887 -286933511.9640021 -26665863.502222963
2461135.573290567 -114102220.6520177 -286987934.5487833 -26670677.82779974
2461135.573985012 -114109614.45059021 -287042343.282448 -26675490.90445432
2461135.574679456 -114117003.5031822 -287096738.1718638 -26680302.74101664
2461135.575373901 -114124387.81741859 -287151119.2185614 -26685113.32742483
2461135.576068345 -114131767.3963165 -287205486.4270105 -26689922.66413649
2461135.576762789 -114139142.23822911 -287259839.8043818 -26694730.76222069
2461135.577457234 -114146512.3498537 -287314179.3528561 -26699537.613608602
2461135.578151678 -114153877.7350988 -287368505.07615197 -26704343.216645658
2461135.578846123 -114161238.394285 -287422816.98074013 -26709147.57819461
2461135.579540567 -114168594.3304548 -287477115.07104653 -26713950.698658902
2461135.580235011 -114175945.5493494 -287531399.3498544 -26718752.57217561
2461135.580929456 -114183292.05302949 -287585669.8221576 -26723553.2013323
2461135.581623901 -114190633.8351307 -287639926.5046094 -26728352.59401533
2461135.582318345 -114197970.89607671 -287694169.4110949 -26733150.738852173
2461135.583012789 -114205303.2387543 -287748398.5462263 -26737947.636267878
2461135.583707234 -114212630.86174709 -287802613.917781 -26742743.297411513
2461135.584401678 -114219953.7717437 -287856815.5279362 -26747537.71419809
2461135.585096123 -114227271.9726499 -287911003.3805148 -26752330.884975612
2461135.585790567 -114234585.4647331 -287965177.4816361 -26757122.81658238
2461135.586485012 -114241894.251246 -288019337.83602583 -26761913.509485222
2461135.587179456 -114249198.3442093 -288073484.43673456 -26766702.95891969
2461135.587873900 -114256497.75250609 -288127617.27731943 -26771491.168671697
2461135.588568345 -114263792.4757829 -288181736.3644824 -26776278.14769742
2461135.589262790 -114271082.5215575 -288235841.69961303 -26781063.88584006
2461135.589957234 -114278367.8929186 -288289933.2872821 -26785848.38356728
2461135.590651678 -114285648.5887927 -288344011.1361891 -26790631.65212206
2461135.591346123 -114292924.6158958 -288398075.2485873 -26795413.68342591
2461135.592040567 -114300195.9781122 -288452125.6282156 -26800194.47581863
2461135.592735012 -114307462.6757217 -288506162.2813598 -26804974.03615406
2461135.593429456 -114314724.71184379 -288560185.21273756 -26809752.364861522
2461135.594123900 -114321982.0925473 -288614194.4257519 -26814529.45612972
2461135.594818345 -114329234.8200053 -288668189.9258814 -26819305.312599488
2461135.595512789 -114336482.8935788 -288722171.7196837 -26824079.94314685
2461135.596207234 -114343726.3208125 -288776139.8088211 -26828853.33763903
2461135.596901678 -114350965.10471569 -288830094.1975773 -26833625.4965132
2461135.597596123 -114358199.24399391 -288884034.8941149 -26838396.430941682
2461135.598290567 -114365428.7453176 -288937961.90054697 -26843166.13283068
2461135.598985012 -114372653.6125558 -288991875.2205764 -26847934.600516777
2461135.599679456 -114379873.8459879 -289045774.86056465 -26852701.840860523
2461135.600373900 -114387089.4486075 -289099660.8247273 -26857467.85424008
2461135.601068345 -114394300.426172 -289153533.1158604 -26862232.63475981
2461135.601762789 -114401506.78077431 -289207391.7391239 -26866996.18502863
2461135.602457234 -114408708.5117803 -289261236.7011883 -26871758.513932418
2461135.603151678 -114415905.6266757 -289315068.0033515 -26876519.61130627
2461135.603846123 -114423098.12847051 -289368885.6502249 -26881279.47761088
2461135.604540567 -114430286.01558119 -289422689.64902145 -26886038.12390954
2461135.605235012 -114437469.29461971 -289476480.0016313 -26890795.54208583
2461135.605929456 -114444647.96949321 -289530256.71211576 -26895551.730508
2461135.606623901 -114451822.0404007 -289584019.7863123 -26900306.695990182
2461135.607318345 -114458991.51035601 -289637769.2287292 -26905060.43893313
2461135.608012789 -114466156.38504581 -289691505.0420162 -26909812.95341255
2461135.608707234 -114473316.6664933 -289745227.230923 -26914564.24199911
2461135.609401678 -114480472.3540802 -289798935.8023171 -26919314.31359613
2461135.610096123 -114487623.45528491 -289852630.75751 -26924063.15803992
2461135.610790567 -114494769.9730779 -289906312.1008646 -26928810.77576666
2461135.611485011 -114501911.9059066 -289959979.839774 -26933557.17784421
2461135.612179456 -114509049.2603823 -290013633.97617847 -26938302.35615902
2461135.612873901 -114516182.0403592 -290067274.5138145 -26943046.3090507
2461135.613568345 -114523310.2460771 -290120901.45890087 -26947789.04336707
2461135.614262789 -114530433.88052459 -290174514.8157474 -26952530.55948915
2461135.614957234 -114537552.94942209 -290228114.5869499 -26957270.85147786
2461135.615651678 -114550797.7388525 -290277566.06195194 -26966418.99298561
2461135.616346123 -114557983.1873481 -290331097.4611044 -26971215.0469944
2461135.617040567 -114565164.0803991 -290384615.2799408 -26976009.86894537
2461135.617735012 -114572340.4209533 -290438119.5227774 -26980803.459273532
2461135.618429456 -114579512.21195701 -290491610.1939281 -26985595.81841397
2461135.619123900 -114586679.4563551 -290545087.2977029 -26990386.946801487
2461135.619818345 -114593842.157091 -290598550.8384087 -26995176.844870582
2461135.620512790 -114601000.3171071 -290652000.8203494 -26999965.51305534
2461135.621207234 -114608153.939344 -290705437.2478254 -27004752.9517896
2461135.621901678 -114615303.0267414 -290758860.12513417 -27009539.1615072
2461135.622596123 -114622447.5822373 -290812269.4565694 -27014324.14264123
2461135.623290567 -114629587.6087683 -290865665.2464223 -27019107.89562501
2461135.623985012 -114636723.1092701 -290919047.49898016 -27023890.42089097
2461135.624679456 -114643854.0866766 -290972416.21852773 -27028671.71887198
2461135.625373900 -114650980.54392049 -291025771.4093459 -27033451.789999988
2461135.626068345 -114658102.4839334 -291079113.0757128 -27038230.63470707
2461135.626762789 -114665219.9096451 -291132441.2219031 -27043008.25342488
2461135.627457234 -114672332.8239845 -291185755.85218865 -27047784.6465848
2461135.628151678 -114679441.2298788 -291239056.9708374 -27052559.814617842
2461135.628846123 -114686545.1302543 -291292344.582115 -27057333.75795493
2461135.629540567 -114693644.52803549 -291345618.690283 -27062106.47702662
2461135.630235012 -114700739.426146 -291398879.2996006 -27066877.9722632
2461135.630929456 -114707829.8275079 -291452126.4143231 -27071648.24409467
2461135.631623900 -114714915.735042 -291505360.0387031 -27076417.292950753
2461135.632318345 -114721997.1516676 -291558580.17699003 -27081185.11926093
2461135.633012789 -114729074.08030309 -291611786.8334294 -27085951.72345433
2461135.633707234 -114736146.52386521 -291664980.0122648 -27090717.10595988
2461135.634401678 -114743214.48526959 -291718159.71773547 -27095481.2672063
2461135.635096123 -114750277.9674305 -291771325.9540785 -27100244.207621828
2461135.635790567 -114757336.9732609 -291824478.7255267 -27105005.92763461
2461135.636485012 -114764391.5056725 -291877618.03631073 -27109766.42767248
2461135.637179456 -114771441.56757571 -291930743.8906575 -27114525.708162762
2461135.637873901 -114778487.1618796 -291983856.29279107 -27119283.7695331
2461135.638568345 -114785528.291492 -292036955.2469322 -27124040.61221023
2461135.639262789 -114792564.9593195 -292090040.7572985 -27128796.23662095
2461135.639957234 -114799597.1682673 -292143112.8281045 -27133550.64319176
2461135.640651678 -114806624.9212393 -292196171.4635617 -27138303.83234886
2461135.641346123 -114813648.2211386 -292249216.6678782 -27143055.804517977
2461135.642040567 -114820667.0708663 -292302248.4452588 -27147806.5601251
2461135.642735011 -114827681.4733228 -292355266.79990596 -27152556.09959528
2461135.643429456 -114834691.4314068 -292408271.7360186 -27157304.42335382
2461135.644123901 -114841696.9480163 -292461263.25779194 -27162051.53182548
2461135.644818345 -114848698.0260474 -292514241.3694187 -27166797.42543472
2461135.645512789 -114855694.6683955 -292567206.0750885 -27171542.10460607
2461135.646207234 -114862686.87795441 -292620157.3789876 -27176285.56976342
2461135.646901678 -114869674.6576169 -292673095.2852994 -27181027.82133063
2461135.647596123 -114876658.0102743 -292726019.798204 -27185768.85973111
2461135.648290567 -114883636.9388168 -292778930.9218781 -27190508.685388077
2461135.648985012 -114890611.4461335 -292831828.6604963 -27195247.29872464
2461135.649679456 -114897581.535112 -292884713.0182302 -27199984.70016351
2461135.650373900 -114904547.2086388 -292937583.99924517 -27204720.89012688
2461135.651068345 -114911508.469599 -292990441.6077053 -27209455.86903697
2461135.651762790 -114918465.3208771 -293043285.8477769 -27214189.637316007
2461135.652457234 -114925417.76535681 -293096116.7236248 -27218922.19538626
2461135.653151678 -114932365.8059191 -293148934.23939896 -27223653.54366858
2461135.653846123 -114939309.4454431 -293201738.399242 -27228383.6825833
2461135.654540567 -114946248.68680741 -293254529.2072999 -27233112.61255082
2461135.655235012 -114953183.5328913 -293307306.66772646 -27237840.33399262
2461135.655929456 -114960113.9865718 -293360070.78466797 -27242566.84732916
2461135.656623900 -114967040.0507244 -293412821.5622635 -27247292.15298047
2461135.657318345 -114973961.7282232 -293465559.0046478 -27252016.25136613
2461135.658012789 -114980879.0219414 -293518283.1159559 -27256739.14290582
2461135.658707234 -114987791.93475111 -293570993.9003191 -27261460.828018777
2461135.659401678 -114994700.469523 -293623691.3618647 -27266181.3071241
2461135.660096123 -115001604.6291267 -293676375.5047176 -27270900.58064037
2461135.660790567 -115008504.4164306 -293729046.3329994 -27275618.64898633
2461135.661485012 -115015399.8343019 -293781703.8508288 -27280335.51257999
2461135.662179456 -115022290.88560669 -293834348.0623214 -27285051.171839442
2461135.662873900 -115029177.5732097 -293886978.97158945 -27289765.62718238
2461135.663568345 -115036059.89997481 -293939596.582743 -27294478.87902631
2461135.664262789 -115042937.86876431 -293992200.8998881 -27299190.92778834
2461135.664957234 -115049811.48243971 -294044791.92712826 -27303901.773885403
2461135.665651678 -115056680.7438611 -294097369.6685639 -27308611.41773424
2461135.666346123 -115063545.6558876 -294149934.12829244 -27313319.85975121
2461135.667040567 -115070406.22137709 -294202485.31040823 -27318027.10035261
2461135.667735012 -115077262.44318621 -294255023.2190026 -27322733.13995426
2461135.668429456 -115084114.3241705 -294307547.8581638 -27327437.97897178
2461135.669123901 -115090961.86718439 -294360059.23197734 -27332141.61782061
2461135.669818345 -115097805.0750812 -294412557.3445251 -27336844.05691587
2461135.670512789 -115104643.950713 -294465042.1998869 -27341545.2966725
2461135.671207234 -115111478.4969309 -294517513.8021387 -27346245.337505072
2461135.671901678 -115118308.7165845 -294569972.1553538 -27350944.17982794
2461135.672596123 -115125134.6125228 -294622417.2636026 -27355641.82405527
2461135.673290567 -115131956.1875931 -294674849.1309523 -27360338.27060102
2461135.673985011 -115138773.4446421 -294727267.76146734 -27365033.519878563
2461135.674679456 -115145586.386515 -294779673.1592088 -27369727.57230139
2461135.675373901 -115152395.016056 -294832065.3282351 -27374420.428282782
2461135.676068345 -115159199.3361083 -294884444.27260166 -27379112.08823527
2461135.676762789 -115165999.3495138 -294936809.9963609 -27383802.552571617
2461135.677457234 -115172795.0591133 -294989162.503562 -27388491.82170421
2461135.678151678 -115179586.4677466 -295041501.7982514 -27393179.8960451
2461135.678846123 -115186373.57825251 -295093827.88447267 -27397866.77600606
2461135.679540567 -115193156.3934684 -295146140.766266 -27402552.461998828
2461135.680235012 -115199934.91623071 -295198440.4476692 -27407236.95443459
2461135.680929456 -115206709.1493748 -295250726.93271667 -27411920.25372456
2461135.681623900 -115213479.09573491 -295303000.2254399 -27416602.36027949
2461135.682318345 -115220239.2356908 -295355263.4608159 -27421280.45752989
2461135.683012790 -115226983.1118525 -295407520.30547595 -27425951.25053942
2461135.683707234 -115233742.1404258 -295459752.9536773 -27430630.76356304
2461135.684401678 -115240513.4182659 -295511963.0570034 -27435317.51472192
2461135.685096123 -115247089.941295 -295564267.9906308 -27439905.92425947
2461135.685790567 -115253276.60461439 -295616778.3841615 -27444296.48311617
2461135.686485012 -115260073.6729444 -295668927.0946441 -27448999.34700083
2461135.687179456 -115267399.2076461 -295720760.5898904 -27453972.7290435
2461135.687873900 -115273093.2437724 -295773503.6079042 -27458115.05219166
2461135.688568345 -115276167.63009919 -295827716.4545628 -27460922.366694048
2461135.689262789 -115283179.3116579 -295879681.1549335 -27465738.55375651
2461135.689957234 -115293802.5874894 -295929582.49459255 -27472397.65881762
2461135.690651678 -115298550.55482571 -295982799.6710372 -27476061.35189484
2461135.691346123 -115295662.42711899 -296040330.12697965 -27475830.21204204
2461135.692040567 -115299016.06138 -296094303.5869926 -27478779.92562695
2461135.692735012 -115305633.1167762 -296146410.4384362 -27483393.95768395
2461135.693429456 -115312245.9340003 -296198504.16540307 -27488006.80436198
2461135.694123900 -115318854.5158695 -296250584.7718711 -27492618.466069378
2461135.694818345 -115325458.86520019 -296302652.2618136 -27497228.94321504
2461135.695512789 -115332058.9848081 -296354706.6392025 -27501838.23620706
2461135.696207234 -115338654.8775074 -296406747.9080064 -27506446.3454534
2461135.696901678 -115345246.5461116 -296458776.07219106 -27511053.27136201
2461135.697596123 -115351833.993433 -296510791.135719 -27515659.01434024
2461135.698290567 -115358417.22228271 -296562793.1025505 -27520263.574795242
2461135.698985012 -115364996.2354712 -296614781.9766421 -27524866.95313425
2461135.699679456 -115371571.03580761 -296666757.7619481 -27529469.149763968
2461135.700373901 -115378141.6261002 -296718720.46242005 -27534070.16509086
2461135.701068345 -115384708.0091563 -296770670.0820058 -27538669.99952136
2461135.701762789 -115391270.1877819 -296822606.6246512 -27543268.65346139
2461135.702457234 -115397828.1647822 -296874530.0942987 -27547866.12731687
2461135.703151678 -115404381.9429616 -296926440.4948882 -27552462.421493202
2461135.703846123 -115410931.5251231 -296978337.8303563 -27557057.53639589
2461135.704540567 -115417476.9140688 -297030222.1046372 -27561651.47243007
2461135.705235011 -115424018.1126001 -297082093.321662 -27566244.230000332
2461135.705929456 -115430555.12351699 -297133951.485359 -27570835.809511527
2461135.706623901 -115437087.9496187 -297185796.5996538 -27575426.2113678
2461135.707318345 -115443616.5937035 -297237628.6684686 -27580015.4359735
2461135.708012789 -115450141.0585684 -297289447.69572324 -27584603.48373243
2461135.708707234 -115456661.34701 -297341253.6853348 -27589190.35504821
2461135.709401678 -115463177.461823 -297393046.64121705 -27593776.050324302
2461135.710096123 -115469689.4058021 -297444826.56728137 -27598360.569963828
2461135.710790567 -115476197.1817404 -297496593.4674361 -27602943.91436975
2461135.711485012 -115482700.7924302 -297548347.3455867 -27607526.08394479
2461135.712179456 -115489200.240663 -297600088.2056358 -27612107.07909145
2461135.712873900 -115495695.529229 -297651816.0514832 -27616686.90021177
2461135.713568345 -115502186.6609177 -297703530.88702625 -27621265.54770797
2461135.714262790 -115508673.6385175 -297755232.7161585 -27625843.02198159
2461135.714957234 -115515156.464816 -297806921.54277194 -27630419.32343434
2461135.715651678 -115521635.1425996 -297858597.37075496 -27634994.452467438
2461135.716346123 -115528109.67465399 -297910260.2039928 -27639568.409482
2461135.717040567 -115534580.0637638 -297961910.04636914 -27644141.19487855
2461135.717735012 -115541046.3127128 -298013546.9017635 -27648712.80905804
2461135.718429456 -115547508.4242835 -298065170.7740534 -27653283.25242056
2461135.719123900 -115553966.401258 -298116781.6671132 -27657852.52536632
2461135.719818345 -115560420.24641691 -298168379.5848148 -27662420.62829524
2461135.720512789 -115566869.9625404 -298219964.5310268 -27666987.561606873
2461135.721207234 -115573315.5524074 -298271536.5096155 -27671553.325700678
2461135.721901678 -115579757.01879591 -298323095.524444 -27676117.92097583
2461135.722596123 -115586194.36448321 -298374641.5793728 -27680681.34783114
2461135.723290567 -115592627.59224549 -298426174.6782596 -27685243.60666555
2461135.723985012 -115599056.7048581 -298477694.8249594 -27689804.69787747
2461135.724679456 -115605481.7050953 -298529202.0233243 -27694364.62186518
2461135.725373900 -115611902.5957307 -298580696.2772034 -27698923.37902654
2461135.726068345 -115618319.3795369 -298632177.5904437 -27703480.96975952
2461135.726762789 -115624732.05928549 -298683645.9668884 -27708037.39446156
2461135.727457234 -115631140.6377474 -298735101.4103791 -27712592.65353005
2461135.728151678 -115637545.11769229 -298786543.9247535 -27717146.747362148
2461135.728846123 -115643945.5018892 -298837973.5138473 -27721699.67635459
2461135.729540567 -115650341.7931062 -298889390.18149304 -27726251.44090409
2461135.730235012 -115656733.9941104 -298940793.931521 -27730802.041407112
2461135.730929456 -115663122.1076683 -298992184.7677579 -27735351.47825978
2461135.731623901 -115669506.13654509 -299043562.69402844 -27739899.751858063
2461135.732318345 -115675886.0835053 -299094927.7141542 -27744446.86259754
2461135.733012789 -115682261.9513128 -299146279.831954 -27748992.81087407
2461135.733707234 -115688633.74273011 -299197619.051244 -27753537.59708267
2461135.734401678 -115695001.4605192 -299248945.3758375 -27758081.22161844
2461135.735096123 -115701365.10744101 -299300258.8095452 -27762623.68487629
2461135.735790567 -115707724.6862558 -299351559.3561753 -27767164.98725045
2461135.736485011 -115714080.1997228 -299402847.0195325 -27771705.12913591
2461135.737179456 -115720431.6506003 -299454121.80341935 -27776244.110926263
2461135.737873901 -115726779.04164611 -299505383.7116356 -27780781.933015723
2461135.738568345 -115733122.3756167 -299556632.7479782 -27785318.59579793
2461135.739262789 -115739461.655268 -299607868.9162413 -27789854.09966635
2461135.739957234 -115745796.8833552 -299659092.2202165 -27794388.44501419
2461135.740651678 -115752128.0626321 -299710302.66369253 -27798921.63223449
2461135.741346123 -115758455.1958522 -299761500.2504555 -27803453.66171998
2461135.742040567 -115764778.2857679 -299812684.98428816 -27807984.533863373
2461135.742735012 -115771097.33513081 -299863856.868972 -27812514.24905701
2461135.743429456 -115777412.3466917 -299915015.9082843 -27817042.80769295
2461135.744123900 -115783723.3232006 -299966162.1060004 -27821570.21016321
2461135.744818345 -115790030.26740651 -300017295.4658928 -27826096.45685925
2461135.745512790 -115796333.1820579 -300068415.9917312 -27830621.54817281
2461135.746207234 -115802632.069902 -300119523.68728256 -27835145.484494917
2461135.746901678 -115808926.9336856 -300170618.5563114 -27839668.26621671
2461135.747596123 -115815217.7761545 -300221700.6025794 -27844189.89372894
2461135.748290567 -115821504.6000538 -300272769.8298453 -27848710.36742229
2461135.748985012 -115827787.40812749 -300323826.2418654 -27853229.68768695
2461135.749679456 -115834066.2031191 -300374869.8423935 -27857747.8549131
2461135.750373900 -115840340.9877712 -300425900.6351801 -27862264.86949091
2461135.751068345 -115846611.76482551 -300476918.6239735 -27866780.731809728
2461135.751762789 -115852878.53702301 -300527923.8125193 -27871295.44225923
2461135.752457234 -115859141.307104 -300578916.20456034 -27875809.001228698
2461135.753151678 -115865400.07780771 -300629895.8038366 -27880321.409107137
2461135.753846123 -115871654.85187271 -300680862.61408573 -27884832.66628339
2461135.754540567 -115877905.6320369 -300731816.6390422 -27889342.773146
2461135.755235012 -115884152.4210372 -300782757.8824385 -27893851.730083346
2461135.755929456 -115890395.2216099 -300833686.3480038 -27898359.53748391
2461135.756623900 -115896634.0364906 -300884602.03946483 -27902866.19573519
2461135.757318345 -115902868.8684136 -300935504.9605459 -27907371.70522525
2461135.758012789 -115909099.7201132 -300986395.1149685 -27911876.06634155
2461135.758707234 -115915326.5943222 -301037272.50645113 -27916379.27947131
2461135.759401678 -115921549.4937732 -301088137.1387102 -27920881.34500172
2461135.760096123 -115927768.42119761 -301138989.0154589 -27925382.26331968
2461135.760790567 -115933983.3793263 -301189828.1404082 -27929882.03481188
2461135.761485012 -115940194.3708894 -301240654.5172662 -27934380.6598646
2461135.762179456 -115946401.39861621 -301291468.14973867 -27938878.138864182
2461135.762873901 -115952604.4652352 -301342269.0415283 -27943374.47219668
2461135.763568345 -115958803.5734743 -301393057.19633526 -27947869.66024795
2461135.764262789 -115964998.7260605 -301443832.6178571 -27952363.70340352
2461135.764957234 -115971189.92571999 -301494595.3097889 -27956856.60204868
2461135.765651678 -115977377.17517869 -301545345.27582306 -27961348.35656876
2461135.766346123 -115983560.4771611 -301596082.519649 -27965838.96734861
2461135.767040567 -115989739.8343914 -301646807.044954 -27970328.43477323
2461135.767735011 -115995915.249593 -301697518.8554224 -27974816.75922684
2461135.768429456 -116002086.7254886 -301748217.95473605 -27979303.94109389
2461135.769123901 -116008254.2647998 -301798904.346574 -27983789.980758492
2461135.769818345 -116014417.8702481 -301849578.0346129 -27988274.87860448
2461135.770512789 -116020577.5445539 -301900239.02252674 -27992758.635015752
2461135.771207234 -116026733.29043679 -301950887.3139867 -27997241.25037555
2461135.771901678 -116032885.110616 -302001522.9126615 -28001722.7250673
2461135.772596123 -116039033.0078097 -302052145.8222173 -28006203.05947409
2461135.773290567 -116045176.9847355 -302102756.04631793 -28010682.25397855
2461135.773985012 -116051317.0441103 -302153353.5886235 -28015160.30896353
2461135.774679456 -116057453.1886503 -302203938.4527928 -28019637.22481145
2461135.775373900 -116063585.4210711 -302254510.6424814 -28024113.00190448
2461135.776068345 -116069713.74408731 -302305070.1613426 -28028587.64062465
2461135.776762790 -116075838.1604131 -302355617.01302636 -28033061.14135386
2461135.777457234 -116081958.6727619 -302406151.2011811 -28037533.50447353
2461135.778151678 -116088075.2838464 -302456672.7294518 -28042004.73036524
2461135.778846123 -116094187.9963786 -302507181.60148126 -28046474.81941005
2461135.779540567 -116100296.81307 -302557677.8209095 -28050943.77198908
2461135.780235012 -116106401.7366311 -302608161.3913744 -28055411.58848302
2461135.780929456 -116112502.76977201 -302658632.31651044 -28059878.26927245
2461135.781623900 -116118599.9152018 -302709090.59995013 -28064343.81473779
2461135.782318345 -116124693.1756295 -302759536.2453233 -28068808.225259
2461135.783012789 -116130782.5537627 -302809969.2562572 -28073271.501216378
2461135.783707234 -116136868.052309 -302860389.6363765 -28077733.64298941
2461135.784401678 -116142949.6739749 -302910797.3893032 -28082194.65095768
2461135.785096123 -116149027.4214665 -302961192.5186568 -28086654.52550056
2461135.785790567 -116155101.2974889 -303011575.0280542 -28091113.26699733
2461135.786485012 -116161171.3047471 -303061944.9211098 -28095570.875826728
2461135.787179456 -116167237.4459448 -303112302.2014356 -28100027.35236751
2461135.787873900 -116173299.72378561 -303162646.8726405 -28104482.696998313
2461135.788568345 -116179358.1409722 -303212978.9383315 -28108936.91009737
2461135.789262789 -116185412.7002067 -303263298.4021126 -28113389.992042847
2461135.789957234 -116191463.4041905 -303313605.26758534 -28117841.94321265
2461135.790651678 -116197510.2556244 -303363899.53834873 -28122292.76398459
2461135.791346123 -116203553.25720869 -303414181.21799934 -28126742.45473613
2461135.792040567 -116209592.4116429 -303464450.3101312 -28131191.01584431
2461135.792735012 -116215627.7216258 -303514706.8183356 -28135638.44768683
2461135.793429456 -116221659.1898559 -303564950.7462014 -28140084.750640158
2461135.794123901 -116227686.8190308 -303615182.09731495 -28144529.92508114
2461135.794818345 -116233710.6118475 -303665400.8752599 -28148973.97138629
2461135.795512789 -116239730.5710026 -303715607.0836177 -28153416.88993188
2461135.796207234 -116245746.69919191 -303765800.7259671 -28157858.68109411
2461135.796901678 -116251758.9991105 -303815981.8058841 -28162299.34524893
2461135.797596123 -116257767.47345321 -303866150.3269424 -28166738.88277198
2461135.798290567 -116263772.1249139 -303916306.29271334 -28171177.294038787
2461135.798985011 -116269772.956186 -303966449.7067652 -28175614.57942465
2461135.799679456 -116275769.9699624 -304016580.5726644 -28180050.73930467
2461135.800373901 -116281763.1689354 -304066698.8939743 -28184485.7740539
2461135.801068345 -116287752.5557965 -304116804.67425615 -28188919.684047103
2461135.801762789 -116293738.1332368 -304166897.91706824 -28193352.46965873
2461135.802457234 -116299719.9039467 -304216978.62596685 -28197784.13126305
2461135.803151678 -116305697.8706162 -304267046.8045054 -28202214.66923421
2461135.803846123 -116311672.03593451 -304317102.456235 -28206644.08394632
2461135.804540567 -116317642.40259029 -304367145.58470386 -28211072.37577296
2461135.805235012 -116323608.97327189 -304417176.1934585 -28215499.54508783
2461135.805929456 -116329571.7506668 -304467194.28604215 -28219925.59226409
2461135.806623900 -116335530.737462 -304517199.86599565 -28224350.51767516
2461135.807318345 -116341485.936344 -304567192.9368579 -28228774.321693867
2461135.808012790 -116347437.3499987 -304617173.5021648 -28233197.00469288
2461135.808707234 -116353384.9811112 -304667141.56544983 -28237618.56704504
2461135.809401678 -116359328.8323666 -304717097.130244 -28242039.0091226
2461135.810096123 -116365268.90644899 -304767040.20007586 -28246458.33129768
2461135.810790567 -116371205.20604199 -304816970.7784719 -28250876.53394227
2461135.811485012 -116377137.7338287 -304866888.868955 -28255293.6174284
2461135.812179456 -116383066.4924919 -304916794.4750468 -28259709.5821276
2461135.812873900 -116388991.4847133 -304966687.6002658 -28264124.42841119
2461135.813568345 -116394912.7131747 -305016568.2481281 -28268538.156650417
2461135.814262789 -116400830.180557 -305066436.4221477 -28272950.767216388
2461135.814957234 -116406743.8895406 -305116292.1258353 -28277362.26047999
2461135.815651678 -116412653.8428054 -305166135.36270034 -28281772.63681182
2461135.816346123 -116418560.0430307 -305215966.1362482 -28286181.896582328
2461135.817040567 -116424462.4928955 -305265784.4499835 -28290590.0401619
2461135.817735012 -116430361.1950781 -305315590.3074073 -28294997.06792046
2461135.818429456 -116436256.15225631 -305365383.7120185 -28299402.98022797
2461135.819123900 -116442147.3671074 -305415164.6673133 -28303807.77745425
2461135.819818345 -116448034.8423083 -305464933.1767862 -28308211.45996865
2461135.820512789 -116453918.5805351 -305514689.24392843 -28312614.028140612
2461135.821207234 -116459798.5844637 -305564432.87222904 -28317015.48233932
2461135.821901678 -116465674.8567695 -305614164.0651748 -28321415.82293362
2461135.822596123 -116471547.40012701 -305663882.8262497 -28325815.05029228
2461135.823290567 -116477416.21721071 -305713589.1589356 -28330213.16478394
2461135.823985012 -116483281.3106943 -305763283.0667119 -28334610.16677691
2461135.824679456 -116489142.68325119 -305812964.5530553 -28339006.056639597
2461135.825373901 -116495000.3375541 -305862633.62144023 -28343400.83473985
2461135.826068345 -116500854.2762755 -305912290.27533895 -28347794.5014454
2461135.826762789 -116506704.5020871 -305961934.5182204 -28352187.05712403
2461135.827457234 -116512551.0176603 -306011566.3535522 -28356578.50214328
2461135.828151678 -116518393.82566601 -306061185.784799 -28360968.83687031
2461135.828846123 -116524232.9287748 -306110792.815423 -28365358.061672103
2461135.829540567 -116530068.32965629 -306160387.4488838 -28369746.176915772
2461135.830235011 -116535900.0309804 -306209969.6886392 -28374133.1829679
2461135.830929456 -116541728.0354159 -306259539.53814375 -28378519.08019527
2461135.831623901 -116547552.34563139 -306309097.0008502 -28382903.868963737
2461135.832318345 -116553372.964295 -306358642.08020896 -28387287.549639888
2461135.833012789 -116559189.8940745 -306408174.77966756 -28391670.12258949
2461135.833707234 -116565003.1376369 -306457695.10267127 -28396051.588178482
2461135.834401678 -116570812.69764921 -306507203.05266315 -28400431.94677244
2461135.835096123 -116576618.5767774 -306556698.6330834 -28404811.198736798
2461135.835790567 -116582420.7776878 -306606181.8473705 -28409189.34443673
2461135.836485012 -116588219.30304539 -306655652.69896 -28413566.38423741
2461135.837179456 -116594014.15551549 -306705111.1912849 -28417942.31850358
2461135.837873900 -116599805.3377625 -306754557.3277765 -28422317.14760001
2461135.838568345 -116605592.8524507 -306803991.11186314 -28426690.87189138
2461135.839262790 -116611376.70224379 -306853412.5469709 -28431063.49174178
2461135.839957234 -116617156.8898049 -306902821.6365234 -28435435.00751552
2461135.840651678 -116622933.417797 -306952218.38394207 -28439805.41957659
2461135.841346123 -116628706.2888826 -307001602.7926457 -28444174.72828864
2461135.842040567 -116634475.50572361 -307050974.866051 -28448542.93401558
2461135.842735012 -116640241.0709818 -307100334.607572 -28452910.0371205
2461135.843429456 -116646002.98731829 -307149682.02062064 -28457276.03796683
2461135.844123900 -116651761.2573939 -307199017.10860586 -28461640.93691783
2461135.844818345 -116657515.8838691 -307248339.8749352 -28466004.73433602
2461135.845512789 -116663266.8694038 -307297650.3230129 -28470367.43058449
2461135.846207234 -116669014.2166577 -307346948.45624125 -28474729.026025523
2461135.846901678 -116674757.92829 -307396234.27802026 -28479089.521021537
2461135.847596123 -116680498.0069596 -307445507.7917473 -28483448.91593502
2461135.848290567 -116686234.4553247 -307494769.00081766 -28487807.211127482
2461135.848985012 -116691967.2760437 -307544017.90862405 -28492164.40696116
2461135.849679456 -116697696.47177401 -307593254.51855683 -28496520.50379761
2461135.850373900 -116703422.0451731 -307642478.8340039 -28500875.50199823
2461135.851068345 -116709143.99889779 -307691690.8583512 -28505229.401924413
2461135.851762789 -116714862.33560461 -307740890.5949819 -28509582.203937292
2461135.852457234 -116720577.05794989 -307790078.04727685 -28513933.90839772
2461135.853151678 -116726288.1685894 -307839253.2186149 -28518284.51566662
2461135.853846123 -116731995.6701785 -307888416.11237216 -28522634.026104502
2461135.854540567 -116737699.5653723 -307937566.7319225 -28526982.44007188
2461135.855235012 -116743399.8568256 -307986705.0806377 -28531329.75792888
2461135.855929456 -116749096.54719281 -308035831.1618865 -28535675.980035722
2461135.856623901 -116754789.639128 -308084944.9790361 -28540021.10675216
2461135.857318345 -116760479.13528459 -308134046.535451 -28544365.138438143
2461135.858012789 -116766165.0383164 -308183135.8344932 -28548708.075453147
2461135.858707234 -116771847.3508759 -308232212.8795225 -28553049.91815651
2461135.859401678 -116777526.0756162 -308281277.6738968 -28557390.666907392
2461135.860096123 -116783201.2151893 -308330330.22097105 -28561730.32206498
2461135.860790567 -116788872.77224751 -308379370.5240978 -28566068.88398822
2461135.861485011 -116794540.7494421 -308428398.5866279 -28570406.35303555
2461135.862179456 -116800205.1494248 -308477414.41190916 -28574742.72956562
2461135.862873901 -116805865.9748464 -308526418.0032879 -28579078.013936892
2461135.863568345 -116811523.2283577 -308575409.3641072 -28583412.20650739
2461135.864262789 -116817176.912609 -308624388.49770844 -28587745.30763534
2461135.864957234 -116822827.0302506 -308673355.4074304 -28592077.31767828
2461135.865651678 -116828473.5839318 -308722310.09660983 -28596408.2369941
2461135.866346123 -116834116.5763025 -308771252.5685807 -28600738.065940373
2461135.867040567 -116839756.0100116 -308820182.8266751 -28605066.80487427
2461135.867735012 -116845391.8877081 -308869100.8742224 -28609394.45415307
2461135.868429456 -116851024.2120405 -308918006.7145503 -28613721.01413355
2461135.869123900 -116856652.9856569 -308966900.3509835 -28618046.485172827
2461135.869818345 -116862278.2112055 -309015781.7868448 -28622370.86762745
2461135.870512790 -116867899.8913337 -309064651.0254543 -28626694.161853973
2461135.871207234 -116873518.0286891 -309113508.0701303 -28631016.36820855
2461135.871901678 -116879132.6259187 -309162352.92418844 -28635337.48704752
2461135.872596123 -116884743.6856695 -309211185.59094226 -28639657.51872685
2461135.873290567 -116890351.2105878 -309260006.0737031 -28643976.4636023
2461135.873985012 -116895955.20332 -309308814.3757794 -28648294.322029453
2461135.874679456 -116901555.666512 -309357610.500478 -28652611.09436401
2461135.875373900 -116907152.6028097 -309406394.45110315 -28656926.78096112
2461135.876068345 -116912746.0148585 -309455166.2309569 -28661241.382176008
2461135.876762789 -116918335.9053035 -309503925.8433387 -28665554.898363743
2461135.877457234 -116923922.2767898 -309552673.2915464 -28669867.329878967
2461135.878151678 -116929505.131962 -309601408.57887447 -28674178.67707658
2461135.878846123 -116935084.4734647 -309650131.7086164 -28678488.94031084
2461135.879540567 -116940660.3039419 -309698842.68406236 -28682798.11993627
2461135.880235012 -116946232.6260377 -309747541.5085009 -28687106.216306992
2461135.880929456 -116951801.4423957 -309796228.185218 -28691413.22977684
2461135.881623900 -116957366.7556594 -309844902.7174971 -28695719.16070001
2461135.882318345 -116962928.5684721 -309893565.10862 -28700024.00942986
2461135.883012789 -116968486.88347669 -309942215.3618656 -28704327.77631999
2461135.883707234 -116974041.703316 -309990853.4805111 -28708630.46172399
2461135.884401678 -116979593.0306326 -310039479.4678309 -28712932.06599461
2461135.885096123 -116985140.8680687 -310088093.3270975 -28717232.58948527
2461135.885790567 -116990685.2182666 -310136695.06158096 -28721532.03254862
2461135.886485012 -116996226.083868 -310185284.67454916 -28725830.39553753
2461135.887179456 -117001763.46751459 -310233862.1692678 -28730127.67880442
2461135.887873901 -117007297.3718479 -310282427.54900044 -28734423.88270162
2461135.888568345 -117012827.79950929 -310330980.8170074 -28738719.00758162
2461135.889262789 -117018354.7531395 -310379521.9765481 -28743013.053796142
2461135.889957234 -117023878.23537959 -310428051.0308794 -28747306.02169731
2461135.890651678 -117029398.2488701 -310476567.9832548 -28751597.91163685
2461135.891346123 -117034914.7962516 -310525072.83692664 -28755888.72396621
2461135.892040567 -117040427.8801643 -310573565.59514487 -28760178.459037017
2461135.892735011 -117045937.5032485 -310622046.2611605 -28764467.11720074
2461135.893429456 -117051443.6681438 -310670514.8382141 -28768754.698808
2461135.894123901 -117056946.3774893 -310718971.3295451 -28773041.20420956
2461135.894818345 -117062445.63392529 -310767415.7384014 -28777326.63375657
2461135.895512789 -117067941.44009359 -310815848.0680412 -28781610.98780175
2461135.896207234 -117073433.79863259 -310864268.3216967 -28785894.26669493
2461135.896901678 -117078922.71217869 -310912676.5025769 -28790176.47078446
2461135.897596123 -117084408.1833687 -310961072.6138973 -28794457.60041871
2461135.898290567 -117089890.214843 -311009456.6589017 -28798737.655949213
2461135.898985012 -117095368.80924149 -311057828.6408313 -28803016.63772691
2461135.899679456 -117100843.9692028 -311106188.5629111 -28807294.54610158
2461135.900373900 -117106315.6973642 -311154536.4283585 -28811571.38142207
2461135.901068345 -117111783.9963639 -311202872.24039483 -28815847.14403801
2461135.901762790 -117117248.86884001 -311251196.0022403 -28820121.834298678
2461135.902457234 -117122710.3174303 -311299507.7171116 -28824395.45255317
2461135.903151678 -117128168.34477241 -311347807.3882221 -28828667.999150317
2461135.903846123 -117133622.9535036 -311396095.018784 -28832939.47443904
2461135.904540567 -117139074.1462615 -311444370.6120069 -28837209.87876788
2461135.905235012 -117144521.92568311 -311492634.1710984 -28841479.21248505
2461135.905929456 -117149966.29440561 -311540885.69926375 -28845747.47593903
2461135.906623900 -117155407.2550659 -311589125.19970584 -28850014.66947811
2461135.907318345 -117160844.8103009 -311637352.67562544 -28854280.79345018
2461135.908012789 -117166278.96274719 -311685568.1302216 -28858545.84820301
2461135.908707234 -117171709.7150415 -311733771.5666904 -28862809.834084332
2461135.909401678 -117177137.0698203 -311781962.98822635 -28867072.751441747
2461135.910096123 -117182561.0297199 -311830142.3980211 -28871334.60062245
2461135.910790567 -117187981.5973766 -311878309.79926485 -28875595.38197382
2461135.911485012 -117193398.7754266 -311926465.19514513 -28879855.09584293
2461135.912179456 -117198812.56650591 -311974608.588847 -28884113.74257672
2461135.912873900 -117204222.9732506 -312022739.9835541 -28888371.32252195
2461135.913568345 -117209629.9982965 -312070859.3824477 -28892627.836025223
2461135.914262789 -117215033.6442793 -312118966.7887063 -28896883.283432998
2461135.914957234 -117220433.9138348 -312167062.2055066 -28901137.66509165
2461135.915651678 -117225830.8095987 -312215145.63602304 -28905390.98134749
2461135.916346123 -117231224.3342064 -312263217.08342826 -28909643.23254614
2461135.917040567 -117236614.4902934 -312311276.550892 -28913894.41903379
2461135.917735012 -117242001.2804952 -312359324.0415824 -28918144.541156247
2461135.918429456 -117247384.70744689 -312407359.5586651 -28922393.59925891
2461135.919123901 -117252764.773784 -312455383.10530394 -28926641.59368728
2461135.919818345 -117258141.4821415 -312503394.68466 -28930888.52478653
2461135.920512789 -117263514.8351546 -312551394.2998926 -28935134.39290195
2461135.921207234 -117268884.83545831 -312599381.9541589 -28939379.19837843
2461135.921901678 -117274251.48568769 -312647357.6506136 -28943622.941561062
2461135.922596123 -117279614.78847781 -312695321.3924099 -28947865.62279412
2461135.923290567 -117284974.7464634 -312743273.1826977 -28952107.24242244
2461135.923985011 -117290331.36227949 -312791213.0246258 -28956347.80079032
2461135.924679456 -117295684.63856079 -312839140.9213402 -28960587.29824224
2461135.925373901 -117301034.57794221 -312887056.87598515 -28964825.73512186
2461135.926068345 -117306381.1830584 -312934960.8917024 -28969063.111773603
2461135.926762789 -117311724.45654419 -312982852.97163194 -28973299.42854099
2461135.927457234 -117317064.4010341 -313030733.1189109 -28977534.685767952
2461135.928151678 -117322401.019163 -313078601.336675 -28981768.8837977
2461135.928846123 -117327734.3135655 -313126457.62805754 -28986002.022973962
2461135.929540567 -117333064.28687611 -313174301.99618953 -28990234.10363973
2461135.930235012 -117338390.94172959 -313222134.44420004 -28994465.12613815
2461135.930929456 -117343714.2807606 -313269954.9752156 -28998695.09081234
2461135.931623900 -117349034.30660349 -313317763.5923613 -29002923.998004932
2461135.932318345 -117354351.0218932 -313365560.2987594 -29007151.848058637
2461135.933012790 -117359664.429264 -313413345.0975303 -29011378.64131603
2461135.933707234 -117364974.5313507 -313461117.9917922 -29015604.37811939
2461135.934401678 -117370281.3307879 -313508878.9846614 -29019829.05881108
2461135.935096123 -117375584.83021 -313556628.07925165 -29024052.68373323
2461135.935790567 -117380885.0322517 -313604365.2786749 -29028275.25322765
2461135.936485012 -117386181.9395479 -313652090.58604056 -29032496.76763636
2461135.937179456 -117391475.5547329 -313699804.0044568 -29036717.22730064
2461135.937873900 -117396765.8804417 -313747505.53702843 -29040936.632562622
2461135.938568345 -117402052.91930869 -313795195.1868589 -29045154.98376312
2461135.939262789 -117407336.6739688 -313842872.95704955 -29049372.281243753
2461135.939957234 -117412617.14705679 -313890538.850699 -29053588.52534552
2461135.940651678 -117417894.3412073 -313938192.8709044 -29057803.71640949
2461135.941346123 -117423168.2590553 -313985835.0207608 -29062017.85477626
2461135.942040567 -117428438.9032356 -314033465.3033604 -29066230.94078683
2461135.942735012 -117433706.2763833 -314081083.7217942 -29070442.97478152
2461135.943429456 -117438970.38113299 -314128690.27914995 -29074653.95710095
2461135.944123900 -117444231.2201202 -314176284.97851473 -29078863.88808518
2461135.944818345 -117449488.7959796 -314223867.8229721 -29083072.76807463
2461135.945512789 -117454743.1113464 -314271438.8156043 -29087280.59740907
2461135.946207234 -117459994.16885601 -314318997.9594914 -29091487.37642846
2461135.946901678 -117465241.97114341 -314366545.25771135 -29095693.105472498
2461135.947596123 -117470486.5208441 -314414080.7133397 -29099897.78488078
2461135.948290567 -117475727.8205935 -314461604.3294499 -29104101.41499297
2461135.948985012 -117480965.8730269 -314509116.10911363 -29108303.99614805
2461135.949679456 -117486200.6807802 -314556616.0554003 -29112505.52868539
2461135.950373901 -117491432.24648869 -314604104.1713775 -29116706.01294411
2461135.951068345 -117496660.5727883 -314651580.46010995 -29120905.44926304
2461135.951762789 -117501885.6623148 -314699044.92466086 -29125103.837980922
2461135.952457234 -117507107.51770401 -314746497.56809175 -29129301.179436468
2461135.953151678 -117512326.1415921 -314793938.3934608 -29133497.47396811
2461135.953846123 -117517541.536615 -314841367.4038252 -29137692.72191438
2461135.954540567 -117522753.705409 -314888784.6022397 -29141886.923613288
2461135.955235011 -117527962.6506104 -314936189.9917567 -29146080.07940323
2461135.955929456 -117533168.3748557 -314983583.5754271 -29150272.18962199
2461135.956623901 -117538370.8807813 -315030965.35629904 -29154463.25460753
2461135.957318345 -117543570.17102389 -315078335.3374188 -29158653.27469743
2461135.958012789 -117548766.2482203 -315125693.52183104 -29162842.25022927
2461135.958707234 -117553959.11500719 -315173039.91257775 -29167030.18154051
2461135.959401678 -117559148.774022 -315220374.5126989 -29171217.06896869
2461135.960096123 -117564335.22790149 -315267697.3252326 -29175402.912850767
2461135.960790567 -117569518.4792832 -315315008.35321474 -29179587.71352377
2461135.961485012 -117574698.5308044 -315362307.5996793 -29183771.47132478
2461135.962179456 -117579875.3851026 -315409595.0676581 -29187954.18659043
2461135.962873900 -117585049.0448156 -315456870.7601807 -29192135.85965759
2461135.963568345 -117590219.5125813 -315504134.68027484 -29196316.4908625
2461135.964262790 -117595386.7910376 -315551386.830966 -29200496.080541722
2461135.964957234 -117600550.8828227 -315598627.2152779 -29204674.62903149
2461135.965651678 -117605711.79057491 -315645855.8362316 -29208852.13666795
2461135.966346123 -117610869.51693259 -315693072.6968468 -29213028.60378711
2461135.967040567 -117616024.0645346 -315740277.8001404 -29217204.030724913
2461135.967735012 -117621175.43601969 -315787471.14912796 -29221378.41781703
2461135.968429456 -117626323.6340266 -315834652.7468227 -29225551.76539918
2461135.969123900 -117631468.6611947 -315881822.5962354 -29229724.073806748
2461135.969818345 -117636610.5201633 -315928980.7003754 -29233895.34337522
2461135.970512789 -117641749.2135718 -315976127.06224954 -29238065.574439712
2461135.971207234 -117646884.7440601 -316023261.6848626 -29242234.76733532
2461135.971901678 -117652017.1142679 -316070384.5712176 -29246402.92239714
2461135.972596123 -117657146.3268354 -316117495.7243154 -29250570.03996006
2461135.973290567 -117662272.3844027 -316164595.1471547 -29254736.12035868
2461135.973985012 -117667395.2896104 -316211682.8427323 -29258901.16392777
2461135.974679456 -117672515.04509939 -316258758.81404275 -29263065.17100164
2461135.975373900 -117677631.65351011 -316305823.0640785 -29267228.14191478
2461135.976068345 -117682745.1174839 -316352875.5958306 -29271390.07700139
2461135.976762789 -117687855.4396621 -316399916.412287 -29275550.976595487
2461135.977457234 -117692962.6226861 -316446945.5164346 -29279710.84103109
2461135.978151678 -117698066.6691978 -316493962.9112577 -29283869.67064221
2461135.978846123 -117703167.5818391 -316540968.5997385 -29288027.46576242
2461135.979540567 -117708265.3632521 -316587962.5848578 -29292184.226725347
2461135.980235012 -117713360.0160793 -316634944.8695933 -29296339.953864492
2461135.980929456 -117718451.5429634 -316681915.45692194 -29300494.6475132
2461135.981623901 -117723539.9465473 -316728874.3498174 -29304648.30800478
2461135.982318345 -117728625.2294741 -316775821.5512522 -29308800.93567226
2461135.983012789 -117733707.3943872 -316822757.0641965 -29312952.530848738
2461135.983707234 -117738786.44393021 -316869680.8916182 -29317103.09386704
2461135.984401678 -117743862.3807471 -316916593.0364837 -29321252.62505979
2461135.985096123 -117748935.20748201 -316963493.50175697 -29325401.12475977
2461135.985790567 -117754004.9267791 -317010382.2904002 -29329548.59329954
2461135.986485011 -117759071.5412834 -317057259.4053733 -29333695.0310113
2461135.987179456 -117764135.0536396 -317104124.8496342 -29337840.43822749
2461135.987873901 -117769195.4664931 -317150978.626139 -29341984.815280188
2461135.988568345 -117774252.7824892 -317197820.7378416 -29346128.16250142
2461135.989262789 -117779307.0042737 -317244651.18769425 -29350270.48022301
2461135.989957234 -117784358.1344927 -317291469.9786462 -29354411.76877679
2461135.990651678 -117789406.1757925 -317338277.1136461 -29358552.02849444
2461135.991346123 -117794451.1308197 -317385072.5956394 -29362691.259707693
2461135.992040567 -117799493.00222111 -317431856.4275702 -29366829.462747633
2461135.992735012 -117804531.79264419 -317478628.6123803 -29370966.637945812
2461135.993429456 -117809567.5047361 -317525389.1530096 -29375102.78563337
2461135.994123900 -117814600.1411449 -317572138.0523961 -29379237.90614132
2461135.994818345 -117819629.70451869 -317618875.3134753 -29383371.999800757
2461135.995512790 -117824656.1975057 -317665600.9391811 -29387505.066942323
2461135.996207234 -117829679.6227548 -317712314.93244547 -29391637.10789688
2461135.996901678 -117834699.9829151 -317759017.2961983 -29395768.12299498
2461135.997596123 -117839717.2806358 -317805708.0333674 -29399898.11256713
2461135.998290567 -117844731.5185668 -317852387.14687854 -29404027.07694378
2461135.998985012 -117849742.6993579 -317899054.6396553 -29408155.016455
2461135.999679456 -117854750.8256596 -317945710.51461977 -29412281.93143131
2461136.000373900 -117859755.9001226 -317992354.774692 -29416407.82220215
2461136.001068345 -117864757.9253979 -318038987.4227893 -29420532.68909792
2461136.001762789 -117869756.9041369 -318085608.4618281 -29424656.53244816
2461136.002457234 -117874752.8389913 -318132217.8947216 -29428779.35258273
2461136.003151678 -117879745.7326132 -318178815.7243821 -29432901.14983117
2461136.003846123 -117884735.587655 -318225401.9537194 -29437021.92452273
2461136.004540567 -117889722.40676941 -318271976.5856413 -29441141.676986977
2461136.005235012 -117894706.1926097 -318318539.6230538 -29445260.40755304
2461136.005929456 -117899686.9478295 -318365091.0688607 -29449378.11654992
2461136.006623900 -117904664.6750823 -318411630.925964 -29453494.804307
2461136.007318345 -117909639.3770228 -318458159.1972634 -29457610.47115276
2461136.008012789 -117914611.05630529 -318504675.885657 -29461725.117416207
2461136.008707234 -117919579.71558501 -318551180.99404097 -29465838.74342596
2461136.009401678 -117924545.3575173 -318597674.5253093 -29469951.3495104
2461136.010096123 -117929507.9847579 -318644156.48235357 -29474062.93599821
2461136.010790567 -117934467.59996289 -318690626.86806387 -29478173.50321771
2461136.011485012 -117939424.205789 -318737085.6853289 -29482283.0514969
2461136.012179456 -117944377.8048933 -318783532.9370343 -29486391.58116402
2461136.012873901 -117949328.3999329 -318829968.62606406 -29490499.09254711
2461136.013568345 -117954275.9935657 -318876392.75530064 -29494605.585974094
2461136.014262789 -117959220.5884499 -318922805.32762367 -29498711.061772667
2461136.014957234 -117964162.187244 -318969206.3459121 -29502815.52027041
2461136.015651678 -117969100.7926073 -319015595.81304175 -29506918.96179506
2461136.016346123 -117974036.40719901 -319061973.73188686 -29511021.38667397
2461136.017040567 -117978969.033679 -319108340.1053199 -29515122.795234513
2461136.017735011 -117983898.67470759 -319154694.9362111 -29519223.18780387
2461136.018429456 -117988825.3329456 -319201038.2274289 -29523322.56470936
2461136.019123901 -117993749.0110541 -319247369.9818396 -29527420.92627779
2461136.019818345 -117998669.7116948 -319293690.2023077 -29531518.2728362
2461136.020512789 -118003587.4375297 -319339998.8916959 -29535614.6047113
2461136.021207234 -118008502.1912213 -319386296.0528645 -29539709.922229808
2461136.021901678 -118013413.9754325 -319432581.6886723 -29543804.22571834
2461136.022596123 -118018322.7928268 -319478855.8019757 -29547897.51550344
2461136.023290567 -118023228.646068 -319525118.3956295 -29551989.791911367
2461136.023985012 -118028131.5378205 -319571369.4724865 -29556081.0552685
2461136.024679456 -118033031.470749 -319617609.0353974 -29560171.30590104
2461136.025373900 -118037928.447519 -319663837.0872111 -29564260.54413486
2461136.026068345 -118042822.4707959 -319710053.6307741 -29568348.7702961
2461136.026762790 -118047713.5432462 -319756258.6689318 -29572435.9847106
2461136.027457234 -118052601.6675366 -319802452.20452696 -29576522.18770405
2461136.028151678 -118057486.8463341 -319848634.2404008 -29580607.379602183
2461136.028846123 -118062369.0823065 -319894804.7793923 -29584691.560730252
2461136.029540567 -118067248.37812209 -319940963.8243385 -29588774.73141412
2461136.030235012 -118072124.7364494 -319987111.3780747 -29592856.8919789
2461136.030929456 -118076998.1599576 -320033247.4434343 -29596938.04274977
2461136.031623900 -118081868.6513164 -320079372.02324855 -29601018.184052043
2461136.032318345 -118086736.2131962 -320125485.12034714 -29605097.316210542
2461136.033012789 -118091600.84826739 -320171586.7375568 -29609175.43955038
2461136.033707234 -118096462.55920151 -320217676.8777034 -29613252.55439641
2461136.034401678 -118101321.3486701 -320263755.5436109 -29617328.66107309
2461136.035096123 -118106177.21934539 -320309822.7381007 -29621403.7599053
2461136.035790567 -118111030.17390041 -320355878.46399266 -29625477.85121739
2461136.036485012 -118115880.2150083 -320401922.72410417 -29629550.93533402
2461136.037179456 -118120727.3453431 -320447955.5212516 -29633623.01257915
2461136.037873900 -118125571.5675791 -320493976.85824853 -29637694.083277352
2461136.038568345 -118130412.88439131 -320539986.7379074 -29641764.147752527
2461136.039262789 -118135251.2984553 -320585985.1630377 -29645833.20632887
2461136.039957234 -118140086.812447 -320631972.136448 -29649901.2593302
2461136.040651678 -118144919.4290432 -320677947.6609447 -29653968.30708042
2461136.041346123 -118149749.15092099 -320723911.7393318 -29658034.349903118
2461136.042040567 -118154575.9807581 -320769864.3744118 -29662099.38812202
2461136.042735012 -118159399.921233 -320815805.5689853 -29666163.42206062
2461136.043429456 -118164220.97502439 -320861735.3258509 -29670226.45204239
2461136.044123901 -118169039.14481181 -320907653.647805 -29674288.47839065
2461136.044818345 -118173854.4332754 -320953560.5376426 -29678349.5014287
2461136.045512789 -118178666.8430958 -320999455.99815625 -29682409.521479547
2461136.046207234 -118183476.376954 -321045340.03213716 -29686468.53886644
2461136.046901678 -118188283.037532 -321091212.6423742 -29690526.5539121
2461136.047596123 -118193086.82751231 -321137073.8316546 -29694583.566939533
2461136.048290567 -118197887.7495777 -321182923.60276324 -29698639.578271437
2461136.048985011 -118202685.8064121 -321228761.9584837 -29702694.58823057
2461136.049679456 -118207481.00069949 -321274588.9015971 -29706748.597139392
2461136.050373901 -118212273.3351248 -321320404.434883 -29710801.605320487
2461136.051068345 -118217062.81237349 -321366208.5611189 -29714853.61309611
2461136.051762789 -118221849.4351317 -321412001.2830807 -29718904.62078858
2461136.052457234 -118226633.2060862 -321457782.6035419 -29722954.628720142
2461136.053151678 -118231414.1279241 -321503552.5252745 -29727003.637212843
2461136.053846123 -118236192.2033335 -321549311.0510482 -29731051.64658884
2461136.054540567 -118240967.4350031 -321595058.1836313 -29735098.657169767
2461136.055235012 -118245739.82562211 -321640793.9257899 -29739144.66927762
2461136.055929456 -118250509.3778803 -321686518.2802882 -29743189.68323426
2461136.056623900 -118255276.0944684 -321732231.2498885 -29747233.69936102
2461136.057318345 -118260039.9780775 -321777932.8373514 -29751276.717979707
2461136.058012790 -118264801.0313995 -321823623.0454353 -29755318.73941157
2461136.058707234 -118269559.257127 -321869301.8768972 -29759359.76397817
2461136.059401678 -118274314.6579531 -321914969.33449155 -29763399.79200068
2461136.060096123 -118279067.2365717 -321960625.4209712 -29767438.823800292
2461136.060790567 -118283816.9956773 -322006270.1390875 -29771476.85969797
2461136.061485012 -118288563.9379652 -322051903.4915893 -29775513.90001496
2461136.062179456 -118293308.0661312 -322097525.481224 -29779549.94507199
2461136.062873900 -118298049.382872 -322143136.11073685 -29783584.99519002
2461136.063568345 -118302787.8908848 -322188735.3828714 -29787619.05068962
2461136.064262789 -118307523.5928676 -322234323.3003691 -29791652.11189157
2461136.064957234 -118312256.4915192 -322279899.86597 -29795684.17911633
2461136.065651678 -118316986.58953871 -322325465.0824113 -29799715.25268446
2461136.066346123 -118321713.8896264 -322371018.9524291 -29803745.33291622
2461136.067040567 -118326438.394483 -322416561.4787577 -29807774.420132
2461136.067735012 -118331160.1068104 -322462092.6641322 -29811802.51465231
2461136.068429456 -118335879.0293105 -322507612.5112787 -29815829.61679684
2461136.069123900 -118340595.1646858 -322553121.022922 -29819855.72688527
2461136.069818345 -118345308.5156406 -322598618.2017954 -29823880.84523829
2461136.070512789 -118350019.0848813 -322644104.05064213 -29827904.97217716
2461136.071207234 -118354726.8751127 -322689578.57218057 -29831928.10802141
2461136.071901678 -118359431.8890382 -322735041.7691086 -29835950.25308862
2461136.072596123 -118364134.1293629 -322780493.6441295 -29839971.40769708
2461136.073290567 -118368833.5987956 -322825934.1999738 -29843991.572167493
2461136.073985012 -118373530.3000457 -322871363.43936944 -29848010.746820413
2461136.074679456 -118378224.2358222 -322916781.3650304 -29852028.93197509
2461136.075373901 -118382915.4088342 -322962187.97966236 -29856046.12795035
2461136.076068345 -118387603.8217922 -323007583.28597593 -29860062.33506554
2461136.076762789 -118392289.4774076 -323052967.2866804 -29864077.55363977
2461136.077457234 -118396972.3783924 -323098339.98448193 -29868091.78399219
2461136.078151678 -118401652.5274594 -323143701.38208425 -29872105.02644166
2461136.078846123 -118406329.9273221 -323189051.4821894 -29876117.28130699
2461136.079540567 -118411004.5806949 -323234390.2874983 -29880128.548906907
2461136.080235011 -118415676.49029289 -323279717.8007095 -29884138.82956006
2461136.080929456 -118420345.658832 -323325034.0245192 -29888148.12358531
2461136.081623901 -118425012.08902921 -323370338.9616226 -29892156.43130106
2461136.082318345 -118429675.78360179 -323415632.61471283 -29896163.75302547
2461136.083012789 -118434336.7452682 -323460914.9864807 -29900170.08907739
2461136.083707234 -118438994.97674769 -323506186.0796156 -29904175.439774733
2461136.084401678 -118443650.4807602 -323551445.8968049 -29908179.80543591
2461136.085096123 -118448303.2600266 -323596694.4407342 -29912183.18637893
2461136.085790567 -118452953.3172684 -323641931.71408737 -29916185.58292177
2461136.086485012 -118457600.6552083 -323687157.71954614 -29920186.995382518
2461136.087179456 -118462245.2765695 -323732372.45979035 -29924187.42407909
2461136.087873900 -118466887.1840762 -323777575.9374984 -29928186.86932918
2461136.088568345 -118471526.38045351 -323822768.1553465 -29932185.33145057
2461136.089262790 -118476162.868427 -323867949.1160092 -29936182.81076083
2461136.089957234 -118480796.6507237 -323913118.82215905 -29940179.307577778
2461136.090651678 -118485427.7300711 -323958277.2764669 -29944174.8222186
2461136.091346123 -118490056.1091975 -324003424.4816019 -29948169.35500083
2461136.092040567 -118494681.7908324 -324048560.4402307 -29952162.90624192
2461136.092735012 -118499304.7777059 -324093685.1550188 -29956155.47625899
2461136.093429456 -118503925.072549 -324138798.6286295 -29960147.06536935
2461136.094123900 -118508542.6780938 -324183900.8637247 -29964137.67388993
2461136.094818345 -118513157.597073 -324228991.86296374 -29968127.3021379
2461136.095512789 -118517769.83222039 -324274071.6290047 -29972115.95043029
2461136.096207234 -118522379.38627051 -324319140.1645037 -29976103.619083792
2461136.096901678 -118526986.2619589 -324364197.4721147 -29980090.308415443
2461136.097596123 -118531590.46202199 -324409243.5544904 -29984076.01874186
2461136.098290567 -118536191.98919721 -324454278.41428137 -29988060.75037952
2461136.098985012 -118540790.84622261 -324499302.05413616 -29992044.503645297
2461136.099679456 -118545387.0358376 -324544314.47670174 -29996027.27885572
2461136.100373900 -118549980.5607819 -324589315.68462306 -30000009.076327007
2461136.101068345 -118554571.4237968 -324634305.6805436 -30003989.89637563
2461136.101762789 -118559159.6276242 -324679284.4671046 -30007969.73931785
2461136.102457234 -118563745.175007 -324724252.04694563 -30011948.60547016
2461136.103151678 -118568328.0686889 -324769208.4227043 -30015926.49514838
2461136.103846123 -118572908.3114147 -324814153.5970169 -30019903.4086687
2461136.104540567 -118577485.90593019 -324859087.5725173 -30023879.34634715
2461136.105235012 -118582060.8549819 -324904010.35183793 -30027854.30849974
2461136.105929456 -118586633.1613176 -324948921.9376089 -30031828.295442067
2461136.106623901 -118591202.82768591 -324993822.3324589 -30035801.30749047
2461136.107318345 -118595769.8568362 -325038711.5390153 -30039773.34496002
2461136.108012789 -118600334.2515191 -325083589.55990237 -30043744.40816685
2461136.108707234 -118604896.0144861 -325128456.3977437 -30047714.497426443
2461136.109401678 -118609455.1484897 -325173312.0551605 -30051683.61305412
2461136.110096123 -118614011.65628341 -325218156.5347722 -30055651.755365603
2461136.110790567 -118618565.5406218 -325262989.83919674 -30059618.92467615
2461136.111485011 -118623116.8042601 -325307811.9710498 -30063585.12130102
2461136.112179456 -118627665.4499549 -325352622.9329454 -30067550.34555575
2461136.112873901 -118632211.4804636 -325397422.7274961 -30071514.597755156
2461136.113568345 -118636754.89854479 -325442211.3573121 -30075477.87821446
2461136.114262789 -118641295.706958 -325486988.8250022 -30079440.18724878
2461136.114957234 -118645833.9084636 -325531755.13317305 -30083401.52517303
2461136.115651678 -118650369.5058232 -325576510.28442985 -30087361.89230226
2461136.116346123 -118654902.5017994 -325621254.2813756 -30091321.28895124
2461136.117040567 -118659459.3605814 -325665975.0228455 -30095297.21721837
2461136.117735012 -118664335.2911378 -325710537.4806671 -30099484.92900319
2461136.118429456 -118669005.5739696 -325755181.67155564 -30103537.36941383
2461136.119123900 -118673181.3899529 -325800039.70859283 -30107263.50978832
2461136.119818345 -118678282.95202881 -325844461.9719262 -30111602.68649425
2461136.120512790 -118692640.0315238 -325884638.3124646 -30122064.25439789
2461136.121207234 -118701109.8619189 -325927495.24650615 -30128632.704156898
2461136.121901678 -118695849.56591 -325976620.21622986 -30126120.70992008
2461136.122596123 -118699543.9594495 -326021636.8707801 -30129532.12692753
2461136.123290567 -118754496.9150396 -326043194.790406 -30166846.9251091
2461136.123985012 -118776896.6988468 -326079630.74815017 -30182631.67223049
2461136.124679456 -118731600.4493911 -326147019.5577728 -30153642.66524684
2461136.125373900 -118718883.6812475 -326199493.71559805 -30146202.58941763
2461136.126068345 -118779006.51461859 -326218638.0635142 -30186940.04979925
2461136.126762789 -118771843.7537767 -326268548.4764906 -30183176.0772163
2461136.127457234 -118725025.25486839 -326336586.00753844 -30153184.59399852
2461136.128151678 -118742875.6886563 -326375030.2394141 -30165965.712614328
2461136.128846123 -118799162.898379 -326395880.40476084 -30204169.592064884
2461136.129540567 -118805318.4795228 -326439649.6117856 -30209217.231228758
2461136.130235012 -118799739.0498028 -326488774.4082538 -30206504.07807837
2461136.130929456 -118807364.8778306 -326531846.5522077 -30212525.55938353
2461136.131623900 -118822035.0593813 -326571684.18960655 -30223206.87179889
2461136.132318345 -118827530.9888543 -326615706.086994 -30227821.074044257
2461136.133012789 -118831726.1144163 -326660310.75176567 -30231575.64048812
2461136.133707234 -118836392.7619732 -326704687.4836756 -30235642.77954031
2461136.134401678 -118841301.20764 -326748941.3680799 -30239870.55143063
2461136.135096123 -118845887.3983035 -326793330.4209067 -30243885.89263058
2461136.135790567 -118850432.942919 -326837725.83095753 -30247875.05638991
2461136.136485012 -118854975.9662509 -326882110.1628378 -30251863.25670281
2461136.137179456 -118859516.4710982 -326926483.41909915 -30255850.493879788
2461136.137873901 -118864054.4602608 -326970845.6022904 -30259836.768230963
2461136.138568345 -118868589.9365401 -327015196.7149592 -30263822.08006646
2461136.139262789 -118873122.9027386 -327059536.75965106 -30267806.429696653
2461136.139957234 -118877653.36165981 -327103865.7389104 -30271789.81743155
2461136.140651678 -118882181.31610881 -327148183.6552791 -30275772.243581187
2461136.141346123 -118886706.7688917 -327192490.5112974 -30279753.70845554
2461136.142040567 -118891229.7228158 -327236786.30950415 -30283734.21236468
2461136.142735011 -118895750.1806897 -327281071.0524359 -30287713.7556182
2461136.143429456 -118900268.1453232 -327325344.742628 -30291692.33852609
2461136.144123901 -118904783.6195274 -327369607.38261354 -30295669.96139813
2461136.144818345 -118909296.60611449 -327413858.974924 -30299646.6245441
2461136.145512789 -118913807.1078982 -327458099.5220891 -30303622.32827347
2461136.146207234 -118918315.1276931 -327502329.0266367 -30307597.072895993
2461136.146901678 -118922820.6683155 -327546547.4910932 -30311570.858721077
2461136.147596123 -118927323.7325826 -327590754.9179827 -30315543.68605837
2461136.148290567 -118931824.3233131 -327634951.3098277 -30319515.55521716
2461136.148985012 -118936322.4433267 -327679136.6691495 -30323486.46650699
2461136.149679456 -118940818.09544471 -327723310.9984669 -30327456.42023698
2461136.150373900 -118945311.2824896 -327767474.3002972 -30331425.416716617
2461136.151068345 -118949802.007285 -327811626.57715577 -30335393.45625513
2461136.151762790 -118954290.272656 -327855767.8315567 -30339360.5391614
2461136.152457234 -118958776.08142899 -327899898.0660116 -30343326.66574491
2461136.153151678 -118963259.4364316 -327944017.28303105 -30347291.83631465
2461136.153846123 -118967740.3404927 -327988125.4851232 -30351256.05117949
2461136.154540567 -118972218.7964427 -328032222.67479473 -30355219.31064843
2461136.155235012 -118976694.8071132 -328076308.8545505 -30359181.615030613
2461136.155929456 -118981168.37533711 -328120384.0268938 -30363142.96463474
2461136.156623900 -118985639.5039486 -328164448.1943261 -30367103.359769642
2461136.157318345 -118990108.19578339 -328208501.3593471 -30371062.80074397
2461136.158012789 -118994574.4536785 -328252543.5244542 -30375021.28786666
2461136.158707234 -118999038.2804721 -328296574.6921438 -30378978.821446393
2461136.159401678 -119003499.6790039 -328340594.8649099 -30382935.40179162
2461136.160096123 -119007958.6521149 -328384604.0452453 -30386891.02921102
2461136.160790567 -119012415.2026475 -328428602.235641 -30390845.70401315
2461136.161485012 -119016869.3334455 -328472589.4385854 -30394799.42650646
2461136.162179456 -119021321.047354 -328516565.65656656 -30398752.196999367
2461136.162873900 -119025770.3472195 -328560530.8920693 -30402704.015800368
2461136.163568345 -119030217.23589 -328604485.1475777 -30406654.88321769
2461136.164262789 -119034661.7162147 -328648428.42557395 -30410604.7995596
2461136.164957234 -119039103.7910444 -328692360.7285378 -30414553.76513451
2461136.165651678 -119043543.46323109 -328736282.05894804 -30418501.78025044
2461136.166346123 -119047980.7356284 -328780192.4192812 -30422448.84521567
2461136.167040567 -119052415.6110913 -328824091.81201243 -30426394.960338473
2461136.167735012 -119056848.092476 -328867980.2396147 -30430340.12592665
2461136.168429456 -119061278.18264021 -328911857.7045599 -30434284.34228824
2461136.169123901 -119065705.8844434 -328955724.20931715 -30438227.609731518
2461136.169818345 -119070131.200746 -328999579.7563547 -30442169.92856405
2461136.170512789 -119074554.13441029 -329043424.3481388 -30446111.299093958
2461136.171207234 -119078974.6882997 -329087257.9871338 -30450051.7216291
2461136.171901678 -119083392.8652792 -329131080.6758022 -30453991.19647717
2461136.172596123 -119087808.6682152 -329174892.4166053 -30457929.72394604
2461136.173290567 -119092222.0999758 -329218693.21200186 -30461867.30434344
2461136.173985011 -119096633.1634303 -329262483.0644499 -30465803.93797698
2461136.174679456 -119101041.8614495 -329306261.9764042 -30469739.62515447
2461136.175373901 -119105448.19690579 -329350029.95031947 -30473674.366183333
2461136.176068345 -119109852.172673 -329393786.98864746 -30477608.16137119
2461136.176762789 -119114253.7916266 -329437533.093839 -30481541.01102569
2461136.177457234 -119118653.0566433 -329481268.2683423 -30485472.91545419
2461136.178151678 -119123049.9706013 -329524992.51460457 -30489403.874964062
2461136.178846123 -119127444.5363806 -329568705.8350708 -30493333.88986294
2461136.179540567 -119131836.75686249 -329612408.2321848 -30497262.96045812
2461136.180235012 -119136226.63493 -329656099.7083878 -30501191.087056752
2461136.180929456 -119140614.1734674 -329699780.2661201 -30505118.2699663
2461136.181623900 -119144999.3753606 -329743449.9078197 -30509044.509493988
2461136.182318345 -119149382.2434973 -329787108.6359232 -30512969.805947103
2461136.183012790 -119153762.7807662 -329830756.45286506 -30516894.15963269
2461136.183707234 -119158140.99005811 -329874393.3610785 -30520817.57085797
2461136.184401678 -119162516.8742651 -329918019.36299473 -30524740.0399301
2461136.185096123 -119166890.43628089 -329961634.46104324 -30528661.567156028
2461136.185790567 -119171261.6790007 -330005238.65765154 -30532582.15284284
2461136.186485012 -119175630.6053213 -330048831.9552459 -30536501.797297582
2461136.187179456 -119179997.2181412 -330092414.35625046 -30540420.50082715
2461136.187873900 -119184361.5203604 -330135985.8630876 -30544338.26373859
2461136.188568345 -119188723.5148803 -330179546.4781785 -30548255.08633861
2461136.189262789 -119193083.20460439 -330223096.2039418 -30552170.96893428
2461136.189957234 -119197440.5924374 -330266635.042795 -30556085.91183223
2461136.190651678 -119201795.6812854 -330310162.9971534 -30559999.91533946
2461136.191346123 -119206148.4740569 -330353680.0694313 -30563912.979762617
2461136.192040567 -119210498.9736611 -330397186.26204026 -30567825.1054085
2461136.192735012 -119214847.1830094 -330440681.57739085 -30571736.292583797
2461136.193429456 -119219193.1050148 -330484166.017892 -30575646.54159485
2461136.194123900 -119223536.7425918 -330527639.5859499 -30579555.85274892
2461136.194818345 -119227878.0986564 -330571102.2839703 -30583464.22635208
2461136.195512789 -119232217.17612651 -330614554.1143564 -30587371.662711013
2461136.196207234 -119236553.9779216 -330657995.0795097 -30591278.16213244
2461136.196901678 -119240888.506963 -330701425.1818303 -30595183.72492283
2461136.197596123 -119245220.7661733 -330744844.4237164 -30599088.35138846
2461136.198290567 -119249550.75847699 -330788252.80756426 -30602992.04183603
2461136.198985012 -119253878.4868003 -330831650.3357689 -30606894.796571773
2461136.199679456 -119258203.9540711 -330875037.0107233 -30610796.61590216
2461136.200373901 -119262527.1632187 -330918412.8348185 -30614697.50013345
2461136.201068345 -119266848.1171747 -330961777.8104439 -30618597.44957235
2461136.201762789 -119271166.8188718 -331005131.9399877 -30622496.46452481
2461136.202457234 -119275483.2712448 -331048475.2258358 -30626394.545297172
2461136.203151678 -119279797.4772298 -331091807.6703725 -30630291.69219569
2461136.203846123 -119284109.4397652 -331135129.2759804 -30634187.90552672
2461136.204540567 -119288419.16179061 -331178440.04504025 -30638083.185596317
2461136.205235011 -119292726.6462477 -331221739.9799316 -30641977.53271071
2461136.205929456 -119297031.8960797 -331265029.08303154 -30645870.94717612
2461136.206623901 -119301334.9142317 -331308307.3567158 -30649763.429298412
2461136.207318345 -119305635.7036504 -331351574.8033583 -30653654.979384072
2461136.208012789 -119309934.2672845 -331394831.4253313 -30657545.59773894
2461136.208707234 -119314230.6080842 -331438077.2250053 -30661435.28466902
2461136.209401678 -119318524.7290016 -331481312.2047491 -30665324.04048045
2461136.210096123 -119322816.6329906 -331524536.3669297 -30669211.86547926
2461136.210790567 -119327106.3230069 -331567749.7139125 -30673098.759971302
2461136.211485012 -119331393.80200781 -331610952.24806076 -30676984.7242626
2461136.212179456 -119335679.0729528 -331654143.9717369 -30680869.75865914
2461136.212873900 -119339962.1388026 -331697324.8873006 -30684753.86346673
2461136.213568345 -119344243.0025204 -331740494.99711025 -30688637.03899131
2461136.214262790 -119348521.6670706 -331783654.303523 -30692519.285538763
2461136.214957234 -119352798.1354199 -331826802.8088934 -30696400.60341498
2461136.215651678 -119357072.41053641 -331869940.5155746 -30700280.99292572
2461136.216346123 -119361344.4953904 -331913067.42591846 -30704160.45437676
2461136.217040567 -119365614.3929539 -331956183.54227453 -30708038.988073893
2461136.217735012 -119369882.1062006 -331999288.8669908 -30711916.594323028
2461136.218429456 -119374147.6381065 -332042383.40241367 -30715793.273429763
2461136.219123900 -119378410.9916489 -332085467.1508881 -30719669.0256998
2461136.219818345 -119382672.1698073 -332128540.11475635 -30723543.85143901
2461136.220512789 -119386931.1755629 -332171602.2963602 -30727417.750952844
2461136.221207234 -119391188.0118991 -332214653.6980386 -30731290.72454722
2461136.221901678 -119395442.68180081 -332257694.3221297 -30735162.77252774
2461136.222596123 -119399695.18825501 -332300724.17096883 -30739033.89519996
2461136.223290567 -119403945.5342506 -332343743.2468905 -30742904.092869442
2461136.223985012 -119408193.7227783 -332386751.5522285 -30746773.365842108
2461136.224679456 -119412439.75683099 -332429749.08931476 -30750641.71442343
2461136.225373900 -119416683.6394029 -332472735.86047345 -30754509.13891863
2461136.226068345 -119420925.37349041 -332515711.86803114 -30758375.63963322
2461136.226762789 -119425164.96209289 -332558677.11432457 -30762241.21687362
2461136.227457234 -119429402.4082123 -332601631.601692 -30766105.870946832
2461136.228151678 -119433637.7148497 -332644575.3324417 -30769969.60215691
2461136.228846123 -119437870.88500689 -332687508.30887187 -30773832.410807647
2461136.229540567 -119442101.9216899 -332730430.53329605 -30777694.29720372
2461136.230235012 -119446330.8279084 -332773342.00804806 -30781555.26165244
2461136.230929456 -119450557.6066733 -332816242.7354507 -30785415.304459598
2461136.231623901 -119454782.2609966 -332859132.7178143 -30789274.42593065
2461136.232318345 -119459004.793892 -332902011.9574471 -30793132.6263704
2461136.233012789 -119463225.20837581 -332944880.4566611 -30796989.90608471
2461136.233707234 -119467443.5074663 -332987738.21776557 -30800846.265378922
2461136.234401678 -119471659.6941835 -333030585.24306744 -30804701.70455845
2461136.235096123 -119475873.7715496 -333073421.5348709 -30808556.223928843
2461136.235790567 -119480085.74258879 -333116247.09547955 -30812409.82379511
2461136.236485011 -119484295.6103272 -333159061.9271952 -30816262.504463002
2461136.237179456 -119488503.3777932 -333201866.0323176 -30820114.26623762
2461136.237873901 -119492709.048017 -333244659.413145 -30823965.109424457
2461136.238568345 -119496912.6240309 -333287442.0719738 -30827815.03432887
2461136.239262789 -119501114.1088693 -333330214.0110985 -30831664.041256167
2461136.239957234 -119505313.5055686 -333372975.2328124 -30835512.13051163
2461136.240651678 -119509510.81716739 -333415725.73940647 -30839359.30240063
2461136.241346123 -119513706.04670599 -333458465.5331708 -30843205.5572284
2461136.242040567 -119517899.19722739 -333501194.6163926 -30847050.89530037
2461136.242735012 -119522090.27177611 -333543912.99135834 -30850895.31692187
2461136.243429456 -119526279.2733991 -333586620.6603524 -30854738.82239794
2461136.244123900 -119530466.2051453 -333629317.62565744 -30858581.41203418
2461136.244818345 -119534651.0700656 -333672003.8895545 -30862423.08613565
2461136.245512790 -119538833.8712133 -333714679.4543228 -30866263.84500772
2461136.246207234 -119543014.6116437 -333757344.3222396 -30870103.68895586
2461136.246901678 -119547193.2944141 -333799998.4955814 -30873942.61828485
2461136.247596123 -119551369.9225842 -333842641.9766217 -30877780.63330046
2461136.248290567 -119555544.4992156 -333885274.76763314 -30881617.73430774
2461136.248985012 -119559717.0273722 -333927896.8708865 -30885453.92161177
2461136.249679456 -119563887.5101199 -333970508.2886502 -30889289.19551829
2461136.250373900 -119568055.95052691 -334013109.0231923 -30893123.556331962
2461136.251068345 -119572222.3516636 -334055699.0767778 -30896957.004358478
2461136.251762789 -119576386.7166025 -334098278.4516707 -30900789.539902993
2461136.252457234 -119580549.0484184 -334140847.1501329 -30904621.16327071
2461136.253151678 -119584709.350188 -334183405.1744249 -30908451.87476695
2461136.253846123 -119588867.6249906 -334225952.5268055 -30912281.674696848
2461136.254540567 -119593023.87590739 -334268489.2095314 -30916110.56336573
2461136.255235012 -119597178.1060218 -334311015.224858 -30919938.54107885
2461136.255929456 -119601330.3184199 -334353530.5750387 -30923765.60814143
2461136.256623900 -119605480.5161893 -334396035.26232535 -30927591.76485872
2461136.257318345 -119609628.70242049 -334438529.28896844 -30931417.01153602
2461136.258012789 -119613774.88020581 -334481012.6572157 -30935241.348478552
2461136.258707234 -119617919.05264 -334523485.3693141 -30939064.7759916
2461136.259401678 -119622061.22281991 -334565947.4275084 -30942887.29438045
2461136.260096123 -119626201.39384499 -334608398.8340418 -30946708.903950438
2461136.260790567 -119630339.5688166 -334650839.59115624 -30950529.60500652
2461136.261485012 -119634475.7508386 -334693269.70109123 -30954349.397854332
2461136.262179456 -119638609.9430171 -334735689.1660847 -30958168.282799
2461136.262873901 -119642742.1484603 -334778097.9883731 -30961986.260145828
2461136.263568345 -119646872.3702791 -334820496.170191 -30965803.33020011
2461136.264262789 -119651000.61158639 -334862883.7137716 -30969619.49326712
2461136.264957234 -119655126.8754974 -334905260.62134576 -30973434.74965224
2461136.265651678 -119659251.1651299 -334947626.8951434 -30977249.099660583
2461136.266346123 -119663373.4836039 -334989982.5373919 -30981062.54359773
2461136.267040567 -119667493.8340416 -335032327.55031765 -30984875.08176856
2461136.267735011 -119671612.2195676 -335074661.93614453 -30988686.71447909
2461136.268429456 -119675728.6433091 -335116985.6970955 -30992497.44203407
2461136.269123901 -119679843.10839541 -335159298.8353914 -30996307.26473907
2461136.269818345 -119683955.6179582 -335201601.3532514 -31000116.18289958
2461136.270512789 -119688066.17513159 -335243893.25289315 -31003924.196820498
2461136.271207234 -119692174.7830523 -335286174.5365321 -31007731.306807812
2461136.271901678 -119696281.44485901 -335328445.20638245 -31011537.51316658
2461136.272596123 -119700386.1636932 -335370705.2646565 -31015342.81620209
2461136.273290567 -119704488.9426984 -335412954.7135649 -31019147.21622004
2461136.273985012 -119708589.7850209 -335455193.5553167 -31022950.713525582
2461136.274679456 -119712688.69380939 -335497421.7921188 -31026753.30842432
2461136.275373900 -119716785.6722146 -335539639.4261767 -31030555.00122152
2461136.276068345 -119720880.72339 -335581846.4596941 -31034355.79222291
2461136.276762790 -119724973.8504917 -335624042.8948732 -31038155.68173373
2461136.277457234 -119729065.0566779 -335666228.7339141 -31041954.67005961
2461136.278151678 -119733154.3451094 -335708403.9790157 -31045752.75750582
2461136.278846123 -119737241.7189495 -335750568.6323745 -31049549.94437813
2461136.279540567 -119741327.181364 -335792722.6961856 -31053346.230981838
2461136.280235012 -119745410.73552111 -335834866.1726429 -31057141.61762263
2461136.280929456 -119749492.3845915 -335876999.0639376 -31060936.104606092
2461136.281623900 -119753572.1317486 -335919121.3722601 -31064729.69223757
2461136.282318345 -119757649.980168 -335961233.0997983 -31068522.380823012
2461136.283012789 -119761725.93302809 -336003334.248739 -31072314.17066779
2461136.283707234 -119765799.99350971 -336045424.8212668 -31076105.0620774
2461136.284401678 -119769872.16479601 -336087504.819565 -31079895.05535769
2461136.285096123 -119773942.45007299 -336129574.2458151 -31083684.15081431
2461136.285790567 -119778010.8525292 -336171633.1021965 -31087472.348752838
2461136.286485012 -119782077.3753554 -336213681.39088744 -31091259.64947902
2461136.287179456 -119786142.0217454 -336255719.1140635 -31095046.053298518
2461136.287873900 -119790204.79489529 -336297746.2739 -31098831.56051711
2461136.288568345 -119794265.69800359 -336339762.8725693 -31102616.17144059
2461136.289262789 -119798324.7342719 -336381768.91224235 -31106399.886374637
2461136.289957234 -119802381.906904 -336423764.39508873 -31110182.70562516
2461136.290651678 -119806437.2191064 -336465749.323276 -31113964.629497766
2461136.291346123 -119810490.6740882 -336507723.69897026 -31117745.658298608
2461136.292040567 -119814542.2750614 -336549687.52433527 -31121525.79233325
2461136.292735012 -119818592.0252401 -336591640.8015337 -31125305.03190774
2461136.293429456 -119822639.9278416 -336633583.5327264 -31129083.37732781
2461136.294123901 -119826685.9860854 -336675515.72007203 -31132860.828899708
2461136.294818345 -119830730.20319411 -336717437.365728 -31136637.38692916
2461136.295512789 -119834772.5823924 -336759348.47185 -31140413.05172211
2461136.296207234 -119838813.1269083 -336801249.0405919 -31144187.823584512
2461136.296901678 -119842851.839972 -336843139.0741056 -31147961.702822648
2461136.297596123 -119846888.7248166 -336885018.5745416 -31151734.68974244
2461136.298290567 -119850923.7846779 -336926887.5440483 -31155506.78465003
2461136.298985011 -119854957.02279441 -336968745.9847729 -31159277.9878513
2461136.299679456 -119858988.44240719 -337010593.89886063 -31163048.29965263
2461136.300373901 -119863018.0467603 -337052431.2884549 -31166817.72036001
2461136.301068345 -119867045.8391004 -337094258.15569735 -31170586.25027983
2461136.301762789 -119871071.8226768 -337136074.5027281 -31174353.88971794
2461136.302457234 -119875096.00074181 -337177880.3316855 -31178120.63898104
2461136.303151678 -119879118.37655011 -337219675.6447059 -31181886.49837505
2461136.303846123 -119883138.95335959 -337261460.4439243 -31185651.46820649
2461136.304540567 -119887157.7344304 -337303234.7314738 -31189415.548781622
2461136.305235012 -119891174.7230262 -337344998.5094856 -31193178.74040671
2461136.305929456 -119895189.9224128 -337386751.7800897 -31196941.043388348
2461136.306623900 -119899203.335859 -337428494.5454138 -31200702.458032798
2461136.307318345 -119903214.9666365 -337470226.80758387 -31204462.98464676
2461136.308012790 -119907224.8180199 -337511948.5687247 -31208222.623536307
2461136.308707234 -119911232.8932864 -337553659.8309589 -31211981.375008307
2461136.309401678 -119915239.195716 -337595360.5964075 -31215739.23936921
2461136.310096123 -119919243.7285919 -337637050.8671898 -31219496.21692562
2461136.310790567 -119923246.4951999 -337678730.6454229 -31223252.30798422
2461136.311485012 -119927247.4988285 -337720399.9332233 -31227007.51285149
2461136.312179456 -119931246.7427696 -337762058.7327046 -31230761.831834227
2461136.312873900 -119935244.2303174 -337803707.0459792 -31234515.26523921
2461136.313568345 -119939239.9647695 -337845344.8751576 -31238267.81337321
2461136.314262789 -119943233.9494259 -337886972.2223488 -31242019.47654302
2461136.314957234 -119947226.1875899 -337928589.08966 -31245770.255055342
2461136.315651678 -119951216.6825676 -337970195.4791962 -31249520.14921732
2461136.316346123 -119955205.4376679 -338011791.3930618 -31253269.15933537
2461136.317040567 -119959192.4562029 -338053376.8333577 -31257017.285717107
2461136.317735012 -119963177.74148731 -338094951.8021847 -31260764.52866914
2461136.318429456 -119967161.2968391 -338136516.3016414 -31264510.88849848
2461136.319123900 -119971143.12557909 -338178070.3338238 -31268256.36551234
2461136.319818345 -119975123.231031 -338219613.9008277 -31272000.96001771
2461136.320512789 -119979101.6165216 -338261147.0047455 -31275744.67232183
2461136.321207234 -119983078.2853806 -338302669.6476693 -31279487.50273196
2461136.321901678 -119987053.2409409 -338344181.83168864 -31283229.45155499
2461136.322596123 -119991026.4865381 -338385683.5588913 -31286970.51909861
2461136.323290567 -119994998.025511 -338427174.83136374 -31290710.70566987
2461136.323985012 -119998967.8612015 -338468655.65119034 -31294450.01157639
2461136.324679456 -120002935.9969544 -338510126.02045393 -31298188.4371253
2461136.325373901 -120006902.4361174 -338551585.94123584 -31301925.98262413
2461136.326068345 -120010867.1820419 -338593035.4156147 -31305662.648380622
2461136.326762789 -120014830.2380815 -338634474.4456685 -31309398.434701767
2461136.327457234 -120018791.6075935 -338675903.0334728 -31313133.341895647
2461136.328151678 -120022751.293938 -338717321.1811018 -31316867.37026981
2461136.328846123 -120026709.3004783 -338758728.8906279 -31320600.52013167
2461136.329540567 -120030665.6305807 -338800126.1641213 -31324332.79178925
2461136.330235011 -120034620.2876147 -338841513.0036509 -31328064.18554997
2461136.330929456 -120038573.274953 -338882889.411284 -31331794.70172204
2461136.331623901 -120042524.59597111 -338924255.38908565 -31335524.34061316
2461136.332318345 -120046474.2540481 -338965610.93911916 -31339253.10253121
2461136.333012789 -120050422.252566 -339006956.0634471 -31342980.987784088
2461136.333707234 -120054368.59491001 -339048290.7641284 -31346707.99667996
2461136.334401678 -120058313.2844682 -339089615.0432225 -31350434.12952681
2461136.335096123 -120062256.3246324 -339130928.9027852 -31354159.38663264
2461136.335790567 -120066197.7187973 -339172232.34487134 -31357883.76830592
2461136.336485012 -120070137.4703608 -339213525.3715342 -31361607.2748545
2461136.337179456 -120074075.5827239 -339254807.984825 -31365329.90658701
2461136.337873900 -120078012.0592912 -339296080.18679297 -31369051.66381142
2461136.338568345 -120081946.9034699 -339337341.9794863 -31372772.54683628
2461136.339262790 -120085880.1186713 -339378593.36495066 -31376492.555969957
2461136.339957234 -120089811.7083091 -339419834.3452304 -31380211.69152098
2461136.340651678 -120093741.6758008 -339461064.9223682 -31383929.95379789
2461136.341346123 -120097670.0245669 -339502285.0984044 -31387647.34310922
2461136.342040567 -120101596.7580313 -339543494.8753782 -31391363.85976366
2461136.342735012 -120105521.8796211 -339584694.2553268 -31395079.50406989
2461136.343429456 -120109445.3927669 -339625883.2402853 -31398794.27633669
2461136.344123900 -120113367.3009023 -339667061.83228785 -31402508.176872842
2461136.344818345 -120117287.6074645 -339708230.0333662 -31406221.20598733
2461136.345512789 -120121206.3158939 -339749387.84555036 -31409933.36398882
2461136.346207234 -120125123.4296341 -339790535.2708689 -31413644.651186448
2461136.346901678 -120129038.95213239 -339831672.3113483 -31417355.06788934
2461136.347596123 -120132952.8868391 -339872798.9690135 -31421064.614406522
2461136.348290567 -120136865.2372081 -339913915.24588746 -31424773.29104721
2461136.348985012 -120140776.00669649 -339955021.1439914 -31428481.09812054
2461136.349679456 -120144685.198765 -339996116.6653452 -31432188.03593586
2461136.350373900 -120148592.8168776 -340037201.8119664 -31435894.10480252
2461136.351068345 -120152498.86450149 -340078276.585871 -31439599.305029888
2461136.351762789 -120156403.3451078 -340119340.9890733 -31443303.63692739
2461136.352457234 -120160306.2621706 -340160395.0235855 -31447007.10080475
2461136.353151678 -120164207.6191676 -340201438.69141865 -31450709.69697135
2461136.353846123 -120168107.4195798 -340242471.9945815 -31454411.42573704
2461136.354540567 -120172005.666892 -340283494.935081 -31458112.28741134
2461136.355235012 -120175902.3645923 -340324507.5149227 -31461812.28230425
2461136.355929456 -120179797.5161721 -340365509.73611 -31465511.41072558
2461136.356623901 -120183691.12512639 -340406501.6006449 -31469209.67298499
2461136.357318345 -120187583.1949539 -340447483.1105273 -31472907.06939287
2461136.358012789 -120191473.7291567 -340488454.2677552 -31476603.6002591
2461136.358707234 -120195362.7312403 -340529415.0743254 -31480299.26589382
2461136.359401678 -120199250.20471379 -340570365.5322325 -31483994.06660706
2461136.360096123 -120203136.15309 -340611305.64346933 -31487688.00270926
2461136.360790567 -120207020.5798849 -340652235.4100266 -31491381.07451081
2461136.361485011 -120210903.48861839 -340693154.83389425 -31495073.28232194
2461136.362179456 -120214784.882814 -340734063.9170595 -31498764.62645328
2461136.362873901 -120218664.7659986 -340774962.66150814 -31502455.10721514
2461136.363568345 -120222543.14170259 -340815851.06922376 -31506144.72491834
2461136.364262789 -120226420.01346031 -340856729.142189 -31509833.4798736
2461136.364957234 -120230295.3848096 -340897596.882384 -31513521.37239145
2461136.365651678 -120234169.2592917 -340938454.29178756 -31517208.40278294
2461136.366346123 -120238041.64045191 -340979301.3723761 -31520894.571358882
2461136.367040567 -120241912.5318387 -341020138.1261247 -31524579.878430117
2461136.367735012 -120245781.93700461 -341060964.5550062 -31528264.32430792
2461136.368429456 -120249649.85950579 -341101780.66099346 -31531947.90930346
2461136.369123900 -120253516.3029021 -341142586.4460571 -31535630.633728
2461136.369818345 -120257381.2707565 -341183381.9121597 -31539312.49789229
2461136.370512790 -120261244.766636 -341224167.0612671 -31542993.50210775
2461136.371207234 -120265106.7941127 -341264941.8953541 -31546673.64668677
2461136.371901678 -120268967.35676229 -341305706.416396 -31550352.931942
2461136.372596123 -120272826.4581621 -341346460.6263408 -31554031.358183958
2461136.373290567 -120276684.1018921 -341387204.5271257 -31557708.92572221
2461136.373985012 -120280540.2915376 -341427938.1207029 -31561385.63486819
2461136.374679456 -120284395.03068991 -341468661.4090433 -31565061.48593516
2461136.375373900 -120288248.32294309 -341509374.3941077 -31568736.479235582
2461136.376068345 -120292100.1718941 -341550077.0778442 -31572410.61508123
2461136.376762789 -120295950.58114369 -341590769.46219844 -31576083.89378402
2461136.377457234 -120299799.55429679 -341631451.5491212 -31579756.31565589
2461136.378151678 -120303647.0949624 -341672123.340559 -31583427.88100941
2461136.378846123 -120307493.2067529 -341712784.8384557 -31587098.59015678
2461136.379540567 -120311337.89328459 -341753436.04475385 -31590768.44341046
2461136.380235012 -120315181.158178 -341794076.96139413 -31594437.44108279
2461136.380929456 -120319023.0050571 -341834707.5903149 -31598105.58348669
2461136.381623900 -120322863.4375501 -341875327.9334539 -31601772.87093438
2461136.382318345 -120326702.4592888 -341915937.992746 -31605439.30373878
2461136.383012789 -120330540.0739093 -341956537.7701246 -31609104.88221285
2461136.383707234 -120334376.28505109 -341997127.26752096 -31612769.60666943
2461136.384401678 -120338211.0963583 -342037706.4868654 -31616433.477421418
2461136.385096123 -120342044.5114782 -342078275.4300855 -31620096.49478184
2461136.385790567 -120345876.5340627 -342118834.0991073 -31623758.65906423
2461136.386485012 -120349707.16776739 -342159382.495855 -31627419.97058144
2461136.387179456 -120353536.4162519 -342199920.6222513 -31631080.42964712
2461136.387873901 -120357364.2831798 -342240448.4802163 -31634740.03657467
2461136.388568345 -120361190.77221881 -342280966.0716689 -31638398.79167758
2461136.389262789 -120365015.88704039 -342321473.3985265 -31642056.69526939
2461136.389957234 -120368839.6313203 -342361970.4627034 -31645713.74766401
2461136.390651678 -120372662.00873831 -342402457.26611334 -31649369.949175127
2461136.391346123 -120376483.02297829 -342442933.8106677 -31653025.30011677
2461136.392040567 -120380302.67772791 -342483400.0982755 -31656679.800802927
2461136.392735011 -120384120.9766792 -342523856.13084507 -31660333.45154747
2461136.393429456 -120387937.9235283 -342564301.91028214 -31663986.25266491
2461136.394123901 -120391753.5219751 -342604737.4384906 -31667638.20446937
2461136.394818345 -120395567.77572411 -342645162.7173727 -31671289.307275202
2461136.395512789 -120399380.6884836 -342685577.74882865 -31674939.56139711
2461136.396207234 -120403192.26396601 -342725982.53475714 -31678588.96714935
2461136.396901678 -120407002.5058883 -342766377.0770545 -31682237.5248469
2461136.397596123 -120410811.4179711 -342806761.3776157 -31685885.23480436
2461136.398290567 -120414619.0039396 -342847135.4383337 -31689532.0973366
2461136.398985012 -120418425.26752299 -342887499.2610995 -31693178.11275872
2461136.399679456 -120422230.21245469 -342927852.8478023 -31696823.28138582
2461136.400373900 -120426033.8424724 -342968196.2003294 -31700467.603533
2461136.401068345 -120429836.16131811 -343008529.3205664 -31704111.079515442
2461136.401762790 -120433637.17273779 -343048852.2103967 -31707753.70964879
2461136.402457234 -120437436.8804819 -343089164.8717024 -31711395.49424814
2461136.403151678 -120441235.2883051 -343129467.3063632 -31715036.43362946
2461136.403846123 -120445032.39996639 -343169759.516257 -31718676.52810838
2461136.404540567 -120448828.21922909 -343210041.5032603 -31722315.77800047
2461136.405235012 -120452622.7498606 -343250313.269247 -31725954.1836219
2461136.405929456 -120456415.9956328 -343290574.8160896 -31729591.74528846
2461136.406623900 -120460207.96032211 -343330826.1456589 -31733228.463316448
2461136.407318345 -120463998.6477089 -343371067.2598233 -31736864.338022117
2461136.408012789 -120467788.0615782 -343411298.16044974 -31740499.36972145
2461136.408707234 -120471576.2057192 -343451518.8494032 -31744133.55873122
2461136.409401678 -120475363.08392559 -343491729.32854664 -31747766.90536796
2461136.410096123 -120479148.69999559 -343531929.59974086 -31751399.409948338
2461136.410790567 -120482933.0577316 -343572119.6648455 -31755031.072788958
2461136.411485012 -120486716.1609405 -343612299.525718 -31758661.89420682
2461136.412179456 -120490498.0134338 -343652469.1842137 -31762291.87451881
2461136.412873900 -120494278.6190272 -343692628.64218616 -31765921.014042187
2461136.413568345 -120498057.9815409 -343732777.90148705 -31769549.313094098
2461136.414262789 -120501836.1047998 -343772916.9639665 -31773176.771991942
2461136.414957234 -120505612.992633 -343813045.831472 -31776803.391052987
2461136.415651678 -120509388.6488744 -343853164.50584984 -31780429.17059503
2461136.416346123 -120513163.0773623 -343893272.9889443 -31784054.11093538
2461136.417040567 -120516936.2819393 -343933371.28259706 -31787678.21239225
2461136.417735012 -120520708.266453 -343973459.388649 -31791301.475283273
2461136.418429456 -120524479.0347551 -344013537.30893826 -31794923.89992671
2461136.419123901 -120528248.5907023 -344053605.0453015 -31798545.48664048
2461136.419818345 -120532016.9381555 -344093662.5995731 -31802166.2357428
2461136.420512789 -120535784.0809804 -344133709.9735859 -31805786.14755225
2461136.421207234 -120539550.0230474 -344173747.16917086 -31809405.2223872
2461136.421901678 -120543314.7682313 -344213774.1881566 -31813023.4605664
2461136.422596123 -120547078.3204117 -344253791.03237003 -31816640.86240855
2461136.423290567 -120550840.6834729 -344293797.7036366 -31820257.4282323
2461136.423985011 -120554601.8612944 -344333794.2036804 -31823873.158348173
2461136.424679456 -120558361.8577618 -344373780.5342369 -31827488.053067032
2461136.425373901 -120562120.67682141 -344413756.6976378 -31831102.11275474
2461136.426068345 -120565878.32236941 -344453722.69562674 -31834715.33772393
2461136.426762789 -120569634.7977462 -344493678.5239833 -31838327.7277482
2461136.427457234 -120573390.1064536 -344533624.1801505 -31841939.28275195
2461136.428151678 -120577144.2550911 -344573559.69448286 -31845550.005636062
2461136.428846123 -120580897.247136 -344613485.0640594 -31849159.89629271
2461136.429540567 -120584649.0813818 -344653400.2360647 -31852768.95010228
2461136.430235012 -120588399.7606943 -344693305.200964 -31856377.16635954
2461136.430929456 -120592149.3022268 -344733200.1011948 -31859984.558101527
2461136.431623900 -120595897.7082173 -344773084.9204435 -31863591.12401075
2461136.432318345 -120599644.96603121 -344812959.4840754 -31867196.84845336
2461136.433012790 -120603391.0738173 -344852823.7321294 -31870801.726164408
2461136.433707234 -120607136.06011711 -344892677.9280283 -31874405.78112326
2461136.434401678 -120610879.9485495 -344932522.2827984 -31878009.03257314
2461136.435096123 -120614622.7064152 -344972356.4080393 -31881611.4455494
2461136.435790567 -120618364.3162306 -345012180.0771795 -31885212.999720078
2461136.436485012 -120622104.8189997 -345051993.6861045 -31888813.73104647
2461136.437179456 -120625844.24454509 -345091797.5116928 -31892413.664731372
2461136.437873900 -120629582.550547 -345131591.0628475 -31896012.75651912
2461136.438568345 -120633319.7617557 -345171374.5623428 -31899611.02671937
2461136.439262789 -120637055.8720884 -345211147.90466815 -31903208.46594962
2461136.439957234 -120640790.85493189 -345250910.7656895 -31906805.04505253
2461136.440651678 -120644524.75247689 -345290663.58188707 -31910400.80557471
2461136.441346123 -120648257.54939179 -345330406.61540765 -31913995.80290655
2461136.442040567 -120651989.30537541 -345370139.4235605 -31917589.92702604
2461136.442735012 -120655718.87877041 -345409862.39853686 -31921184.06381014
2461136.443429456 -120659449.24550849 -345449574.264136 -31924775.87456958
2461136.444123900 -120663166.9158553 -345489282.9629889 -31928376.312979702
2461136.444818345 -120666903.51216081 -345528970.1014622 -31931959.74925303
2461136.445512789 -120670420.41416809 -345568771.22621095 -31935719.21940571
2461136.446207234 -120673917.2454804 -345608573.9934572 -31939494.91186684
2461136.446901678 -120677955.1361883 -345648059.9052903 -31942833.971737962
2461136.447596123 -120681932.43266179 -345687569.3032707 -31946219.92520495
2461136.448290567 -120685329.83096461 -345727396.4168446 -31950070.90303897
2461136.448985012 -120688779.73728591 -345767183.16458786 -31953878.06781777
2461136.449679456 -120692547.3160236 -345806779.3336416 -31957427.95271341
2461136.450373901 -120696291.4755785 -345846378.0566634 -31960994.997704912
2461136.451068345 -120699952.7288323 -345886012.9861187 -31964627.018734872
2461136.451762789 -120703628.5591505 -345925628.9929856 -31968245.68118283
2461136.452457234 -120707339.3502492 -345965214.55128217 -31971834.60517551
2461136.453151678 -120711048.694841 -346004790.25540614 -31975423.0508481
2461136.453846123 -120714755.7002924 -346044356.61328363 -31979011.73741107
2461136.454540567 -120718461.9845737 -346083912.71569276 -31982599.37146242
2461136.455235011 -120722167.82207909 -346123458.41179645 -31986185.73664248
2461136.455929456 -120725872.6585327 -346162994.0185219 -31989771.28091289
2461136.456623901 -120729576.49805929 -346202519.5375995 -31993356.00459868
2461136.457318345 -120733279.344789 -346242034.9707579 -31996939.90802497
2461136.458012789 -120736981.2028576 -346281540.3197234 -32000522.991517153
2461136.458707234 -120740682.0764059 -346321035.5862202 -32004105.255400598
2461136.459401678 -120744381.9695804 -346360520.7719704 -32007686.70000102
2461136.460096123 -120748080.8865329 -346399995.8786943 -32011267.32564425
2461136.460790567 -120751778.831421 -346439460.9081099 -32014847.13265624
2461136.461485012 -120755475.80840729 -346478915.8619333 -32018426.1213631
2461136.462179456 -120759171.82166031 -346518360.7418787 -32022004.29209115
2461136.462873900 -120762866.87535371 -346557795.5496579 -32025581.64516682
2461136.463568345 -120766560.9736672 -346597220.2869811 -32029158.18091651
2461136.464262790 -120770254.12078549 -346636634.95555574 -32032733.89966726
2461136.464957234 -120773946.3208993 -346676039.5570879 -32036308.80174607
2461136.465651678 -120777637.57820469 -346715434.0932814 -32039882.88747973
2461136.466346123 -120781327.8969032 -346754818.56583756 -32043456.15719569
2461136.467040567 -120785017.28120239 -346794192.9764563 -32047028.61122121
2461136.467735012 -120788705.73531531 -346833557.326835 -32050600.24988408
2461136.468429456 -120792393.2634604 -346872911.61866885 -32054171.07351203
2461136.469123900 -120796079.8698619 -346912255.85365176 -32057741.08243277
2461136.469818345 -120799765.55875 -346951590.0334749 -32061310.276974652
2461136.470512789 -120803450.3343604 -346990914.1598271 -32064878.65746584
2461136.471207234 -120807134.2009345 -347030228.2343955 -32068446.22423471
2461136.471901678 -120810817.1627193 -347069532.2588654 -32072012.97760996
2461136.472596123 -120814499.2239679 -347108826.2349196 -32075578.91792027
2461136.473290567 -120818180.3889389 -347148110.164239 -32079144.04549461
2461136.473985012 -120821860.66189681 -347187384.0485022 -32082708.360662133
2461136.474679456 -120825540.04711199 -347226647.8893856 -32086271.86375218
2461136.475373900 -120829218.5488605 -347265901.6885641 -32089834.55509419
2461136.476068345 -120832896.1714243 -347305145.4477101 -32093396.435017638
2461136.476762789 -120836572.9190912 -347344379.1684935 -32096957.50385264
2461136.477457234 -120840248.796155 -347383602.8525828 -32100517.76192879
2461136.478151678 -120843923.80691521 -347422816.5016439 -32104077.20957667
2461136.478846123 -120847597.95567739 -347462020.1173408 -32107635.84712631
2461136.479540567 -120851271.24675299 -347501213.7013351 -32111193.67490867
2461136.480235012 -120854943.68445951 -347540397.25528693 -32114750.69325404
2461136.480929456 -120858615.2731201 -347579570.7808532 -32118306.90249344
2461136.481623901 -120862286.0170643 -347618734.2796896 -32121862.30295818
2461136.482318345 -120865955.9206275 -347657887.7534497 -32125416.89497893
2461136.483012789 -120869624.9881509 -347697031.203784 -32128970.67888782
2461136.483707234 -120873293.2239821 -347736164.6323418 -32132523.65501608
2461136.484401678 -120876960.6324745 -347775288.04077 -32136075.823695593
2461136.485096123 -120880627.2179877 -347814401.4307133 -32139627.18525834
2461136.485790567 -120884292.9848873 -347853504.8038136 -32143177.74003666
2461136.486485011 -120887957.9375453 -347892598.161712 -32146727.4883627
2461136.487179456 -120891622.0803394 -347931681.50604624 -32150276.430569228
2461136.487873901 -120895285.4176536 -347970754.83845264 -32153824.56698873
2461136.488568345 -120898947.9538784 -348009818.16056484 -32157371.89795436
2461136.489262789 -120902609.69341001 -348048871.4740143 -32160918.423799288
2461136.489957234 -120906270.64065109 -348087914.7804311 -32164464.144856744
2461136.490651678 -120909930.80001049 -348126948.08144224 -32168009.06145992
2461136.491346123 -120913590.17590341 -348165971.3786726 -32171553.173943218
2461136.492040567 -120917248.77275121 -348204984.6737453 -32175096.482640043
2461136.492735012 -120920906.59498149 -348243987.9682814 -32178638.987884592
2461136.493429456 -120924563.6470281 -348282981.263899 -32182180.69001121
2461136.494123900 -120928219.9333314 -348321964.5622148 -32185721.589354392
2461136.494818345 -120931875.4583381 -348360937.86484283 -32189261.68624865
2461136.495512790 -120935530.22650109 -348399901.1733948 -32192800.98102921
2461136.496207234 -120939184.24227981 -348438854.4894808 -32196339.47403089
2461136.496901678 -120942837.5101398 -348477797.81470823 -32199877.165589
2461136.497596123 -120946490.0345534 -348516731.1506822 -32203414.05603911
2461136.498290567 -120950141.8199992 -348555654.49900585 -32206950.14571695
2461136.498985012 -120953792.87096229 -348594567.8612804 -32210485.43495825
2461136.499679456 -120957443.1919341 -348633471.2391043 -32214019.924099218
2461136.500373900 -120959066.6819943 -348673181.78692096 -32220656.944113992
2461136.501068345 -120962718.24016519 -348712065.3068601 -32224190.37234614
2461136.501762789 -120966369.0830661 -348750938.8533273 -32227723.0035753
2461136.502457234 -120970019.21480809 -348789802.428285 -32231254.83491845
2461136.503151678 -120973668.639848 -348828656.03197765 -32234785.8635677
2461136.503846123 -120977317.36311659 -348867499.6642769 -32238316.088401012
2461136.504540567 -120980965.38768171 -348906333.3257039 -32241845.50673464
2461136.505235012 -120984612.7118883 -348945157.0173183 -32245374.10884448
2461136.505929456 -120988259.3480704 -348983970.7413838 -32248901.90767916
2461136.506623900 -120991905.3007825 -349022774.4997139 -32252428.90372904
2461136.507318345 -120995550.5747172 -349061568.2940956 -32255955.097759522
2461136.508012789 -120999195.174404 -349100352.1265181 -32259480.49030815
2461136.508707234 -121002839.1043362 -349139125.99868935 -32263005.081869893
2461136.509401678 -121006482.3690323 -349177889.9124492 -32266528.87295904
2461136.510096123 -121010124.9730506 -349216643.86953866 -32270051.86413796
2461136.510790567 -121013766.9211092 -349255387.8711882 -32273574.056142397
2461136.511485012 -121017408.2177988 -349294121.91916656 -32277095.44954443
2461136.512179456 -121021048.8676582 -349332846.0152709 -32280616.04484402
2461136.512873901 -121024688.8752265 -349371560.16120946 -32284135.84254323
2461136.513568345 -121028328.2451694 -349410264.35845673 -32287654.84327481
2461136.514262789 -121031966.982225 -349448958.6078324 -32291173.04754365
2461136.514957234 -121035605.0884795 -349487642.91065234 -32294690.453360718
2461136.515651678 -121039242.5592262 -349526317.2679687 -32298207.05233407
2461136.516346123 -121042879.4095961 -349564981.6786126 -32301722.85431501
2461136.517040567 -121046515.6447147 -349603636.1421103 -32305237.86024349
2461136.517735011 -121050151.2707409 -349642280.6591034 -32308752.0720988
2461136.518429456 -121053786.2927856 -349680915.23120975 -32312265.49074461
2461136.519123901 -121057420.7155529 -349719539.8597299 -32315778.11655978
2461136.519818345 -121061054.5437206 -349758154.54642844 -32319289.949866258
2461136.520512789 -121064687.7821214 -349796759.29274035 -32322800.99111305
2461136.521207234 -121068320.43617809 -349835354.10040975 -32326311.24123112
2461136.521901678 -121071952.5106972 -349873938.9711286 -32329820.700643793
2461136.522596123 -121075584.0103793 -349912513.9063216 -32333329.36967576
2461136.523290567 -121079214.939952 -349951078.9075296 -32336837.248673532
2461136.523985012 -121082845.30429159 -349989633.9762842 -32340344.33809374
2461136.524679456 -121086475.1087427 -350028179.11392075 -32343850.63871545
2461136.525373900 -121090104.3581005 -350066714.3190244 -32347356.15182135
2461136.526068345 -121093733.0570865 -350105239.5818556 -32350860.881362688
2461136.526762790 -121097361.2105286 -350143754.9181404 -32354364.82321315
2461136.527457234 -121100988.823266 -350182260.3290858 -32357867.977708623
2461136.528151678 -121104615.9008262 -350220755.81615597 -32361370.34615094
2461136.528846123 -121108242.4482705 -350259241.3822759 -32364871.93062271
2461136.529540567 -121111868.4697022 -350297717.0313996 -32368372.73291328
2461136.530235012 -121115493.968362 -350336182.76751155 -32371872.75357296
2461136.530929456 -121119118.9475696 -350374638.5935694 -32375371.99244878
2461136.531623900 -121122743.4112974 -350413084.5119635 -32378870.45003234
2461136.532318345 -121126367.3643918 -350451520.5241219 -32382368.12678337
2461136.533012789 -121129990.8117992 -350489946.6314701 -32385865.02314279
2461136.533707234 -121133613.7582734 -350528362.8356494 -32389361.13939689
2461136.534401678 -121137236.20856391 -350566769.1379614 -32392856.47596899
2461136.535096123 -121140858.16731149 -350605165.54002273 -32396351.03373558
2461136.535790567 -121144479.638148 -350643552.04378664 -32399844.81576299
2461136.536485012 -121148100.6213969 -350681928.6536122 -32403337.832978982
2461136.537179456 -121151721.1276334 -350720295.3675058 -32406830.07246703
2461136.537873900 -121155341.1616579 -350758652.1868405 -32410321.53465645
2461136.538568345 -121158960.7279766 -350796999.11262923 -32413812.220248017
2461136.539262789 -121162579.8314472 -350835336.1463421 -32417302.129642207
2461136.539957234 -121166198.4769689 -350873663.2893717 -32420791.2631842
2461136.540651678 -121169816.66945389 -350911980.5432175 -32424279.621225372
2461136.541346123 -121173434.4137124 -350950287.9091152 -32427767.20416869
2461136.542040567 -121177051.7141964 -350988585.3876716 -32431254.0126239
2461136.542735012 -121180668.5757811 -351026872.98023325 -32434740.04697269
2461136.543429456 -121184285.0034033 -351065150.6881994 -32438225.307560742
2461136.544123901 -121187901.00201671 -351103418.5130515 -32441709.79474232
2461136.544818345 -121191516.5764499 -351141676.4559033 -32445193.50890048
2461136.545512789 -121195131.7311158 -351179924.5170537 -32448676.45056544
2461136.546207234 -121198746.46976699 -351218162.6984455 -32452158.62280305
2461136.546901678 -121202360.7928685 -351256391.00420094 -32455640.03655767
2461136.547596123 -121205974.7110752 -351294609.4323774 -32459120.67889243
2461136.548290567 -121209588.2292644 -351332817.9840645 -32462600.55018235
2461136.548985011 -121213201.3519507 -351371016.6597363 -32466079.650937643
2461136.549679456 -121216814.0840652 -351409205.4604693 -32469557.98150944
2461136.550373901 -121220426.4306447 -351447384.38784194 -32473035.54226499
2461136.551068345 -121224038.3967071 -351485553.4431499 -32476512.33354649
2461136.551762789 -121227649.9872303 -351523712.6278084 -32479988.3557554
2461136.552457234 -121231261.20689781 -351561861.94229066 -32483463.60937841
2461136.553151678 -121234872.0607237 -351600001.3881403 -32486938.0948035
2461136.553846123 -121238482.5502764 -351638130.9721747 -32490411.81181991
2461136.554540567 -121242092.67633991 -351676250.70285374 -32493884.76011661
2461136.555235012 -121245702.4438604 -351714360.5814591 -32497356.94005644
2461136.555929456 -121249311.8577997 -351752460.6093446 -32500828.35219128
2461136.556623900 -121252920.9220855 -351790550.7885583 -32504298.999594122
2461136.557318345 -121256529.6372982 -351828631.12311083 -32507768.8932068
2461136.558012790 -121260138.01422639 -351866701.6111232 -32511238.02010603
2461136.558707234 -121263746.0580443 -351904762.2537753 -32514706.380690012
2461136.559401678 -121267353.77752939 -351942813.04706734 -32518173.97611153
2461136.560096123 -121270961.1818751 -351980853.9857358 -32521640.80738234
2461136.560790567 -121274568.27637029 -352018885.0711487 -32525106.87489637
2461136.561485012 -121278175.0661469 -352056906.30444586 -32528572.1789892
2461136.562179456 -121281781.55639851 -352094917.6873043 -32532036.72008363
2461136.562873900 -121285387.752308 -352132919.22112393 -32535500.49871093
2461136.563568345 -121288993.6590598 -352170910.9073065 -32538963.515253227
2461136.564262789 -121292599.2818504 -352208892.7473009 -32542425.77007662
2461136.564957234 -121296204.6258764 -352246864.7424582 -32545887.263538748
2461136.565651678 -121299809.6963502 -352284826.8941811 -32549347.996037472
2461136.566346123 -121303414.4985014 -352322779.2038613 -32552807.96809451
2461136.567040567 -121307019.0364168 -352360721.6736617 -32556267.182796292
2461136.567735012 -121310623.3108106 -352398654.3076129 -32559725.65109456
2461136.568429456 -121314227.3325884 -352436577.1036645 -32563183.36005851
2461136.569123900 -121317831.10702871 -352474490.06329876 -32566640.31009522
2461136.569818345 -121321434.63948159 -352512393.1880651 -32570096.50174016
2461136.570512789 -121325037.9352435 -352550286.47951573 -32573551.93539282
2461136.571207234 -121328640.9995808 -352588169.93888116 -32577006.61140496
2461136.571901678 -121332243.8377816 -352626043.56752497 -32580460.530140802
2461136.572596123 -121335846.45519139 -352663907.3669616 -32583913.6920137
2461136.573290567 -121339448.857318 -352701761.33905643 -32587366.097592782
2461136.573985012 -121343051.04950221 -352739605.4852353 -32590817.747269258
2461136.574679456 -121346653.0370664 -352777439.8068348 -32594268.64140715
2461136.575373901 -121350254.8253382 -352815264.3051433 -32597718.780366782
2461136.576068345 -121353856.41972171 -352853078.9817393 -32601168.164570842
2461136.576762789 -121357457.82579501 -352890883.8384434 -32604616.79458991
2461136.577457234 -121361059.0477989 -352928678.8773632 -32608064.67351399
2461136.578151678 -121364660.08658971 -352966464.10256964 -32611511.81230714
2461136.578846123 -121368260.9532099 -353004239.5119821 -32614958.19804411
2461136.579540567 -121371861.6530829 -353042005.1069426 -32618403.83112956
2461136.580235011 -121375462.19181341 -353079760.8893072 -32621848.71214392
2461136.580929456 -121379062.57482469 -353117506.86037415 -32625292.84147326
2461136.581623901 -121382662.8075355 -353155243.02149487 -32628736.21948877
2461136.582318345 -121386262.8953746 -353192969.3740236 -32632178.846562512
2461136.583012789 -121389862.843809 -353230685.91923624 -32635620.723098468
2461136.583707234 -121393462.6584887 -353268392.658868 -32639061.849678762
2461136.584401678 -121397062.344893 -353306089.59428865 -32642502.22670003
2461136.585096123 -121400661.90848011 -353343776.7267526 -32645941.854527872
2461136.585790567 -121404261.3547294 -353381454.0576355 -32649380.73353947
2461136.586485012 -121407860.6891707 -353419121.5882422 -32652818.86414754
2461136.587179456 -121411459.91756819 -353456779.3204437 -32656256.2469672
2461136.587873900 -121415059.04430291 -353494427.2562449 -32659692.88509325
2461136.588568345 -121418658.07036349 -353532065.3995902 -32663128.78948588
2461136.589262790 -121422257.0069351 -353569693.74836427 -32666563.94722358
2461136.589957234 -121425855.85961649 -353607312.3040064 -32669998.358744178
2461136.590651678 -121429454.6342423 -353644921.0683685 -32673432.024684023
2461136.591346123 -121433053.3363824 -353682520.0426652 -32676864.94542532
2461136.592040567 -121436651.97160809 -353720109.2282642 -32680297.12136168
2461136.592735012 -121440250.5454846 -353757688.6263589 -32683728.552872557
2461136.593429456 -121443849.0636239 -353795258.2383062 -32687159.24035377
2461136.594123900 -121447447.53177421 -353832818.0653588 -32690589.18441478
2461136.594818345 -121451045.9555715 -353870368.10874856 -32694018.38553039
2461136.595512789 -121454644.3406108 -353907908.36982167 -32697446.84400391
2461136.596207234 -121458242.6924961 -353945438.84993976 -32700874.560131777
2461136.596901678 -121461841.0168964 -353982959.5498799 -32704301.53454424
2461136.597596123 -121465439.3194807 -354020470.47056574 -32707727.7677852
2461136.598290567 -121469037.60453391 -354057971.6164537 -32711153.26146719
2461136.598985012 -121472635.872581 -354095462.9973393 -32714578.022436358
2461136.599679456 -121476234.1351569 -354132944.6079141 -32718002.0375413
2461136.600373900 -121479832.39855321 -354170416.4496545 -32721425.3059414
2461136.601068345 -121483430.66804649 -354207878.5226401 -32724847.82964383
2461136.601762789 -121487028.948882 -354245330.8259718 -32728269.61191127
2461136.602457234 -121490627.2471939 -354282773.358407 -32731690.65498641
2461136.603151678 -121494225.5689169 -354320206.12015903 -32735110.95973436
2461136.603846123 -121497823.9197122 -354357629.11201936 -32738530.52648145
2461136.604540567 -121501422.3051132 -354395042.33410543 -32741949.355301
2461136.605235012 -121505020.7308421 -354432445.7874456 -32745367.44655044
2461136.605929456 -121508619.2026467 -354469839.47312737 -32748784.80061266
2461136.606623901 -121512217.72629611 -354507223.3923214 -32752201.417853527
2461136.607318345 -121515816.30754389 -354544597.5460685 -32755617.29861374
2461136.608012789 -121519414.95197299 -354581961.9340376 -32759032.443031628
2461136.608707234 -121523013.6642187 -354619316.55799276 -32762446.854160268
2461136.609401678 -121526612.4455776 -354656661.421823 -32765860.54297259
2461136.610096123 -121530211.30752881 -354693996.5232013 -32769273.49655234
2461136.610790567 -121533810.2559102 -354731321.8632723 -32772685.71526323
2461136.611485011 -121537409.29646121 -354768637.4417762 -32776097.19928648
2461136.612179456 -121541008.4350388 -354805943.2598666 -32779507.948994353
2461136.612873901 -121544607.6775078 -354843239.3186857 -32782917.964767445
2461136.613568345 -121548207.0297424 -354880525.6193578 -32786327.246985827
2461136.614262789 -121551806.49764259 -354917802.1628861 -32789735.796010938
2461136.614957234 -121555406.0871359 -354955068.9493465 -32793143.612093408
2461136.615651678 -121559005.8041407 -354992325.9797377 -32796550.695600722
2461136.616346123 -121562605.6545731 -355029573.2552379 -32799957.046918977
2461136.617040567 -121566205.6443568 -355066810.7770003 -32803362.666432045
2461136.617735012 -121569805.7794943 -355104038.5459668 -32806767.55451279
2461136.618429456 -121573406.0660885 -355141256.5623679 -32810171.71146336
2461136.619123900 -121577006.50890751 -355178464.8278964 -32813575.140341368
2461136.619818345 -121580607.1094914 -355215663.3463152 -32816977.85213968
2461136.620512790 -121584207.87953809 -355252852.1155114 -32820379.83397441
2461136.621207234 -121587808.82445431 -355290031.1364224 -32823781.08608695
2461136.621901678 -121591409.9486893 -355327200.40997213 -32827181.608481858
2461136.622596123 -121595011.256147 -355364359.9388401 -32830581.401211377
2461136.623290567 -121598612.75189349 -355401509.725834 -32833980.46458146
2461136.623985012 -121602214.4418463 -355438649.7730327 -32837378.799022824
2461136.624679456 -121605816.3319578 -355475780.0815472 -32840776.40489381
2461136.625373900 -121609418.4278864 -355512900.6524359 -32844173.28245091
2461136.626068345 -121613020.7356612 -355550011.4868718 -32847569.43207368
2461136.626762789 -121616623.2613788 -355587112.5860841 -32850964.85416399
2461136.627457234 -121620226.011135 -355624203.9510694 -32854359.54910508
2461136.628151678 -121623799.1701588 -355661296.19498676 -32857706.90819093
2461136.628846123 -121627306.553146 -355698402.1984253 -32860950.36612787
2461136.629540567 -121630814.178238 -355735498.4721895 -32864193.100966018
2461136.630235012 -121634322.0525148 -355772585.0173717 -32867435.12466004
2461136.630929456 -121637830.182723 -355809661.8299125 -32870676.423135083
2461136.631623900 -121641338.5772644 -355846728.90909874 -32873916.99712799
2461136.632318345 -121644847.2432518 -355883786.2550389 -32877156.84713582
2461136.633012789 -121648356.1869631 -355920833.8686761 -32880395.97357021
2461136.633707234 -121651865.41440499 -355957871.7510877 -32883634.37679848
2461136.634401678 -121655374.93190631 -355994899.9033926 -32886872.0572559
2461136.635096123 -121658884.7455612 -356031918.3263356 -32890109.015296176
2461136.635790567 -121662394.86092989 -356068927.0205167 -32893345.25112968
2461136.636485012 -121665905.2841916 -356105925.986781 -32896580.76513365
2461136.637179456 -121669416.0216319 -356142915.22618234 -32899815.55772279
2461136.637873901 -121672927.0794958 -356179894.73972666 -32903049.62929827
2461136.638568345 -121676438.46399319 -356216864.5285245 -32906282.98025114
2461136.639262789 -121679950.1810819 -356253824.59356755 -32909515.610880356
2461136.639957234 -121683462.2358645 -356290774.9364986 -32912747.52427444
2461136.640651678 -121686974.6301315 -356327715.56103003 -32915978.731447022
2461136.641346123 -121690487.3759032 -356364646.4649278 -32919209.21951749
2461136.642040567 -121694000.4794897 -356401567.64920527 -32922438.988879576
2461136.642735011 -121697513.9471561 -356438479.11552745 -32925668.039921388
2461136.643429456 -121701027.7852572 -356475380.8649566 -32928896.373050172
2461136.644123901 -121704542.00017521 -356512272.8985152 -32932123.988680497
2461136.644818345 -121708056.5982967 -356549155.2171456 -32935350.887220606
2461136.645512789 -121711571.5860329 -356586027.8220377 -32938577.069087572
2461136.646207234 -121715086.96982521 -356622890.71500707 -32941802.53470577
2461136.646901678 -121718602.7561031 -356659743.897107 -32945027.284488052
2461136.647596123 -121722118.9513177 -356696587.3694089 -32948251.318857227
2461136.648290567 -121725635.5619096 -356733421.1327409 -32951474.63821573
2461136.648985012 -121729152.5943737 -356770245.1883599 -32954697.2429937
2461136.649679456 -121732670.0552748 -356807059.53813404 -32957919.133637507
2461136.650373900 -121736187.9499542 -356843864.1837104 -32961140.313256625
2461136.651068345 -121739706.2803904 -356880659.1287163 -32964360.792870022
2461136.651762790 -121743225.0587976 -356917444.37092364 -32967580.559609726
2461136.652457234 -121746744.29170111 -356954219.9112932 -32970799.613885246
2461136.653151678 -121750263.9856656 -356990985.75134027 -32974017.95612088
2461136.653846123 -121753784.14726281 -357027741.8921981 -32977235.58674713
2461136.654540567 -121757304.7830654 -357064488.33482337 -32980452.50618522
2461136.655235012 -121760825.8996439 -357101225.080013 -32983668.71484334
2461136.655929456 -121764347.5036204 -357137952.1289622 -32986884.213157587
2461136.656623900 -121767869.601662 -357174669.4832122 -32990099.00156813
2461136.657318345 -121771392.2003951 -357211377.1437157 -32993313.080494985
2461136.658012789 -121774915.30645859 -357248075.11141557 -32996526.450362522
2461136.658707234 -121778438.92651011 -357284763.3873051 -32999739.11160049
2461136.659401678 -121781963.0672198 -357321441.9723153 -33002951.064627923
2461136.660096123 -121785487.73535569 -357358110.8680904 -33006162.30990547
2461136.660790567 -121789012.93646011 -357394770.0762305 -33009372.85055408
2461136.661485012 -121792538.6727038 -357431419.60024756 -33012582.69759566
2461136.662179456 -121796064.95650099 -357468059.4378602 -33015791.83817057
2461136.662873900 -121799591.79461901 -357504689.59005785 -33019000.27271041
2461136.663568345 -121803119.1940164 -357541310.0586915 -33022208.00171174
2461136.664262789 -121806647.1614812 -357577920.8447947 -33025415.025613133
2461136.664957234 -121810175.7037877 -357614521.9492675 -33028621.34484414
2461136.665651678 -121813704.827725 -357651113.37301755 -33031826.95983589
2461136.666346123 -121817234.5401178 -357687695.1170159 -33035031.87102264
2461136.667040567 -121820764.8479187 -357724267.1828539 -33038236.07888201
2461136.667735012 -121824295.7579655 -357760829.5714111 -33041439.58384359
2461136.668429456 -121827827.27710791 -357797382.28362924 -33044642.386345115
2461136.669123901 -121831359.4122033 -357833925.3203794 -33047844.48681913
2461136.669818345 -121834892.170104 -357870458.6824429 -33051045.88568637
2461136.670512789 -121838425.557668 -357906982.37091446 -33054246.583378293
2461136.671207234 -121841959.5806278 -357943496.3872409 -33057446.583016746
2461136.671901678 -121845494.2413735 -357980000.73499197 -33060645.89564245
2461136.672596123 -121849029.5525082 -358016495.4116081 -33063844.508385256
2461136.673290567 -121852565.5209464 -358052980.4179345 -33067042.421675257
2461136.673985011 -121856102.1534918 -358089455.75455487 -33070239.635899786
2461136.674679456 -121859639.4570954 -358125921.4222555 -33073436.151488196
2461136.675373901 -121863177.4387374 -358162377.4218141 -33076631.968873393
2461136.676068345 -121866716.1054157 -358198823.754033 -33079827.088491306
2461136.676762789 -121870255.4640897 -358235260.4197259 -33083021.510772202
2461136.677457234 -121873795.5214404 -358271687.41868347 -33086215.236030497
2461136.678151678 -121877336.2844865 -358308104.75177276 -33089408.264706537
2461136.678846123 -121880877.7602869 -358344512.4198055 -33092600.597240888
2461136.679540567 -121884419.9559005 -358380910.4234357 -33095792.234061453
2461136.680235012 -121887962.8783578 -358417298.76342326 -33098983.17559909
2461136.680929456 -121891506.53443061 -358453677.4396827 -33102173.4221863
2461136.681623900 -121895050.9300403 -358490046.45353884 -33105362.976947255
2461136.682318345 -121898596.06779289 -358526405.80846494 -33108551.850929063
2461136.683012790 -121902141.9605156 -358562755.5018748 -33111740.031273577
2461136.683707234 -121905688.6153329 -358599095.53448486 -33114927.518415242
2461136.684401678 -121909236.0392313 -358635425.9066395 -33118114.31273908
2461136.685096123 -121912784.2393758 -358671746.61900246 -33121300.41467899
2461136.685790567 -121916333.2229681 -358708057.6722666 -33124485.824675214
2461136.686485012 -121919882.9972451 -358744359.0673255 -33127670.54318658
2461136.687179456 -121923433.5694201 -358780650.8047667 -33130854.570643533
2461136.687873900 -121926984.94671181 -358816932.8854295 -33134037.907490287
2461136.688568345 -121930537.1363751 -358853205.30996054 -33137220.554165658
2461136.689262789 -121934090.14569649 -358889468.0791099 -33140402.511120003
2461136.689957234 -121937643.98198341 -358925721.19367725 -33143583.778809007
2461136.690651678 -121941198.6525399 -358961964.6542693 -33146764.357671227
2461136.691346123 -121944754.1647225 -358998198.4618867 -33149944.248174958
2461136.692040567 -121948310.5247169 -359034422.61783206 -33153123.453461025
2461136.692735012 -121951867.7353567 -359070637.1254809 -33156301.984583393
2461136.693429456 -121955425.809701 -359106841.982172 -33159479.828692704
2461136.694123900 -121958980.2344589 -359143039.7649636 -33162656.4030905
2461136.694818345 -121962540.0580515 -359179225.3212481 -33165832.87441489
2461136.695512789 -121966100.767484 -359215401.2286619 -33169008.660072163
2461136.696207234 -121969662.3702416 -359251567.487902 -33172183.760519948
2461136.696901678 -121973224.8738723 -359287724.09966683 -33175358.17621884
2461136.697596123 -121976788.28566551 -359323871.06452066 -33178531.907606993
2461136.698290567 -121980352.6130742 -359360008.38273084 -33181704.955094762
2461136.698985012 -121983917.8634984 -359396136.0549024 -33184877.319129817
2461136.699679456 -121987484.0444733 -359432254.0817029 -33188049.00017161
2461136.700373901 -121991051.1635353 -359468362.4637931 -33191219.99867953
2461136.701068345 -121994619.22834781 -359504461.20168966 -33194390.31510268
2461136.701762789 -121998188.2459567 -359540550.29525745 -33197559.949802615
2461136.702457234 -122001758.2229263 -359576629.7457475 -33200728.905935664
2461136.703151678 -122005329.1623165 -359612699.5564416 -33203897.194563236
2461136.703846123 -122008901.0773177 -359648759.72464293 -33207064.802845214
2461136.704540567 -122012473.975751 -359684810.2508312 -33210231.73123544
2461136.705235011 -122016047.8646877 -359720851.1347304 -33213397.980086446
2461136.705929456 -122019622.75188279 -359756882.37687355 -33216563.5498568
2461136.706623901 -122023198.6451198 -359792903.9778908 -33219728.441016663
2461136.707318345 -122026775.5519103 -359828915.93836385 -33222892.65402324
2461136.708012789 -122030353.4801453 -359864918.25879806 -33226056.18933831
2461136.708707234 -122033932.4372132 -359900910.9391691 -33229219.047353487
2461136.709401678 -122037512.4308321 -359936893.97999597 -33232381.2285279
2461136.710096123 -122041093.4689101 -359972867.38188934 -33235542.73333715
2461136.710790567 -122044675.5590445 -360008831.1454047 -33238703.562241863
2461136.711485012 -122048258.7092789 -360044785.2712049 -33241863.715727713
2461136.712179456 -122051842.92732811 -360080729.7600634 -33245023.194278743
2461136.712873900 -122055428.22000049 -360116664.6132661 -33248182.00107237
2461136.713568345 -122059014.5906397 -360152589.8340211 -33251340.147181887
2461136.714262790 -122062602.05267039 -360188505.4195522 -33254497.619776636
2461136.714957234 -122066190.6142458 -360224411.37062544 -33257654.41935943
2461136.715651678 -122069780.28342289 -360260307.6886027 -33260810.546486814
2461136.716346123 -122073371.0681963 -360296194.3741337 -33263966.001646593
2461136.717040567 -122076962.9765273 -360332071.4277577 -33267120.78531571
2461136.717735012 -122080556.01638891 -360367938.8500077 -33270274.89797158
2461136.718429456 -122084150.1958252 -360403796.641601 -33273428.340112027
2461136.719123900 -122087745.5232222 -360439644.8039458 -33276581.11231281
2461136.719818345 -122091342.0065254 -360475483.3376485 -33279733.21505927
2461136.720512789 -122094939.6537012 -360511312.2432083 -33282884.64882811
2461136.721207234 -122098538.4731034 -360547131.521174 -33286035.414114043
2461136.721901678 -122102138.4725721 -360582941.17216426 -33289185.51140222
2461136.722596123 -122105739.66055849 -360618741.19742835 -33292334.941258714
2461136.723290567 -122109342.0439736 -360654531.5983637 -33295483.70713585
2461136.723985012 -122112945.6262365 -360690312.37892526 -33298631.821539022
2461136.724679456 -122116550.42127569 -360726083.5356725 -33301779.270625956
2461136.725373900 -122120156.4374023 -360761845.0692252 -33304926.05490111
2461136.726068345 -122123763.68289271 -360797596.9806569 -33308072.174911454
2461136.726762789 -122127372.166143 -360833339.2705359 -33311217.631159868
2461136.727457234 -122130981.8952419 -360869071.9392894 -33314362.424127664
2461136.728151678 -122134592.8785655 -360904794.98737746 -33317506.5543095
2461136.728846123 -122138205.1242736 -360940508.41535974 -33320650.022200286
2461136.729540567 -122141818.64087449 -360976212.22420716 -33323792.82834871
2461136.730235012 -122145433.4367565 -361011906.4143848 -33326934.97325602
2461136.730929456 -122149049.5202203 -361047590.98635787 -33330076.457412463
2461136.731623901 -122152666.89945729 -361083265.9405709 -33333217.281302866
2461136.732318345 -122156285.5830621 -361118931.2774319 -33336357.445442438
2461136.733012789 -122159905.57948211 -361154586.997836 -33339496.950368192
2461136.733707234 -122163526.89596781 -361190233.1031233 -33342635.79954543
2461136.734401678 -122167149.53635411 -361225869.5954703 -33345774.00514256
2461136.735096123 -122170773.51685521 -361261496.4700438 -33348911.552958038
2461136.735790567 -122174398.8484391 -361297113.7262659 -33352048.443250578
2461136.736485011 -122178025.5407737 -361332721.3646173 -33355184.676399563
2461136.737179456 -122181653.60252011 -361368319.3855187 -33358320.252901584
2461136.737873901 -122185283.0419273 -361403907.7893 -33361455.17328454
2461136.738568345 -122188913.8677486 -361439486.5763389 -33364589.43803758
2461136.739262789 -122192546.0883262 -361475055.7470198 -33367723.04766714
2461136.739957234 -122196179.712141 -361510615.30187106 -33370856.002810128
2461136.740651678 -122199814.7471416 -361546165.2411277 -33373988.303968325
2461136.741346123 -122203451.20140709 -361581705.5650409 -33377119.951626018
2461136.742040567 -122207089.08390869 -361617236.2739965 -33380250.9463076
2461136.742735012 -122210728.402836 -361652757.3683019 -33383381.28852022
2461136.743429456 -122214369.1663894 -361688268.8484629 -33386510.978846163
2461136.744123900 -122218011.3819792 -361723770.7138287 -33389640.020763822
2461136.744818345 -122221655.0544252 -361759262.96060187 -33392768.426468007
2461136.745512790 -122225300.1972144 -361794745.5942109 -33395896.181800295
2461136.746207234 -122228946.8186912 -361830218.6150897 -33399023.287258852
2461136.746901678 -122232594.9268081 -361865682.02381706 -33402149.74337841
2461136.747596123 -122236244.5306604 -361901135.8207078 -33405275.55069671
2461136.748290567 -122239895.6388794 -361936580.0060329 -33408400.709714655
2461136.748985012 -122243548.2599346 -361972014.580243 -33411525.220907062
2461136.749679456 -122247202.40238 -362007439.5437994 -33414649.08476836
2461136.750373900 -122250858.07492161 -362042854.8971785 -33417772.301862374
2461136.751068345 -122254515.28634909 -362078260.6406346 -33420894.87270685
2461136.751762789 -122258174.0456978 -362113656.7745408 -33424016.797811594
2461136.752457234 -122261834.361601 -362149043.2992579 -33427138.077661533
2461136.753151678 -122265496.2429716 -362184420.2150307 -33430258.712785073
2461136.753846123 -122269159.69874679 -362219787.52222514 -33433378.703752548
2461136.754540567 -122272824.7363974 -362255145.2207949 -33436498.053946458
2461136.755235012 -122276491.358773 -362290493.3091995 -33439616.77517052
2461136.755929456 -122280159.5823505 -362325831.7899352 -33442734.853760317
2461136.756623900 -122283829.4163124 -362361160.66328305 -33445852.290248606
2461136.757318345 -122287500.8694482 -362396479.92968017 -33448969.085171275
2461136.758012789 -122291173.9508844 -362431789.5894837 -33452085.23904071
2461136.758707234 -122294848.6697825 -362467089.6428897 -33455200.75238122
2461136.759401678 -122298525.0352253 -362502380.0900333 -33458315.625717398
2461136.760096123 -122302203.0563608 -362537660.9312874 -33461429.859560974
2461136.760790567 -122305882.7422456 -362572932.16709405 -33464543.454447586
2461136.761485012 -122309564.1003991 -362608193.79732543 -33467656.413736396
2461136.762179456 -122313247.1344576 -362643445.8213299 -33470768.748030424
2461136.762873901 -122316931.86194971 -362678688.2405829 -33473880.44317234
2461136.763568345 -122320618.29214899 -362713921.0553338 -33476991.499686897
2461136.764262789 -122324306.4344125 -362749144.2658187 -33480101.918138128
2461136.764957234 -122327996.297879 -362784357.8722253 -33483211.69905405
2461136.765651678 -122331687.87786381 -362819561.8902245 -33486320.84233755
2461136.766346123 -122335381.1671833 -362854756.3400129 -33489429.347671118
2461136.767040567 -122339076.1748129 -362889941.2219149 -33492537.215516858
2461136.767735011 -122342772.9099687 -362925116.5359977 -33495644.446448162
2461136.768429456 -122346471.384285 -362960282.2842281 -33498751.041027017
2461136.769123901 -122350171.6083605 -362995438.4677515 -33501856.99952433
2461136.769818345 -122353873.5914959 -363030585.08636767 -33504962.322301935
2461136.770512789 -122357577.34419459 -363065722.1404478 -33508067.010422207
2461136.771207234 -122361282.8896871 -363100849.61328316 -33511171.0651498
2461136.771901678 -122364990.2506077 -363135967.48472625 -33514274.48762828
2461136.772596123 -122368699.4371004 -363171075.75409776 -33517377.27842253
2461136.773290567 -122372410.45860049 -363206174.42123985 -33520479.4380713
2461136.773985012 -122376123.32517259 -363241263.4873044 -33523580.967026334
2461136.774679456 -122379838.0463869 -363276342.95377827 -33526681.865339663
2461136.775373900 -122383554.6323344 -363311412.8212885 -33529782.13324293
2461136.776068345 -122387273.0926266 -363346473.089844 -33532881.77125265
2461136.776762790 -122390993.4370257 -363381523.7593786 -33535980.779958803
2461136.777457234 -122394715.675374 -363416564.829883 -33539079.159915194
2461136.778151678 -122398439.8173198 -363451596.3013683 -33542176.9116354
2461136.778846123 -122402165.8727861 -363486618.1738059 -33545274.03568117
2461136.779540567 -122405893.85167669 -363521630.44714576 -33548370.532616735
2461136.780235012 -122409623.76387751 -363556633.12133765 -33551466.40299427
2461136.780929456 -122413355.6191694 -363591626.1963076 -33554561.64736192
2461136.781623900 -122417089.42763841 -363626609.6720413 -33557656.266274795
2461136.782318345 -122420825.1976675 -363661583.5504542 -33560750.2624185
2461136.783012789 -122424562.9329987 -363696547.8392735 -33563843.6447118
2461136.783707234 -122428302.65151781 -363731502.52860415 -33566936.40323398
2461136.784401678 -122432044.3629812 -363766447.6183077 -33570028.53853285
2461136.785096123 -122435788.0777127 -363801383.1083429 -33573120.05117316
2461136.785790567 -122439533.8056612 -363836308.9985723 -33576210.94171265
2461136.786485012 -122443281.5569457 -363871225.28886676 -33579301.210718304
2461136.787179456 -122447031.3416824 -363906131.9790856 -33582390.85875664
2461136.787873900 -122450783.170009 -363941029.06908464 -33585479.886392996
2461136.788568345 -122454537.0523185 -363975916.5587669 -33588568.29419703
2461136.789262789 -122458292.9985351 -364010794.4479301 -33591656.082724735
2461136.789957234 -122462051.0191268 -364045662.7364357 -33594743.25255869
2461136.790651678 -122465811.1241898 -364080521.42407864 -33597829.80426407
2461136.791346123 -122469573.32406479 -364115370.510682 -33600915.73841541
2461136.792040567 -122473337.6292537 -364150209.9960988 -33604001.055588245
2461136.792735012 -122477104.0497894 -364185039.8800805 -33607085.75634321
2461136.793429456 -122480872.5963476 -364219860.1624561 -33610169.84127217
2461136.794123901 -122484643.27910769 -364254670.8429704 -33613253.31094363
2461136.794818345 -122488416.1085826 -364289471.9214082 -33616336.1659395
2461136.795512789 -122492191.0951905 -364324263.3975438 -33619418.40683212
2461136.796207234 -122495968.2494642 -364359045.2711371 -33622500.03420575
2461136.796901678 -122499747.5819 -364393817.5419281 -33625581.04864258
2461136.797596123 -122503529.1029886 -364428580.2096431 -33628661.45072422
2461136.798290567 -122507312.8233294 -364463333.2740143 -33631741.24103833
2461136.798985011 -122511098.7534553 -364498076.7347647 -33634820.42016285
2461136.799679456 -122514886.90411131 -364532810.5916218 -33637898.98868759
2461136.800373901 -122518677.285873 -364567534.8442709 -33640976.94720165
2461136.801068345 -122522469.9093073 -364602249.4923819 -33644054.29629423
2461136.801762789 -122526264.785326 -364636954.53567123 -33647131.03655505
2461136.802457234 -122530061.92448081 -364671649.973796 -33650207.16856432
2461136.803151678 -122533861.3360758 -364706335.8084148 -33653282.695074074
2461136.803846123 -122537663.0247827 -364741012.0470114 -33656357.625037685
2461136.804540567 -122541467.0090277 -364775678.6794132 -33659431.948511414
2461136.805235012 -122545273.2996442 -364810335.7052235 -33662505.666161045
2461136.805929456 -122549081.9076608 -364844983.1241129 -33665578.778555736
2461136.806623900 -122552892.843742 -364879620.93569475 -33668651.286200814
2461136.807318345 -122556706.1197734 -364914249.13933444 -33671723.19035618
2461136.808012790 -122560521.7488605 -364948867.7336023 -33674794.492596254
2461136.808707234 -122564339.7451036 -364983476.7162729 -33677865.19325616
2461136.809401678 -122568160.12147869 -365018076.0853018 -33680935.29150372
2461136.810096123 -122571982.8894041 -365052665.8396368 -33684004.787122704
2461136.810790567 -122575808.06016451 -365087245.9788053 -33687073.680645585
2461136.811485012 -122579635.6446943 -365121816.5023671 -33690141.972732276
2461136.812179456 -122583465.6542266 -365156377.4098764 -33693209.66400104
2461136.812873900 -122587298.0998326 -365190928.7008357 -33696276.75503095
2461136.813568345 -122591132.9928825 -365225470.3747918 -33699343.24644957
2461136.814262789 -122594970.34438041 -365260002.4312245 -33702409.138869554
2461136.814957234 -122598810.1657786 -365294524.8696525 -33705474.43290756
2461136.815651678 -122602652.4681584 -365329037.6895337 -33708539.12916878
2461136.816346123 -122606497.26307051 -365363540.890386 -33711603.22828418
2461136.817040567 -122610344.5617067 -365398034.4716507 -33714666.73086367
2461136.817735012 -122614194.3754614 -365432518.4327864 -33717729.637527056
2461136.818429456 -122618046.71585451 -365466992.7732565 -33720791.94890244
2461136.819123900 -122621901.5941912 -365501457.4924714 -33723853.665605105
2461136.819818345 -122625759.0219163 -365535912.589858 -33726914.78825637
2461136.820512789 -122629619.01077229 -365570358.06487656 -33729975.31749457
2461136.821207234 -122633481.5719927 -365604793.91685694 -33733035.25392707
2461136.821901678 -122637346.7173978 -365639220.14512515 -33736094.598171405
2461136.822596123 -122641214.4582582 -365673636.74886227 -33739153.35079952
2461136.823290567 -122645084.8064975 -365708043.7273199 -33742211.51240272
2461136.823985012 -122648957.77626629 -365742441.07859164 -33745269.08505887
2461136.824679456 -122652833.3900211 -365776828.7976294 -33748326.075276636
2461136.825373901 -122656711.6460588 -365811206.8889588 -33751382.47615777
2461136.826068345 -122660592.55605489 -365845575.35175824 -33754438.28826101
2461136.826762789 -122664476.1317106 -365879934.1851968 -33757493.512129016
2461136.827457234 -122668362.3849366 -365914283.3884501 -33760548.1482874
2461136.828151678 -122672251.3276416 -365948622.9607029 -33763602.19730165
2461136.828846123 -122676142.9714853 -365982952.90108114 -33766655.659684405
2461136.829540567 -122680037.3285479 -366017273.2087486 -33769708.53592547
2461136.830235011 -122683934.4103939 -366051583.88317233 -33772760.82745499
2461136.830929456 -122687834.2274968 -366085884.9247641 -33775812.53689188
2461136.831623901 -122691736.7895754 -366120176.3349331 -33778863.666122854
2461136.832318345 -122695642.1061269 -366154458.1150133 -33781914.21526875
2461136.833012789 -122699550.1880769 -366188730.26538765 -33784964.18387657
2461136.833707234 -122703461.0469413 -366222992.78555006 -33788013.57209463
2461136.834401678 -122707374.6949755 -366257245.6746669 -33791062.38064371
2461136.835096123 -122711291.1446212 -366291488.9318978 -33794110.610275894
2461136.835790567 -122715210.4077868 -366325722.55641323 -33797158.26156792
2461136.836485012 -122719132.4968581 -366359946.547399 -33800205.335170545
2461136.837179456 -122723057.42418 -366394160.903988 -33803251.83178029
2461136.837873900 -122726985.2021125 -366428365.6253266 -33806297.75204974
2461136.838568345 -122730915.8427984 -366462560.7105161 -33809343.09661757
2461136.839262790 -122734849.35883 -366496746.1586886 -33812387.866166376
2461136.839957234 -122738785.76245129 -366530921.968916 -33815432.061354116
2461136.840651678 -122742725.0663827 -366565088.14032745 -33818475.682852715
2461136.841346123 -122746667.28294791 -366599244.67197186 -33821518.731323175
2461136.842040567 -122750612.42477861 -366633391.5629243 -33824561.207441255
2461136.842735012 -122754560.5043496 -366667528.8122223 -33827603.11187198
2461136.843429456 -122758511.5342637 -366701656.41890377 -33830644.44528703
2461136.844123900 -122762465.52723129 -366735774.3820052 -33833685.208363675
2461136.844818345 -122766422.49439749 -366769882.7025351 -33836725.403907366
2461136.845512789 -122770382.4423904 -366803981.3873246 -33839765.040962525
2461136.846207234 -122774345.3915076 -366838070.4255255 -33842804.10970649
2461136.846901678 -122778311.3546114 -366872149.81612384 -33845842.610822864
2461136.847596123 -122782280.34453301 -366906219.55808467 -33848880.54499294
2461136.848290567 -122786252.3741766 -366940279.65036404 -33851917.91290193
2461136.848985012 -122790227.45622471 -366974330.0918683 -33854954.71522465
2461136.849679456 -122794205.6039323 -367008370.88156646 -33857990.95266247
2461136.850373900 -122798186.8299336 -367042402.0183222 -33861026.625887446
2461136.851068345 -122802171.14751199 -367076423.50107294 -33864061.735601574
2461136.851762789 -122806158.56968871 -367110435.3286998 -33867096.28249472
2461136.852457234 -122810149.1094039 -367144437.50005406 -33870130.2672529
2461136.853151678 -122814142.7798525 -367178430.0140039 -33873163.69057406
2461136.853846123 -122818139.5941842 -367212412.86939275 -33876196.55315355
2461136.854540567 -122822139.5656885 -367246386.0650657 -33879228.855692886
2461136.855235012 -122826142.7074344 -367280349.59981745 -33882260.59888354
2461136.855929456 -122830149.0328426 -367314303.4724723 -33885291.783433236
2461136.856623901 -122834158.55526039 -367348247.68182576 -33888322.41004604
2461136.857318345 -122838171.2879043 -367382182.2266353 -33891352.479420014
2461136.858012789 -122842187.2441842 -367416107.1056679 -33894381.9922613
2461136.858707234 -122846206.4375518 -367450022.3176756 -33897410.94927862
2461136.859401678 -122850228.8815949 -367483927.8614101 -33900439.35118674
2461136.860096123 -122854254.5897269 -367517823.7355793 -33903467.19869204
2461136.860790567 -122858283.5754647 -367551709.9388857 -33906494.49250568
2461136.861485011 -122862315.8524123 -367585586.4700252 -33909521.23334244
2461136.862179456 -122866351.4342535 -367619453.32768434 -33912547.42192087
2461136.862873901 -122870390.33463629 -367653310.5105245 -33915573.05895787
2461136.863568345 -122874432.5673829 -367687158.0172115 -33918598.14517811
2461136.864262789 -122878478.1459885 -367720995.8463452 -33921622.68129093
2461136.864957234 -122882527.08439949 -367754823.996569 -33924646.66802641
2461136.865651678 -122886579.3949384 -367788642.4684873 -33927670.10824084
2461136.866346123 -122890635.0853998 -367822451.2685212 -33930693.011029415
2461136.867040567 -122894694.1771912 -367856250.3854069 -33933715.36661568
2461136.867735012 -122898756.684349 -367890039.8177179 -33936737.17573352
2461136.868429456 -122902822.62087451 -367923819.5640022 -33939758.43911467
2461136.869123900 -122906892.000881 -367957589.6228026 -33942779.15749623
2461136.869818345 -122910964.83839719 -367991349.9926282 -33945799.33161112
2461136.870512790 -122915041.147443 -368025100.6719667 -33948818.96219176
2461136.871207234 -122919120.9423448 -368058841.6593269 -33951838.04998477
2461136.871901678 -122923204.2373237 -368092572.9531822 -33954856.59573125
2461136.872596123 -122927291.04650189 -368126294.5519699 -33957874.6001681
2461136.873290567 -122931381.38416879 -368160006.45413023 -33960892.064039476
2461136.873985012 -122935475.2648019 -368193708.6581066 -33963908.988098405
2461136.874679456 -122939572.7026958 -368227401.1622962 -33966925.373089075
2461136.875373900 -122943673.71222581 -368261083.9650857 -33969941.21975919
2461136.876068345 -122947778.30791579 -368294757.06486005 -33972956.5288633
2461136.876762789 -122951886.5042838 -368328420.4599813 -33975971.30115565
2461136.877457234 -122955998.3159993 -368362074.1488104 -33978985.53739733
2461136.878151678 -122960113.7574045 -368395718.1296407 -33981999.238333784
2461136.878846123 -122964232.8433611 -368429352.4008153 -33985012.404734775
2461136.879540567 -122968355.5884033 -368462976.9606092 -33988025.0373545
2461136.880235012 -122972482.0074099 -368496591.8073228 -33991037.13696304
2461136.880929456 -122976612.1150922 -368530196.9392098 -33994048.70432263
2461136.881623900 -122980745.92624709 -368563792.3545137 -33997059.74019923
2461136.882318345 -122984883.45577101 -368597378.0514687 -34000070.24536317
2461136.883012789 -122989024.7186422 -368630954.0282968 -34003080.2205887
2461136.883707234 -122993169.7297189 -368664520.2831803 -34006089.66664407
2461136.884401678 -122997318.5039331 -368698076.8142886 -34009098.58430087
2461136.885096123 -123001471.0565546 -368731623.6198141 -34012106.97434624
2461136.885790567 -123005627.4026355 -368765160.6978957 -34015114.83755709
2461136.886485012 -123009787.55556561 -368798688.0486245 -34018122.17683455
2461136.887179456 -123013951.5247182 -368832205.67797494 -34021129.00134268
2461136.887873901 -123018119.33278191 -368865713.57419556 -34024135.30135958
2461136.888568345 -123022290.99509099 -368899211.7353689 -34027141.077674516
2461136.889262789 -123026466.527086 -368932700.15956753 -34030146.33108147
2461136.889957234 -123030645.9439664 -368966178.84480625 -34033151.062363304
2461136.890651678 -123034829.261308 -368999647.7891279 -34036155.272319876
2461136.891346123 -123039016.4944995 -369033106.990524 -34039158.96174252
2461136.892040567 -123043207.65900381 -369066556.4469724 -34042162.13142556
2461136.892735011 -123047402.77064931 -369099996.1564761 -34045164.78218022
2461136.893429456 -123051601.8448302 -369133426.1169531 -34048166.9147974
2461136.894123901 -123055804.8972844 -369166846.3263442 -34051168.5300838
2461136.894818345 -123060011.9437125 -369200256.7825591 -34054169.628844164
2461136.895512789 -123064222.9999193 -369233657.4834969 -34057170.21188806
2461136.896207234 -123068438.08169681 -369267048.4270292 -34060170.28002416
2461136.896901678 -123072657.204987 -369300429.6110226 -34063169.8340678
2461136.897596123 -123076880.3854931 -369333801.03328526 -34066168.87482328
2461136.898290567 -123081107.6394463 -369367162.6916718 -34069167.40311922
2461136.898985012 -123085338.982743 -369400514.5839643 -34072165.41976837
2461136.899679456 -123089574.4314459 -369433856.7079423 -34075162.92559111
2461136.900373900 -123093814.0017422 -369467189.0613757 -34078159.921413474
2461136.901068345 -123098057.70970179 -369500511.6419916 -34081156.40805576
2461136.901762790 -123102305.57160309 -369533824.4475193 -34084152.38634789
2461136.902457234 -123106557.60372859 -369567127.4756617 -34087147.857119694
2461136.903151678 -123110813.8223732 -369600420.7240966 -34090142.82120149
2461136.903846123 -123115074.2439154 -369633704.19048613 -34093137.279427156
2461136.904540567 -123119338.8848616 -369666977.87248266 -34096131.232636526
2461136.905235012 -123123607.7616293 -369700241.76769906 -34099124.68166498
2461136.905929456 -123127880.8907511 -369733495.8737366 -34102117.627353035
2461136.906623900 -123132158.2887885 -369766740.1881722 -34105110.07054257
2461136.907318345 -123136439.9708548 -369799974.710561 -34108102.01420951
2461136.908012789 -123140725.94753991 -369833199.4462646 -34111093.46756928
2461136.908707234 -123145016.24327861 -369866414.382993 -34114084.42097569
2461136.909401678 -123149310.8748218 -369899619.5182374 -34117074.8752784
2461136.910096123 -123153609.85908069 -369932814.84948224 -34120064.831334524
2461136.910790567 -123157913.2130472 -369966000.3741944 -34123054.29000464
2461136.911485012 -123162220.9534092 -369999176.0897705 -34126043.25213497
2461136.912179456 -123166533.09746629 -370032341.9936619 -34129031.71860018
2461136.912873900 -123170849.6621201 -370065498.0832363 -34132019.690256
2461136.913568345 -123175170.6645893 -370098644.3558756 -34135007.16797281
2461136.914262789 -123179496.122077 -370131780.8089303 -34137994.15262013
2461136.914957234 -123183826.05175209 -370164907.4397164 -34140980.64506557
2461136.915651678 -123188160.47095841 -370198024.2455442 -34143966.64618475
2461136.916346123 -123192499.39700249 -370231131.2236889 -34146952.15685139
2461136.917040567 -123196842.8474281 -370264228.37142795 -34149937.177950054
2461136.917735012 -123201190.8395403 -370297315.6859764 -34152921.710353725
2461136.918429456 -123205543.3909321 -370330393.1645578 -34155905.754949056
2461136.919123901 -123209900.51914729 -370363460.8043583 -34158889.312619776
2461136.919818345 -123214262.2418745 -370396518.6025533 -34161872.38425638
2461136.920512789 -123218628.5768988 -370429566.55630034 -34164854.97075367
2461136.921207234 -123222999.54181421 -370462604.66269994 -34167837.07299719
2461136.921901678 -123227375.1545033 -370495632.91886044 -34170818.691885784
2461136.922596123 -123231755.4328014 -370528651.32185227 -34173799.828315996
2461136.923290567 -123236140.39479971 -370561659.8687496 -34176780.48319582
2461136.923985011 -123240530.05827971 -370594658.556552 -34179760.6574189
2461136.924679456 -123244924.4413368 -370627647.3822701 -34182740.35189305
2461136.925373901 -123249323.56220579 -370660626.3429011 -34185719.56753251
2461136.926068345 -123253727.4389844 -370693595.4353915 -34188698.30524488
2461136.926762789 -123258136.0898805 -370726554.6566701 -34191676.56594267
2461136.927457234 -123262549.53321 -370759504.0036475 -34194654.350543216
2461136.928151678 -123266967.7858057 -370792443.4752015 -34197631.66209661
2461136.928846123 -123271390.8598603 -370825373.0759945 -34200608.509886876
2461136.929540567 -123275818.781731 -370858292.7930798 -34203584.88435078
2461136.930235012 -123280251.5697902 -370891202.6232427 -34206560.78640747
2461136.930929456 -123284689.2426287 -370924102.56326514 -34209536.216985926
2461136.931623900 -123289131.8189747 -370956992.6099133 -34212511.177021444
2461136.932318345 -123293579.3175375 -370989872.75991756 -34215485.66744787
2461136.933012790 -123298031.7569898 -371022743.00996834 -34218459.68919764
2461136.933707234 -123302489.15648259 -371055603.3567863 -34221433.24322483
2461136.934401678 -123306951.5346503 -371088453.7969882 -34224406.33045946
2461136.935096123 -123311418.9105219 -371121294.327209 -34227378.95184958
2461136.935790567 -123315891.303265 -371154124.9440673 -34230351.10834951
2461136.936485012 -123320368.7319141 -371186945.64412874 -34233322.80090709
2461136.937179456 -123324851.2155986 -371219756.423936 -34236294.03047447
2461136.937873900 -123329338.7736844 -371252557.2800284 -34239264.79801445
2461136.938568345 -123333831.42528109 -371285348.2088745 -34242235.10447769
2461136.939262789 -123338329.18992609 -371318129.2069649 -34245204.95083461
2461136.939957234 -123342832.0870567 -371350900.27074 -34248174.33805071
2461136.940651678 -123347340.1360773 -371383661.3965997 -34251143.26708965
2461136.941346123 -123351853.356529 -371416412.5809254 -34254111.73892127
2461136.942040567 -123356371.76827879 -371449153.82010573 -34257079.754530385
2461136.942735012 -123360895.3907295 -371481885.1104291 -34260047.314879894
2461136.943429456 -123365424.2438582 -371514606.44822466 -34263014.42095925
2461136.944123900 -123369958.3473943 -371547317.8297504 -34265981.073746055
2461136.944818345 -123374497.7213155 -371580019.2512596 -34268947.27422931
2461136.945512789 -123379042.3855903 -371612710.70896673 -34271913.02339733
2461136.946207234 -123383592.3602603 -371645392.19905764 -34274878.32224155
2461136.946901678 -123388147.66537939 -371678063.7176817 -34277843.171753705
2461136.947596123 -123392708.3212986 -371710725.2609892 -34280807.5729393
2461136.948290567 -123397274.3480666 -371743376.8250507 -34283771.52678919
2461136.948985012 -123401845.7645601 -371776018.40793955 -34286735.03644187
2461136.949679456 -123406422.58498609 -371808650.0135011 -34289698.1112683
2461136.950373901 -123411004.83769071 -371841271.6279661 -34292660.74179056
2461136.951068345 -123415592.54287839 -371873883.2472688 -34295622.92900588
2461136.951762789 -123420185.7214131 -371906484.8673911 -34298584.67394208
2461136.952457234 -123424784.3939423 -371939076.4842458 -34301545.9776166
2461136.953151678 -123429388.581146 -371971658.09371006 -34304506.84104803
2461136.953846123 -123433998.30393289 -372004229.6916501 -34307467.265265435
2461136.954540567 -123438613.5831084 -372036791.27387804 -34310427.25129283
2461136.955235011 -123443234.4396849 -372069342.8361914 -34313386.800163604
2461136.955929456 -123447860.8946681 -372101884.37434644 -34316345.912910536
2461136.956623901 -123452492.9693027 -372134415.88408864 -34319304.59057729
2461136.957318345 -123457130.6847096 -372166937.36110526 -34322262.83420147
2461136.958012789 -123461774.06216611 -372199448.8010626 -34325220.6448278
2461136.958707234 -123466423.1229803 -372231950.1995879 -34328178.023502044
2461136.959401678 -123471077.8885882 -372264441.55228275 -34331134.97127574
2461136.960096123 -123475738.3805649 -372296922.8547247 -34334091.48920653
2461136.960790567 -123480404.6204184 -372329394.10243857 -34337047.57834879
2461136.961485012 -123485076.6297756 -372361855.2909217 -34340003.239762135
2461136.962179456 -123489754.43037759 -372394306.4156426 -34342958.474511094
2461136.962873900 -123494438.0439705 -372426747.47202665 -34345913.28366038
2461136.963568345 -123499127.492705 -372459178.4555083 -34348867.66829302
2461136.964262790 -123503822.7982277 -372491599.36141074 -34351821.6294685
2461136.964957234 -123508523.9826776 -372524010.18507737 -34354775.168268755
2461136.965651678 -123513231.0682193 -372556410.9218098 -34357728.285776906
2461136.966346123 -123517944.07706809 -372588801.56687117 -34360680.983077824
2461136.967040567 -123522663.0314278 -372621182.1154774 -34363633.26125586
2461136.967735012 -123527387.9536415 -372653552.5628166 -34366585.12140134
2461136.968429456 -123532118.8663312 -372685912.9040674 -34369536.56461739
2461136.969123900 -123536855.791795 -372718263.13431925 -34372487.59199183
2461136.969818345 -123541598.7511456 -372750603.25065273 -34375438.206759
2461136.970512789 -123546347.7610694 -372782933.25594455 -34378388.41839759
2461136.971207234 -123551102.85176921 -372815253.1353703 -34381338.21750761
2461136.971901678 -123555864.0463461 -372847562.8839356 -34384287.605213
2461136.972596123 -123560631.36760929 -372879862.4965607 -34387236.582623854
2461136.973290567 -123565404.8385653 -372912151.96814287 -34390185.15085914
2461136.973985012 -123570184.4823329 -372944431.29354596 -34393133.311042786
2461136.974679456 -123574970.3219772 -372976700.46757776 -34396081.06429588
2461136.975373900 -123579762.38107109 -373008959.48506325 -34399028.411762916
2461136.976068345 -123584560.6826259 -373041208.3407046 -34401975.35456177
2461136.976762789 -123589365.25034639 -373073447.0292448 -34404921.89384253
2461136.977457234 -123594176.10758261 -373105675.5453307 -34407868.030738235
2461136.978151678 -123598993.2779459 -373137893.88359225 -34410813.76639404
2461136.978846123 -123603816.78528291 -373170102.03864044 -34413759.10196551
2461136.979540567 -123608646.6532547 -373202300.0050097 -34416704.03859938
2461136.980235012 -123613482.9058101 -373234487.77722174 -34419648.57745543
2461136.980929456 -123618325.5668362 -373266665.3497377 -34422592.71969029
2461136.981623901 -123623174.6603655 -373298832.7169865 -34425536.46646696
2461136.982318345 -123628030.21067521 -373330989.8733761 -34428479.81895959
2461136.983012789 -123632892.2419333 -373363136.8132475 -34431422.77833697
2461136.983707234 -123637760.7783587 -373395273.5308954 -34434365.34576984
2461136.984401678 -123642635.8444043 -373427400.0205919 -34437307.52243947
2461136.985096123 -123647517.4647223 -373459516.2765812 -34440249.30953623
2461136.985790567 -123652405.66367939 -373491622.2930159 -34443190.7082369
2461136.986485011 -123657300.4660914 -373523718.0640533 -34446131.71973857
2461136.987179456 -123662201.8967476 -373555803.5837921 -34449072.34523704
2461136.987873901 -123667109.9804424 -373587878.8462766 -34452012.58592794
2461136.988568345 -123672024.74223721 -373619943.8455306 -34454952.443018764
2461136.989262789 -123676946.2070645 -373651998.57550526 -34457891.91771117
2461136.989957234 -123681874.4000725 -373684043.0301234 -34460831.011216044
2461136.990651678 -123686809.3450546 -373716077.2052659 -34463769.72688333
2461136.991346123 -123691751.0611927 -373748101.10257506 -34466708.07429863
2461136.992040567 -123696699.5816471 -373780114.7060457 -34469646.04418977
2461136.992735012 -123701654.9319134 -373812118.0094179 -34472583.63778253
2461136.993429456 -123706617.1375284 -373844111.0063785 -34475520.856304534
2461136.994123900 -123711586.224346 -373876093.6905973 -34478457.70099755
2461136.994818345 -123716562.21811509 -373908066.0556721 -34481394.17309819
2461136.995512790 -123721545.1447248 -373940028.0951593 -34484330.27384923
2461136.996207234 -123726535.030324 -373971979.80258954 -34487266.00450523
2461136.996901678 -123731531.9009998 -374003921.1714251 -34490201.36631757
2461136.997596123 -123736535.78280121 -374035852.195064 -34493136.36053521
2461136.998290567 -123741546.7022637 -374067772.86690575 -34496070.98842975
2461136.998985012 -123746564.6857396 -374099683.1802652 -34499005.25126372
2461136.999679456 -123751589.7598052 -374131583.12842447 -34501939.15030977
2461137.000373900 -123756621.9509231 -374163472.7045895 -34504872.68683474
2461137.001068345 -123761661.28596881 -374195351.90195704 -34507805.86212466
2461137.001762789 -123766707.79169731 -374227220.7136454 -34510738.67745913
2461137.002457234 -123771761.4950476 -374259079.1327337 -34513671.134126306
2461137.003151678 -123776822.4230968 -374290927.15225506 -34516603.23342029
2461137.003846123 -123781890.6030145 -374322764.765191 -34519534.97663897
2461137.004540567 -123786966.06186551 -374354591.9644444 -34522466.3650752
2461137.005235012 -123792048.82721871 -374386408.74291897 -34525397.40004478
2461137.005929456 -123797138.926506 -374418215.09343505 -34528328.08285678
2461137.006623900 -123802236.3872383 -374450011.0087576 -34531258.41482353
2461137.007318345 -123807341.2370353 -374481796.4815994 -34534188.3972621
2461137.008012789 -123812453.5036603 -374513571.5046249 -34537118.03149586
2461137.008707234 -123817573.215159 -374545336.0704685 -34540047.31886083
2461137.009401678 -123822700.3994803 -374577090.1716838 -34542976.26068818
2461137.010096123 -123827835.084709 -374608833.80077446 -34545904.85831504
2461137.010790567 -123832977.2990545 -374640566.9501916 -34548833.11308397
2461137.011485012 -123838127.0692492 -374672289.6143154 -34551761.0284705
2461137.012179456 -123843284.4176247 -374704001.7933004 -34554688.614196025
2461137.012873901 -123848449.380538 -374735703.469652 -34557615.86112555
2461137.013568345 -123853621.9865886 -374767394.6355928 -34560542.77061817
2461137.014262789 -123858802.2644632 -374799075.2832865 -34563469.34403648
2461137.014957234 -123863990.2430495 -374830745.4048507 -34566395.5827521
2461137.015651678 -123869185.9516267 -374862404.9923818 -34569321.48815462
2461137.016346123 -123874389.4189211 -374894054.03783315 -34572247.06160711
2461137.017040567 -123879600.6744536 -374925692.5331872 -34575172.30450953
2461137.017735011 -123884819.7475572 -374957320.4703287 -34578097.21825246
2461137.018429456 -123890046.6675821 -374988937.8410714 -34581021.804227024
2461137.019123901 -123895281.4641898 -375020544.63719445 -34583946.06383832
2461137.019818345 -123900524.16708 -375052140.8504072 -34586869.99849265
2461137.020512789 -123905774.80608611 -375083726.4723608 -34589793.60960238
2461137.021207234 -123911033.4111962 -375115301.4946505 -34592716.89858646
2461137.021901678 -123916300.01236169 -375146865.9087906 -34595639.866861746
2461137.022596123 -123921574.63988839 -375178419.7062636 -34598562.515861124
2461137.023290567 -123926857.3239345 -375209962.8784564 -34601484.84701011
2461137.023985012 -123932148.0951134 -375241495.4167354 -34604406.86175509
2461137.024679456 -123937446.9839312 -375273017.3123752 -34607328.56153688
2461137.025373900 -123942754.0208925 -375304528.5565714 -34610249.94779594
2461137.026068345 -123948069.2371256 -375336029.1405195 -34613171.022000976
2461137.026762790 -123953392.6632198 -375367519.05526626 -34616091.78559552
2461137.027457234 -123958724.3304165 -375398998.2918607 -34619012.24005281
2461137.028151678 -123964064.269914 -375430466.8412653 -34621932.38684352
2461137.028846123 -123969412.51284711 -375461924.6943526 -34624852.22743513
2461137.029540567 -123974769.0908145 -375493371.8419721 -34627771.763316005
2461137.030235012 -123980134.03532629 -375524808.274879 -34630690.99597013
2461137.030929456 -123985507.3781597 -375556233.98377866 -34633609.926893175
2461137.031623900 -123990889.1509411 -375587648.95927346 -34636528.55757365
2461137.032318345 -123996279.38414289 -375619053.19391984 -34639446.891647935
2461137.033012789 -124001678.1037523 -375650446.6860192 -34642364.93899446
2461137.033707234 -124007085.3497213 -375681829.41620517 -34645282.690631635
2461137.034401678 -124012501.1543192 -375713201.37481934 -34648200.14807588
2461137.035096123 -124017925.5499491 -375744562.55213296 -34651117.31284918
2461137.035790567 -124023358.569425 -375775912.9383822 -34654034.18649209
2461137.036485012 -124028800.2453208 -375807252.52368426 -34656950.770533636
2461137.037179456 -124034250.6105491 -375838581.2981102 -34659867.06651808
2461137.037873900 -124039709.6982372 -375869899.2516687 -34662783.07599903
2461137.038568345 -124045177.54147379 -375901206.3742728 -34665698.80052796
2461137.039262789 -124050654.17351471 -375932502.65576667 -34668614.24166345
2461137.039957234 -124056139.62788591 -375963788.08593667 -34671529.400976285
2461137.040651678 -124061633.9379759 -375995062.6544596 -34674444.280030146
2461137.041346123 -124067137.1377552 -376026326.3509928 -34677358.88041541
2461137.042040567 -124072649.26088889 -376057579.1650614 -34680273.20370777
2461137.042735012 -124078170.3414718 -376088821.0861509 -34683187.25150221
2461137.043429456 -124083700.4135303 -376120052.1036433 -34686101.02539
2461137.044123901 -124089239.511544 -376151272.20688176 -34689014.52698314
2461137.044818345 -124094787.669706 -376182481.38507754 -34691927.7578796
2461137.045512789 -124100344.9227871 -376213679.6274169 -34694840.719703734
2461137.046207234 -124105911.3053692 -376244866.9229658 -34697753.414070584
2461137.046901678 -124111486.8523145 -376276043.2607262 -34700665.84260759
2461137.047596123 -124117071.59869039 -376307208.62962717 -34703578.00695128
2461137.048290567 -124122665.5797448 -376338363.01852053 -34706489.90874589
2461137.048985011 -124128268.830632 -376369506.4161457 -34709401.54963091
2461137.049679456 -124133881.38684809 -376400638.8111837 -34712312.931261
2461137.050373901 -124139503.2840984 -376431760.1922402 -34715224.05530012
2461137.051068345 -124145134.55809921 -376462870.54781914 -34718134.92341209
2461137.051762789 -124150775.2446197 -376493969.8663274 -34721045.5372626
2461137.052457234 -124156425.37996121 -376525058.1361345 -34723955.89854152
2461137.053151678 -124162084.9986057 -376556135.3474589 -34726866.01105591
2461137.053846123 -124167754.1308586 -376587201.49628067 -34729775.88486925
2461137.054540567 -124173432.8210278 -376618256.56090045 -34732685.51118594
2461137.055235012 -124179121.1056231 -376649300.5292883 -34735594.89170328
2461137.055929456 -124184819.0217008 -376680333.3893752 -34738504.028143235
2461137.056623900 -124190526.6061336 -376711355.12896 -34741412.92221865
2461137.057318345 -124196243.8961814 -376742365.7357797 -34744321.57565985
2461137.058012790 -124201970.92910321 -376773365.1974612 -34747229.99019636
2461137.058707234 -124207707.742262 -376804353.5015324 -34750138.16756208
2461137.059401678 -124213454.3736006 -376835330.63548124 -34753046.10951713
2461137.060096123 -124219210.8607792 -376866296.5866472 -34755953.81780789
2461137.060790567 -124224977.2417192 -376897251.3422888 -34758861.29419232
2461137.061485012 -124230753.5545954 -376928194.8895809 -34761768.54043943
2461137.062179456 -124236539.837804 -376959127.2156102 -34764675.55832793
2461137.062873900 -124242336.1297675 -376990048.30735004 -34767582.349637166
2461137.063568345 -124248142.46914071 -377020958.15168506 -34770488.91615652
2461137.064262789 -124253958.8948377 -377051856.73541415 -34773395.259686865
2461137.064957234 -124259785.4455737 -377082744.04519206 -34776301.382019065
2461137.065651678 -124265622.1607811 -377113620.06764233 -34779207.2849769
2461137.066346123 -124271469.0797301 -377144484.789247 -34782112.970375575
2461137.067040567 -124277326.2417659 -377175338.1963762 -34785018.44003351
2461137.067735012 -124283193.68686861 -377206180.27535486 -34787923.69579757
2461137.068429456 -124289071.45454289 -377237011.0123263 -34790828.73949228
2461137.069123900 -124294959.5849948 -377267830.39339495 -34793733.57297361
2461137.069818345 -124300858.11852941 -377298638.40455145 -34796638.19810189
2461137.070512789 -124306767.0954059 -377329435.031655 -34799542.61673425
2461137.071207234 -124312686.5561686 -377360220.260472 -34802446.83074058
2461137.071901678 -124318616.5415736 -377390994.0766662 -34805350.841999896
2461137.072596123 -124324557.09273279 -377421756.4658154 -34808254.65240693
2461137.073290567 -124330508.2504415 -377452507.41332793 -34811158.26384115
2461137.073985012 -124336470.0547385 -377483246.9065652 -34814061.680348426
2461137.074679456 -124342442.54072411 -377513974.938528 -34816964.91219578
2461137.075373901 -124348425.7579449 -377544691.4845682 -34819867.95081096
2461137.076068345 -124354419.7481289 -377575396.5296762 -34822770.79811381
2461137.076762789 -124360424.5533019 -377606090.0587432 -34825673.456037246
2461137.077457234 -124366440.2159081 -377636772.0565746 -34828575.926532775
2461137.078151678 -124372466.7780406 -377667442.5077956 -34831478.21153511
2461137.078846123 -124378504.28262691 -377698101.39699364 -34834380.31301662
2461137.079540567 -124384552.77219899 -377728748.7085685 -34837282.23293088
2461137.080235011 -124390612.289947 -377759384.4268589 -34840183.973261036
2461137.080929456 -124396682.8790796 -377790008.5360636 -34843085.535990566
2461137.081623901 -124402764.5828643 -377820621.02024543 -34845986.92310453
2461137.082318345 -124408857.4448836 -377851221.863361 -34848888.136602156
2461137.083012789 -124414961.50901431 -377881811.04925716 -34851789.1784955
2461137.083707234 -124421076.8191191 -377912388.56163245 -34854690.05079515
2461137.084401678 -124427203.4195819 -377942954.3841002 -34857590.75553503
2461137.085096123 -124433341.3546148 -377973508.5001049 -34860491.29474029
2461137.085790567 -124439490.6688396 -378004050.8929898 -34863391.67045444
2461137.086485012 -124445651.40724881 -378034581.54599184 -34866291.88473725
2461137.087179456 -124451823.6145651 -378065100.44216245 -34869191.9396352
2461137.087873900 -124458007.3361341 -378095607.56447524 -34872091.83722284
2461137.088568345 -124464202.61725241 -378126102.89574224 -34874991.57957159
2461137.089262790 -124470409.5037747 -378156586.4186864 -34877891.16877801
2461137.089957234 -124476628.0414878 -378187058.1158657 -34880790.60693455
2461137.090651678 -124482858.2762871 -378217517.969692 -34883689.89613809
2461137.091346123 -124489100.2545134 -378247965.96247065 -34886589.03850507
2461137.092040567 -124495354.02271721 -378278402.0763708 -34889488.03616097
2461137.092735012 -124501619.6275031 -378308826.29340607 -34892386.891232684
2461137.093429456 -124507897.1158471 -378339238.5954701 -34895285.60586382
2461137.094123900 -124514186.5348766 -378369638.9643097 -34898184.182203814
2461137.094818345 -124520487.9302945 -378400027.3835066 -34901082.62453767
2461137.095512789 -124526801.3436141 -378430403.8423357 -34903980.94340646
2461137.096207234 -124533126.83049661 -378460768.31235456 -34906879.130496815
2461137.096901678 -124539464.4386819 -378491120.7747092 -34909777.18798321
2461137.097596123 -124545814.2164666 -378521461.21043926 -34912675.118064925
2461137.098290567 -124552176.2124871 -378551789.6004522 -34915572.92295605
2461137.098985012 -124558550.475282 -378582105.9254683 -34918470.60486538
2461137.099679456 -124564937.0538888 -378612410.1660914 -34921368.166023806
2461137.100373900 -124571335.99743159 -378642702.3027577 -34924265.60866521
2461137.101068345 -124577747.3553809 -378672982.31576526 -34927162.93503877
2461137.101762789 -124584171.1772508 -378703250.185237 -34930060.1473946
2461137.102457234 -124590607.5129906 -378733505.8911649 -34932957.248002164
2461137.103151678 -124597056.4125795 -378763749.4133612 -34935854.239131235
2461137.103846123 -124603517.9265656 -378793980.73151994 -34938751.12307695
2461137.104540567 -124609992.105435 -378824199.8251413 -34941647.90213079
2461137.105235012 -124616478.9999651 -378854406.6735717 -34944544.57859648
2461137.105929456 -124622978.66123441 -378884601.2560033 -34947441.15479101
2461137.106623901 -124629491.14055641 -378914783.5514647 -34950337.633040935
2461137.107318345 -124636016.48955451 -378944953.5388274 -34953234.015686505
2461137.108012789 -124642554.76002869 -378975111.1967898 -34956130.305074915
2461137.108707234 -124649106.0039696 -379005256.5038764 -34959026.503561124
2461137.109401678 -124655670.2736593 -379035389.4384477 -34961922.61351275
2461137.110096123 -124662247.62182571 -379065509.9787175 -34964818.63731699
2461137.110790567 -124668838.1011694 -379095618.1026949 -34967714.577358544
2461137.111485011 -124675441.7646873 -379125713.7882209 -34970610.43603503
2461137.112179456 -124682058.6658393 -379155797.01298594 -34973506.21576434
2461137.112873901 -124688688.8581851 -379185867.7544862 -34976401.918967776
2461137.113568345 -124695332.39547889 -379215925.9900323 -34979297.548074886
2461137.114262789 -124701989.33197899 -379245971.696784 -34982193.10553718
2461137.114957234 -124708659.721908 -379276004.8516848 -34985088.59380364
2461137.115651678 -124715343.6183588 -379306025.4335003 -34987984.01747202
2461137.116346123 -124722041.0702358 -379336033.4266389 -34990879.38739636
2461137.117040567 -124728752.1403424 -379366028.79771924 -34993774.69556357
2461137.117735012 -124735476.88403921 -379396011.5229528 -34996669.94447072
2461137.118429456 -124742215.35708341 -379425981.57837635 -34999565.13663227
2461137.119123900 -124748967.6140384 -379455938.94184494 -35002460.276721776
2461137.119818345 -124755733.7041572 -379485883.5975378 -35005355.37645285
2461137.120512790 -124762513.6916246 -379515815.5116151 -35008250.428373724
2461137.121207234 -124769307.6330623 -379545734.6593117 -35011145.43503401
2461137.121901678 -124776115.5857313 -379575641.0157058 -35014040.39901186
2461137.122596123 -124782937.6068155 -379605534.5556339 -35016935.322880626
2461137.123290567 -124789773.7540933 -379635415.2537674 -35019830.209239855
2461137.123985012 -124796624.0855966 -379665283.08456963 -35022725.0606998
2461137.124679456 -124803488.6595859 -379695138.0222919 -35025619.87987999
2461137.125373900 -124810367.5343685 -379724980.0409504 -35028514.669400804
2461137.126068345 -124817260.7689603 -379754809.11439973 -35031409.43191436
2461137.126762789 -124824168.422529 -379784625.2162674 -35034304.170078374
2461137.127457234 -124831090.55438711 -379814428.3199501 -35037198.88655603
2461137.128151678 -124838027.2243015 -379844218.3986478 -35040093.58403031
2461137.128846123 -124844978.492285 -379873995.4253366 -35042988.26519429
2461137.129540567 -124851944.417175 -379903759.3747584 -35045882.93487753
2461137.130235012 -124858925.05329561 -379933510.2271886 -35048777.60412125
2461137.130929456 -124865920.4694767 -379963247.9452325 -35051672.26521627
2461137.131623900 -124872930.7268562 -379992972.50096697 -35054566.92090246
2461137.132318345 -124879955.8868923 -380022683.866243 -35057461.57393311
2461137.133012789 -124886996.0114956 -380052382.012698 -35060356.22708121
2461137.133707234 -124894051.16302781 -380082066.9117533 -35063250.88313894
2461137.134401678 -124901121.4036553 -380111738.53453845 -35066145.54488845
2461137.135096123 -124908206.79651041 -380141396.85201985 -35069040.21515495
2461137.135790567 -124915307.4044909 -380171041.83486307 -35071934.896751456
2461137.136485012 -124922423.2911078 -380200673.4535262 -35074829.59251798
2461137.137179456 -124929554.5201568 -380230291.6782199 -35077724.30530624
2461137.137873901 -124936701.1557894 -380259896.4789128 -35080619.03798289
2461137.138568345 -124943863.2623495 -380289487.82531065 -35083513.7934222
2461137.139262789 -124951040.9046525 -380319065.68688536 -35086408.57451866
2461137.139957234 -124958234.1463245 -380348630.0348348 -35089303.386302605
2461137.140651678 -124965443.04647839 -380378180.84585387 -35092198.24001598
2461137.141346123 -124972667.6786854 -380407718.07892597 -35095093.128147334
2461137.142040567 -124979908.108923 -380437241.7024786 -35097988.05363901
2461137.142735011 -124987164.40386291 -380466751.6847164 -35100883.019463934
2461137.143429456 -124994436.630107 -380496247.9935337 -35103778.02859008
2461137.144123901 -125001724.8549145 -380525730.596592 -35106673.084014356
2461137.144818345 -125009029.1457327 -380555199.46126515 -35109568.18874108
2461137.145512789 -125016349.5703738 -380584654.55465645 -35112463.34578919
2461137.146207234 -125023686.1970702 -380614095.8436011 -35115358.55819599
2461137.146901678 -125031039.09428011 -380643523.2946419 -35118253.829008065
2461137.147596123 -125038408.3310859 -380672936.87407285 -35121149.16129751
2461137.148290567 -125045793.9765451 -380702336.5478588 -35124044.55813588
2461137.148985012 -125053196.100485 -380731722.2817224 -35126940.02263178
2461137.149679456 -125060614.7726828 -380761094.04108065 -35129835.55785634
2461137.150373900 -125068050.0621897 -380790451.7928287 -35132731.169303656
2461137.151068345 -125075502.0339928 -380819795.5083319 -35135626.869701624
2461137.151762790 -125082970.7668854 -380849125.1422543 -35138522.651651196
2461137.152457234 -125090456.3323117 -380878440.6585548 -35141418.51849831
2461137.153151678 -125097958.8021295 -380907742.0213781 -35144314.47330004
2461137.153846123 -125105478.2487493 -380937029.1943281 -35147210.51929152
2461137.154540567 -125113014.7445672 -380966302.1406106 -35150106.65973302
2461137.155235012 -125120568.36266239 -380995560.82329106 -35153002.89782914
2461137.155929456 -125128139.17653151 -381024805.2050802 -35155899.23682763
2461137.156623900 -125135727.25982319 -381054035.248297 -35158795.68001055
2461137.157318345 -125143332.6868279 -381083250.91500664 -35161692.23066297
2461137.158012789 -125150955.5320845 -381112452.1669373 -35164588.892076544
2461137.158707234 -125158595.87060319 -381141638.9654768 -35167485.667575665
2461137.159401678 -125166253.7776926 -381170811.2716763 -35170382.560492665
2461137.160096123 -125173929.3291685 -381199969.0462706 -35173279.574177004
2461137.160790567 -125181622.5999558 -381229112.250988 -35176176.714682214
2461137.161485012 -125189333.6610395 -381258240.8510715 -35179073.995914474
2461137.162179456 -125197062.596459 -381287354.7997006 -35181971.40807656
2461137.162873900 -125204809.4834107 -381316454.0562039 -35184868.954576805
2461137.163568345 -125212574.3997587 -381345538.5795836 -35187766.63885295
2461137.164262789 -125220357.4239514 -381374608.32850516 -35190664.464367114
2461137.164957234 -125228158.634415 -381403663.2612269 -35193562.43457843
2461137.165651678 -125235978.11046441 -381432703.3356931 -35196460.55298511
2461137.166346123 -125243815.9316623 -381461728.50946236 -35199358.823094904
2461137.167040567 -125251672.1778271 -381490738.7397042 -35202257.248424836
2461137.167735012 -125259546.9294254 -381519733.9832368 -35205155.832520165
2461137.168429456 -125267440.2673828 -381548714.1965021 -35208054.57894498
2461137.169123901 -125275352.27292861 -381577679.3355461 -35210953.491275325
2461137.169818345 -125283283.02782431 -381606629.3560381 -35213852.57310963
2461137.170512789 -125291232.6141825 -381635564.21324736 -35216751.828060314
2461137.171207234 -125299201.113406 -381664483.86340195 -35219651.26244779
2461137.171901678 -125307188.60311271 -381693388.2662032 -35222550.89045037
2461137.172596123 -125315195.1737002 -381722277.3691898 -35225450.70253548
2461137.173290567 -125323220.9090333 -381751151.1260243 -35228350.7023874
2461137.173985011 -125331265.8935522 -381780009.4899707 -35231250.89371463
2461137.174679456 -125339330.21237591 -381808852.41390103 -35234151.28025482
2461137.175373901 -125347413.95080921 -381837679.8502381 -35237051.865751766
2461137.176068345 -125355517.1947472 -381866491.7509941 -35239952.65397412
2461137.176762789 -125363640.0304567 -381895288.0677423 -35242853.64870529
2461137.177457234 -125371782.5448401 -381924068.7516403 -35245754.853755645
2461137.178151678 -125379944.8253164 -381952833.7534124 -35248656.272957005
2461137.178846123 -125388126.9594965 -381981583.02331084 -35251557.91014744
2461137.179540567 -125396329.03576781 -382010316.5111716 -35254459.76919851
2461137.180235012 -125404551.1428538 -382039034.166364 -35257361.85399457
2461137.180929456 -125412793.3701618 -382067735.9378209 -35260264.168449186
2461137.181623900 -125421055.8059759 -382096421.7753188 -35263166.71916447
2461137.182318345 -125429338.5353727 -382125091.6320948 -35266069.52062671
2461137.183012790 -125437641.6556047 -382153745.4490887 -35268972.56358285
2461137.183707234 -125445965.2582273 -382182383.1733762 -35271875.85203498
2461137.184401678 -125454309.4348958 -382211004.7515096 -35274779.38998735
2461137.185096123 -125462674.2780631 -382239610.1295851 -35277683.18147812
2461137.185790567 -125471059.88042219 -382268199.25317943 -35280587.23055391
2461137.186485012 -125479466.3354705 -382296772.06740165 -35283491.54129552
2461137.187179456 -125487893.73711099 -382325328.51684767 -35286396.117800035
2461137.187873900 -125496342.1797387 -382353868.5456028 -35289300.964184016
2461137.188568345 -125504811.758248 -382382392.0972364 -35292206.08458458
2461137.189262789 -125513302.5683088 -382410899.1148244 -35295111.483171515
2461137.189957234 -125521814.7058364 -382439389.540889 -35298017.164123155
2461137.190651678 -125530348.2674547 -382467863.3174407 -35300923.13164755
2461137.191346123 -125538903.3503815 -382496320.38595927 -35303829.389977075
2461137.192040567 -125547480.0508761 -382524760.6886993 -35306735.94604015
2461137.192735012 -125556078.46178159 -382553184.1712672 -35309642.814639255
2461137.193429456 -125564698.68878411 -382581590.7669546 -35312549.98686753
2461137.194123900 -125573340.83114581 -382609980.41502464 -35315457.467039794
2461137.194818345 -125582004.98896559 -382638353.0542021 -35318365.25950613
2461137.195512789 -125590691.2627406 -382666708.6226242 -35321273.36863187
2461137.196207234 -125599399.753395 -382695047.057836 -35324181.79879888
2461137.196901678 -125608130.5627867 -382723368.2968341 -35327090.5544289
2461137.197596123 -125616883.7931511 -382751672.2760049 -35329999.639957786
2461137.198290567 -125625659.5473327 -382779958.9311403 -35332909.05984625
2461137.198985012 -125634457.92884289 -382808228.197437 -35335818.818582475
2461137.199679456 -125643279.04169591 -382836480.0094723 -35338728.92067441
2461137.200373901 -125652122.99061349 -382864714.3012173 -35341639.37065928
2461137.201068345 -125660989.8807233 -382892931.0060009 -35344550.17308961
2461137.201762789 -125669879.81804541 -382921130.0565489 -35347461.33255557
2461137.202457234 -125678792.90753691 -382949311.3863365 -35350372.85631371
2461137.203151678 -125687729.2402468 -382977474.949076 -35353284.75401361
2461137.203846123 -125696688.9171171 -383005620.69006 -35356197.01026956
2461137.204540567 -125705672.0463017 -383033748.53981405 -35359109.629638
2461137.205235011 -125714678.73683581 -383061858.4277956 -35362022.61683042
2461137.205929456 -125723709.098184 -383089950.2827686 -35364935.97657411
2461137.206623901 -125732763.24093829 -383118024.03286225 -35367849.71364509
2461137.207318345 -125741841.2756173 -383146079.60544634 -35370763.83281199
2461137.208012789 -125750943.3142355 -383174116.9269326 -35373678.33900408
2461137.208707234 -125760069.4803416 -383202135.90559816 -35376593.242808305
2461137.209401678 -125769219.8992448 -383230136.4467795 -35379508.55553668
2461137.210096123 -125778394.6850426 -383258118.4744542 -35382424.2822876
2461137.210790567 -125787593.9518168 -383286081.91245383 -35385340.4279747
2461137.211485012 -125796817.81460519 -383314026.6838996 -35388256.99755151
2461137.212179456 -125806066.3888721 -383341952.7111426 -35391173.99598728
2461137.212873900 -125815339.7895072 -383369859.9171193 -35394091.43096351
2461137.213568345 -125824638.1280291 -383397748.2278916 -35397009.31803681
2461137.214262790 -125833961.5289072 -383425617.5569873 -35399927.64905849
2461137.214957234 -125843310.11034681 -383453467.823685 -35402846.42910742
2461137.215651678 -125852683.9914489 -383481298.94649166 -35405765.663299195
2461137.216346123 -125862083.2918716 -383509110.84310085 -35408685.35677108
2461137.217040567 -125871508.1319544 -383536903.4303948 -35411605.514687255
2461137.217735012 -125880958.6330159 -383564676.62446284 -35414526.14225249
2461137.218429456 -125890434.9169299 -383592430.3405506 -35417447.244692825
2461137.219123900 -125899937.1062008 -383620164.4930587 -35420368.82725868
2461137.219818345 -125909465.3240935 -383647878.9955431 -35423290.89523101
2461137.220512789 -125919019.69481471 -383675573.76072216 -35426213.45392955
2461137.221207234 -125928600.3430474 -383703248.70042324 -35429136.50869115
2461137.221901678 -125938207.3944286 -383730903.725615 -35432060.064892136
2461137.222596123 -125947840.97531989 -383758538.7463775 -35434984.12793723
2461137.223290567 -125957501.2111707 -383786153.6731933 -35437908.70592714
2461137.223985012 -125967188.224597 -383813748.4195684 -35440833.814862035
2461137.224679456 -125976902.150919 -383841322.8862989 -35443759.44702417
2461137.225373900 -125986643.1194261 -383868876.97979707 -35446685.60793347
2461137.226068345 -125996411.2602982 -383896410.6055445 -35449612.303145744
2461137.226762789 -126006206.7043389 -383923923.66805565 -35452539.53824047
2461137.227457234 -126016029.5833499 -383951416.0709007 -35455467.31883797
2461137.228151678 -126025880.0297895 -383978887.71666193 -35458395.650583446
2461137.228846123 -126035758.1770079 -384006338.50694346 -35461324.53915788
2461137.229540567 -126045664.1589331 -384033768.34233016 -35464253.990263745
2461137.230235012 -126055598.1106224 -384061177.1224255 -35467184.00964965
2461137.230929456 -126065560.16771461 -384088564.7457887 -35470114.603085935
2461137.231623901 -126075550.46674 -384115931.1099502 -35473045.77637813
2461137.232318345 -126085569.1450507 -384143276.11139286 -35475977.53536416
2461137.233012789 -126095616.3408212 -384170599.6455378 -35478909.885914125
2461137.233707234 -126109376.234088 -384197733.7807681 -35470136.372549586
2461137.234401678 -126119486.25136921 -384225012.7859862 -35473057.61905992
2461137.235096123 -126129625.2160192 -384252269.9952072 -35475979.486544065
2461137.235790567 -126139793.26972951 -384279505.2993922 -35478901.98116179
2461137.236485011 -126149990.5549828 -384306718.5884001 -35481825.10910913
2461137.237179456 -126160217.215096 -384333909.7509612 -35484748.87661691
2461137.237873901 -126170473.3942654 -384361078.6746469 -35487673.28995169
2461137.238568345 -126180759.2375734 -384388225.2458547 -35490598.35541592
2461137.239262789 -126191074.8909843 -384415349.34979826 -35493524.07934758
2461137.239957234 -126201420.50134541 -384442450.87049514 -35496450.46812118
2461137.240651678 -126211796.2163946 -384469529.6907498 -35499377.52814734
2461137.241346123 -126222202.18476911 -384496585.6921391 -35502305.26587367
2461137.242040567 -126232638.5560113 -384523618.7549958 -35505233.68778409
2461137.242735012 -126243105.4805734 -384550628.758394 -35508162.80039976
2461137.243429456 -126253603.1098213 -384577615.5801347 -35511092.610279195
2461137.244123900 -126264131.59604159 -384604579.0967293 -35514023.12401764
2461137.244818345 -126274691.0924484 -384631519.1833822 -35516954.348248914
2461137.245512790 -126285281.75319019 -384658435.71397525 -35519886.289643995
2461137.246207234 -126295903.7333522 -384685328.5610522 -35522818.954912186
2461137.246901678 -126306557.1889634 -384712197.59580135 -35525752.35080079
2461137.247596123 -126317242.27700369 -384739042.6880383 -35528686.48409573
2461137.248290567 -126327959.1554106 -384765863.7061879 -35531621.36162154
2461137.248985012 -126338707.9830817 -384792660.5172682 -35534556.990241565
2461137.249679456 -126349488.91988179 -384819432.9868725 -35537493.3768581
2461137.250373900 -126360302.1266502 -384846180.9791515 -35540430.52841304
2461137.251068345 -126371147.7652076 -384872904.3567943 -35543368.451887645
2461137.251762789 -126382025.9983567 -384899602.9810068 -35546307.154302254
2461137.252457234 -126392936.9898911 -384926276.7114986 -35549246.64271728
2461137.253151678 -126403880.9046057 -384952925.4064678 -35552186.92423435
2461137.253846123 -126414857.908301 -384979548.92257893 -35555128.005995214
2461137.254540567 -126425868.1677784 -385006147.1149244 -35558069.8951807
2461137.255235012 -126436911.8508497 -385032719.8370129 -35561012.59901124
2461137.255929456 -126447989.1263515 -385059266.94076437 -35563956.124749206
2461137.256623900 -126459100.16415489 -385085788.276497 -35566900.479699396
2461137.257318345 -126470245.1351596 -385112283.6928863 -35569845.671207674
2461137.258012789 -126481424.2112993 -385138753.0369433 -35572791.7066605
2461137.258707234 -126492637.5655522 -385165196.1539957 -35575738.5934855
2461137.259401678 -126503885.37194869 -385191612.88767403 -35578686.33915292
2461137.260096123 -126515167.8055731 -385218003.0798833 -35581634.95117467
2461137.260790567 -126526485.042569 -385244366.570783 -35584584.43710467
2461137.261485012 -126537837.2601481 -385270703.19876236 -35587534.80453941
2461137.262179456 -126549224.6365958 -385297012.8004191 -35590486.06111764
2461137.262873901 -126560647.35127391 -385323295.2105357 -35593438.21452089
2461137.263568345 -126572105.58462721 -385349550.2620562 -35596391.27247363
2461137.264262789 -126583599.5181905 -385375777.7860615 -35599345.24274329
2461137.264957234 -126595129.3345951 -385401977.61174476 -35602300.13314015
2461137.265651678 -126606695.2175706 -385428149.56638783 -35605255.9515186
2461137.266346123 -126618297.351952 -385454293.4753356 -35608212.705775686
2461137.267040567 -126629935.92368619 -385480409.16197073 -35611170.40385265
2461137.267735011 -126641611.1198382 -385506496.44768655 -35614129.05373436
2461137.268429456 -126653323.12859319 -385532555.1518635 -35617088.66344963
2461137.269123901 -126665072.1392631 -385558585.0918405 -35620049.24107142
2461137.269818345 -126676858.34229271 -385584586.0828893 -35623010.79471689
2461137.270512789 -126688681.92926599 -385610557.9381847 -35625973.3325477
2461137.271207234 -126700543.0929081 -385636500.4687802 -35628936.86276986
2461137.271901678 -126712442.0270908 -385662413.4835781 -35631901.393634014
2461137.272596123 -126724378.9268393 -385688296.7893008 -35634866.933435746
2461137.273290567 -126736353.9883381 -385714150.1904614 -35637833.49051545
2461137.273985012 -126748367.4089321 -385739973.48933566 -35640801.073258355
2461137.274679456 -126760419.387132 -385765766.4859319 -35643769.69009501
2461137.275373900 -126772510.12262161 -385791528.97796017 -35646739.349500686
2461137.276068345 -126784639.8162617 -385817260.76079994 -35649710.059996754
2461137.276762790 -126796808.6700922 -385842961.6274724 -35652681.83014926
2461137.277457234 -126809016.8873371 -385868631.368607 -35655654.66856988
2461137.278151678 -126821264.6724099 -385894269.7724086 -35658628.583916105
2461137.278846123 -126833552.230919 -385919876.6246258 -35661603.584890634
2461137.279540567 -126845879.7696681 -385945451.7085177 -35664579.680242054
2461137.280235012 -126858247.4966609 -385970994.8048211 -35667556.878764644
2461137.280929456 -126870655.62110679 -385996505.6917149 -35670535.18929833
2461137.281623900 -126883104.3534246 -386021984.14478606 -35673514.62072911
2461137.282318345 -126895593.90524329 -386047429.9369957 -35676495.181988485
2461137.283012789 -126908124.48940581 -386072842.8386425 -35679476.88205402
2461137.283707234 -126920696.319974 -386098222.617327 -35682459.7299491
2461137.284401678 -126933309.6122321 -386123569.03791326 -35685443.73474267
2461137.285096123 -126945964.5826867 -386148881.8624945 -35688428.90555016
2461137.285790567 -126958661.4490697 -386174160.85035414 -35691415.25153231
2461137.286485012 -126971400.4303428 -386199405.7579267 -35694402.78189577
2461137.287179456 -126984181.7467004 -386224616.3387597 -35697391.50589303
2461137.287873900 -126997005.6195681 -386249792.3434741 -35700381.432822354
2461137.288568345 -127009872.27160561 -386274933.51972526 -35703372.57202755
2461137.289262789 -127022781.9267101 -386300039.6121604 -35706364.93289811
2461137.289957234 -127035734.8100184 -386325110.36237884 -35709358.52486893
2461137.290651678 -127048731.14790429 -386350145.5088892 -35712353.357420236
2461137.291346123 -127061771.1679813 -386375144.78706944 -35715349.4400777
2461137.292040567 -127074855.0991039 -386400107.92912006 -35718346.78241222
2461137.292735012 -127087983.1713696 -386425034.66402334 -35721345.394039206
2461137.293429456 -127101155.6161151 -386449924.7174971 -35724345.28461954
2461137.294123901 -127114372.6659174 -386474777.81195253 -35727346.4638585
2461137.294818345 -127127634.5545951 -386499593.6664449 -35730348.941506006
2461137.295512789 -127140941.51720801 -386524371.9966301 -35733352.72735581
2461137.296207234 -127154293.7900527 -386549112.51471597 -35736357.83124657
2461137.296901678 -127167691.6106628 -386573814.92941684 -35739364.263059795
2461137.297596123 -127181135.217808 -386598478.9459021 -35742372.032721326
2461137.298290567 -127194624.8514934 -386623104.26574886 -35745381.15020032
2461137.298985011 -127208160.75295301 -386647690.5868938 -35748391.625508316
2461137.299679456 -127221743.1646487 -386672237.6035794 -35751403.46870004
2461137.300373901 -127235372.3302678 -386696745.0063047 -35754416.68987257
2461137.301068345 -127249048.4947208 -386721212.4817732 -35757431.29916483
2461137.301762789 -127262771.9041338 -386745639.7128398 -35760447.30675739
2461137.302457234 -127276542.8058447 -386770026.3784578 -35763464.72287201
2461137.303151678 -127290361.4484005 -386794372.153624 -35766483.55777151
2461137.303846123 -127304228.0815517 -386818676.70932376 -35769503.82175884
2461137.304540567 -127318142.95624411 -386842939.71247596 -35772525.52517687
2461137.305235012 -127332106.3246129 -386867160.82587546 -35775548.678408
2461137.305929456 -127346118.4399773 -386891339.7081371 -35778573.29187321
2461137.306623900 -127360179.5568338 -386915476.0136348 -35781599.37603213
2461137.307318345 -127374289.9308453 -386939569.3924456 -35784626.94138163
2461137.308012790 -127388449.81883311 -386963619.4902885 -35787655.998456195
2461137.308707234 -127402659.47876969 -386987625.94846296 -35790686.557826556
2461137.309401678 -127416919.169769 -387011588.40378785 -35793718.63009921
2461137.310096123 -127431229.15207389 -387035506.4885392 -35796752.2259159
2461137.310790567 -127445589.6870448 -387059379.8303877 -35799787.35595261
2461137.311485012 -127460001.0371507 -387083208.052333 -35802824.03091894
2461137.312179456 -127474463.46595661 -387106990.7726387 -35805862.26155731
2461137.312873900 -127488977.23810779 -387130727.6047675 -35808902.05864198
2461137.313568345 -127503542.6193162 -387154418.15731376 -35811943.4329785
2461137.314262789 -127518159.8763479 -387178062.03393567 -35814986.39540223
2461137.314957234 -127532829.27700831 -387201658.8332857 -35818030.956777945
2461137.315651678 -127547551.0901225 -387225208.1489421 -35821077.12799869
2461137.316346123 -127562325.58551899 -387248709.5693383 -35824124.91998449
2461137.317040567 -127577153.03401369 -387272162.67769104 -35827174.343681216
2461137.317735012 -127592033.7073914 -387295567.0519259 -35830225.41006026
2461137.318429456 -127606967.8783829 -387318922.26460737 -35833278.13011644
2461137.319123900 -127621955.82064539 -387342227.8828631 -35836332.51486681
2461137.319818345 -127636997.8087415 -387365483.46830606 -35839388.575350314
2461137.320512789 -127652094.1181183 -387388688.5769612 -35842446.322625436
2461137.321207234 -127667245.0250796 -387411842.7591862 -35845505.76776921
2461137.321901678 -127682450.8067619 -387434945.55959505 -35848566.92187587
2461137.322596123 -127697711.7411105 -387457996.5169764 -35851629.79605564
2461137.323290567 -127713028.10685249 -387480995.1642134 -35854694.40143229
2461137.323985012 -127728400.1834654 -387503941.0282034 -35857760.7491427
2461137.324679456 -127743828.2511483 -387526833.629776 -35860828.8503341
2461137.325373901 -127759312.590793 -387549672.4836073 -35863898.71616336
2461137.326068345 -127774853.4839521 -387572457.0981364 -35866970.357794255
2461137.326762789 -127790451.2128027 -387595186.97548056 -35870043.78639651
2461137.327457234 -127806106.060112 -387617861.6113492 -35873119.01314318
2461137.328151678 -127821818.3092028 -387640480.4949535 -35876196.04920916
2461137.328846123 -127837588.2439165 -387663043.1089202 -35879274.905768506
2461137.329540567 -127853416.1485706 -387685548.92920095 -35882355.59399333
2461137.330235011 -127869302.30791831 -387707997.4249827 -35885438.12505083
2461137.330929456 -127885247.0071086 -387730388.05859476 -35888522.51010068
2461137.331623901 -127901250.5316419 -387752720.2854158 -35891608.76029381
2461137.332318345 -127917313.1673215 -387774993.55378103 -35894696.88676891
2461137.333012789 -127933435.2002069 -387797207.30488783 -35897786.90065045
2461137.333707234 -127949616.9165661 -387819360.9726981 -35900878.813046224
2461137.334401678 -127965858.6028251 -387841453.9838424 -35903972.635044046
2461137.335096123 -127982160.54551141 -387863485.7575228 -35907068.377709106
2461137.335790567 -127998523.0311998 -387885455.7054129 -35910166.05208177
2461137.336485012 -128014946.3464577 -387907363.23155886 -35913265.669173785
2461137.337179456 -128031430.7777853 -387929207.7322775 -35916367.23996568
2461137.337873900 -128047976.61155221 -387950988.5960552 -35919470.77540329
2461137.338568345 -128064584.1339342 -387972705.2034457 -35922576.28639461
2461137.339262790 -128081253.6308504 -387994356.92696625 -35925683.78380677
2461137.339957234 -128097985.38789481 -388015943.130992 -35928793.2784617
2461137.340651678 -128114779.69026 -388037463.1716487 -35931904.781133085
2461137.341346123 -128131636.8226694 -388058916.3967104 -35935018.30254242
2461137.342040567 -128148557.06930639 -388080302.1454955 -35938133.85335632
2461137.342735012 -128165540.71373521 -388101619.7487566 -35941251.44418175
2461137.343429456 -128182588.0388042 -388122868.5285558 -35944371.08556004
2461137.344123900 -128199699.3265685 -388144047.7981622 -35947492.78796336
2461137.344818345 -128216874.85821639 -388165156.8619532 -35950616.56179247
2461137.345512789 -128234114.9139851 -388186195.01530933 -35953742.417372644
2461137.346207234 -128251419.7730532 -388207161.5444869 -35956870.364947475
2461137.346901678 -128268789.7134443 -388228055.7265032 -35960000.41467295
2461137.347596123 -128286225.0119347 -388248876.82902735 -35963132.57661386
2461137.348290567 -128303725.9439558 -388269624.1102711 -35966266.86073895
2461137.348985012 -128321292.78348391 -388290296.81887054 -35969403.27691543
2461137.349679456 -128338925.8029326 -388310894.19377226 -35972541.83490353
2461137.350373900 -128356625.27304369 -388331415.4641174 -35975682.544351116
2461137.351068345 -128374391.46277331 -388351859.8491264 -35978825.41478769
2461137.351762789 -128392224.6391699 -388372226.55798304 -35981970.45561924
2461137.352457234 -128410125.0672533 -388392514.78971976 -35985117.67612124
2461137.353151678 -128428093.0098901 -388412723.7330981 -35988267.085433766
2461137.353846123 -128446128.72766429 -388432852.5664938 -35991418.69255342
2461137.354540567 -128464232.47874129 -388452900.4577806 -35994572.50632855
2461137.355235012 -128482404.5187296 -388472866.564213 -35997728.535451196
2461137.355929456 -128500645.1005414 -388492750.0323096 -36000886.78845076
2461137.356623901 -128518954.47424701 -388512549.9977355 -36004047.273686804
2461137.357318345 -128537332.88692039 -388532265.58518827 -36007209.99934172
2461137.358012789 -128555780.5824857 -388551895.9082813 -36010374.973413065
2461137.358707234 -128574297.8015587 -388571440.0694277 -36013542.20370619
2461137.359401678 -128592884.78128399 -388590897.1597243 -36016711.69782587
2461137.360096123 -128611541.7551622 -388610266.2588404 -36019883.46316837
2461137.360790567 -128630268.952877 -388629546.4349026 -36023057.50691303
2461137.361485011 -128649066.6001186 -388648736.7443816 -36026233.836013734
2461137.362179456 -128667934.91840011 -388667836.2319799 -36029412.45718999
2461137.362873901 -128686874.1248656 -388686843.93052375 -36032593.376918025
2461137.363568345 -128705884.4320966 -388705758.86085194 -36035776.60142109
2461137.364262789 -128724966.04791439 -388724580.0317082 -36038962.13666073
2461137.364957234 -128744119.1751755 -388743306.439634 -36042149.98832595
2461137.365651678 -128763344.01155831 -388761937.068865 -36045340.161824055
2461137.366346123 -128782640.7493469 -388780470.89122844 -36048532.66226992
2461137.367040567 -128802009.575212 -388798906.8660406 -36051727.49447572
2461137.367735012 -128821450.6699827 -388817243.9400082 -36054924.662940085
2461137.368429456 -128840964.20841001 -388835481.0471341 -36058124.17183656
2461137.369123900 -128860550.358928 -388853617.1086216 -36061326.025003284
2461137.369818345 -128880209.28340921 -388871651.0327838 -36064530.225930214
2461137.370512790 -128899941.1369133 -388889581.714955 -36067736.77774816
2461137.371207234 -128919746.0674254 -388907408.0374066 -36070945.683216296
2461137.371901678 -128939624.2155921 -388925128.8692651 -36074156.9447098
2461137.372596123 -128959575.7144516 -388942743.06643456 -36077370.56420697
2461137.373290567 -128979600.6891564 -388960249.47152007 -36080586.543276384
2461137.373985012 -128999699.2566854 -388977646.91376096 -36083804.88306345
2461137.374679456 -129019871.52555369 -388994934.2089639 -36087025.58427729
2461137.375373900 -129040117.59551561 -389012110.1594405 -36090248.64717611
2461137.376068345 -129060437.5572609 -389029173.5539518 -36093474.07155376
2461137.376762789 -129080831.49209909 -389046123.1676577 -36096701.85672454
2461137.377457234 -129101299.4716415 -389062957.7620709 -36099932.00150933
2461137.378151678 -129121841.5574771 -389079676.0850168 -36103164.504219554
2461137.378846123 -129142457.8008402 -389096276.87059945 -36106399.362642385
2461137.379540567 -129163148.2422667 -389112758.8391744 -36109636.5740248
2461137.380235012 -129183912.911248 -389129120.69732815 -36112876.13505822
2461137.380929456 -129204751.8258778 -389145361.13786376 -36116118.04186116
2461137.381623900 -129225664.9924918 -389161478.8397945 -36119362.28996345
2461137.382318345 -129246652.405295 -389177472.4683462 -36122608.87428897
2461137.383012789 -129267714.045987 -389193340.6749658 -36125857.789138824
2461137.383707234 -129288849.8833802 -389209082.0973399 -36129109.02817358
2461137.384401678 -129310059.8730107 -389224695.359421 -36132362.584395364
2461137.385096123 -129331343.9567373 -389240179.0714647 -36135618.450130135
2461137.385790567 -129352702.062338 -389255531.8300758 -36138876.61700923
2461137.386485012 -129374134.1031008 -389270752.2182626 -36142137.07595051
2461137.387179456 -129395639.97740571 -389285838.80550534 -36145399.81713964
2461137.387873901 -129417219.5682966 -389300790.14783317 -36148664.83001102
2461137.388568345 -129438872.7430505 -389315604.7879136 -36151932.103228025
2461137.389262789 -129460599.352741 -389330281.2551531 -36155201.62466352
2461137.389957234 -129482399.23179421 -389344818.06580937 -36158473.38138
2461137.390651678 -129504272.1975347 -389359213.7231192 -36161747.35960906
2461137.391346123 -129526218.0497294 -389373466.71743816 -36165023.544731
2461137.392040567 -129548236.5701262 -389387575.526392 -36168301.921254806
2461137.392735011 -129570327.5219869 -389401538.6150449 -36171582.47279638
2461137.393429456 -129592490.6496087 -389415354.4360825 -36174865.182058305
2461137.394123901 -129614725.6778476 -389429021.43000925 -36178150.03080806
2461137.394818345 -129637032.3116351 -389442538.02536106 -36181436.999857016
2461137.395512789 -129659410.2354908 -389455902.6389353 -36184726.069038376
2461137.396207234 -129681859.11302671 -389469113.67603743 -36188017.21718634
2461137.396901678 -129704378.5864509 -389482169.5307458 -36191310.42211363
2461137.397596123 -129726968.2760703 -389495068.58619124 -36194605.660589345
2461137.398290567 -129749627.7797876 -389507809.21485823 -36197902.908318445
2461137.398985012 -129772356.6725924 -389520389.7789035 -36201202.139917955
2461137.399679456 -129795154.50605479 -389532808.6304952 -36204503.32889633
2461137.400373900 -129818020.8078173 -389545064.1121695 -36207806.447630286
2461137.401068345 -129840955.0810853 -389557154.5572095 -36211111.4673441
2461137.401762790 -129863956.80411279 -389569078.2900448 -36214418.35808643
2461137.402457234 -129887025.4296924 -389580833.6266731 -36217727.08870913
2461137.403151678 -129910160.3846465 -389592418.8751008 -36221037.62684509
2461137.403846123 -129933361.0693197 -389603832.33580804 -36224349.93888735
2461137.404540567 -129956626.8570683 -389615072.3022374 -36227663.989966616
2461137.405235012 -129979957.0937573 -389626137.06130445 -36230979.74393063
2461137.405929456 -130003351.0972618 -389637024.8939306 -36234297.16332347
2461137.406623900 -130026808.15697129 -389647734.0756009 -36237616.20936441
2461137.407318345 -130050327.533296 -389658262.8769484 -36240936.84192712
2461137.408012789 -130073908.4571823 -389668609.56435984 -36244259.019520976
2461137.408707234 -130097550.1296369 -389678772.4006081 -36247582.69926996
2461137.409401678 -130121251.7212574 -389688749.64550745 -36250907.836894564
2461137.410096123 -130145012.3717681 -389698539.55659896 -36254234.38669305
2461137.410790567 -130168831.1895691 -389708140.389858 -36257562.301522635
2461137.411485012 -130192707.2512981 -389717550.40042704 -36260891.532782905
2461137.412179456 -130216639.6014026 -389726767.84337705 -36264222.03039797
2461137.412873900 -130240627.2517207 -389735790.9744935 -36267553.74280148
2461137.413568345 -130264669.1810818 -389744618.05108917 -36270886.61692024
2461137.414262789 -130288764.3349217 -389753247.3328421 -36274220.59815985
2461137.414957234 -130312911.6249145 -389761677.08265966 -36277555.63039097
2461137.415651678 -130337109.9286176 -389769905.567571 -36280891.6559366
2461137.416346123 -130361358.08913991 -389777931.0596412 -36284228.61556016
2461137.417040567 -130385654.9148319 -389785751.8369152 -36287566.44845408
2461137.417735012 -130409999.17899461 -389793366.1843833 -36290905.09223071
2461137.418429456 -130434389.61960909 -389800772.3949739 -36294244.482913285
2461137.419123901 -130458824.939093 -389807968.77057153 -36297584.554928444
2461137.419818345 -130483303.8040842 -389814953.6230554 -36300925.24110005
2461137.420512789 -130507824.8452493 -389821725.2753635 -36304266.47264438
2461137.421207234 -130532386.65711729 -389828282.06258166 -36307608.17916633
2461137.421901678 -130556987.7979453 -389834622.3330511 -36310950.288657546
2461137.422596123 -130581626.7896177 -389840744.44949806 -36314292.72749557
2461137.423290567 -130606302.1175745 -389846646.7901854 -36317635.42044468
2461137.423985011 -130631012.2307703 -389852327.750082 -36320978.290658794
2461137.424679456 -130655755.5416712 -389857785.7420523 -36324321.25968532
2461137.425373901 -130680530.4262892 -389863019.19806176 -36327664.24747082
2461137.426068345 -130705335.224252 -389868026.57039636 -36331007.17236928
2461137.426762789 -130730168.23890719 -389872806.33290267 -36334349.95115051
2461137.427457234 -130755027.7374704 -389877356.9822359 -36337692.49901225
2461137.428151678 -130779911.9512162 -389881677.0391216 -36341034.729593396
2461137.428846123 -130804819.0757069 -389885765.0496273 -36344376.554988764
2461137.429540567 -130829747.2710579 -389889619.5864449 -36347717.88576542
2461137.430235012 -130854694.66226 -389893239.2501771 -36351058.63098332
2461137.430929456 -130879659.3395461 -389896622.67063195 -36354398.6982163
2461137.431623900 -130904639.35879521 -389899768.5081165 -36357737.99357607
2461137.432318345 -130929632.74196209 -389902675.45473516 -36361076.42173368
2461137.433012790 -130954637.4775852 -389905342.23568577 -36364413.88594938
2461137.433707234 -130979651.5213498 -389907767.61055523 -36367750.28810365
2461137.434401678 -131004672.7966902 -389909950.3746081 -36371085.52873044
2461137.435096123 -131029699.1954093 -389911889.3600679 -36374419.50704824
2461137.435790567 -131054728.5783695 -389913583.4373882 -36377752.12099648
2461137.436485012 -131079758.77623871 -389915031.5165123 -36381083.26727443
2461137.437179456 -131104787.5902861 -389916232.5481202 -36384412.841382585
2461137.437873900 -131129812.79321149 -389917185.5248571 -36387740.73766507
2461137.438568345 -131154832.1300334 -389917889.4825443 -36391066.849354364
2461137.439262789 -131179843.3190255 -389918343.5013659 -36394391.068618596
2461137.439957234 -131204844.05270182 -389918546.7070328 -36397713.28661122
2461137.440651678 -131229831.99884169 -389918498.2719211 -36401033.39352115
2461137.441346123 -131254804.80156961 -389918197.41618013 -36404351.27862761
2461137.442040567 -131279760.08247901 -389917643.4088072 -36407666.830354534
2461137.442735012 -131304695.4418008 -389916835.56869006 -36410979.93632796
2461137.443429456 -131329608.459613 -389915773.26561385 -36414290.483435
2461137.444123900 -131354496.69709511 -389914455.9212251 -36417598.357885405
2461137.444818345 -131379357.69782612 -389912883.0099569 -36420903.44527393
2461137.445512789 -131404188.98912129 -389911054.0599093 -36424205.630644076
2461137.446207234 -131428988.08340181 -389908968.65368336 -36427504.79855531
2461137.446901678 -131453752.47960651 -389906626.4291678 -36430800.83314937
2461137.447596123 -131478479.664638 -389904027.0802731 -36434093.61821946
2461137.448290567 -131503167.11484051 -389901170.35761315 -36437383.03728064
2461137.448985012 -131527812.2975041 -389898056.06913507 -36440668.97364057
2461137.449679456 -131552412.6724009 -389894684.08068925 -36443951.310472496
2461137.450373901 -131576965.6933482 -389891054.3165421 -36447229.93088796
2461137.451068345 -131601468.8097932 -389887166.7598287 -36450504.71801177
2461137.451762789 -131625919.46841508 -389883021.4529459 -36453775.555056006
2461137.452457234 -131650315.11474901 -389878618.4978808 -36457042.32539641
2461137.453151678 -131674653.19482511 -389873958.0564747 -36460304.91264767
2461137.453846123 -131698931.15682112 -389869040.35062444 -36463563.20073994
2461137.454540567 -131723146.45271859 -389863865.66241527 -36466817.07399571
2461137.455235011 -131747296.5399703 -389858434.3341902 -36470066.41720576
2461137.455929456 -131771378.8831732 -389852746.76854867 -36473311.11570625
2461137.456623901 -131795390.95573902 -389846803.4282794 -36476551.05545418
2461137.457318345 -131819330.2415612 -389840604.8362256 -36479786.12310454
2461137.458012789 -131843194.23667729 -389834151.5750829 -36483016.20608414
2461137.458707234 -131866980.45092608 -389827444.2871267 -36486241.192667976
2461137.459401678 -131890686.4095917 -389820483.6738736 -36489460.97205207
2461137.460096123 -131914309.6550282 -389813270.49567884 -36492675.434426896
2461137.460790567 -131937847.74827188 -389805805.5712614 -36495884.471050024
2461137.461485012 -131961298.2706333 -389798089.77716887 -36499087.97431603
2461137.462179456 -131984658.82526469 -389790124.0471732 -36502285.83782646
2461137.462873900 -132007927.0386984 -389781909.37160784 -36505477.956458576
2461137.463568345 -132031100.562358 -389773446.7966388 -36508664.22643064
2461137.464262790 -132054177.0740418 -389764737.4234771 -36511844.545367956
2461137.464957234 -132077154.2793683 -389755782.40753096 -36515018.81236551
2461137.465651678 -132100029.9131822 -389746582.95750153 -36518186.92804928
2461137.466346123 -132122801.74092521 -389737140.3344244 -36521348.794635326
2461137.467040567 -132145467.5599662 -389727455.8506549 -36524504.315987356
2461137.467735012 -132168025.20088692 -389717530.8688036 -36527653.397671334
2461137.468429456 -132190472.5287181 -389707366.8006251 -36530795.947007895
2461137.469123900 -132212807.4441321 -389696965.1058572 -36533931.87312357
2461137.469818345 -132235027.8845874 -389686327.2910166 -36537061.08699771
2461137.470512789 -132257131.8254215 -389675454.9081538 -36540183.50150902
2461137.471207234 -132279117.28088689 -389664349.5535702 -36543299.03147754
2461137.471901678 -132300982.305139 -389653012.8664967 -36546407.59370584
2461137.472596123 -132322724.9931687 -389641446.5277404 -36549509.107016064
2461137.473290567 -132344343.48167992 -389629652.2582991 -36552603.492285274
2461137.473985012 -132365835.9499051 -389617631.81795096 -36555690.67247794
2461137.474679456 -132387200.62036929 -389605387.00381607 -36558770.57267568
2461137.475373900 -132408435.7595965 -389592919.64889705 -36561843.120104246
2461137.476068345 -132429539.67875719 -389580231.62060106 -36564908.24415698
2461137.476762789 -132450510.7342544 -389567324.81924397 -36567965.87641802
2461137.477457234 -132471347.32825461 -389554201.1765435 -36571015.95067934
2461137.478151678 -132492047.9091619 -389540862.65409833 -36574058.402957946
2461137.478846123 -132512610.97203411 -389527311.2418606 -36577093.17150901
2461137.479540567 -132533035.05893561 -389513548.95660573 -36580120.19683659
2461137.480235012 -132553318.75923881 -389499577.8403949 -36583139.42170193
2461137.480929456 -132573460.70986968 -389485399.959042 -36586150.79112904
2461137.481623901 -132593459.59549639 -389471017.40057987 -36589154.2524074
2461137.482318345 -132613314.14865962 -389456432.27373415 -36592149.755093366
2461137.483012789 -132633023.1498527 -389441646.706404 -36595137.25100705
2461137.483707234 -132652585.42755121 -389426662.8441519 -36598116.694229454
2461137.484401678 -132671999.8581885 -389411482.8487056 -36601088.041094676
2461137.485096123 -132691265.366078 -389396108.8964758 -36604051.25018215
2461137.485790567 -132710380.92329109 -389380543.1770892 -36607006.282304965
2461137.486485011 -132729345.5494875 -389364787.89193994 -36609953.1004969
2461137.487179456 -132748158.3116995 -389348845.25275916 -36612891.669997886
2461137.487873901 -132766818.32406789 -389332717.4802114 -36615821.95823602
2461137.488568345 -132785324.7475389 -389316406.8025099 -36618743.93480929
2461137.489262789 -132803676.78952122 -389299915.45405793 -36621657.571464896
2461137.489957234 -132821873.70350279 -389283245.67411786 -36624562.84207638
2461137.490651678 -132839914.7886261 -389266399.70550793 -36627459.722620025
2461137.491346123 -132857799.38923079 -389249379.79332566 -36630348.19114904
2461137.492040567 -132875526.894365 -389232188.18370533 -36633228.22776646
2461137.492735012 -132893096.7372618 -389214827.1226007 -36636099.8145974
2461137.493429456 -132910508.3947815 -389197298.8546071 -36638962.935758345
2461137.494123900 -132927761.3868303 -389179605.6218102 -36641817.57732725
2461137.494818345 -132944855.27575211 -389161749.6626702 -36644663.727310956
2461137.495512790 -132961789.66569482 -389143733.2109402 -36647501.37561268
2461137.496207234 -132978564.20194899 -389125558.49461937 -36650330.51399773
2461137.496901678 -132995178.57026961 -389107227.7349409 -36653151.13605873
2461137.497596123 -133011632.4961783 -389088743.1453934 -36655963.237180784
2461137.498290567 -133027925.7442476 -389070106.9307794 -36658766.81450379
2461137.498985012 -133044058.11736348 -389051321.2863096 -36661561.866887115
2461137.499679456 -133060029.45597851 -389032388.396732 -36664348.39487131
2461137.500373900 -133075839.6373521 -389013310.4354959 -36667126.400640145
2461137.501068345 -133091488.5747784 -388994089.5639508 -36669895.88798315
2461137.501762789 -133106976.21680051 -388974727.9305843 -36672656.862255916
2461137.502457234 -133122302.54641908 -388955227.67029166 -36675409.330341876
2461137.503151678 -133137467.58029708 -388935590.9036793 -36678153.300613604
2461137.503846123 -133152471.36795509 -388915819.7364054 -36680888.782892175
2461137.504540567 -133167313.9909599 -388895916.25855297 -36683615.78840952
2461137.505235012 -133181995.56211412 -388875882.5440378 -36686334.329768315
2461137.505929456 -133196516.22464392 -388855720.6500475 -36689044.42090253
2461137.506623900 -133210876.1513863 -388835432.6165127 -36691746.07703864
2461137.507318345 -133225075.54397158 -388815020.46561354 -36694439.31465651
2461137.508012789 -133239114.6320123 -388794486.2013146 -36697124.15145047
2461137.508707234 -133252993.67229559 -388773831.8089312 -36699800.60629065
2461137.509401678 -133266712.94797792 -388753059.254724 -36702468.69918465
2461137.510096123 -133280272.7677798 -388732170.4855269 -36705128.4512394
2461137.510790567 -133293673.4651907 -388711167.4284013 -36707779.88462348
2461137.511485012 -133306915.3976812 -388690051.9903146 -36710423.02253036
2461137.512179456 -133319998.9459198 -388668826.05785173 -36713057.8891405
2461137.512873901 -133332924.51299278 -388647491.4969535 -36715684.509585
2461137.513568345 -133345692.52363959 -388626050.1526732 -36718302.9099105
2461137.514262789 -133358303.4234989 -388604503.84895706 -36720913.11704367
2461137.514957234 -133370757.6783588 -388582854.3884565 -36723515.158755906
2461137.515651678 -133383055.77340539 -388561103.552378 -36726109.063627295
2461137.516346123 -133395198.21249871 -388539253.1003312 -36728694.8610135
2461137.517040567 -133407185.51746479 -388517304.77019244 -36731272.58101337
2461137.517735011 -133419018.22739318 -388495260.27799463 -36733842.2544382
2461137.518429456 -133430696.8979295 -388473121.3178644 -36736403.91277653
2461137.519123901 -133442222.10059251 -388450889.5619595 -36738957.58816288
2461137.519818345 -133453594.4221086 -388428566.6604192 -36741503.31334735
2461137.520512789 -133464814.46375738 -388406154.2413329 -36744041.12166658
2461137.521207234 -133475882.84071791 -388383653.9107341 -36746571.047012225
2461137.521901678 -133486800.1814411 -388361067.2526079 -36749093.123803355
2461137.522596123 -133497567.12703569 -388338395.8289114 -36751607.386958376
2461137.523290567 -133508184.3306591 -388315641.1796105 -36754113.87186596
2461137.523985012 -133518652.4569061 -388292804.82272476 -36756612.614359856
2461137.524679456 -133528972.1812341 -388269888.2543948 -36759103.65069122
2461137.525373900 -133539144.18941201 -388246892.94896 -36761587.01750409
2461137.526068345 -133549169.17697911 -388223820.35905194 -36764062.751809336
2461137.526762790 -133559047.84869851 -388200671.915693 -36766530.8909615
2461137.527457234 -133568780.918029 -388177449.0284084 -36768991.47263408
2461137.528151678 -133578369.1066105 -388154153.085343 -36771444.53479734
2461137.528846123 -133587813.1437643 -388130785.4533926 -36773890.115695536
2461137.529540567 -133597113.7660063 -388107347.4783458 -36776328.253825106
2461137.530235012 -133606271.716575 -388083840.4850315 -36778758.9879139
2461137.530929456 -133615287.74497432 -388060265.7774747 -36781182.35690077
2461137.531623900 -133624162.60652669 -388036624.6390603 -36783598.39991492
2461137.532318345 -133632897.0619368 -388012918.3327043 -36786007.15625778
2461137.533012789 -133641491.876871 -387989148.10103065 -36788408.66538387
2461137.533707234 -133649947.8215508 -387965315.16655403 -36790802.96688245
2461137.534401678 -133658265.670357 -387941420.7318678 -36793190.10046066
2461137.535096123 -133666446.20144211 -387917465.9798386 -36795570.105926126
2461137.535790567 -133674490.19635949 -387893452.0738048 -36797943.023170866
2461137.536485012 -133682398.43970421 -387869380.1577775 -36800308.89215591
2461137.537179456 -133690171.7187656 -387845251.35664755 -36802667.75289518
2461137.537873900 -133697810.82318561 -387821066.77639574 -36805019.645441495
2461137.538568345 -133705316.54463428 -387796827.5043053 -36807364.60987249
2461137.539262789 -133712689.67649591 -387772534.6091779 -36809702.68627626
2461137.539957234 -133719931.0135649 -387748189.14155096 -36812033.91473927
2461137.540651678 -133727041.35174951 -387723792.133919 -36814358.335332505
2461137.541346123 -133734021.4877878 -387699344.6009555 -36816675.98810032
2461137.542040567 -133740872.21897711 -387674847.53973645 -36818986.91304811
2461137.542735012 -133747594.34291019 -387650301.9299649 -36821291.150131196
2461137.543429456 -133754188.6572188 -387625708.7341976 -36823588.73924442
2461137.544123901 -133760655.9593294 -387601068.8980726 -36825879.72021106
2461137.544818345 -133766997.04623039 -387576383.35053515 -36828164.13277359
2461137.545512789 -133773212.71424621 -387551653.00406605 -36830442.01658346
2461137.546207234 -133779303.7588165 -387526878.75490934 -36832713.4111927
2461137.546901678 -133785270.9742884 -387502061.4833016 -36834978.35604471
2461137.547596123 -133791115.15371789 -387477202.05369705 -36837236.89046639
2461137.548290567 -133796837.08867821 -387452301.31499636 -36839489.05365914
2461137.548985011 -133802437.56907189 -387427360.10077286 -36841734.88469236
2461137.549679456 -133807917.38295521 -387402379.2294987 -36843974.42249561
2461137.550373901 -133813277.31637068 -387377359.50476825 -36846207.70585226
2461137.551068345 -133818518.15318659 -387352301.7155236 -36848434.77339169
2461137.551762789 -133823640.6749376 -387327206.6362768 -36850655.66358456
2461137.552457234 -133828645.6606793 -387302075.02733076 -36852870.41473559
2461137.553151678 -133833533.88684781 -387276907.6350003 -36855079.06497829
2461137.553846123 -133838306.12712671 -387251705.19182914 -36857281.652270325
2461137.554540567 -133842963.15231471 -387226468.4168076 -36859478.21438717
2461137.555235012 -133847505.7302049 -387201198.015589 -36861668.78891835
2461137.555929456 -133851934.6254701 -387175894.6807009 -36863853.413262255
2461137.556623900 -133856250.59955311 -387150559.0917576 -36866032.124622256
2461137.557318345 -133860454.41055909 -387125191.9156704 -36868204.96000239
2461137.558012790 -133864546.81315652 -387099793.8068546 -36870371.95620351
2461137.558707234 -133868528.55848369 -387074365.40743554 -36872533.14982032
2461137.559401678 -133872400.39406268 -387048907.3474501 -36874688.57723742
2461137.560096123 -133876163.0637116 -387023420.2450515 -36876838.27462621
2461137.560790567 -133879817.30746399 -386997904.7067068 -36878982.27794215
2461137.561485012 -133883363.86149481 -386972361.3273917 -36881120.62292223
2461137.562179456 -133886803.4580521 -386946790.6907868 -36883253.34508216
2461137.562873900 -133890136.82539761 -386921193.3694735 -36885380.47971422
2461137.563568345 -133893364.6877461 -386895569.9251232 -36887502.061885044
2461137.564262789 -133896487.76520501 -386869920.9086846 -36889618.126433514
2461137.564957234 -133899506.77371171 -386844246.8605638 -36891728.70796933
2461137.565651678 -133902422.4249716 -386818548.3108072 -36893833.84087091
2461137.566346123 -133905235.42641549 -386792825.77928203 -36895933.559284315
2461137.567040567 -133907946.4811658 -386767079.77585626 -36898027.897121444
2461137.567735012 -133910556.2880027 -386741310.8005747 -36900116.888059765
2461137.568429456 -133913065.54131912 -386715519.3438338 -36902200.56553971
2461137.569123900 -133915474.9310872 -386689705.88654906 -36904278.96276559
2461137.569818345 -133917785.1428306 -386663870.90032434 -36906352.11270337
2461137.570512789 -133919996.8575983 -386638014.8476189 -36908420.04808068
2461137.571207234 -133922110.7519354 -386612138.18190885 -36910482.801385984
2461137.571901678 -133924127.4978616 -386586241.34785044 -36912540.40486843
2461137.572596123 -133926047.7628536 -386560324.7814357 -36914592.89053746
2461137.573290567 -133927872.2098282 -386534388.91015 -36916640.29016226
2461137.573985012 -133929601.4971247 -386508434.1531262 -36918682.635272175
2461137.574679456 -133931236.278492 -386482460.9212958 -36920719.957155935
2461137.575373901 -133932777.2030808 -386456469.61753696 -36922752.28686258
2461137.576068345 -133934224.91543588 -386430460.636821 -36924779.65520104
2461137.576762789 -133935580.05548601 -386404434.36635756 -36926802.092740774
2461137.577457234 -133936843.2585404 -386378391.18573725 -36928819.62981133
2461137.578151678 -133938015.15528819 -386352331.4670694 -36930832.296503454
2461137.578846123 -133939096.3717983 -386326255.5751189 -36932840.122669786
2461137.579540567 -133940087.52951689 -386300163.86744463 -36934843.13792421
2461137.580235011 -133940989.2452703 -386274056.69452876 -36936841.37164385
2461137.580929456 -133941802.13127151 -386247934.3999102 -36938834.852968626
2461137.581623901 -133942526.7951262 -386221797.3203095 -36940823.61080256
2461137.582318345 -133943163.83983631 -386195645.7857587 -36942807.67381442
2461137.583012789 -133943713.8638086 -386169480.11972374 -36944787.07043882
2461137.583707234 -133944177.46086721 -386143300.6392266 -36946761.828876294
2461137.584401678 -133944555.22026402 -386117107.6549642 -36948731.97709516
2461137.585096123 -133944847.72668831 -386090901.4714284 -36950697.542832084
2461137.585790567 -133945055.56027961 -386064682.38702 -36952658.55359295
2461137.586485012 -133945179.2966449 -386038450.6941634 -36954615.03665402
2461137.587179456 -133945219.50687349 -386012206.67941713 -36956567.01906351
2461137.587873900 -133945176.75755039 -385985950.6235842 -36958514.52764208
2461137.588568345 -133945051.61077389 -385959682.8018219 -36960457.588984184
2461137.589262790 -133944844.6241751 -385933403.48374486 -36962396.229459465
2461137.589957234 -133944556.35093871 -385907112.9335295 -36964330.475214005
2461137.590651678 -133944187.33981729 -385880811.4100179 -36966260.3521712
2461137.591346123 -133943738.1351537 -385854499.166817 -36968185.88603358
2461137.592040567 -133943209.27690351 -385828176.4523969 -36970107.10228365
2461137.592735012 -133942601.3006572 -385801843.51018727 -36972024.02618554
2461137.593429456 -133941914.7376593 -385775500.57867503 -36973936.68278639
2461137.594123900 -133941150.1148316 -385749147.89149356 -36975845.0969175
2461137.594818345 -133940307.95479909 -385722785.6775172 -36977749.29319602
2461137.595512789 -133939388.7759139 -385696414.1609479 -36979649.29602607
2461137.596207234 -133938393.0922767 -385670033.5614113 -36981545.12960024
2461137.596901678 -133937321.41376232 -385643644.0940355 -36983436.81790118
2461137.597596123 -133936174.2460462 -385617245.9695314 -36985324.38470356
2461137.598290567 -133934952.09063141 -385590839.3942788 -36987207.85357515
2461137.598985012 -133933655.4448717 -385564424.5704293 -36989087.24787712
2461137.599679456 -133932284.8019987 -385538001.6959775 -36990962.59076614
2461137.600373900 -133930840.65114988 -385511570.9648242 -36992833.90519666
2461137.601068345 -133929323.477395 -385485132.5668453 -36994701.21392352
2461137.601762789 -133927733.76176189 -385458686.6879903 -36996564.53950156
2461137.602457234 -133926071.98126419 -385432233.5103576 -36998423.90428713
2461137.603151678 -133924338.60893099 -385405773.21226233 -37000279.33044021
2461137.603846123 -133922534.1138353 -385379305.9683023 -37002130.83992603
2461137.604540567 -133920658.96111849 -385352831.94943446 -37003978.45451636
2461137.605235012 -133918713.6120201 -385326351.3230433 -37005822.19579146
2461137.605929456 -133916698.5239072 -385299864.25300837 -37007662.085140646
2461137.606623901 -133914614.15030429 -385273370.89976835 -37009498.143765494
2461137.607318345 -133912460.94091819 -385246871.4203902 -37011330.39267965
2461137.608012789 -133910239.341668 -385220365.9686311 -37013158.85271145
2461137.608707234 -133907949.79471521 -385193854.6950015 -37014983.54450488
2461137.609401678 -133905592.7384937 -385167337.7468262 -37016804.48852203
2461137.610096123 -133903168.607735 -385140815.2683062 -37018621.70504336
2461137.610790567 -133900677.83349851 -385114287.40057737 -37020435.21417025
2461137.611485011 -133898120.8432015 -385087754.2817681 -37022245.03582629
2461137.612179456 -133895498.06064999 -385061216.0470572 -37024051.18975826
2461137.612873901 -133892809.9060633 -385034672.82872933 -37025853.695538595
2461137.613568345 -133890056.79610421 -385008124.7562309 -37027652.57256609
2461137.614262789 -133887239.14391 -384981571.95622283 -37029447.84006814
2461137.614957234 -133884357.3591219 -384955014.5526335 -37031239.517101556
2461137.615651678 -133881411.8479105 -384928452.6667115 -37033027.62255428
2461137.616346123 -133878403.01300558 -384901886.4170765 -37034812.17514773
2461137.617040567 -133875331.25372621 -384875315.9197679 -37036593.193436824
2461137.617735012 -133872196.9660111 -384848741.2882948 -37038370.69581254
2461137.618429456 -133869000.5424429 -384822162.6336837 -37040144.70050321
2461137.619123900 -133865742.372278 -384795580.0645263 -37041915.22557547
2461137.619818345 -133862422.84147689 -384768993.68702453 -37043682.28893675
2461137.620512790 -133859042.33273299 -384742403.6050364 -37045445.90833571
2461137.621207234 -133855601.2254975 -384715809.92012095 -37047206.101364076
2461137.621901678 -133852099.8960083 -384689212.7315814 -37048962.88545843
2461137.622596123 -133848538.71731989 -384662612.1365076 -37050716.27790111
2461137.623290567 -133844918.05933242 -384636008.2298186 -37052466.295822
2461137.623985012 -133841238.28881481 -384609401.1043033 -37054212.956199676
2461137.624679456 -133837499.76943451 -384582790.8506617 -37055956.275863215
2461137.625373900 -133833702.86178601 -384556177.55754334 -37057696.27149301
2461137.626068345 -133829847.92341942 -384529561.31158644 -37059432.95962294
2461137.626762789 -133825935.30886361 -384502942.19745636 -37061166.35664072
2461137.627457234 -133821965.36965421 -384476320.2978838 -37062896.47879044
2461137.628151678 -133817938.4543631 -384449695.6936999 -37064623.342173025
2461137.628846123 -133813854.908625 -384423068.4638717 -37066346.96274812
2461137.629540567 -133809715.07516061 -384396438.6855396 -37068067.35633529
2461137.630235012 -133805519.2938041 -384369806.43405145 -37069784.53861462
2461137.630929456 -133801267.9015315 -384343171.7829951 -37071498.52512972
2461137.631623900 -133796961.2324869 -384316534.80423176 -37073209.33128745
2461137.632318345 -133792599.61800481 -384289895.56793046 -37074916.972359896
2461137.633012789 -133788183.3866373 -384263254.1425991 -37076621.463485524
2461137.633707234 -133783712.86418079 -384236610.5951153 -37078322.81967098
2461137.634401678 -133779188.37370269 -384209964.9907573 -37080021.055791005
2461137.635096123 -133774610.23556249 -384183317.39323497 -37081716.18659148
2461137.635790567 -133769978.76743801 -384156667.8647197 -37083408.22668927
2461137.636485012 -133765294.2843516 -384130016.4658723 -37085097.19057416
2461137.637179456 -133760557.0986963 -384103363.25587153 -37086783.092609994
2461137.637873901 -133755767.52025591 -384076708.2924429 -37088465.94703561
2461137.638568345 -133750925.85623048 -384050051.6318871 -37090145.767966405
2461137.639262789 -133746032.4112623 -384023393.3291046 -37091822.569395214
2461137.639957234 -133741087.48746029 -383996733.437623 -37093496.365194015
2461137.640651678 -133736091.38442011 -383970072.0096233 -37095167.16911428
2461137.641346123 -133731044.39924899 -383943409.0959664 -37096834.99478904
2461137.642040567 -133725946.8265901 -383916744.7462154 -37098499.855733305
2461137.642735011 -133720798.95864709 -383890079.0086618 -37100161.765345864
2461137.643429456 -133715601.08520329 -383863411.93034905 -37101820.736909695
2461137.644123901 -133710353.49364491 -383836743.5570974 -37103476.783593915
2461137.644818345 -133705056.4689858 -383810073.93352544 -37105129.918454014
2461137.645512789 -133699710.2938907 -383783403.1030714 -37106780.15443368
2461137.646207234 -133694315.24869339 -383756731.1080198 -37108427.50436565
2461137.646901678 -133688871.6114198 -383730057.98951936 -37110071.98097254
2461137.647596123 -133683379.65781151 -383703383.7876059 -37111713.59686847
2461137.648290567 -133677839.66134821 -383676708.5412233 -37113352.36455949
2461137.648985012 -133672251.89326529 -383650032.28824353 -37114988.29644496
2461137.649679456 -133666616.62257628 -383623355.06548804 -37116621.40481903
2461137.650373900 -133660934.11609519 -383596676.9087469 -37118251.70187061
2461137.651068345 -133655204.63845879 -383569997.8527972 -37119879.199685305
2461137.651762790 -133649428.4521432 -383543317.9314238 -37121503.910246246
2461137.652457234 -133643605.81748469 -383516637.177438 -37123125.845434815
2461137.653151678 -133637736.99270311 -383489955.6226952 -37124745.0170317
2461137.653846123 -133631822.2339218 -383463273.2981121 -37126361.4367182
2461137.654540567 -133625861.7951838 -383436590.2336863 -37127975.11607691
2461137.655235012 -133619855.92847309 -383409906.45851314 -37129586.06659278
2461137.655929456 -133613804.88373531 -383383222.0008015 -37131194.29965393
2461137.656623900 -133607708.9088983 -383356536.8878923 -37132799.82655277
2461137.657318345 -133601568.2498875 -383329851.1462728 -37134402.65848697
2461137.658012789 -133595383.1506457 -383303164.80159533 -37136002.80656031
2461137.658707234 -133589153.8531539 -383276477.8786914 -37137600.28178322
2461137.659401678 -133582880.5974506 -383249790.40158665 -37139195.095074534
2461137.660096123 -133576563.6216465 -383223102.3935174 -37140787.25726172
2461137.660790567 -133570203.1619438 -383196413.8769455 -37142376.779081814
2461137.661485012 -133563799.45265621 -383169724.87357247 -37143963.6711826
2461137.662179456 -133557352.72622769 -383143035.40435326 -37145547.944123335
2461137.662873900 -133550863.21324599 -383116345.48951167 -37147129.6083754
2461137.663568345 -133544331.1424618 -383089655.1485542 -37148708.674323805
2461137.664262789 -133537756.7408077 -383062964.4002821 -37150285.15226702
2461137.664957234 -133531140.2334162 -383036273.26280576 -37151859.0524187
2461137.665651678 -133524481.8436334 -383009581.75355816 -37153430.38490813
2461137.666346123 -133517781.79303588 -382982889.88930774 -37154999.159781165
2461137.667040567 -133511040.301451 -382956197.68616945 -37156565.38700074
2461137.667735012 -133504257.58697209 -382929505.1596188 -37158129.07644836
2461137.668429456 -133497433.865973 -382902812.3245033 -37159690.23792385
2461137.669123901 -133490569.3531244 -382876119.1950546 -37161248.881147206
2461137.669818345 -133483664.2614116 -382849425.78490037 -37162805.015758805
2461137.670512789 -133476718.8021519 -382822732.107075 -37164358.65132026
2461137.671207234 -133469733.1850061 -382796038.1740315 -37165909.79731502
2461137.671901678 -133462707.61799501 -382769343.99765325 -37167458.463149376
2461137.672596123 -133455642.30751729 -382742649.5892627 -37169004.658153474
2461137.673290567 -133448537.4583649 -382715954.9596346 -37170548.391581155
2461137.673985011 -133441393.27373518 -382689260.1190047 -37172089.67261139
2461137.674679456 -133434209.9552459 -382662565.0770811 -37173628.5103492
2461137.675373901 -133426987.70295282 -382635869.8430528 -37175164.91382585
2461137.676068345 -133419726.7153646 -382609174.4255998 -37176698.891999364
2461137.676762789 -133412427.1894545 -382582478.83290833 -37178230.45375608
2461137.677457234 -133405089.32067509 -382555783.07267374 -37179759.60791035
2461137.678151678 -133397713.302972 -382529087.15210444 -37181286.36320654
2461137.678846123 -133390299.32880041 -382502391.0779348 -37182810.728318796
2461137.679540567 -133382847.5891403 -382475694.85645396 -37184332.711851135
2461137.680235012 -133375358.27350898 -382448998.49350667 -37185852.32233818
2461137.680929456 -133367831.56997271 -382422301.9944852 -37187369.56824697
2461137.681623900 -133360267.66515791 -382395605.3643302 -37188884.457977906
2461137.682318345 -133352666.74426751 -382368908.6075608 -37190396.99986437
2461137.683012790 -133345028.99109541 -382342211.728284 -37191907.20217334
2461137.683707234 -133337354.58803989 -382315514.7301983 -37193415.073105685
2461137.684401678 -133329643.71611571 -382288817.6165944 -37194920.620797664
2461137.685096123 -133321896.55496521 -382262120.3903695 -37196423.85332158
2461137.685790567 -133314113.28287129 -382235423.0540345 -37197924.778685786
2461137.686485012 -133306294.076772 -382208725.6097201 -37199423.40483511
2461137.687179456 -133298439.11227389 -382182028.0591848 -37200919.7396524
2461137.687873900 -133290548.56366041 -382155330.4038213 -37202413.79095817
2461137.688568345 -133282622.6039051 -382128632.6446659 -37203905.56651185
2461137.689262789 -133274661.40468578 -382101934.78240246 -37205395.07401208
2461137.689957234 -133266665.1363974 -382075236.8173706 -37206882.32109725
2461137.690651678 -133258633.96815959 -382048538.7495733 -37208367.31534603
2461137.691346123 -133250568.06782971 -382021840.5786826 -37209850.06427823
2461137.692040567 -133242467.6020165 -381995142.30404603 -37211330.57535457
2461137.692735012 -133234332.73609209 -381968443.9246927 -37212808.85597854
2461137.693429456 -133226163.63419959 -381941745.43934 -37214284.9134962
2461137.694123900 -133217960.4592658 -381915046.8464006 -37215758.75519606
2461137.694818345 -133209723.37301329 -381888348.14398676 -37217230.38831071
2461137.695512789 -133201452.53597352 -381861649.3299172 -37218699.8200168
2461137.696207234 -133193148.1074926 -381834950.4017226 -37220167.05743564
2461137.696901678 -133184810.2457439 -381808251.3566523 -37221632.10763401
2461137.697596123 -133176439.1077407 -381781552.1916786 -37223094.97762402
2461137.698290567 -133168034.8493472 -381754852.903502 -37224555.67436424
2461137.698985012 -133159597.62528509 -381728153.4885584 -37226014.20475965
2461137.699679456 -133151127.5891455 -381701453.9430232 -37227470.57566303
2461137.700373901 -133142624.89340061 -381674754.2628165 -37228924.793874115
2461137.701068345 -133134089.68941468 -381648054.443608 -37230376.86614133
2461137.701762789 -133125522.1274508 -381621354.4808229 -37231826.79916156
2461137.702457234 -133116922.35668091 -381594654.3696465 -37233274.599580824
2461137.703151678 -133108290.5251985 -381567954.10502857 -37234720.27399484
2461137.703846123 -133099626.7800286 -381541253.6816886 -37236163.82894921
2461137.704540567 -133090931.26713371 -381514553.0941195 -37237605.27094011
2461137.705235011 -133082204.1314244 -381487852.3365949 -37239044.606414795
2461137.705929456 -133073445.51677059 -381461151.40317017 -37240481.84177178
2461137.706623901 -133064655.5660119 -381434450.2876887 -37241916.98336127
2461137.707318345 -133055834.4209629 -381407748.9837857 -37243350.037486225
2461137.708012789 -133046982.2224233 -381381047.4848943 -37244781.010402165
2461137.708707234 -133038099.1101889 -381354345.7842467 -37246209.90831754
2461137.709401678 -133029185.2230615 -381327643.87487996 -37247636.73739444
2461137.710096123 -133020240.698854 -381300941.7496405 -37249061.50374925
2461137.710790567 -133011265.6743998 -381274239.401187 -37250484.21345247
2461137.711485012 -133002260.28556408 -381247536.8219954 -37251904.87252959
2461137.712179456 -132993224.66725251 -381220834.00436074 -37253323.48696116
2461137.712873900 -132984158.95341651 -381194130.9404031 -37254740.062683694
2461137.713568345 -132975063.27706209 -381167427.6220715 -37256154.60558922
2461137.714262790 -132965937.77026132 -381140724.0411453 -37257567.12152695
2461137.714957234 -132956782.56415969 -381114020.1892385 -37258977.61630217
2461137.715651678 -132947597.788982 -381087316.0578047 -37260386.09567791
2461137.716346123 -132938383.5740404 -381060611.63813984 -37261792.565374434
2461137.717040567 -132929140.0477452 -381033906.92138463 -37263197.03107031
2461137.717735012 -132919867.33761299 -381007201.8985281 -37264599.498402044
2461137.718429456 -132910565.5702707 -380980496.5604121 -37265999.97296539
2461137.719123900 -132901234.8714649 -380953790.89773387 -37267398.4603147
2461137.719818345 -132891875.3660709 -380927084.9010489 -37268794.96596399
2461137.720512789 -132882487.17810129 -380900378.5607734 -37270189.49538711
2461137.721207234 -132873070.43071021 -380873671.8671884 -37271582.05401819
2461137.721901678 -132863625.24620059 -380846964.8104435 -37272972.64725142
2461137.722596123 -132854151.74603471 -380820257.3805574 -37274361.280442335
2461137.723290567 -132844650.05084191 -380793549.56742245 -37275747.958907686
2461137.723985012 -132835120.28042181 -380766841.3608071 -37277132.68792516
2461137.724679456 -132825562.55375251 -380740132.7503594 -37278515.4727351
2461137.725373900 -132815976.989 -380713423.7256081 -37279896.31853957
2461137.726068345 -132806363.7035256 -380686714.2759666 -37281275.230503544
2461137.726762789 -132796722.8138893 -380660004.39073515 -37282652.21375451
2461137.727457234 -132787054.4358574 -380633294.0591036 -37284027.27338345
2461137.728151678 -132777358.68441159 -380606583.2701548 -37285400.41444471
2461137.728846123 -132767635.67375651 -380579872.0128635 -37286771.641956575
2461137.729540567 -132757885.51732232 -380553160.2761045 -37288140.96090151
2461137.730235012 -132748108.32777241 -380526448.0486501 -37289508.37622615
2461137.730929456 -132738304.21701199 -380499735.3191754 -37290873.8928425
2461137.731623901 -132728473.29619542 -380473022.07625836 -37292237.51562694
2461137.732318345 -132718615.6757288 -380446308.30838436 -37293599.24942182
2461137.733012789 -132708731.465277 -380419594.0039477 -37294959.09903478
2461137.733707234 -132698820.7737722 -380392879.1512524 -37296317.06923991
2461137.734401678 -132688883.70942141 -380366163.7385158 -37297673.16477693
2461137.735096123 -132678920.3797075 -380339447.75387037 -37299027.39035251
2461137.735790567 -132668930.89139761 -380312731.1853663 -37300379.75064019
2461137.736485011 -132658915.35055049 -380286014.0209725 -37301730.25028047
2461137.737179456 -132648873.8625235 -380259296.24857897 -37303078.89388132
2461137.737873901 -132638806.53197461 -380232577.8559989 -37304425.68601857
2461137.738568345 -132628713.46286911 -380205858.8309713 -37305770.63123573
2461137.739262789 -132618594.758488 -380179139.161162 -37307113.7340446
2461137.739957234 -132608450.521434 -380152418.8341646 -37308454.99892591
2461137.740651678 -132598280.85363318 -380125697.83750504 -37309794.43032856
2461137.741346123 -132588085.85634239 -380098976.1586413 -37311132.03267072
2461137.742040567 -132577865.63015631 -380072253.78496575 -37312467.810340025
2461137.742735012 -132567620.2750137 -380045530.70380634 -37313801.76769343
2461137.743429456 -132557349.89019941 -380018806.90242934 -37315133.90905788
2461137.744123900 -132547054.5743505 -379992082.36804056 -37316464.2387302
2461137.744818345 -132536734.4254636 -379965357.0877869 -37317792.76097773
2461137.745512790 -132526389.54090141 -379938631.04875755 -37319119.480038315
2461137.746207234 -132516020.01739348 -379911904.23798645 -37320444.400120564
2461137.746901678 -132505625.95104301 -379885176.64245385 -37321767.5254042
2461137.747596123 -132495207.4373337 -379858448.24908704 -37323088.86003998
2461137.748290567 -132484764.57113568 -379831719.0447618 -37324408.40815084
2461137.748985012 -132474297.44670692 -379804989.0163053 -37325726.17383077
2461137.749679456 -132463806.15769891 -379778258.15049624 -37327042.16114621
2461137.750373900 -132453290.797164 -379751526.4340664 -37328356.37413582
2461137.751068345 -132442751.45756069 -379724793.8537023 -37329668.8168105
2461137.751762789 -132432188.23075502 -379698060.3960472 -37330979.493154064
2461137.752457234 -132421601.2080266 -379671326.0477017 -37332288.40712301
2461137.753151678 -132410990.48007432 -379644590.795224 -37333595.56264742
2461137.753846123 -132400356.1370224 -379617854.6251327 -37334900.963630356
2461137.754540567 -132389698.26842341 -379591117.5239111 -37336204.61394842
2461137.755235012 -132379016.96326101 -379564379.47800386 -37337506.51745216
2461137.755929456 -132368312.30995461 -379537640.4738126 -37338806.67796652
2461137.756623900 -132357584.39636591 -379510900.4976994 -37340105.099290736
2461137.757318345 -132346833.3098079 -379484159.5360095 -37341401.785197735
2461137.758012789 -132336059.1370468 -379457417.5750639 -37342696.73943461
2461137.758707234 -132325261.9643016 -379430674.6011426 -37343989.96572418
2461137.759401678 -132314441.8772471 -379403930.60048044 -37345281.46776429
2461137.760096123 -132303598.96102169 -379377185.5592866 -37346571.24922873
2461137.760790567 -132292733.3002343 -379350439.4637508 -37347859.3137657
2461137.761485012 -132281844.978968 -379323692.3000367 -37349145.66499932
2461137.762179456 -132270934.08078282 -379296944.0542767 -37350430.30652989
2461137.762873901 -132260000.6887184 -379270194.7125808 -37351713.241933264
2461137.763568345 -132249044.8852987 -379243444.2610348 -37352994.47476189
2461137.764262789 -132238066.75253811 -379216692.68570226 -37354274.00854448
2461137.764957234 -132227066.37194581 -379189939.9726241 -37355551.84678661
2461137.765651678 -132216043.8245265 -379163186.10782045 -37356827.992970325
2461137.766346123 -132204999.1907853 -379136431.0772918 -37358102.45055487
2461137.767040567 -132193932.5507333 -379109674.86701983 -37359375.22297684
2461137.767735011 -132182843.98389262 -379082917.462967 -37360646.31364963
2461137.768429456 -132171733.56929669 -379056158.8510796 -37361915.72596473
2461137.769123901 -132160601.38549429 -379029399.0172872 -37363183.463291176
2461137.769818345 -132149447.51055591 -379002637.94750386 -37364449.528975666
2461137.770512789 -132138272.0220786 -378975875.62762886 -37365713.92634345
2461137.771207234 -132127074.9971848 -378949112.04354733 -37366976.65869765
2461137.771901678 -132115856.51252821 -378922347.18113256 -37368237.72931966
2461137.772596123 -132104616.64429869 -378895581.0262449 -37369497.14146994
2461137.773290567 -132093355.46822709 -378868813.5647322 -37370754.8983875
2461137.773985012 -132082073.0595848 -378842044.7824332 -37372011.00328998
2461137.774679456 -132070769.4931881 -378815274.6651763 -37373265.45937452
2461137.775373900 -132059444.8434043 -378788503.1987809 -37374518.269817285
2461137.776068345 -132048099.18415529 -378761730.369057 -37375769.437773965
2461137.776762790 -132036732.5889178 -378734956.1618077 -37377018.9663796
2461137.777457234 -132025345.1307273 -378708180.56282943 -37378266.85874938
2461137.778151678 -132013936.88218388 -378681403.5579112 -37379513.11797797
2461137.778846123 -132002507.91545619 -378654625.13283724 -37380757.74714013
2461137.779540567 -131991058.3022806 -378627845.27338624 -37382000.74929104
2461137.780235012 -131979588.11396599 -378601063.9653328 -37383242.127466135
2461137.780929456 -131968097.42139912 -378574281.1944482 -37384481.88468118
2461137.781623900 -131956586.2950479 -378547496.9464997 -37385720.02393292
2461137.782318345 -131945054.80496182 -378520711.20725256 -37386956.54819882
2461137.783012789 -131933503.02077489 -378493923.96247077 -37388191.46043679
2461137.783707234 -131921931.01171221 -378467135.1979168 -37389424.76358652
2461137.784401678 -131910338.84659278 -378440344.89935076 -37390656.46056869
2461137.785096123 -131898726.59382911 -378413553.052535 -37391886.55428524
2461137.785790567 -131887094.32143138 -378386759.6432312 -37393115.047619775
2461137.786485012 -131875442.0970125 -378359964.6572025 -37394341.943437435
2461137.787179456 -131863769.98779202 -378333168.08021235 -37395567.24458552
2461137.787873900 -131852078.06059471 -378306369.8980274 -37396790.95389284
2461137.788568345 -131840366.38185501 -378279570.09641707 -37398013.07417039
2461137.789262789 -131828635.017622 -378252768.6611531 -37399233.60821157
2461137.789957234 -131816884.03356291 -378225965.5780109 -37400452.558791965
2461137.790651678 -131805113.4949624 -378199160.8327699 -37401669.92866964
2461137.791346123 -131793323.46672592 -378172354.4112148 -37402885.7205855
2461137.792040567 -131781514.01338491 -378145546.2991351 -37404099.937262885
2461137.792735012 -131769685.19910061 -378118736.4823245 -37405312.58140819
2461137.793429456 -131757837.08766252 -378091924.9465838 -37406523.65571077
2461137.794123901 -131745969.74249218 -378065111.67772037 -37407733.16284327
2461137.794818345 -131734083.22664872 -378038296.6615483 -37408941.10546133
2461137.795512789 -131722177.6028309 -378011479.8838876 -37410147.486204185
2461137.796207234 -131710252.93337749 -377984661.33056736 -37411352.307694286
2461137.796901678 -131698309.28026989 -377957840.98742443 -37412555.57253805
2461137.797596123 -131686346.705137 -377931018.8403039 -37413757.283325695
2461137.798290567 -131674365.26925911 -377904194.8750594 -37414957.44263081
2461137.798985011 -131662365.03356579 -377877369.0775542 -37416156.053011425
2461137.799679456 -131650346.05864011 -377850541.43366146 -37417353.117009714
2461137.800373901 -131638308.40472321 -377823711.929264 -37418548.63715172
2461137.801068345 -131626252.1317169 -377796880.5502547 -37419742.61594817
2461137.801762789 -131614177.29918338 -377770047.282537 -37420935.05589411
2461137.802457234 -131602083.96634792 -377743212.1120266 -37422125.959468834
2461137.803151678 -131589972.19210319 -377716375.0246496 -37423315.32913709
2461137.803846123 -131577842.03501369 -377689536.00634336 -37424503.16734778
2461137.804540567 -131565693.55331251 -377662695.04305845 -37425689.47653499
2461137.805235012 -131553526.8049064 -377635852.120757 -37426874.25911753
2461137.805929456 -131541341.847379 -377609007.2254145 -37428057.5174999
2461137.806623900 -131529138.73799472 -377582160.3430186 -37429239.25407138
2461137.807318345 -131516917.5336966 -377555311.4595704 -37430419.471206665
2461137.808012790 -131504678.2911102 -377528460.5610856 -37431598.171265915
2461137.808707234 -131492421.06654751 -377501607.6335926 -37432775.35659514
2461137.809401678 -131480145.9160103 -377474752.6631343 -37433951.02952537
2461137.810096123 -131467852.89518791 -377447895.63576806 -37435125.19237408
2461137.810790567 -131455542.05946141 -377421036.5375661 -37436297.84744413
2461137.811485012 -131443213.46390718 -377394175.3546159 -37437468.99702464
2461137.812179456 -131430867.1632999 -377367312.07301897 -37438638.643390626
2461137.812873900 -131418503.21211119 -377340446.67889327 -37439806.78880346
2461137.813568345 -131406121.6645125 -377313579.1583726 -37440973.43551056
2461137.814262789 -131393722.5743793 -377286709.49760634 -37442138.58574583
2461137.814957234 -131381305.99529421 -377259837.68275994 -37443302.24172963
2461137.815651678 -131368871.9805451 -377232963.70001537 -37444464.4056689
2461137.816346123 -131356420.5831278 -377206087.5355719 -37445625.079757124
2461137.817040567 -131343951.85575081 -377179209.1756453 -37446784.26617461
2461137.817735012 -131331465.8508379 -377152328.60646755 -37447941.96708867
2461137.818429456 -131318962.62052621 -377125445.8142891 -37449098.18465327
2461137.819123900 -131306442.21666901 -377098560.7853779 -37450252.92100935
2461137.819818345 -131293904.6908403 -377071673.506019 -37451406.17828557
2461137.820512789 -131281350.0943372 -377044783.9625154 -37452557.95859729
2461137.821207234 -131268778.47817811 -377017892.14118874 -37453708.26404696
2461137.821901678 -131256189.8931056 -376990998.0283786 -37454857.09672514
2461137.822596123 -131243584.38959052 -376964101.61044365 -37456004.458709136
2461137.823290567 -131230962.01783471 -376937202.8737599 -37457150.35206429
2461137.823985012 -131218322.8277685 -376910301.8047235 -37458294.77884344
2461137.824679456 -131205666.8690545 -376883398.3897493 -37459437.74108714
2461137.825373901 -131192994.19109102 -376856492.61527103 -37460579.240823925
2461137.826068345 -131180304.8430142 -376829584.467742 -37461719.280069895
2461137.826762789 -131167598.87369691 -376802673.9336346 -37462857.86082954
2461137.827457234 -131154876.3317511 -376775760.9994416 -37463994.985095315
2461137.828151678 -131142137.2655315 -376748845.6516756 -37465130.65484745
2461137.828846123 -131129381.7231383 -376721927.8768677 -37466264.8720553
2461137.829540567 -131116609.75241579 -376695007.6615712 -37467397.63867564
2461137.830235011 -131103821.4009536 -376668084.9923585 -37468528.9566539
2461137.830929456 -131091016.71609148 -376641159.8558224 -37469658.827924296
2461137.831623901 -131078195.7449214 -376614232.23857456 -37470787.254409425
2461137.832318345 -131065358.5342874 -376587302.1272522 -37471914.23802025
2461137.833012789 -131052505.1307859 -376560369.5085119 -37473039.780656874
2461137.833707234 -131039635.5807664 -376533434.3690231 -37474163.884207964
2461137.834401678 -131026749.9303361 -376506496.6954729 -37475286.550551906
2461137.835096123 -131013848.2253668 -376479556.4745853 -37476407.78155474
2461137.835790567 -131000930.5114937 -376452613.69311434 -37477527.57907147
2461137.836485012 -130987996.8341111 -376425668.3378263 -37478645.944946535
2461137.837179456 -130975047.2383716 -376398720.3954926 -37479762.88101421
2461137.837873900 -130962081.76919341 -376371769.8529114 -37480878.38909787
2461137.838568345 -130949100.471264 -376344816.6969097 -37481992.47100981
2461137.839262790 -130936103.3890414 -376317860.91433764 -37483105.1285516
2461137.839957234 -130923090.5667536 -376290902.4920621 -37484216.36351472
2461137.840651678 -130910062.0483985 -376263941.41697377 -37485326.17767985
2461137.841346123 -130897017.87774669 -376236977.675986 -37486434.572817504
2461137.842040567 -130883958.09834461 -376210011.25603443 -37487541.5506876
2461137.842735012 -130870882.7535166 -376183042.144075 -37488647.11304018
2461137.843429456 -130857791.8863627 -376156070.32708853 -37489751.2616145
2461137.844123900 -130844685.5397614 -376129095.79207635 -37490853.998140335
2461137.844818345 -130831563.7563727 -376102118.5260634 -37491955.32433706
2461137.845512789 -130818426.5786409 -376075138.5160966 -37493055.24191388
2461137.846207234 -130805274.0487914 -376048155.7492451 -37494153.75257074
2461137.846901678 -130792106.2088342 -376021170.212602 -37495250.8579969
2461137.847596123 -130778923.1005663 -375994181.8932817 -37496346.55987276
2461137.848290567 -130765724.76557481 -375967190.77842224 -37497440.85986805
2461137.848985012 -130752511.2452338 -375940196.8551842 -37498533.75964329
2461137.849679456 -130739282.5807071 -375913200.1107514 -37499625.2608496
2461137.850373900 -130726038.81295161 -375886200.53233075 -37500715.36512821
2461137.851068345 -130712779.9827195 -375859198.1071514 -37501804.07411081
2461137.851762789 -130699506.1305555 -375832192.8224661 -37502891.389420375
2461137.852457234 -130686217.2967995 -375805184.66555154 -37503977.31266974
2461137.853151678 -130672913.5215901 -375778173.6237064 -37505061.84546265
2461137.853846123 -130659594.84486601 -375751159.6842525 -37506144.98939409
2461137.854540567 -130646261.3063644 -375724142.8345361 -37507226.74604921
2461137.855235012 -130632912.9456226 -375697123.0619263 -37508307.11700438
2461137.855929456 -130619549.8019815 -375670100.35381544 -37509386.10382713
2461137.856623901 -130606171.914588 -375643074.6976188 -37510463.70807552
2461137.857318345 -130592779.3223921 -375616046.0807758 -37511539.93129916
2461137.858012789 -130579372.0641491 -375589014.4907494 -37512614.775038555
2461137.858707234 -130565950.1784233 -375561979.91502625 -37513688.24082499
2461137.859401678 -130552513.7035895 -375534942.34111536 -37514760.33018209
2461137.860096123 -130539062.67783089 -375507901.75655 -37515831.04462363
2461137.860790567 -130525597.1391409 -375480858.1488878 -37516900.38565555
2461137.861485011 -130512117.1253265 -375453811.50570947 -37517968.35477432
2461137.862179456 -130498622.6740108 -375426761.8146187 -37519034.953469
2461137.862873901 -130485113.8226293 -375399709.0632437 -37520100.1832193
2461137.863568345 -130471590.60843301 -375372653.23923665 -37521164.04549667
2461137.864262789 -130458053.06849119 -375345594.3302725 -37522226.54176471
2461137.864957234 -130444501.23969361 -375318532.3240503 -37523287.67347799
2461137.865651678 -130430935.1587475 -375291467.2082933 -37524347.44208322
2461137.866346123 -130417354.8621801 -375264398.9707482 -37525405.849018864
2461137.867040567 -130403760.3863414 -375237327.5991855 -37526462.89571498
2461137.867735012 -130390151.7674065 -375210253.0813998 -37527518.583593726
2461137.868429456 -130376529.0413728 -375183175.4052087 -37528572.914069414
2461137.869123900 -130362892.2440618 -375156094.5584545 -37529625.888547726
2461137.869818345 -130349241.4111223 -375129010.52900356 -37530677.50842724
2461137.870512790 -130335576.5780329 -375101923.30474484 -37531727.77509784
2461137.871207234 -130321897.7800986 -375074832.8735919 -37532776.68994195
2461137.871901678 -130308205.0524528 -375047739.223483 -37533824.25433409
2461137.872596123 -130294498.430061 -375020642.3423787 -37534870.469641134
2461137.873290567 -130280777.9477223 -374993542.2182641 -37535915.33722212
2461137.873985012 -130267043.6400665 -374966438.83914864 -37536958.85842826
2461137.874679456 -130253295.5415564 -374939332.1930651 -37538001.03460364
2461137.875373900 -130239533.6864907 -374912222.2680704 -37539041.867084295
2461137.876068345 -130225758.109006 -374885109.05224466 -37540081.35719909
2461137.876762789 -130211968.8430739 -374857992.53369266 -37541119.50626905
2461137.877457234 -130198165.9225028 -374830872.70054305 -37542156.315608166
2461137.878151678 -130184349.3809412 -374803749.5409481 -37543191.78652279
2461137.878846123 -130170519.25187969 -374776623.0430834 -37544225.92031198
2461137.879540567 -130156675.5686476 -374749493.1951488 -37545258.71826769
2461137.880235012 -130142818.3644151 -374722359.9853685 -37546290.18167438
2461137.880929456 -130128947.67219661 -374695223.40199006 -37547320.31180931
2461137.881623900 -130115063.5248523 -374668083.4332847 -37548349.109942846
2461137.882318345 -130101165.9550851 -374640940.0675474 -37549376.577337995
2461137.883012789 -130087254.99544261 -374613793.2930975 -37550402.71525084
2461137.883707234 -130073330.6783205 -374586643.0982776 -37551427.52493032
2461137.884401678 -130059393.03596401 -374559489.47145414 -37552451.00761841
2461137.885096123 -130045442.1004648 -374532332.4010174 -37553473.16455028
2461137.885790567 -130031477.9037631 -374505171.8753816 -37554493.99695405
2461137.886485012 -130017500.4776508 -374478007.8829841 -37555513.5060512
2461137.887179456 -130003509.85377319 -374450840.4122866 -37556531.69305583
2461137.887873901 -129989506.06362541 -374423669.4517736 -37557548.559176214
2461137.888568345 -129975489.1385551 -374396494.9899544 -37558564.10561292
2461137.889262789 -129961459.10976489 -374369317.0153616 -37559578.333560444
2461137.889957234 -129947416.0083144 -374342135.5165503 -37560591.24420659
2461137.890651678 -129933359.865117 -374314950.4821005 -37561602.83873198
2461137.891346123 -129919290.7109415 -374287761.9006159 -37562613.11831151
2461137.892040567 -129905208.57641579 -374260569.7607225 -37563622.08411291
2461137.892735011 -129891113.4920278 -374233374.05107045 -37564629.73729777
2461137.893429456 -129877005.4881228 -374206174.7603338 -37565636.07902115
2461137.894123901 -129862884.59490511 -374178971.8772097 -37566641.11043153
2461137.894818345 -129848750.84244111 -374151765.390419 -37567644.832670875
2461137.895512789 -129834604.2606609 -374124555.2887055 -37568647.246875376
2461137.896207234 -129820444.8793552 -374097341.56083643 -37569648.354174495
2461137.896901678 -129806272.7281771 -374070124.1956029 -37570648.15569166
2461137.897596123 -129792087.8366449 -374042903.1818195 -37571646.65254383
2461137.898290567 -129777890.2341442 -374015678.5083227 -37572643.84584189
2461137.898985012 -129763679.9499242 -373988450.1639738 -37573639.73669067
2461137.899679456 -129749457.0130997 -373961218.1376569 -37574634.32618868
2461137.900373900 -129735221.4526542 -373933982.41827923 -37575627.61542849
2461137.901068345 -129720973.2974411 -373906742.9947706 -37576619.60549689
2461137.901762790 -129706712.57618129 -373879499.85608524 -37577610.29747389
2461137.902457234 -129692439.317464 -373852252.9911996 -37578599.69243439
2461137.903151678 -129678153.54974979 -373825002.3891134 -37579587.79144665
2461137.903846123 -129663855.3013725 -373797748.03884727 -37580574.59557369
2461137.904540567 -129649544.6005378 -373770489.9294509 -37581560.10587201
2461137.905235012 -129635221.4753225 -373743228.04999393 -37582544.32339267
2461137.905929456 -129620885.953674 -373715962.38956225 -37583527.24918109
2461137.906623900 -129606538.0634141 -373688692.9372604 -37584508.884276755
2461137.907318345 -129592177.8322462 -373661419.6822322 -37585489.229713395
2461137.908012789 -129577805.28775269 -373634142.613653 -37586468.2865184
2461137.908707234 -129563419.944002 -373606862.0030585 -37587445.73584043
2461137.909401678 -129549020.5792302 -373579578.526603 -37588420.800433524
2461137.910096123 -129534611.1479265 -373552290.01362526 -37589395.92826059
2461137.910790567 -129520191.9954663 -373524996.2783363 -37590371.318640664
2461137.911485012 -129505741.1893418 -373497709.3890487 -37591333.29003626
2461137.912179456 -129491215.77140471 -373470452.9802357 -37592255.06014291
2461137.912873900 -129476752.1638668 -373443152.0126059 -37593221.615947
2461137.913568345 -129462365.7949435 -373415798.0043165 -37594242.5547709
2461137.914262789 -129447771.7128769 -373388547.715724 -37595140.31010457
2461137.914957234 -129432658.7391841 -373361572.3444841 -37595720.972105615
2461137.915651678 -129418068.6969133 -373334298.7270579 -37596633.68440888
2461137.916346123 -129404217.9362977 -373306607.87412643 -37598013.233176194
2461137.917040567 -129389445.90488559 -373279413.31860775 -37598824.92118093
2461137.917735012 -129372400.44233531 -373253458.6470106 -37598226.26164256
2461137.918429456 -129355610.3828054 -373227351.9427608 -37597793.07478396
2461137.919123901 -129341121.6390853 -373199967.57149357 -37598800.164147675
2461137.919818345 -129327147.9304012 -373172289.1471641 -37600134.32640399
2461137.920512789 -129312315.64983921 -373145072.8747704 -37600939.56248589
2461137.921207234 -129297116.3200794 -373118048.1377095 -37601522.162059054
2461137.921901678 -129282464.4415318 -373090711.5019884 -37602451.99241166
2461137.922596123 -129267910.15162909 -373063310.6287053 -37603448.7003887
2461137.923290567 -129253240.48969689 -373035962.7699636 -37604379.55997104
2461137.923985011 -129238507.7338468 -373008639.14455396 -37605277.135221474
2461137.924679456 -129223832.32797989 -372981273.4411069 -37606216.46941915
2461137.925373901 -129209155.1555083 -372953898.2118402 -37607160.70795516
2461137.926068345 -129194463.43545261 -372926520.4975411 -37608101.87149639
2461137.926762789 -129179758.5732665 -372899139.5274637 -37609040.82154311
2461137.927457234 -129165044.0718954 -372871753.3757463 -37609979.72680605
2461137.928151678 -129150318.25310071 -372844362.9697687 -37610917.52715511
2461137.928846123 -129135580.8914535 -372816968.4368111 -37611854.0679096
2461137.929540567 -129120832.0110211 -372789569.7667197 -37612789.34993456
2461137.930235012 -129106071.6357686 -372762166.9493621 -37613723.37409023
2461137.930929456 -129091299.7895599 -372734759.97462714 -37614656.14123234
2461137.931623900 -129076516.49615431 -372707348.83242506 -37615587.652211785
2461137.932318345 -129061721.7792086 -372679933.51268864 -37616517.9078745
2461137.933012790 -129046915.6622799 -372652514.00536996 -37617446.90906219
2461137.933707234 -129032098.1688265 -372625090.3004436 -37618374.65661205
2461137.934401678 -129017269.3222041 -372597662.3879051 -37619301.151356064
2461137.935096123 -129002429.1456683 -372570230.2577712 -37620226.394122265
2461137.935790567 -128987577.6623772 -372542793.9000801 -37621150.38573374
2461137.936485012 -128972714.8953921 -372515353.3048895 -37622073.12700944
2461137.937179456 -128957840.8676744 -372487908.4622798 -37622994.61876332
2461137.937873900 -128942955.6020869 -372460459.3623521 -37623914.86180526
2461137.938568345 -128928059.12139781 -372433005.9952277 -37624833.85694065
2461137.939262789 -128913151.4482801 -372405548.351049 -37625751.604970284
2461137.939957234 -128898232.6053091 -372378086.4199792 -37626668.10669095
2461137.940651678 -128883302.6149642 -372350620.1922028 -37627583.36289429
2461137.941346123 -128868361.4996313 -372323149.6579245 -37628497.374368384
2461137.942040567 -128853409.2816041 -372295674.8073695 -37629410.14189679
2461137.942735012 -128838445.9830803 -372268195.6307837 -37630321.66625847
2461137.943429456 -128823471.6261636 -372240712.118434 -37631231.948228404
2461137.944123900 -128808486.2328668 -372213224.26060766 -37632140.98857716
2461137.944818345 -128793489.8251119 -372185732.04761165 -37633048.78807117
2461137.945512789 -128778482.4247274 -372158235.4697743 -37633955.347472586
2461137.946207234 -128763464.0534496 -372130734.51744395 -37634860.66753945
2461137.946901678 -128748434.7329259 -372103229.1809895 -37635764.749025494
2461137.947596123 -128733394.484715 -372075719.4507992 -37636667.5926805
2461137.948290567 -128718343.33028369 -372048205.31728244 -37637569.19924999
2461137.948985012 -128703281.2910091 -372020686.77086836 -37638469.56947542
2461137.949679456 -128688208.388181 -371993163.8020068 -37639368.70409413
2461137.950373901 -128673124.6430024 -371965636.4011665 -37640266.60383971
2461137.951068345 -128658030.0765868 -371938104.558837 -37641163.269441165
2461137.951762789 -128642924.7099593 -371910568.2655283 -37642058.7016238
2461137.952457234 -128627808.5640597 -371883027.511769 -37642952.90110912
2461137.953151678 -128612681.6597434 -371855482.28810877 -37643845.86861418
2461137.953846123 -128597544.0177774 -371827932.5851159 -37644737.60485255
2461137.954540567 -128582395.6588427 -371800378.3933795 -37645628.110533416
2461137.955235011 -128567236.6035368 -371772819.7035082 -37646517.38636283
2461137.955929456 -128552066.8723744 -371745256.5061292 -37647405.43304196
2461137.956623901 -128536886.4857837 -371717688.7918907 -37648292.25126862
2461137.957318345 -128521695.4641088 -371690116.55146015 -37649177.841736995
2461137.958012789 -128506493.827612 -371662539.7755239 -37650062.20513706
2461137.958707234 -128491281.5964746 -371634958.454788 -37650945.342155054
2461137.959401678 -128476058.7907933 -371607372.5799778 -37651827.25347363
2461137.960096123 -128460825.43058239 -371579782.1418388 -37652707.93977131
2461137.960790567 -128445581.5357759 -371552187.13113505 -37653587.40172333
2461137.961485012 -128430327.1262289 -371524587.53864896 -37654465.64000088
2461137.962179456 -128415062.2217135 -371496983.3551842 -37655342.65527135
2461137.962873900 -128399786.8419208 -371469374.5715623 -37656218.448198855
2461137.963568345 -128384501.00646399 -371441761.17862415 -37657093.01944332
2461137.964262790 -128369204.73487839 -371414143.16722906 -37657966.36966159
2461137.964957234 -128353898.04661809 -371386520.5282562 -37658838.49950647
2461137.965651678 -128338580.9610584 -371358893.2526038 -37659709.409626976
2461137.966346123 -128323253.4974978 -371331261.3311879 -37660579.10066922
2461137.967040567 -128307915.6751587 -371303624.7549442 -37661447.57327509
2461137.967735012 -128292567.51318431 -371275983.51482695 -37662314.828083135
2461137.968429456 -128277209.0306399 -371248337.60180956 -37663180.86572845
2461137.969123900 -128261840.24651611 -371220687.0068832 -37664045.6868425
2461137.969818345 -128246461.1797291 -371193031.7210585 -37664909.29205326
2461137.970512789 -128231071.8491171 -371165371.7353642 -37665771.681985326
2461137.971207234 -128215672.27344249 -371137707.0408479 -37666632.8572596
2461137.971901678 -128200262.4713939 -371110037.6285755 -37667492.81849377
2461137.972596123 -128184842.4615877 -371082363.48963094 -37668351.566301785
2461137.973290567 -128169412.26256359 -371054684.6151174 -37669209.101294555
2461137.973985012 -128153971.8927868 -371027000.9961558 -37670065.4240794
2461137.974679456 -128138521.3706508 -370999312.6238854 -37670920.535260275
2461137.975373900 -128123060.71447791 -370971619.4894634 -37671774.43543759
2461137.976068345 -128107589.9425156 -370943921.5840661 -37672627.125208676
2461137.976762789 -128092109.0729383 -370916218.8988872 -37673478.605167516
2461137.977457234 -128076618.1238496 -370888511.425138 -37674328.8759046
2461137.978151678 -128061117.1132835 -370860799.1540472 -37675177.93800721
2461137.978846123 -128045606.05920279 -370833082.0768659 -37676025.79205928
2461137.979540567 -128030084.97949721 -370805360.184861 -37676872.438641444
2461137.980235012 -128014553.8919834 -370777633.46930873 -37677717.878331624
2461137.980929456 -127999012.8144086 -370749901.921501 -37678562.1117042
2461137.981623901 -127983461.7644579 -370722165.5327659 -37679405.13933009
2461137.982318345 -127967900.7597498 -370694424.29445535 -37680246.96177624
2461137.983012789 -127952329.8178294 -370666678.1979272 -37681087.57960763
2461137.983707234 -127936748.9561664 -370638927.2345425 -37681926.99338587
2461137.984401678 -127921158.19216369 -370611171.3956867 -37682765.20366954
2461137.985096123 -127905557.5431591 -370583410.6727691 -37683602.21101367
2461137.985790567 -127889947.0264249 -370555645.0572171 -37684438.0159701
2461137.986485011 -127874326.6591655 -370527874.5404713 -37685272.61908798
2461137.987179456 -127858696.4585167 -370500099.11399037 -37686106.02091317
2461137.987873901 -127843056.4415474 -370472318.769252 -37686938.2219885
2461137.988568345 -127827406.62526171 -370444533.4977506 -37687769.22285349
2461137.989262789 -127811747.02659951 -370416743.2909966 -37688599.02404502
2461137.989957234 -127796077.662433 -370388948.1405192 -37689427.62609656
2461137.990651678 -127780398.549568 -370361148.03786373 -37690255.02953875
2461137.991346123 -127764709.7047475 -370333342.974593 -37691081.23489926
2461137.992040567 -127749011.1446512 -370305532.94228655 -37691906.24270277
2461137.992735012 -127733302.8858925 -370277717.93254095 -37692730.05347078
2461137.993429456 -127717584.94502 -370249897.9369703 -37693552.66772202
2461137.994123900 -127701857.3385203 -370222072.9472048 -37694374.08597225
2461137.994818345 -127686120.0828185 -370194242.9548915 -37695194.30873421
2461137.995512790 -127670373.1942741 -370166407.9516946 -37696013.33651782
2461137.996207234 -127654616.68918361 -370138567.92929476 -37696831.16983015
2461137.996901678 -127638850.5837824 -370110722.8793899 -37697647.80917535
2461137.997596123 -127623074.8942456 -370082872.79369336 -37698463.25505436
2461137.998290567 -127607289.63668449 -370055017.663936 -37699277.50796601
2461137.998985012 -127591494.8271477 -370027157.48186535 -37700090.56840536
2461137.999679456 -127575690.4816248 -369999292.2392447 -37700902.43686529
2461138.000373900 -127559876.6160459 -369971421.9278541 -37701713.11383561
2461138.001068345 -127544053.24627851 -369943546.5394897 -37702522.5998034
2461138.001762789 -127528220.3881289 -369915666.0659649 -37703330.89525299
2461138.002457234 -127512378.057345 -369887780.4991086 -37704138.000665694
2461138.003151678 -127496526.2696171 -369859889.8307652 -37704943.91652037
2461138.003846123 -127480665.0405735 -369831994.05279696 -37705748.643293
2461138.004540567 -127464794.385783 -369804093.15708154 -37706552.18145676
2461138.005235012 -127448914.3207566 -369776187.1355126 -37707354.53148195
2461138.005929456 -127433024.8609493 -369748275.97999924 -37708155.69383654
2461138.006623900 -127417126.021755 -369720359.6824673 -37708955.668985695
2461138.007318345 -127401217.8185092 -369692438.2348591 -37709754.45739151
2461138.008012789 -127385300.2664913 -369664511.6291319 -37710552.05951401
2461138.008707234 -127369373.3809249 -369636579.85725874 -37711348.47580982
2461138.009401678 -127353437.1769745 -369608642.91122884 -37712143.70673387
2461138.010096123 -127337491.6697467 -369580700.78304744 -37712937.752737425
2461138.010790567 -127321536.87429349 -369552753.46473527 -37713730.61426989
2461138.011485012 -127305572.805612 -369524800.9483284 -37714522.291777626
2461138.012179456 -127289599.4786413 -369496843.2258788 -37715312.78570456
2461138.012873901 -127273616.90826379 -369468880.2894538 -37716102.09649212
2461138.013568345 -127257625.10930839 -369440912.13113695 -37716890.22457885
2461138.014262789 -127241624.09655 -369412938.74302614 -37717677.17040108
2461138.014957234 -127225613.8847066 -369384960.1172352 -37718462.93439233
2461138.015651678 -127209594.488441 -369356976.24589396 -37719247.516983725
2461138.016346123 -127193565.9223627 -369328987.121147 -37720030.918603845
2461138.017040567 -127177528.20102909 -369300992.7351538 -37720813.139678515
2461138.017735011 -127161481.3389413 -369272993.0800896 -37721594.18063147
2461138.018429456 -127145425.3505462 -369244988.1481448 -37722374.041883536
2461138.019123901 -127129360.25023869 -369216977.93152523 -37723152.72385345
2461138.019818345 -127113286.0523626 -369188962.4224506 -37723930.22695696
2461138.020512789 -127097202.7712061 -369160941.61315686 -37724706.551607996
2461138.021207234 -127081110.4210045 -369132915.4958955 -37725481.69821754
2461138.021901678 -127065009.0159422 -369104884.062931 -37726255.66719437
2461138.022596123 -127048898.570153 -369076847.3065444 -37727028.45894464
2461138.023290567 -127032779.09771681 -369048805.21903086 -37727800.073872164
2461138.023985012 -127016650.61266111 -369020757.7927007 -37728570.51237863
2461138.024679456 -127000513.1289634 -368992705.0198793 -37729339.77486292
2461138.025373900 -126984366.6605521 -368964646.89290553 -37730107.86172174
2461138.026068345 -126968211.2213023 -368936583.4041341 -37730874.773349375
2461138.026762790 -126952046.8250375 -368908514.5459344 -37731640.51013776
2461138.027457234 -126935873.48553279 -368880440.3106902 -37732405.07247639
2461138.028151678 -126919691.21651441 -368852360.69079906 -37733168.4607526
2461138.028846123 -126903500.0316566 -368824275.6786741 -37733930.67535138
2461138.029540567 -126887299.94458309 -368796185.26674247 -37734691.71665517
2461138.030235012 -126871090.9688697 -368768089.44744587 -37735451.58504427
2461138.030929456 -126854873.1180449 -368739988.21323985 -37736210.28089678
2461138.031623900 -126838646.4055855 -368711881.5565949 -37736967.80458824
2461138.032318345 -126822410.8449192 -368683769.4699962 -37737724.15649201
2461138.033012789 -126806166.4494264 -368655651.94594204 -37738479.33697941
2461138.033707234 -126789913.2324411 -368627528.9769452 -37739233.34641922
2461138.034401678 -126773651.2072469 -368599400.5555331 -37739986.18517802
2461138.035096123 -126757380.38707869 -368571266.6742475 -37740737.85362022
2461138.035790567 -126741100.7851253 -368543127.3256436 -37741488.352108076
2461138.036485012 -126724812.4145298 -368514982.50229025 -37742237.68100141
2461138.037179456 -126708515.2883859 -368486832.19677126 -37742985.84065797
2461138.037873900 -126692209.4197397 -368458676.401684 -37743732.831433244
2461138.038568345 -126675894.8215916 -368430515.10963964 -37744478.6536808
2461138.039262789 -126659571.5068975 -368402348.31326324 -37745223.30775144
2461138.039957234 -126643239.48856479 -368374176.00519335 -37745966.79399451
2461138.040651678 -126626898.7794538 -368345998.178083 -37746709.11275657
2461138.041346123 -126610549.3923804 -368317814.8245988 -37747450.26438241
2461138.042040567 -126594191.3401167 -368289625.9374201 -37748190.249214485
2461138.042735012 -126577824.6353868 -368261431.5092407 -37748929.067593224
2461138.043429456 -126561449.2908691 -368233231.53276855 -37749666.71985698
2461138.044123901 -126545065.31919819 -368205026.0007239 -37750403.20634186
2461138.044818345 -126528672.7329655 -368176814.90584105 -37751138.52738182
2461138.045512789 -126512271.5447157 -368148598.2408682 -37751872.68330893
2461138.046207234 -126495861.76694831 -368120375.998566 -37752605.67445305
2461138.046901678 -126479443.4121197 -368092148.17171 -37753337.50114201
2461138.047596123 -126463016.4926441 -368063914.7530871 -37754068.16370139
2461138.048290567 -126446581.0208903 -368035675.735499 -37754797.66245486
2461138.048985011 -126430137.0091816 -368007431.1117608 -37755525.99772418
2461138.049679456 -126413684.4697995 -367979180.8746991 -37756253.169828884
2461138.050373901 -126397223.41498399 -367950925.0171538 -37756979.17908645
2461138.051068345 -126380753.8569319 -367922663.53198224 -37757704.02581246
2461138.051762789 -126364275.8077949 -367894396.4120523 -37758427.71032028
2461138.052457234 -126347789.27967879 -367866123.65023726 -37759150.232921414
2461138.053151678 -126331294.2846479 -367837845.2394207 -37759871.59392583
2461138.053846123 -126314790.8347319 -367809561.1725169 -37760591.79364078
2461138.054540567 -126298278.9419217 -367781271.44246083 -37761310.83237129
2461138.055235012 -126281758.6181611 -367752976.04218775 -37762028.710421
2461138.055929456 -126265229.8753451 -367724674.9646312 -37762745.42809156
2461138.056623900 -126248692.7253289 -367696368.2027441 -37763460.985682756
2461138.057318345 -126232147.1799293 -367668055.7494992 -37764175.383492306
2461138.058012790 -126215593.2509239 -367639737.5978822 -37764888.6218158
2461138.058707234 -126199030.9500489 -367611413.74088717 -37765600.700946964
2461138.059401678 -126182460.2889977 -367583084.1715222 -37766311.621177845
2461138.060096123 -126165881.2794227 -367554748.88280904 -37767021.38279835
2461138.060790567 -126149293.9329377 -367526407.8677808 -37767729.9860966
2461138.061485012 -126132698.2611174 -367498061.11948407 -37768437.43135863
2461138.062179456 -126116094.27549471 -367469708.63097733 -37769143.71886871
2461138.062873900 -126099481.9875613 -367441350.3953317 -37769848.84890927
2461138.063568345 -126082861.4087712 -367412986.4056316 -37770552.82176066
2461138.064262789 -126066232.5505402 -367384616.65497136 -37771255.637701795
2461138.064957234 -126049595.4242429 -367356241.13646036 -37771957.29700915
2461138.065651678 -126032950.0412134 -367327859.8432192 -37772657.799957804
2461138.066346123 -126016296.4127488 -367299472.7683804 -37773357.14682084
2461138.067040567 -125999634.5501087 -367271079.90508884 -37774055.33786941
2461138.067735012 -125982964.464512 -367242681.2465016 -37774752.37337292
2461138.068429456 -125966286.1671384 -367214276.7857886 -37775448.25359892
2461138.069123900 -125949599.6691305 -367185866.5161311 -37776142.978813425
2461138.069818345 -125932904.9815946 -367157450.43072236 -37776836.54928004
2461138.070512789 -125916202.1155967 -367129028.52276814 -37777528.96526128
2461138.071207234 -125899491.0821645 -367100600.7854858 -37778220.22701711
2461138.071901678 -125882771.89228891 -367072167.2121051 -37778910.334806435
2461138.072596123 -125866044.55692591 -367043727.7958672 -37779599.28888602
2461138.073290567 -125849309.0869911 -367015282.5300252 -37780287.089510955
2461138.073985012 -125832565.4933627 -366986831.4078446 -37780973.736934215
2461138.074679456 -125815813.7868828 -366958374.4226022 -37781659.23140757
2461138.075373901 -125799053.9783593 -366929911.5675866 -37782343.57318077
2461138.076068345 -125782286.07856019 -366901442.8360978 -37783026.762501776
2461138.076762789 -125765510.09821689 -366872968.2214485 -37783708.799616866
2461138.077457234 -125748726.0480255 -366844487.71696216 -37784389.68477066
2461138.078151678 -125731933.93864779 -366816001.3159741 -37785069.418205924
2461138.078846123 -125715133.7807074 -366787509.0118309 -37785748.00016388
2461138.079540567 -125698325.5847909 -366759010.7978916 -37786425.43088403
2461138.080235011 -125681509.3614509 -366730506.66752595 -37787101.710603945
2461138.080929456 -125664685.1212063 -366701996.614115 -37787776.83955973
2461138.081623901 -125647852.8745379 -366673480.6310517 -37788450.81798575
2461138.082318345 -125631012.6318907 -366644958.7117407 -37789123.64611448
2461138.083012789 -125614164.403676 -366616430.8495974 -37789795.32417718
2461138.083707234 -125597308.20027201 -366587897.03804845 -37790465.85240317
2461138.084401678 -125580444.0320197 -366559357.2705322 -37791135.23101996
2461138.085096123 -125563571.90922439 -366530811.5404981 -37791803.46025365
2461138.085790567 -125546691.84215881 -366502259.8414072 -37792470.540328495
2461138.086485012 -125529803.84106271 -366473702.1667307 -37793136.4714674
2461138.087179456 -125512907.91613969 -366445138.5099516 -37793801.25389139
2461138.087873900 -125496004.07755789 -366416568.86456454 -37794464.88781994
2461138.088568345 -125479092.3354536 -366387993.2240744 -37795127.373470865
2461138.089262790 -125462172.6999309 -366359411.5819973 -37795788.711060576
2461138.089957234 -125445245.18105781 -366330823.93185997 -37796448.90080353
2461138.090651678 -125428309.78886801 -366302230.2672013 -37797107.94291284
2461138.091346123 -125411366.5333635 -366273630.5815706 -37797765.83759977
2461138.092040567 -125394415.4245147 -366245024.86852676 -37798422.5850745
2461138.092735012 -125377456.47225681 -366216413.12164134 -37799078.18554502
2461138.093429456 -125360489.6864912 -366187795.3344958 -37799732.639218226
2461138.094123900 -125343515.0770879 -366159171.5006829 -37800385.946299076
2461138.094818345 -125326532.65388599 -366130541.6138057 -37801038.106991045
2461138.095512789 -125309542.42668991 -366101905.6674776 -37801689.12149659
2461138.096207234 -125292544.4052708 -366073263.65532416 -37802338.99001556
2461138.096901678 -125275538.59936911 -366044615.57098 -37802987.71274733
2461138.097596123 -125258525.01869489 -366015961.4080913 -37803635.289889075
2461138.098290567 -125241503.672924 -365987301.16031444 -37804281.72163657
2461138.098985012 -125224474.5716995 -365958634.82131624 -37804927.00818427
2461138.099679456 -125207437.7246343 -365929962.3847748 -37805571.14972491
2461138.100373900 -125190393.14131169 -365901283.8443777 -37806214.146449685
2461138.101068345 -125173340.8312811 -365872599.1938236 -37806855.998548485
2461138.101762789 -125156280.80405949 -365843908.4268214 -37807496.70620947
2461138.102457234 -125139213.0691349 -365815211.5370907 -37808136.26961925
2461138.103151678 -125122137.6359655 -365786508.5183605 -37808774.68896352
2461138.103846123 -125105054.5139762 -365757799.364371 -37809411.96442586
2461138.104540567 -125087963.7125607 -365729084.0688728 -37810048.09618843
2461138.105235012 -125070865.24108331 -365700362.6256265 -37810683.08443214
2461138.105929456 -125053759.1088796 -365671635.028402 -37811316.92933632
2461138.106623901 -125036645.32525249 -365642901.2709809 -37811949.63107891
2461138.107318345 -125019523.8994738 -365614161.34715444 -37812581.1898362
2461138.108012789 -125002394.8407865 -365585415.25072306 -37813211.605783455
2461138.108707234 -124985258.1584055 -365556662.9754985 -37813840.8790941
2461138.109401678 -124968113.8615137 -365527904.51530224 -37814469.009939924
2461138.110096123 -124950961.9592628 -365499139.8639652 -37815095.998492144
2461138.110790567 -124933802.460777 -365470369.0153294 -37815721.84491939
2461138.111485011 -124916635.3751523 -365441591.9632457 -37816346.549389794
2461138.112179456 -124899460.7114532 -365412808.701575 -37816970.112069935
2461138.112873901 -124882278.478714 -365384019.2241892 -37817592.53312429
2461138.113568345 -124865088.6859412 -365355223.52496916 -37818213.81271673
2461138.114262789 -124847891.34211439 -365326421.5978052 -37818833.951009266
2461138.114957234 -124830686.4561816 -365297613.43659836 -37819452.94816265
2461138.115651678 -124813474.0370613 -365268799.0352592 -37820070.804336324
2461138.116346123 -124796254.09364481 -365239978.38770777 -37820687.51968836
2461138.117040567 -124779026.63479659 -365211151.4878737 -37821303.094375014
2461138.117735012 -124761791.66935049 -365182318.3296967 -37821917.52855171
2461138.118429456 -124744549.2061111 -365153478.9071261 -37822530.82237246
2461138.119123900 -124727299.2538556 -365124633.21412027 -37823142.97598923
2461138.119818345 -124710041.8213353 -365095781.2446462 -37823753.989553615
2461138.120512790 -124692776.9172733 -365066922.99268526 -37824363.86321511
2461138.121207234 -124675504.5503622 -365038058.4522261 -37824972.597121954
2461138.121901678 -124658224.72926399 -365009187.61725783 -37825580.19142161
2461138.122596123 -124640937.46261321 -364980310.4817772 -37826186.646259844
2461138.123290567 -124623642.7590256 -364951427.03980917 -37826791.96178073
2461138.123985012 -124606340.62709251 -364922537.2853941 -37827396.13812727
2461138.124679456 -124589031.07537259 -364893641.2125707 -37827999.17544084
2461138.125373900 -124571714.1123899 -364864738.8153709 -37828601.07386214
2461138.126068345 -124554389.7466432 -364835830.0878437 -37829201.83353031
2461138.126762789 -124537057.9866072 -364806915.02405334 -37829801.4545831
2461138.127457234 -124519718.8407319 -364777993.6180749 -37830399.93715679
2461138.128151678 -124502372.3174399 -364749065.8639873 -37830997.2813865
2461138.128846123 -124485018.4251251 -364720131.75588006 -37831593.48740644
2461138.129540567 -124467657.1721543 -364691191.28785384 -37832188.555348694
2461138.130235012 -124450288.56687011 -364662244.4540167 -37832782.48534457
2461138.130929456 -124432912.6175896 -364633291.2484859 -37833375.277524374
2461138.131623900 -124415529.33260159 -364604331.6653883 -37833966.9320165
2461138.132318345 -124398138.72016811 -364575365.69885993 -37834557.44894828
2461138.133012789 -124380740.7885264 -364546393.3430455 -37835146.82844617
2461138.133707234 -124363335.5458898 -364517414.59209865 -37835735.07063478
2461138.134401678 -124345923.00044341 -364488429.4401821 -37836322.17563763
2461138.135096123 -124328503.1603455 -364459437.8814676 -37836908.143577285
2461138.135790567 -124311076.0337307 -364430439.9101357 -37837492.97457494
2461138.136485012 -124293641.62870969 -364401435.52037567 -37838076.668750085
2461138.137179456 -124276199.95336519 -364372424.7063858 -37838659.2262215
2461138.137873901 -124258751.0157542 -364343407.4623736 -37839240.64710648
2461138.138568345 -124241294.82390949 -364314383.78255445 -37839820.93152123
2461138.139262789 -124223831.3858411 -364285353.6611532 -37840400.07958065
2461138.139957234 -124206360.7095313 -364256317.09240305 -37840978.09139834
2461138.140651678 -124188882.8029366 -364227274.0705463 -37841554.96708679
2461138.141346123 -124171397.6739904 -364198224.5898333 -37842130.70675721
2461138.142040567 -124153905.3306033 -364169168.6445241 -37842705.31051948
2461138.142735011 -124136405.78065841 -364140106.2288862 -37843278.77848261
2461138.143429456 -124118899.0320139 -364111037.3371963 -37843851.110754035
2461138.144123901 -124101385.09250501 -364081961.9637399 -37844422.30744028
2461138.144818345 -124083863.9699443 -364052880.10280997 -37844992.36864633
2461138.145512789 -124066335.6721177 -364023791.7487092 -37845561.294476345
2461138.146207234 -124048800.2067863 -363994696.8957484 -37846129.085033074
2461138.146901678 -124031257.5816886 -363965595.5382467 -37846695.74041823
2461138.147596123 -124013707.80454111 -363936487.6705311 -37847261.26073225
2461138.148290567 -123996150.8830338 -363907373.28693813 -37847825.64607421
2461138.148985012 -123978586.82483219 -363878252.38181233 -37848388.89654234
2461138.149679456 -123961015.6375797 -363849124.94950575 -37848951.01223371
2461138.150373900 -123943437.328898 -363819990.98437977 -37849511.99324397
2461138.151068345 -123925851.9063827 -363790850.48080355 -37850071.83966759
2461138.151762790 -123908259.37760529 -363761703.43315464 -37850630.551598154
2461138.152457234 -123890659.7501156 -363732549.83581924 -37851188.12912793
2461138.153151678 -123873053.031442 -363703389.683191 -37851744.57234801
2461138.153846123 -123855439.229087 -363674222.9696722 -37852299.881348535
2461138.154540567 -123837818.3505299 -363645049.6896732 -37852854.056218185
2461138.155235012 -123820190.4032279 -363615869.8376126 -37853407.097044855
2461138.155929456 -123802555.39461769 -363586683.40791655 -37853959.003915094
2461138.156623900 -123784913.3321104 -363557490.3950203 -37854509.77691417
2461138.157318345 -123767264.2230939 -363528290.7933664 -37855059.41612674
2461138.158012789 -123749608.07493481 -363499084.5974057 -37855607.92163576
2461138.158707234 -123731944.8949794 -363469871.8015967 -37856155.29352346
2461138.159401678 -123714274.6905486 -363440652.400406 -37856701.53187086
2461138.160096123 -123696597.4689406 -363411426.388309 -37857246.63675776
2461138.160790567 -123678913.2374327 -363382193.75978816 -37857790.6082627
2461138.161485012 -123661222.0032818 -363352954.50933343 -37858333.44646383
2461138.162179456 -123643523.7737205 -363323708.6314434 -37858875.151437424
2461138.162873900 -123625818.55595839 -363294456.1206248 -37859415.72325891
2461138.163568345 -123608106.35718471 -363265196.9713914 -37859955.162002824
2461138.164262789 -123590387.1845689 -363235931.1782648 -37860493.46774234
2461138.164957234 -123572661.045256 -363206658.73577493 -37861030.64054971
2461138.165651678 -123554927.94636859 -363177379.638459 -37861566.68049615
2461138.166346123 -123537187.8950092 -363148093.88086295 -37862101.58765147
2461138.167040567 -123519440.89826101 -363118801.45753837 -37862635.36208485
2461138.167735012 -123501686.9631829 -363089502.363046 -37863168.00386425
2461138.168429456 -123483926.0968119 -363060196.5919547 -37863699.51305633
2461138.169123901 -123466158.3061651 -363030884.1388398 -37864229.88972678
2461138.169818345 -123448383.5982405 -363001564.9982845 -37864759.13394075
2461138.170512789 -123430601.9800124 -362972239.1648798 -37865287.24576145
2461138.171207234 -123412813.4584332 -362942906.63322455 -37865814.225251675
2461138.171901678 -123395018.04043621 -362913567.3979246 -37866340.072473034
2461138.172596123 -123377215.7329355 -362884221.453593 -37866864.78748589
2461138.173290567 -123359406.5428218 -362854868.7948511 -37867388.37035002
2461138.173985011 -123341590.4769646 -362825509.41632754 -37867910.821123555
2461138.174679456 -123323767.5422142 -362796143.31265813 -37868432.13986391
2461138.175373901 -123305937.7454022 -362766770.47848564 -37868952.32662756
2461138.176068345 -123288101.0933373 -362737390.9084609 -37869471.38146994
2461138.176762789 -123270257.5928068 -362708004.5972427 -37869989.30444507
2461138.177457234 -123252407.25057961 -362678611.5394958 -37870506.09560636
2461138.178151678 -123234550.0734059 -362649211.7298926 -37871021.75500628
2461138.178846123 -123216686.0680135 -362619805.1631133 -37871536.282695875
2461138.179540567 -123198815.2411091 -362590391.8338453 -37872049.67872555
2461138.180235012 -123180937.5993811 -362560971.7367829 -37872561.943144456
2461138.180929456 -123163053.1494996 -362531544.8666277 -37873073.07600064
2461138.181623900 -123145161.8981128 -362502111.2180886 -37873583.07734165
2461138.182318345 -123127263.85184781 -362472670.7858817 -37874091.94721338
2461138.183012790 -123109359.017314 -362443223.56473035 -37874599.68566133
2461138.183707234 -123091447.4011026 -362413769.5493645 -37875106.29272978
2461138.184401678 -123073529.0097829 -362384308.7345213 -37875611.76846176
2461138.185096123 -123055603.849904 -362354841.1149461 -37876116.112899646
2461138.185790567 -123037671.927997 -362325366.6853899 -37876619.326084755
2461138.186485012 -123019733.2505755 -362295885.4406109 -37877121.408057205
2461138.187179456 -123001787.8241318 -362266397.37537533 -37877622.35885657
2461138.187873900 -122983835.65513751 -362236902.48445547 -37878122.17852116
2461138.188568345 -122965876.7500465 -362207400.76263064 -37878620.86708812
2461138.189262789 -122947911.1152954 -362177892.2046855 -37879118.4245941
2461138.189957234 -122929938.757302 -362148376.8054174 -37879614.85107441
2461138.190651678 -122911959.68246241 -362118854.5596275 -37880110.14656351
2461138.191346123 -122893973.8971506 -362089325.4621149 -37880604.31109517
2461138.192040567 -122875981.4077224 -362059789.5076839 -37881097.344701976
2461138.192735012 -122857982.2205237 -362030246.6911644 -37881589.247415535
2461138.193429456 -122839976.341885 -362000697.00739956 -37882080.01926601
2461138.194123900 -122821963.77811259 -361971140.4512282 -37882569.66028335
2461138.194818345 -122803944.53548679 -361941577.0174789 -37883058.17049636
2461138.195512789 -122785918.6202709 -361912006.7009951 -37883545.54993305
2461138.196207234 -122767886.0387132 -361882429.4966337 -37884031.79862017
2461138.196901678 -122749846.7970462 -361852845.39925903 -37884516.9165835
2461138.197596123 -122731800.9014826 -361823254.40373665 -37885000.90384844
2461138.198290567 -122713748.35821581 -361793656.5049411 -37885483.760438964
2461138.198985012 -122695689.1734202 -361764051.6977542 -37885965.486378066
2461138.199679456 -122677623.353254 -361734439.9770638 -37886446.08168831
2461138.200373901 -122659550.90385899 -361704821.3377644 -37886925.54639064
2461138.201068345 -122641471.8313566 -361675195.7747568 -37887403.88050574
2461138.201762789 -122623386.1418497 -361645563.2829488 -37887881.08405311
2461138.202457234 -122605293.84142481 -361615923.8572548 -37888357.15705116
2461138.203151678 -122587194.9361525 -361586277.492595 -37888832.09951762
2461138.203846123 -122569089.4320837 -361556624.1838967 -37889305.91146927
2461138.204540567 -122550977.3352503 -361526963.9260934 -37889778.59292208
2461138.205235011 -122532858.65166861 -361497296.7141258 -37890250.14389075
2461138.205929456 -122514733.3873391 -361467622.5429395 -37890720.56438957
2461138.206623901 -122496601.5482428 -361437941.40748733 -37891189.85443178
2461138.207318345 -122478463.1403418 -361408253.3027293 -37891658.01402924
2461138.208012789 -122460318.1695832 -361378558.2236306 -37892125.04319365
2461138.208707234 -122442166.6418985 -361348856.1651629 -37892590.941935405
2461138.209401678 -122424008.5631995 -361319147.12230474 -37893055.71026423
2461138.210096123 -122405843.93938 -361289431.09004074 -37893519.34818871
2461138.210790567 -122387672.7763187 -361259708.0633616 -37893981.8557166
2461138.211485012 -122369495.0798786 -361229978.0372642 -37894443.232855044
2461138.212179456 -122351310.855904 -361200241.00675213 -37894903.4796101
2461138.212873900 -122333120.110221 -361170496.9668349 -37895362.59598682
2461138.213568345 -122314922.8486407 -361140745.91252804 -37895820.5819898
2461138.214262790 -122296719.0769593 -361110987.8388536 -37896277.437622435
2461138.214957234 -122278508.8009537 -361081222.74083954 -37896733.16288715
2461138.215651678 -122260292.0263837 -361051450.6135202 -37897187.75778582
2461138.216346123 -122242068.7589938 -361021671.4519361 -37897641.2223193
2461138.217040567 -122223839.004514 -360991885.2511327 -37898093.55648783
2461138.217735012 -122205602.7686553 -360962092.0061632 -37898544.7602904
2461138.218429456 -122187360.05711159 -360932291.71208614 -37898994.833725214
2461138.219123900 -122169110.8755621 -360902484.3639661 -37899443.77679001
2461138.219818345 -122150855.2296714 -360872669.9568733 -37899891.58948137
2461138.220512789 -122132593.1250855 -360842848.4858843 -37900338.27179488
2461138.221207234 -122114324.56743361 -360813019.9460822 -37900783.823725715
2461138.221901678 -122096049.5623301 -360783184.332555 -37901228.245267875
2461138.222596123 -122077768.1153753 -360753341.6403973 -37901671.53641458
2461138.223290567 -122059480.2321513 -360723491.86470944 -37902113.69715814
2461138.223985012 -122041185.9182231 -360693635.0005977 -37902554.72749064
2461138.224679456 -122022885.1791416 -360663771.0431742 -37902994.627402335
2461138.225373900 -122004578.0204435 -360633899.987557 -37903433.39688376
2461138.226068345 -121986264.4476479 -360604021.8288696 -37903871.03592324
2461138.226762789 -121967944.466257 -360574136.56224215 -37904307.54450909
2461138.227457234 -121949618.081758 -360544244.18281007 -37904742.922629796
2461138.228151678 -121931285.2996244 -360514344.6857149 -37905177.17027414
2461138.228846123 -121912946.12531349 -360484438.0661034 -37905610.28742866
2461138.229540567 -121894600.5642664 -360454524.31912845 -37906042.2740779
2461138.230235012 -121876248.6219092 -360424603.4399485 -37906473.13020598
2461138.230929456 -121857890.3036526 -360394675.423728 -37906902.85579614
2461138.231623901 -121839525.6148922 -360364740.2656364 -37907331.450831376
2461138.232318345 -121821154.5610081 -360334797.96084917 -37907758.915293165
2461138.233012789 -121802777.1473654 -360304848.5045483 -37908185.249162786
2461138.233707234 -121784393.3793139 -360274891.8919199 -37908610.452420235
2461138.234401678 -121766003.2621886 -360244928.1181568 -37909034.52504503
2461138.235096123 -121747606.8013091 -360214957.17845714 -37909457.46701547
2461138.235790567 -121729204.00198029 -360184979.06802434 -37909879.278309606
2461138.236485011 -121710794.86949211 -360154993.78206736 -37910299.95890452
2461138.237179456 -121692379.4091196 -360125001.31580156 -37910719.50877624
2461138.237873901 -121673957.626123 -360095001.6644467 -37911137.927900285
2461138.238568345 -121655529.5257477 -360064994.82322896 -37911555.2162511
2461138.239262789 -121637095.11322449 -360034980.7873793 -37911971.37380294
2461138.239957234 -121618654.39376931 -360004959.55213463 -37912386.40052857
2461138.240651678 -121600207.3725839 -359974931.112737 -37912800.2964004
2461138.241346123 -121581754.054855 -359944895.4644341 -37913213.06138989
2461138.242040567 -121563294.445755 -359914852.6024793 -37913624.695467934
2461138.242735012 -121544828.5504419 -359884802.5221305 -37914035.19860438
2461138.243429456 -121526356.374059 -359854745.218652 -37914444.57076852
2461138.244123900 -121507877.92173569 -359824680.6873126 -37914852.81192881
2461138.244818345 -121489393.19858679 -359794608.92338717 -37915259.922052845
2461138.245512790 -121470902.2097127 -359764529.9221555 -37915665.90110752
2461138.246207234 -121452404.96019989 -359734443.6789025 -37916070.7490593
2461138.246901678 -121433901.45512061 -359704350.1889189 -37916474.465873145
2461138.247596123 -121415391.6995328 -359674249.4475007 -37916877.05151379
2461138.248290567 -121396875.69848049 -359644141.4499483 -37917278.50594543
2461138.248985012 -121378353.4569937 -359614026.19156855 -37917678.82913091
2461138.249679456 -121359824.98008831 -359583903.66767246 -37918078.02103252
2461138.250373900 -121341290.2727665 -359553773.8735772 -37918476.08161216
2461138.251068345 -121322749.3400166 -359523636.80460423 -37918873.01083063
2461138.251762789 -121304202.18681261 -359493492.4560807 -37919268.808647916
2461138.252457234 -121285648.8181153 -359463340.8233391 -37919663.47502357
2461138.253151678 -121267089.23887129 -359433181.9017163 -37920057.00991611
2461138.253846123 -121248523.45401399 -359403015.6865553 -37920449.41328361
2461138.254540567 -121229951.4684631 -359372842.1732037 -37920840.68508301
2461138.255235012 -121211373.2871235 -359342661.3570128 -37921230.82527131
2461138.255929456 -121192788.9148875 -359312473.23334044 -37921619.83380344
2461138.256623900 -121174198.35663569 -359282277.7975521 -37922007.71063482
2461138.257318345 -121155601.617234 -359252075.04501647 -37922394.45571958
2461138.258012789 -121136998.7015295 -359221864.9710987 -37922780.06901132
2461138.258707234 -121118389.6143547 -359191647.5711668 -37923164.55046296
2461138.259401678 -121099774.3605405 -359161422.8406127 -37923547.9000265
2461138.260096123 -121081152.94490859 -359131190.7748402 -37923930.11765303
2461138.260790567 -121062525.37226021 -359100951.369246 -37924311.203293085
2461138.261485012 -121043891.6473735 -359070704.61921597 -37924691.15689685
2461138.262179456 -121025251.77501771 -359040450.5201477 -37925069.97841342
2461138.262873901 -121006605.7599535 -359010189.0674508 -37925447.66779134
2461138.263568345 -120987953.6069285 -358979920.2565407 -37925824.224978305
2461138.264262789 -120969295.3206753 -358949644.0828328 -37926199.64992144
2461138.264957234 -120950630.9059135 -358919360.54174924 -37926573.94256695
2461138.265651678 -120931960.3673508 -358889069.6287169 -37926947.10286046
2461138.266346123 -120913283.7096814 -358858771.3391678 -37927319.13074723
2461138.267040567 -120894600.9375869 -358828465.6685384 -37927690.026171274
2461138.267735011 -120875912.055736 -358798152.6122708 -37928059.78907585
2461138.268429456 -120857217.0687848 -358767832.1658104 -37928428.419404194
2461138.269123901 -120838515.9813765 -358737504.3246088 -37928795.91709828
2461138.269818345 -120819808.7981416 -358707169.0841214 -37929162.282099456
2461138.270512789 -120801095.52369809 -358676826.4398089 -37929527.514348514
2461138.271207234 -120782376.16265151 -358646476.3871365 -37929891.61378554
2461138.271901678 -120763650.7195944 -358616118.9215741 -37930254.58034981
2461138.272596123 -120744919.1991072 -358585754.0385961 -37930616.41397995
2461138.273290567 -120726181.6057578 -358555381.7336821 -37930977.1146141
2461138.273985012 -120707437.9441015 -358525002.0023157 -37931336.68218931
2461138.274679456 -120688688.21868141 -358494614.8399856 -37931695.116642475
2461138.275373900 -120669932.43402821 -358464220.2421848 -37932052.417909235
2461138.276068345 -120651170.59466021 -358433818.2044113 -37932408.585925065
2461138.276762790 -120632402.7050835 -358403408.7221675 -37932763.62062428
2461138.277457234 -120613628.76979211 -358372991.7909603 -37933117.52194091
2461138.278151678 -120594848.79326761 -358342567.40630096 -37933470.28980813
2461138.278846123 -120576062.77997969 -358312135.56370586 -37933821.92415854
2461138.279540567 -120557270.7343857 -358281696.25869566 -37934172.42492377
2461138.280235012 -120538472.66093111 -358251249.48679525 -37934521.79203519
2461138.280929456 -120519668.56404929 -358220795.2435344 -37934870.025423236
2461138.281623900 -120500858.4481615 -358190333.5244471 -37935217.125017926
2461138.282318345 -120482042.31767741 -358159864.3250718 -37935563.09074831
2461138.283012789 -120463220.17587149 -358129387.6449259 -37935907.921095505
2461138.283707234 -120444392.02594979 -358098903.48373026 -37936251.614467986
2461138.284401678 -120425557.8784271 -358068411.8153055 -37936594.17870648
2461138.285096123 -120406717.7370601 -358037912.6373517 -37936935.61295635
2461138.285790567 -120387871.5493947 -358007406.1475894 -37937275.84303069
2461138.286485012 -120369019.2609552 -357976892.55100447 -37937614.792033516
2461138.287179456 -120350161.1604505 -357946370.83046204 -37937952.83142081
2461138.287873900 -120331297.2480702 -357915840.9965194 -37938289.9554926
2461138.288568345 -120312426.62689671 -357885306.2643605 -37938624.97854608
2461138.289262789 -120293548.4713963 -357854769.59759146 -37938956.806023985
2461138.289957234 -120274666.2456357 -357824218.61107963 -37939290.00597795
2461138.290651678 -120255780.7667574 -357793650.40801626 -37939625.63847027
2461138.291346123 -120236883.0939456 -357763097.0050715 -37939951.883636825
2461138.292040567 -120217957.68592109 -357732613.889332 -37940248.32583529
2461138.292735012 -120199010.7799636 -357702177.9410297 -37940523.84265007
2461138.293429456 -120180062.6903629 -357671715.5945726 -37940805.955581926
2461138.294123901 -120161129.1041425 -357641170.53509843 -37941115.523281656
2461138.294818345 -120142204.74764541 -357610562.54118973 -37941444.8606935
2461138.295512789 -120123274.3818203 -357579947.2731531 -37941772.948376395
2461138.296207234 -120104335.07273741 -357549335.4524439 -37942095.73755164
2461138.296901678 -120085389.8441171 -357518716.0336086 -37942417.40339038
2461138.297596123 -120066440.33516291 -357488083.0436449 -37942740.19868973
2461138.298290567 -120047484.954035 -357457442.3103209 -37943061.91943712
2461138.298985011 -120028523.43598461 -357426794.8158557 -37943382.19103454
2461138.299679456 -120009555.9838713 -357396139.82598627 -37943701.290770926
2461138.300373901 -119990582.7546368 -357365476.7753362 -37944019.43164125
2461138.301068345 -119971603.6286273 -357334806.1139601 -37944336.44092741
2461138.301762789 -119952618.6021603 -357304127.8661786 -37944652.30760006
2461138.302457234 -119933627.6831516 -357273442.01347345 -37944967.03699655
2461138.303151678 -119914630.8791112 -357242748.5387893 -37945280.63389438
2461138.303846123 -119895628.1914823 -357212047.44746053 -37945593.094504535
2461138.304540567 -119876619.6242531 -357181338.735378 -37945904.41865269
2461138.305235012 -119857605.1814597 -357150622.3982202 -37946214.606246755
2461138.305929456 -119838584.86712751 -357119898.4316697 -37946523.65719399
2461138.306623900 -119819558.68527131 -357089166.8314119 -37946831.57140104
2461138.307318345 -119800526.63989511 -357058427.5931376 -37947138.34877418
2461138.308012790 -119781488.7349925 -357027680.7125409 -37947443.98921879
2461138.308707234 -119762444.97454639 -356996926.1853195 -37947748.492639646
2461138.309401678 -119743395.3625292 -356966164.00717545 -37948051.85894121
2461138.310096123 -119724339.9029028 -356935394.17381465 -37948354.088027105
2461138.310790567 -119705278.5996186 -356904616.68094677 -37948655.1798002
2461138.311485012 -119686211.4566175 -356873831.52428603 -37948955.13416313
2461138.312179456 -119667138.4778302 -356843038.69954896 -37949253.95101782
2461138.312873900 -119648059.667177 -356812238.2024577 -37949551.630265206
2461138.313568345 -119628975.0285676 -356781430.0287372 -37949848.17180633
2461138.314262789 -119609884.5659015 -356750614.1741163 -37950143.57554089
2461138.314957234 -119590788.2830683 -356719790.63432807 -37950437.841368645
2461138.315651678 -119571686.1839467 -356688959.4051092 -37950730.9691882
2461138.316346123 -119552578.27240579 -356658120.4822 -37951022.95889806
2461138.317040567 -119533464.55230391 -356627273.8613448 -37951313.81039584
2461138.317735012 -119514345.02748981 -356596419.5382913 -37951603.523578316
2461138.318429456 -119495219.701802 -356565557.5087917 -37951892.09834246
2461138.319123900 -119476088.5790686 -356534687.76860154 -37952179.53458381
2461138.319818345 -119456951.6631072 -356503810.3134783 -37952465.83219788
2461138.320512789 -119437808.957726 -356472925.13918525 -37952750.991079286
2461138.321207234 -119418660.4667257 -356442032.2414931 -37953035.01112234
2461138.321901678 -119399506.193894 -356411131.616171 -37953317.89222025
2461138.322596123 -119380346.14300251 -356380223.25898147 -37953599.6342666
2461138.323290567 -119361180.3178156 -356349307.1656967 -37953880.23715341
2461138.323985012 -119342008.7221009 -356318383.3321119 -37954159.700772464
2461138.324679456 -119322831.35961631 -356287451.7540269 -37954438.02501496
2461138.325373901 -119303648.2340972 -356256512.42722434 -37954715.20977137
2461138.326068345 -119284459.349263 -356225565.3474807 -37954991.25493225
2461138.326762789 -119265264.7088354 -356194610.5105956 -37955266.16038683
2461138.327457234 -119246064.3165307 -356163647.9123787 -37955539.92602415
2461138.328151678 -119226858.17604989 -356132677.5486346 -37955812.551732406
2461138.328846123 -119207646.2910783 -356101699.41516167 -37956084.0373995
2461138.329540567 -119188428.66529569 -356070713.5077683 -37956354.38291264
2461138.330235011 -119169205.3023742 -356039719.82226956 -37956623.588158555
2461138.330929456 -119149976.2059763 -356008718.3544842 -37956891.653023064
2461138.331623901 -119130741.3797532 -355977709.1002314 -37957158.577391975
2461138.332318345 -119111500.82734759 -355946692.0553355 -37957424.36115012
2461138.333012789 -119092254.5523923 -355915667.2156239 -37957689.00418175
2461138.333707234 -119073002.5585111 -355884634.5769277 -37957952.50637099
2461138.334401678 -119053744.8493184 -355853594.1350817 -37958214.867600836
2461138.335096123 -119034481.4284186 -355822545.88592374 -37958476.08775402
2461138.335790567 -119015212.29940741 -355791489.82529527 -37958736.16671277
2461138.336485012 -118995937.4658709 -355760425.9490413 -37958995.104358554
2461138.337179456 -118976656.9313858 -355729354.2530099 -37959252.90057257
2461138.337873900 -118957370.6995196 -355698274.73305297 -37959509.555235066
2461138.338568345 -118938078.7738307 -355667187.3850256 -37959765.06822613
2461138.339262790 -118918781.157868 -355636092.20478606 -37960019.439425044
2461138.339957234 -118899477.8551714 -355604989.1881968 -37960272.66871043
2461138.340651678 -118880168.8692717 -355573878.3311222 -37960524.75596083
2461138.341346123 -118860854.20369029 -355542759.6294315 -37960775.701053716
2461138.342040567 -118841533.8619397 -355511633.07899636 -37961025.5038663
2461138.342735012 -118822207.8475233 -355480498.675692 -37961274.16427527
2461138.343429456 -118802876.16393541 -355449356.4153967 -37961521.68215658
2461138.344123900 -118783538.81466119 -355418206.2939927 -37961768.05738587
2461138.344818345 -118764195.803177 -355387048.30736494 -37962013.28983782
2461138.345512789 -118744847.1329501 -355355882.451402 -37962257.37938708
2461138.346207234 -118725492.807439 -355324708.72199553 -37962500.3259073
2461138.346901678 -118706132.8300929 -355293527.1150399 -37962742.12927217
2461138.347596123 -118686767.2043525 -355262337.62643385 -37962982.789354175
2461138.348290567 -118667395.93364951 -355231140.25207883 -37963222.306025594
2461138.348985012 -118648019.02140659 -355199934.9878791 -37963460.67915831
2461138.349679456 -118628636.471038 -355168721.8297427 -37963697.90862322
2461138.350373900 -118609248.2859488 -355137500.7735806 -37963933.99429126
2461138.351068345 -118589854.4695355 -355106271.8153073 -37964168.93603223
2461138.351762789 -118570455.025186 -355075034.9508397 -37964402.733715914
2461138.352457234 -118551049.9562791 -355043790.1760987 -37964635.38721121
2461138.353151678 -118531639.2661853 -355012537.4870079 -37964866.89638665
2461138.353846123 -118512222.9582664 -354981276.8794941 -37965097.261110164
2461138.354540567 -118492801.03587529 -354950008.34948736 -37965326.48124931
2461138.355235012 -118473373.5023565 -354918731.8929208 -37965554.55667086
2461138.355929456 -118453940.3610461 -354887447.50573075 -37965781.48724133
2461138.356623901 -118434501.61527121 -354856155.18385607 -37966007.27282637
2461138.357318345 -118415057.2683506 -354824854.92323965 -37966231.91329141
2461138.358012789 -118395607.3235949 -354793546.7198268 -37966455.40850132
2461138.358707234 -118376151.7843056 -354762230.569566 -37966677.75832025
2461138.359401678 -118356690.6537763 -354730906.4684089 -37966898.96261187
2461138.360096123 -118337223.9352918 -354699574.4123103 -37967119.021239534
2461138.360790567 -118317751.6321288 -354668234.3972275 -37967337.93406599
2461138.361485011 -118298273.7475554 -354636886.41912156 -37967555.700953215
2461138.362179456 -118278790.2848316 -354605530.4739561 -37967772.3217631
2461138.362873901 -118259301.2472086 -354574166.5576976 -37967987.79635665
2461138.363568345 -118239806.6379298 -354542794.6663158 -37968202.124594584
2461138.364262789 -118220306.4602301 -354511414.7957839 -37968415.30633689
2461138.364957234 -118200800.7173362 -354480026.9420768 -37968627.34144321
2461138.365651678 -118181289.4124665 -354448631.1011735 -37968838.22977259
2461138.366346123 -118161772.5488312 -354417227.2690556 -37969047.97118374
2461138.367040567 -118142250.12963231 -354385815.4417074 -37969256.565534405
2461138.367735012 -118122722.1580638 -354354395.6151163 -37969464.01268247
2461138.368429456 -118103188.6373115 -354322967.7852729 -37969670.312484615
2461138.369123900 -118083649.57055299 -354291531.9481701 -37969875.464797616
2461138.369818345 -118064104.9609579 -354260088.09980416 -37970079.46947742
2461138.370512790 -118044554.8116876 -354228636.23617435 -37970282.32637949
2461138.371207234 -118024999.1258956 -354197176.3532819 -37970484.03535878
2461138.371901678 -118005437.9067274 -354165708.4471321 -37970684.5962699
2461138.372596123 -117985871.15732059 -354134232.5137325 -37970884.00896668
2461138.373290567 -117966298.8808044 -354102748.5490936 -37971082.27330273
2461138.373985012 -117946721.0803006 -354071256.54922837 -37971279.38913076
2461138.374679456 -117927137.75892271 -354039756.5101533 -37971475.35630358
2461138.375373900 -117907548.9197765 -354008248.42788696 -37971670.17467289
2461138.376068345 -117887954.5659597 -353976732.298451 -37971863.844090275
2461138.376762789 -117868354.7005626 -353945208.1178704 -37972056.364406615
2461138.377457234 -117848749.3266671 -353913675.882172 -37972247.735472515
2461138.378151678 -117829138.4473477 -353882135.5873861 -37972437.95713769
2461138.378846123 -117809522.065671 -353850587.22954524 -37972627.029251896
2461138.379540567 -117789900.1846956 -353819030.8046855 -37972814.95166394
2461138.380235012 -117770272.8074729 -353787466.3088446 -37973001.72422237
2461138.380929456 -117750639.93704599 -353755893.7380641 -37973187.34677491
2461138.381623900 -117731001.57645069 -353724313.0883875 -37973371.819169335
2461138.382318345 -117711357.72871509 -353692724.3558613 -37973555.141252585
2461138.383012789 -117691708.3968593 -353661127.53653467 -37973737.31287108
2461138.383707234 -117672053.5838961 -353629522.6264597 -37973918.33387085
2461138.384401678 -117652393.2928305 -353597909.6216902 -37974098.20409748
2461138.385096123 -117632727.5266605 -353566288.5182846 -37974276.92339584
2461138.385790567 -117613056.28837569 -353534659.312302 -37974454.49161052
2461138.386485012 -117593379.5853077 -353503022.00078344 -37974630.91030034
2461138.387179456 -117573697.4181565 -353471376.5792825 -37974806.17841231
2461138.387873901 -117554009.7776497 -353439723.0411129 -37974980.29096324
2461138.388568345 -117534316.67373 -353408061.3839168 -37975153.250548206
2461138.389262789 -117514618.2907638 -353376391.6443537 -37975325.127972
2461138.389957234 -117494914.5478059 -353344713.79973626 -37975495.89029327
2461138.390651678 -117475204.9460498 -353313027.73389274 -37975665.34113034
2461138.391346123 -117455489.7468768 -353281333.5007049 -37975833.58131367
2461138.392040567 -117435770.9983502 -353249631.55197704 -37976001.40660956
2461138.392735011 -117416048.0085679 -353217921.7294476 -37976168.54747366
2461138.393429456 -117396315.6475239 -353186202.88599885 -37976333.00731657
2461138.394123901 -117376575.7414177 -353154475.4220842 -37976495.49154575
2461138.394818345 -117356841.9356272 -353122742.373623 -37976661.309046134
2461138.395512789 -117337120.33659829 -353091005.1293871 -37976832.902981386
2461138.396207234 -117317392.9513036 -353059259.7435144 -37977003.41145175
2461138.396901678 -117297642.1953955 -353027502.31934965 -37977166.0443812
2461138.397596123 -117277874.9770836 -352995734.3238488 -37977323.347588316
2461138.398290567 -117258104.65721199 -352963958.658391 -37977480.37097267
2461138.398985012 -117238332.7659924 -352932175.65317667 -37977637.69575757
2461138.399679456 -117218554.1140843 -352900384.17450964 -37977793.3577144
2461138.400373900 -117198768.2388809 -352868584.1168676 -37977947.1798696
2461138.401068345 -117178977.1249817 -352836775.9073032 -37978099.91109936
2461138.401762790 -117159181.0073079 -352804959.5922392 -37978251.63861724
2461138.402457234 -117139379.3766841 -352773135.0569152 -37978402.16968142
2461138.403151678 -117119572.17697029 -352741302.28467906 -37978551.48193258
2461138.403846123 -117099759.5839835 -352709461.3091178 -37978699.64026267
2461138.404540567 -117079941.60688949 -352677612.12773067 -37978846.64688003
2461138.405235012 -117060118.2359283 -352645754.7339499 -37978992.49693615
2461138.405929456 -117040289.4722393 -352613889.12355536 -37979137.18964961
2461138.406623900 -117020455.32272309 -352582015.2935701 -37979280.72638999
2461138.407318345 -117000615.79014571 -352550133.24013203 -37979423.1069877
2461138.408012789 -116980770.8772662 -352518242.9593811 -37979564.33127142
2461138.408707234 -116960920.58683659 -352486344.44745994 -37979704.39907021
2461138.409401678 -116941064.921602 -352454437.7005128 -37979843.310212515
2461138.410096123 -116921203.8843009 -352422522.7146872 -37979981.06452609
2461138.410790567 -116901337.4776649 -352390599.4861326 -37980117.6618382
2461138.411485012 -116881465.7044187 -352358668.01100034 -37980253.10197606
2461138.412179456 -116861588.5672802 -352326728.28544503 -37980387.38476594
2461138.412873900 -116841706.0689606 -352294780.3056224 -37980520.51003407
2461138.413568345 -116821818.2121644 -352262824.06769127 -37980652.477606006
2461138.414262789 -116801924.9995892 -352230859.5678131 -37980783.287306525
2461138.414957234 -116782026.433926 -352198886.80215055 -37980912.93896094
2461138.415651678 -116762122.5178591 -352166905.766869 -37981041.43239294
2461138.416346123 -116742213.2540661 -352134916.4581362 -37981168.76742642
2461138.417040567 -116722298.6452179 -352102918.8721223 -37981294.94388464
2461138.417735012 -116702378.6939788 -352070913.0049993 -37981419.961590424
2461138.418429456 -116682453.4030065 -352038898.8529419 -37981543.82036642
2461138.419123901 -116662522.7749521 -352006876.4121262 -37981666.520034246
2461138.419818345 -116642586.81245999 -351974845.6787316 -37981788.060415424
2461138.420512789 -116622645.5181682 -351942806.64893866 -37981908.441331156
2461138.421207234 -116602698.894708 -351910759.3189311 -37982027.66260195
2461138.421901678 -116582746.94470419 -351878703.6848938 -37982145.72404795
2461138.422596123 -116562789.6707751 -351846639.7430149 -37982262.625488624
2461138.423290567 -116542827.0755326 -351814567.4894839 -37982378.36674352
2461138.423985011 -116522859.16158201 -351782486.9204927 -37982492.94763109
2461138.424679456 -116502885.9315221 -351750398.0322356 -37982606.36796996
2461138.425373901 -116482907.38794549 -351718300.82090825 -37982718.627578
2461138.426068345 -116462923.53343801 -351686195.2827097 -37982829.72627219
2461138.426762789 -116442934.3705793 -351654081.4138402 -37982939.66387027
2461138.427457234 -116422939.90194279 -351621959.21050197 -37983048.44018817
2461138.428151678 -116402940.1300949 -351589828.6689003 -37983156.05504236
2461138.428846123 -116382935.0575964 -351557689.78524166 -37983262.50824826
2461138.429540567 -116362924.6870014 -351525542.5557351 -37983367.799621224
2461138.430235012 -116342909.02085759 -351493386.97659117 -37983471.928975955
2461138.430929456 -116322888.0617066 -351461223.0440237 -37983574.89612683
2461138.431623900 -116302861.8120835 -351429050.7542472 -37983676.70088771
2461138.432318345 -116282830.2745175 -351396870.1034791 -37983777.34307208
2461138.433012790 -116262793.45153101 -351364681.0879385 -37983876.822492816
2461138.433707234 -116242751.3456407 -351332483.7038468 -37983975.138962746
2461138.434401678 -116222703.9593568 -351300277.9474271 -37984072.29229384
2461138.435096123 -116202651.2951833 -351268063.81490517 -37984168.282297656
2461138.435790567 -116182593.355618 -351235841.3025079 -37984263.10878558
2461138.436485012 -116162530.1431527 -351203610.406465 -37984356.77156856
2461138.437179456 -116142461.6602728 -351171371.1230076 -37984449.2704568
2461138.437873900 -116122387.9094579 -351139123.4483693 -37984540.60526026
2461138.438568345 -116102308.8931811 -351106867.3787852 -37984630.77578855
2461138.439262789 -116082224.61390969 -351074602.91049266 -37984719.781850606
2461138.439957234 -116062135.07410471 -351042330.03973097 -37984807.62325515
2461138.440651678 -116042040.2762212 -351010048.7627417 -37984894.29981033
2461138.441346123 -116021940.2227082 -350977759.0757676 -37984979.811324
2461138.442040567 -116001834.9160085 -350945460.97505414 -37985064.157603495
2461138.442735012 -115981724.3585591 -350913154.45684826 -37985147.33845557
2461138.443429456 -115961608.5527909 -350880839.5173992 -37985229.35368682
2461138.444123900 -115941487.5011288 -350848516.1529576 -37985310.20310329
2461138.444818345 -115921361.20599179 -350816184.3597766 -37985389.886510424
2461138.445512789 -115901229.66979289 -350783844.1341105 -37985468.40371386
2461138.446207234 -115881092.8949391 -350751495.47221655 -37985545.754517876
2461138.446901678 -115860950.8838315 -350719138.3703529 -37985621.93872701
2461138.447596123 -115840803.6388652 -350686772.8247798 -37985696.95614514
2461138.448290567 -115820651.1624298 -350654398.83176 -37985770.806575716
2461138.448985012 -115800493.4569087 -350622016.3875581 -37985843.48982177
2461138.449679456 -115780330.52467941 -350589625.4884392 -37985915.00568582
2461138.450373901 -115760162.3681125 -350557226.1306696 -37985985.353970505
2461138.451068345 -115739988.9895751 -350524818.3105212 -37986054.53447707
2461138.451762789 -115719810.3914293 -350492402.0242687 -37986122.54700692
2461138.452457234 -115699626.5760274 -350459977.268182 -37986189.39136132
2461138.453151678 -115679437.5457097 -350427544.0385237 -37986255.06734045
2461138.453846123 -115659243.3028189 -350395102.33157 -37986319.57474453
2461138.454540567 -115639043.8497016 -350362652.1436159 -37986382.913373165
2461138.455235011 -115618839.1886975 -350330193.47095513 -37986445.08302545
2461138.455929456 -115598629.3221277 -350297726.3098632 -37986506.08350046
2461138.456623901 -115578414.2523054 -350265250.6566136 -37986565.914596334
2461138.457318345 -115558193.9815442 -350232766.5074914 -37986624.576111116
2461138.458012789 -115537968.5121547 -350200273.8587881 -37986682.067842476
2461138.458707234 -115517737.8464402 -350167772.70679367 -37986738.389587246
2461138.459401678 -115497501.9866966 -350135263.0477978 -37986793.54114234
2461138.460096123 -115477260.93521559 -350102744.8780933 -37986847.52230413
2461138.460790567 -115457014.69428301 -350070218.19397527 -37986900.3328683
2461138.461485012 -115436763.26617931 -350037682.99174017 -37986951.97263034
2461138.462179456 -115416506.6531792 -350005139.2676862 -37987002.44138535
2461138.462873900 -115396244.8575515 -349972587.01811314 -37987051.7389279
2461138.463568345 -115375977.88156 -349940026.2393226 -37987099.86505224
2461138.464262790 -115355705.7274626 -349907456.9276178 -37987146.819552004
2461138.464957234 -115335428.3975119 -349874879.0793041 -37987192.602220856
2461138.465651678 -115315145.8939547 -349842292.69068784 -37987237.21285147
2461138.466346123 -115294858.2190326 -349809697.7580774 -37987280.651236475
2461138.467040567 -115274565.37498139 -349777094.2777828 -37987322.917168
2461138.467735012 -115254267.36403179 -349744482.2461159 -37987364.01043788
2461138.468429456 -115233964.1884087 -349711861.65939 -37987403.93083722
2461138.469123900 -115213655.8503316 -349679232.5139202 -37987442.67815704
2461138.469818345 -115193342.3520149 -349646594.8060228 -37987480.25218779
2461138.470512789 -115173023.6956672 -349613948.5320164 -37987516.65271959
2461138.471207234 -115152699.8834919 -349581293.68822074 -37987551.87954195
2461138.471901678 -115132370.9176868 -349548630.27095747 -37987585.93244418
2461138.472596123 -115112036.8004448 -349515958.2765496 -37987618.81121536
2461138.473290567 -115091697.5339527 -349483277.7013219 -37987650.51564355
2461138.473985012 -115071353.1203927 -349450588.5416007 -37987681.04551703
2461138.474679456 -115051003.56194119 -349417890.7937139 -37987710.40062325
2461138.475373900 -115030648.8607693 -349385184.4539912 -37987738.58074953
2461138.476068345 -115010289.0190433 -349352469.5187634 -37987765.58568263
2461138.476762789 -114989924.0389235 -349319745.9843633 -37987791.41520892
2461138.477457234 -114969553.92256531 -349287013.84712523 -37987816.06911443
2461138.478151678 -114949178.6721187 -349254273.1033849 -37987839.54718465
2461138.478846123 -114928798.2897287 -349221523.7494795 -37987861.849204786
2461138.479540567 -114908412.7775348 -349188765.7817481 -37987882.97495975
2461138.480235012 -114888022.1376714 -349155999.19653106 -37987902.92423367
2461138.480929456 -114867626.37226759 -349123223.9901701 -37987921.69681071
2461138.481623901 -114847225.4834473 -349090440.1590091 -37987939.29247434
2461138.482318345 -114826819.4733295 -349057647.6993924 -37987955.71100771
2461138.483012789 -114806408.3440276 -349024846.60766697 -37987970.95219362
2461138.483707234 -114785992.0976501 -348992036.88018084 -37987985.015814275
2461138.484401678 -114765570.7363002 -348959218.513283 -37987997.901651755
2461138.485096123 -114745144.2620763 -348926391.5033248 -37988009.60948755
2461138.485790567 -114724712.67707129 -348893555.8466586 -37988020.13910284
2461138.486485011 -114704275.98337309 -348860711.5396381 -37988029.49027844
2461138.487179456 -114683834.1830647 -348827858.57861876 -37988037.66279448
2461138.487873901 -114663387.27822371 -348794996.9599576 -37988044.656431064
2461138.488568345 -114642935.270923 -348762126.680013 -37988050.470967524
2461138.489262789 -114622478.1632301 -348729247.7351442 -37988055.10618338
2461138.489957234 -114602015.9572077 -348696360.1217126 -37988058.56185721
2461138.490651678 -114581548.6549132 -348663463.8360807 -37988060.837767154
2461138.491346123 -114561076.2583995 -348630558.8746129 -37988061.93369138
2461138.492040567 -114540598.76971391 -348597645.2336741 -37988061.84940749
2461138.492735012 -114520116.190899 -348564722.9096315 -37988060.584692396
2461138.493429456 -114499628.5239926 -348531791.89885336 -37988058.13932302
2461138.494123900 -114479135.7710271 -348498852.1977091 -37988054.51307572
2461138.494818345 -114458637.93403001 -348465903.8025694 -37988049.705726534
2461138.495512790 -114438135.0150244 -348432946.70980734 -37988043.717050865
2461138.496207234 -114417627.01602879 -348399980.91579753 -37988036.546823904
2461138.496901678 -114397113.93958619 -348367006.41673726 -37988028.19525315
2461138.497596123 -114376595.8108926 -348334023.2012894 -37988018.68099443
2461138.498290567 -114356072.5978384 -348301031.2771782 -37988007.976044826
2461138.498985012 -114335544.2756811 -348268030.6496825 -37987996.05840136
2461138.499679456 -114315010.8991559 -348235021.29764223 -37987982.970782705
2461138.500373900 -114294472.7699042 -348202003.1179549 -37987968.95688542
2461138.501068345 -114273929.3509321 -348168976.2859188 -37987953.577753276
2461138.501762789 -114253380.4931349 -348135940.8481227 -37987936.710155115
2461138.502457234 -114232826.7602909 -348102896.6144391 -37987918.81118006
2461138.503151678 -114212268.0769936 -348069843.6068858 -37987899.81763862
2461138.503846123 -114191708.0369035 -348036780.6315934 -37987882.652102135
2461138.504540567 -114171157.68286611 -348003704.02182704 -37987876.30082872
2461138.505235012 -114150617.28331351 -347970613.67326784 -37987880.98563501
2461138.505929456 -114130070.609376 -347937514.9491602 -37987883.50318768
2461138.506623900 -114109507.6215449 -347904411.1792685 -37987875.67946281
2461138.507318345 -114088938.5341928 -347871298.9974348 -37987865.815638
2461138.508012789 -114068368.32845989 -347838176.75843996 -37987857.95984633
2461138.508707234 -114047793.9800302 -347805045.4553684 -37987849.651789814
2461138.509401678 -114027212.1275605 -347771906.19369 -37987838.15662035
2461138.510096123 -114006625.07732101 -347738758.2102594 -37987825.3475875
2461138.510790567 -113986033.27582061 -347705601.3553271 -37987811.58575494
2461138.511485012 -113965436.5115318 -347672435.6953697 -37987796.69747337
2461138.512179456 -113944834.5368853 -347639261.3087414 -37987780.47979553
2461138.512873901 -113924227.521643 -347606078.136715 -37987763.068875805
2461138.513568345 -113903615.47629079 -347572886.172891 -37987744.471450135
2461138.514262789 -113882998.4019897 -347539685.41391003 -37987724.68668946
2461138.514957234 -113862376.29974979 -347506475.8564486 -37987703.713651635
2461138.515651678 -113841749.1720348 -347473257.4967215 -37987681.5525722
2461138.516346123 -113821117.020759 -347440030.33114344 -37987658.20323527
2461138.517040567 -113800479.84780839 -347406794.3561424 -37987633.66540334
2461138.517735011 -113779837.6550548 -347373549.5681325 -37987607.9388386
2461138.518429456 -113759190.4443566 -347340295.9635145 -37987581.023302734
2461138.519123901 -113738538.2175735 -347307033.5386995 -37987552.91855747
2461138.519818345 -113717880.97656499 -347273762.2901066 -37987523.62436375
2461138.520512789 -113697218.7231856 -347240482.2141561 -37987493.140482225
2461138.521207234 -113676551.4592828 -347207193.30726445 -37987461.4666733
2461138.521901678 -113655879.1867002 -347173895.5658512 -37987428.60269689
2461138.522596123 -113635201.90727781 -347140588.9863375 -37987394.548312396
2461138.523290567 -113614519.6228507 -347107273.5651458 -37987359.30327913
2461138.523985012 -113593832.33524951 -347073949.2986989 -37987322.867355846
2461138.524679456 -113573140.0463004 -347040616.18342113 -37987285.240301065
2461138.525373900 -113552442.757825 -347007274.2157379 -37987246.42187249
2461138.526068345 -113531740.47164081 -346973923.39207596 -37987206.41182813
2461138.526762790 -113511033.1895607 -346940563.7088626 -37987165.209925175
2461138.527457234 -113490320.9133931 -346907195.1625269 -37987122.81592039
2461138.528151678 -113469603.644942 -346873817.7494986 -37987079.22957033
2461138.528846123 -113448881.38600719 -346840431.4662087 -37987034.450631216
2461138.529540567 -113428154.13838409 -346807036.309089 -37986988.47885878
2461138.530235012 -113407421.9038634 -346773632.2745724 -37986941.31400835
2461138.530929456 -113386684.684232 -346740219.3590933 -37986892.95583518
2461138.531623900 -113365942.4812719 -346706797.5590873 -37986843.404093556
2461138.532318345 -113345195.29676099 -346673366.8709898 -37986792.65853795
2461138.533012789 -113324443.1324732 -346639927.2912388 -37986740.71892195
2461138.533707234 -113303685.9901773 -346606478.816272 -37986687.5849996
2461138.534401678 -113282923.8716385 -346573021.4425292 -37986633.25652358
2461138.535096123 -113262156.7786176 -346539555.16645104 -37986577.73324689
2461138.535790567 -113241384.7128707 -346506079.9844785 -37986521.014921844
2461138.536485012 -113220607.67615 -346472595.89305407 -37986463.10130035
2461138.537179456 -113199825.6702034 -346439102.8886214 -37986403.99213409
2461138.537873900 -113179038.6967745 -346405600.96762466 -37986343.68717451
2461138.538568345 -113158246.7576026 -346372090.1265099 -37986282.186172165
2461138.539262789 -113137449.85442269 -346338570.361723 -37986219.48887785
2461138.539957234 -113116647.9889658 -346305041.6697117 -37986155.59504153
2461138.540651678 -113095841.1629585 -346271504.04692453 -37986090.50441315
2461138.541346123 -113075029.3781234 -346237957.4898107 -37986024.21674209
2461138.542040567 -113054212.63617861 -346204401.9948207 -37985956.73177715
2461138.542735012 -113033390.9388384 -346170837.5584059 -37985888.04926725
2461138.543429456 -113012564.2878125 -346137264.17701846 -37985818.168960534
2461138.544123901 -112991732.68480681 -346103681.847112 -37985747.09060507
2461138.544818345 -112970896.13152279 -346070090.5651404 -37985674.813948154
2461138.545512789 -112950054.6296581 -346036490.3275592 -37985601.33873699
2461138.546207234 -112929208.18090591 -346002881.1308241 -37985526.664718606
2461138.546901678 -112908356.7869553 -345969262.97139245 -37985450.791639246
2461138.547596123 -112887500.4494917 -345935635.845722 -37985373.719244994
2461138.548290567 -112866639.1701957 -345901999.7502718 -37985295.44728172
2461138.548985011 -112845772.95074451 -345868354.6815018 -37985215.975494355
2461138.549679456 -112824901.79281071 -345834700.6358723 -37985135.30362828
2461138.550373901 -112804025.6980632 -345801037.6098453 -37985053.43142795
2461138.551068345 -112783144.6681666 -345767365.5998831 -37984970.35863738
2461138.551762789 -112762258.7047813 -345733684.6024494 -37984886.08500059
2461138.552457234 -112741367.8095641 -345699994.614008 -37984800.610261135
2461138.553151678 -112720471.9841674 -345666295.63102454 -37984713.93416189
2461138.553846123 -112699571.2302399 -345632587.64996505 -37984626.05644569
2461138.554540567 -112678665.5494257 -345598870.66729623 -37984536.97685519
2461138.555235012 -112657754.94336559 -345565144.67948586 -37984446.69513198
2461138.555929456 -112636839.41369599 -345531409.6830027 -37984355.21101806
2461138.556623900 -112615918.9620492 -345497665.6743165 -37984262.524254404
2461138.557318345 -112594993.5900538 -345463912.6498973 -37984168.63458231
2461138.558012790 -112574063.2993344 -345430150.6062165 -37984073.54174176
2461138.558707234 -112553128.0915115 -345396379.539746 -37983977.2454734
2461138.559401678 -112532187.9682017 -345362599.44695854 -37983879.74551691
2461138.560096123 -112511242.9310177 -345328810.32432806 -37983781.041611835
2461138.560790567 -112490292.9815682 -345295012.1683291 -37983681.13349706
2461138.561485012 -112469338.1214581 -345261204.97543705 -37983580.02091138
2461138.562179456 -112448378.3522882 -345227388.7421279 -37983477.703593254
2461138.562873900 -112427413.67565541 -345193563.46487844 -37983374.18128055
2461138.563568345 -112406444.0931529 -345159729.14016646 -37983269.453711025
2461138.564262789 -112385469.60637 -345125885.7644708 -37983163.520621665
2461138.564957234 -112364490.21689181 -345092033.3342709 -37983056.38174972
2461138.565651678 -112343505.9262999 -345058171.8460465 -37982948.03683148
2461138.566346123 -112322516.7361719 -345024301.2962785 -37982838.48560321
2461138.567040567 -112301522.6480814 -344990421.6814488 -37982727.727800764
2461138.567735012 -112280523.6635984 -344956532.99803966 -37982615.763159364
2461138.568429456 -112259519.7842889 -344922635.2425345 -37982502.59141451
2461138.569123900 -112238511.0117152 -344888728.411417 -37982388.21230065
2461138.569818345 -112217497.3474357 -344854812.501172 -37982272.62555211
2461138.570512789 -112196478.7930049 -344820887.5082848 -37982155.83090279
2461138.571207234 -112175455.3499736 -344786953.4292415 -37982037.82808677
2461138.571901678 -112154427.0198891 -344753010.2605296 -37981918.61683692
2461138.572596123 -112133393.8042946 -344719057.99863666 -37981798.19688635
2461138.573290567 -112112355.7047285 -344685096.64004946 -37981676.56796752
2461138.573985012 -112091312.7227267 -344651126.1812572 -37981553.72981257
2461138.574679456 -112070264.8598235 -344617146.6187539 -37981429.682153426
2461138.575373901 -112049212.11754681 -344583157.94902915 -37981304.42472156
2461138.576068345 -112028154.49741459 -344549160.1685639 -37981177.95724806
2461138.576762789 -112007092.0009422 -344515153.2738415 -37981050.27946366
2461138.577457234 -111986024.6296548 -344481137.2613677 -37980921.3910987
2461138.578151678 -111964952.38507631 -344447112.1276527 -37980791.291883335
2461138.578846123 -111943875.2687167 -344413077.86919147 -37980659.98154724
2461138.579540567 -111922793.2820735 -344379034.4824652 -37980527.459819704
2461138.580235011 -111901706.4266464 -344344981.9639651 -37980393.726429634
2461138.580929456 -111880614.7039359 -344310920.3101902 -37980258.7811056
2461138.581623901 -111859518.1154383 -344276849.51763964 -37980122.62357589
2461138.582318345 -111838416.66264361 -344242769.5828086 -37979985.253568284
2461138.583012789 -111817310.347039 -344208680.502195 -37979846.670810536
2461138.583707234 -111796199.17010859 -344174582.2722975 -37979706.87502956
2461138.584401678 -111775083.13333279 -344140474.8896158 -37979565.86595223
2461138.585096123 -111753962.2381881 -344106358.3506493 -37979423.64330517
2461138.585790567 -111732836.4861475 -344072232.6518988 -37979280.20681423
2461138.586485012 -111711705.8786805 -344038097.7898652 -37979135.55620523
2461138.587179456 -111690570.4172526 -344003953.7610507 -37978989.691203415
2461138.587873900 -111669430.1033263 -343969800.5619574 -37978842.61153406
2461138.588568345 -111648284.9383599 -343935638.1890884 -37978694.316921644
2461138.589262790 -111627134.9238087 -343901466.63894737 -37978544.80709051
2461138.589957234 -111605980.06112391 -343867285.9080383 -37978394.08176469
2461138.590651678 -111584820.3517535 -343833095.9928661 -37978242.14066766
2461138.591346123 -111563655.7971417 -343798896.88993627 -37978088.983522676
2461138.592040567 -111542486.3987295 -343764688.5957547 -37977934.610052586
2461138.592735012 -111521312.1579539 -343730471.1068282 -37977779.019979976
2461138.593429456 -111500133.07624881 -343696244.41966367 -37977622.213027015
2461138.594123900 -111478949.1550442 -343662008.53076893 -37977464.188915424
2461138.594818345 -111457760.39576681 -343627763.436652 -37977304.94736695
2461138.595512789 -111436566.7998398 -343593509.1338221 -37977144.488102265
2461138.596207234 -111415368.3686828 -343559245.6187884 -37976982.81084241
2461138.596901678 -111394165.103712 -343524972.8880611 -37976819.915307656
2461138.597596123 -111372957.00634 -343490690.9381503 -37976655.80121803
2461138.598290567 -111351744.0779761 -343456399.76556724 -37976490.46829337
2461138.598985012 -111330526.3200259 -343422099.3668239 -37976323.916252784
2461138.599679456 -111309303.73389171 -343387789.7384317 -37976156.14481537
2461138.600373900 -111288076.3209723 -343353470.8769036 -37975987.15369987
2461138.601068345 -111266844.0826631 -343319142.7787526 -37975816.94262434
2461138.601762789 -111245607.02035609 -343284805.4404927 -37975645.511306725
2461138.602457234 -111224365.1354395 -343250458.85863787 -37975472.85946459
2461138.603151678 -111203118.4292987 -343216103.0297028 -37975298.98681525
2461138.603846123 -111181866.9033151 -343181737.95020247 -37975123.89307552
2461138.604540567 -111160610.55886711 -343147363.6166531 -37974947.577961825
2461138.605235012 -111139349.3973295 -343112980.0255705 -37974770.04119031
2461138.605929456 -111118083.4200736 -343078587.1734715 -37974591.28247682
2461138.606623901 -111096812.62846759 -343044185.056873 -37974411.30153683
2461138.607318345 -111075537.02387619 -343009773.6722928 -37974230.09808552
2461138.608012789 -111054256.6076606 -342975353.016249 -37974047.67183727
2461138.608707234 -111032971.3811789 -342940923.0852602 -37973864.02250678
2461138.609401678 -111011681.3457855 -342906483.8758455 -37973679.14980797
2461138.610096123 -110990386.5028318 -342872035.384524 -37973493.05345459
2461138.610790567 -110969086.8536656 -342837577.6078161 -37973305.73316003
2461138.611485011 -110947782.3996315 -342803110.5422421 -37973117.188636966
2461138.612179456 -110926473.1420707 -342768634.1843226 -37972927.419598356
2461138.612873901 -110905159.0823212 -342734148.53057915 -37972736.42575633
2461138.613568345 -110883840.2217175 -342699653.57753336 -37972544.20682283
2461138.614262789 -110862516.561591 -342665149.3217077 -37972350.76250928
2461138.614957234 -110841188.10326959 -342630635.759624 -37972156.09252719
2461138.615651678 -110819854.8480782 -342596112.8878057 -37971960.196587175
2461138.616346123 -110798516.7973379 -342561580.7027764 -37971763.074399985
2461138.617040567 -110777173.9523672 -342527039.20105964 -37971564.725675695
2461138.617735012 -110755826.31448069 -342492488.37917936 -37971365.15012399
2461138.618429456 -110734473.8849902 -342457928.233661 -37971164.34745444
2461138.619123900 -110713116.665204 -342423358.76102877 -37970962.317376345
2461138.619818345 -110691754.6564272 -342388779.9578088 -37970759.05959803
2461138.620512790 -110670387.8599617 -342354191.82052606 -37970554.5738285
2461138.621207234 -110649016.2771062 -342319594.3457076 -37970348.859775394
2461138.621901678 -110627639.9091561 -342284987.52987933 -37970141.91714654
2461138.622596123 -110606258.7574034 -342250371.3695686 -37969933.74564928
2461138.623290567 -110584872.8231374 -342215745.86130273 -37969724.34499069
2461138.623985012 -110563482.1076436 -342181111.0016088 -37969513.714877516
2461138.624679456 -110542086.6122046 -342146466.78701574 -37969301.85501583
2461138.625373900 -110520686.3381 -342111813.21405107 -37969088.7651119
2461138.626068345 -110499281.2866059 -342077150.2792443 -37968874.44487127
2461138.626762789 -110477871.4589952 -342042477.9791239 -37968658.89399906
2461138.627457234 -110456456.85653791 -342007796.31021965 -37968442.1122004
2461138.628151678 -110435037.4805007 -341973105.26906097 -37968224.09917979
2461138.628846123 -110413613.3321469 -341938404.8521786 -37968004.85464127
2461138.629540567 -110392184.4127371 -341903695.05610245 -37967784.378289
2461138.630235012 -110370750.7235285 -341868975.87736326 -37967562.66982635
2461138.630929456 -110349312.26577519 -341834247.3124925 -37967339.72895665
2461138.631623900 -110327869.04072799 -341799509.3580209 -37967115.55538255
2461138.632318345 -110306421.0496348 -341764762.0104803 -37966890.148806825
2461138.633012789 -110284968.2937405 -341730005.2664036 -37966663.50893132
2461138.633707234 -110263510.77428679 -341695239.1223223 -37966435.63545802
2461138.634401678 -110242048.4925112 -341660463.57476825 -37966206.528088145
2461138.635096123 -110220581.4496491 -341625678.6202735 -37965976.186523005
2461138.635790567 -110199109.64693539 -341590884.25537574 -37965744.610463396
2461138.636485012 -110177633.08559899 -341556080.47660816 -37965511.799609445
2461138.637179456 -110156151.76685931 -341521267.2804935 -37965277.75366149
2461138.637873901 -110134665.69193411 -341486444.6635567 -37965042.47231895
2461138.638568345 -110113174.8620517 -341451612.6223458 -37964805.95528138
2461138.639262789 -110091679.2784397 -341416771.1534129 -37964568.20224784
2461138.639957234 -110070178.9423128 -341381920.2532933 -37964329.212917134
2461138.640651678 -110048673.85487309 -341347059.9185085 -37964088.98698723
2461138.641346123 -110027164.0173258 -341312190.14558953 -37963847.524156354
2461138.642040567 -110005649.4308778 -341277310.9310752 -37963604.82412204
2461138.642735011 -109984130.09673241 -341242422.27150345 -37963360.88658158
2461138.643429456 -109962606.016087 -341207524.16340876 -37963115.71123199
2461138.644123901 -109941077.19013721 -341172616.6033265 -37962869.29776974
2461138.644818345 -109919543.62007579 -341137699.5877939 -37962621.64589099
2461138.645512789 -109898005.3070927 -341102773.1133477 -37962372.75529203
2461138.646207234 -109876462.2523745 -341067837.17652494 -37962122.625667825
2461138.646901678 -109854914.4571051 -341032891.7738622 -37961871.256714165
2461138.647596123 -109833361.922465 -340997936.9018975 -37961618.648125544
2461138.648290567 -109811804.6496322 -340962972.55716825 -37961364.79959653
2461138.648985012 -109790242.6397815 -340927998.7362119 -37961109.71082142
2461138.649679456 -109768675.8940846 -340893015.4355667 -37960853.381493926
2461138.650373900 -109747104.4137105 -340858022.6517708 -37960595.81130759
2461138.651068345 -109725528.1998252 -340823020.38136256 -37960336.999955505
2461138.651762790 -109703947.2535916 -340788008.6208807 -37960076.94713032
2461138.652457234 -109682361.57616991 -340752987.3668636 -37959815.6525247
2461138.653151678 -109660771.168717 -340717956.6158504 -37959553.11583077
2461138.653846123 -109639176.0323874 -340682916.3643803 -37959289.336739935
2461138.654540567 -109617576.1683322 -340647866.6089923 -37959024.314944044
2461138.655235012 -109595971.57769981 -340612807.3462259 -37958758.05013391
2461138.655929456 -109574362.26163581 -340577738.5726208 -37958490.54200022
2461138.656623900 -109552748.2212826 -340542660.28471655 -37958221.79023337
2461138.657318345 -109531129.4577798 -340507572.4790532 -37957951.79452347
2461138.658012789 -109509505.9722644 -340472475.15217084 -37957680.554560155
2461138.658707234 -109487877.7658702 -340437368.3006093 -37957408.07003282
2461138.659401678 -109466244.8397281 -340402251.9209094 -37957134.34063035
2461138.660096123 -109444607.19496651 -340367126.0096111 -37956859.36604133
2461138.660790567 -109422964.8327104 -340331990.5632553 -37956583.145954296
2461138.661485012 -109401317.7540825 -340296845.57838273 -37956305.68005709
2461138.662179456 -109379665.9602022 -340261691.05153394 -37956026.9680372
2461138.662873900 -109358009.45218611 -340226526.97925 -37955747.009582095
2461138.663568345 -109336348.23114829 -340191353.3580718 -37955465.80437862
2461138.664262789 -109314682.2981998 -340156170.18454105 -37955183.35211335
2461138.664957234 -109293011.6544486 -340120977.4551986 -37954899.65247245
2461138.665651678 -109271336.3010004 -340085775.1665858 -37954614.70514197
2461138.666346123 -109249656.2389575 -340050563.3152442 -37954328.509807415
2461138.667040567 -109227971.4694198 -340015341.8977154 -37954041.06615392
2461138.667735012 -109206281.9934841 -339980110.91054136 -37953752.37386614
2461138.668429456 -109184587.8122447 -339944870.3502632 -37953462.43262899
2461138.669123901 -109162888.9267929 -339909620.21342295 -37953171.24212651
2461138.669818345 -109141185.3382173 -339874360.4965626 -37952878.8020425
2461138.670512789 -109119477.0476035 -339839091.1962242 -37952585.112060346
2461138.671207234 -109097764.05603461 -339803812.3089495 -37952290.17186337
2461138.671901678 -109076046.36459081 -339768523.8312809 -37951993.98113432
2461138.672596123 -109054323.97434959 -339733225.7597602 -37951696.539555565
2461138.673290567 -109032596.88638559 -339697918.09093 -37951397.846809246
2461138.673985011 -109010865.1017708 -339662600.8213324 -37951097.90257708
2461138.674679456 -108989128.6215744 -339627273.9475094 -37950796.706540674
2461138.675373901 -108967387.4468628 -339591937.4660036 -37950494.25838102
2461138.676068345 -108945641.5786997 -339556591.3733577 -37950190.557778746
2461138.676762789 -108923891.018146 -339521235.6661136 -37949885.60441433
2461138.677457234 -108902135.76625991 -339485870.3408139 -37949579.397967696
2461138.678151678 -108880375.8240971 -339450495.39400107 -37949271.938118845
2461138.678846123 -108858611.1927102 -339415110.8222177 -37948963.22454701
2461138.679540567 -108836841.8731494 -339379716.62200636 -37948653.25693099
2461138.680235012 -108815067.8664621 -339344312.7899093 -37948342.034949794
2461138.680929456 -108793289.1736929 -339308899.32246906 -37948029.55828157
2461138.681623900 -108771505.7958837 -339273476.21622866 -37947715.82660424
2461138.682318345 -108749717.7340739 -339238043.4677302 -37947400.839595795
2461138.683012790 -108727924.9893 -339202601.0735164 -37947084.596933074
2461138.683707234 -108706127.5625962 -339167149.0301295 -37946767.09829348
2461138.684401678 -108684325.45499331 -339131687.33411247 -37946448.343353234
2461138.685096123 -108662518.6675203 -339096215.9820076 -37946128.33178886
2461138.685790567 -108640707.2012028 -339060734.9703573 -37945807.06327633
2461138.686485012 -108618891.0570642 -339025244.2957042 -37945484.53749115
2461138.687179456 -108597070.2361251 -338989743.95459056 -37945160.754108265
2461138.687873900 -108575244.7394034 -338954233.9435589 -37944835.71280312
2461138.688568345 -108553414.5679145 -338918714.25915176 -37944509.413249895
2461138.689262789 -108531579.722671 -338883184.89791095 -37944181.85512311
2461138.689957234 -108509740.2046831 -338847645.8563793 -37943853.038096406
2461138.690651678 -108487896.0149579 -338812097.1310991 -37943522.96184335
2461138.691346123 -108466047.1545005 -338776538.7186119 -37943191.626037255
2461138.692040567 -108444193.624313 -338740970.61546046 -37942859.030350775
2461138.692735012 -108422335.4253948 -338705392.8181866 -37942525.174456544
2461138.693429456 -108400472.5587429 -338669805.32333237 -37942190.058026716
2461138.694123900 -108378605.02535209 -338634208.1274398 -37941853.6807332
2461138.694818345 -108354141.31942059 -338598916.55105704 -37944432.44964303
2461138.695512789 -108332260.8736276 -338563299.47551787 -37944098.64889363
2461138.696207234 -108310375.76418969 -338527672.6887475 -37943763.586149365
2461138.696901678 -108288485.9919828 -338492036.1871124 -37943427.26107882
2461138.697596123 -108266591.5579651 -338456389.967115 -37943089.67335183
2461138.698290567 -108244692.4631411 -338420734.02533805 -37942750.82263825
2461138.698985012 -108222788.7085081 -338385068.35835713 -37942410.708607584
2461138.699679456 -108200880.2950438 -338349392.9627195 -37942069.33092869
2461138.700373901 -108178967.2237148 -338313707.8349589 -37941726.689270124
2461138.701068345 -108157049.4954856 -338278012.9716087 -37941382.78329992
2461138.701762789 -108135127.1113214 -338242308.3692089 -37941037.612685926
2461138.702457234 -108113200.0721868 -338206594.0243007 -37940691.17709571
2461138.703151678 -108091268.3790432 -338170869.93342596 -37940343.4761964
2461138.703846123 -108069332.032849 -338135136.09312457 -37939994.509654835
2461138.704540567 -108047391.03456 -338099392.4999364 -37939644.277137496
2461138.705235011 -108025445.38513 -338063639.15040183 -37939292.77831035
2461138.705929456 -108003495.08551021 -338027876.04106146 -37938940.012839474
2461138.706623901 -107981540.1366491 -337992103.1684551 -37938585.98039013
2461138.707318345 -107959580.5394927 -337956320.52912235 -37938230.68062746
2461138.708012789 -107937616.2949847 -337920528.1196033 -37937874.11321617
2461138.708707234 -107915647.40406589 -337884725.9364377 -37937516.27782067
2461138.709401678 -107893673.8676752 -337848913.9761641 -37937157.174105264
2461138.710096123 -107871695.6867484 -337813092.2353223 -37936796.80173348
2461138.710790567 -107849712.8622193 -337777260.7104516 -37936435.1603688
2461138.711485012 -107827725.39501901 -337741419.39809066 -37936072.24967405
2461138.712179456 -107805733.2860762 -337705568.2947781 -37935708.069312155
2461138.712873900 -107783736.53631699 -337669707.39705276 -37935342.61894562
2461138.713568345 -107761735.1466651 -337633836.7014531 -37934975.89823605
2461138.714262790 -107739729.1180419 -337597956.2045171 -37934607.90684547
2461138.714957234 -107717718.4513662 -337562065.90278316 -37934238.644435205
2461138.715651678 -107695703.14755441 -337526165.7927886 -37933868.11066611
2461138.716346123 -107673683.20752029 -337490255.87107176 -37933496.305198856
2461138.717040567 -107651658.6321755 -337454336.1341696 -37933123.227693886
2461138.717735012 -107629629.4224291 -337418406.5786198 -37932748.87781082
2461138.718429456 -107607595.5791876 -337382467.2009592 -37932373.25520978
2461138.719123900 -107585557.10335541 -337346517.9977247 -37931996.35954968
2461138.719818345 -107563513.9958341 -337310558.96545315 -37931618.19048959
2461138.720512789 -107541466.2575231 -337274590.1006804 -37931238.74768802
2461138.721207234 -107519413.88931951 -337238611.3999436 -37930858.03080343
2461138.721901678 -107497356.8921178 -337202622.8597781 -37930476.039493576
2461138.722596123 -107475295.2668101 -337166624.47672 -37930092.77341614
2461138.723290567 -107453229.0142861 -337130616.2473045 -37929708.23222822
2461138.723985012 -107431158.1354333 -337094598.1680674 -37929322.4155866
2461138.724679456 -107409082.6311367 -337058570.2355435 -37928935.323148064
2461138.725373900 -107387002.5022787 -337022532.446268 -37928546.95456871
2461138.726068345 -107364917.74973981 -336986484.7967747 -37928157.30950456
2461138.726762789 -107342828.3743976 -336950427.2835989 -37927766.38761077
2461138.727457234 -107320734.37712769 -336914359.9032741 -37927374.18854279
2461138.728151678 -107298635.7588032 -336878282.6523345 -37926980.7119553
2461138.728846123 -107276532.5202949 -336842195.5273137 -37926585.95750293
2461138.729540567 -107254424.66247101 -336806098.5247449 -37926189.92483972
2461138.730235012 -107232312.1861976 -336769991.64116096 -37925792.613619514
2461138.730929456 -107210195.0923386 -336733874.87309504 -37925394.023495875
2461138.731623901 -107188073.38175519 -336697748.2170794 -37924994.15412161
2461138.732318345 -107165947.0553064 -336661611.6696467 -37924593.005149774
2461138.733012789 -107143816.113849 -336625465.2273284 -37924190.57623266
2461138.733707234 -107121680.558237 -336589308.8866564 -37923786.8670225
2461138.734401678 -107099540.3893228 -336553142.6441621 -37923381.877170816
2461138.735096123 -107077395.607956 -336516966.49637675 -37922975.606329225
2461138.735790567 -107055246.2149841 -336480780.4398313 -37922568.05414842
2461138.736485011 -107033092.2112517 -336444584.4710553 -37922159.220279746
2461138.737179456 -107010933.5976017 -336408378.58657926 -37921749.10437304
2461138.737873901 -106988770.3748751 -336372162.7829343 -37921337.70607843
2461138.738568345 -106966602.5439105 -336335937.05665016 -37920925.02504576
2461138.739262789 -106944430.1055415 -336299701.4042529 -37920511.060924195
2461138.739957234 -106922253.0605981 -336263455.8222653 -37920095.81336277
2461138.740651678 -106900071.4099135 -336227200.30721915 -37919679.28201014
2461138.741346123 -106877885.1543216 -336190934.85565084 -37919261.46651461
2461138.742040567 -106855694.29465249 -336154659.4640937 -37918842.36652427
2461138.742735012 -106833498.83172879 -336118374.1290724 -37918421.98168686
2461138.743429456 -106811298.76636921 -336082078.847109 -37918000.31164935
2461138.744123900 -106789094.09939331 -336045773.6147291 -37917577.35605893
2461138.744818345 -106766884.83161959 -336009458.4284612 -37917153.11456191
2461138.745512790 -106744670.9638636 -335973133.2848321 -37916727.586804755
2461138.746207234 -106722452.4969383 -335936798.1803665 -37916300.77243331
2461138.746901678 -106700229.4316544 -335900453.1115907 -37915872.671093136
2461138.747596123 -106678001.7688207 -335864098.0750294 -37915443.282429546
2461138.748290567 -106655769.50924361 -335827733.06720805 -37915012.60608705
2461138.748985012 -106633532.6537272 -335791358.0846506 -37914580.64171081
2461138.749679456 -106611291.2030736 -335754973.1238815 -37914147.38894443
2461138.750373900 -106589045.1580824 -335718578.18142456 -37913712.84743201
2461138.751068345 -106566794.519551 -335682173.2538027 -37913277.01681704
2461138.751762789 -106544539.2882749 -335645758.3375395 -37912839.89674268
2461138.752457234 -106522279.46504721 -335609333.4291576 -37912401.486851685
2461138.753151678 -106500015.05065879 -335572898.5251791 -37911961.786786556
2461138.753846123 -106477746.045897 -335536453.62212396 -37911520.79618938
2461138.754540567 -106455472.4515491 -335499998.71651477 -37911078.51470205
2461138.755235012 -106433194.2684018 -335463533.8048771 -37910634.94196591
2461138.755929456 -106410911.49723579 -335427058.883729 -37910190.077622056
2461138.756623900 -106388624.1388229 -335390573.9495772 -37909743.92131108
2461138.757318345 -106366332.1939377 -335354078.99893737 -37909296.47267355
2461138.758012789 -106344035.663366 -335317574.02834517 -37908847.73134929
2461138.758707234 -106321734.5478911 -335281059.03433657 -37908397.696978465
2461138.759401678 -106299428.8482818 -335244534.0134259 -37907946.36920055
2461138.760096123 -106277118.5652989 -335207998.96211815 -37907493.747653976
2461138.760790567 -106254803.6997075 -335171453.8769285 -37907039.8319778
2461138.761485012 -106232484.2522749 -335134898.754378 -37906584.62181037
2461138.762179456 -106210160.2237641 -335098333.59098524 -37906128.11678942
2461138.762873901 -106187831.6149344 -335061758.3832649 -37905670.31655264
2461138.763568345 -106165498.42654389 -335025173.1277326 -37905211.22073755
2461138.764262789 -106143160.6593487 -334988577.8209041 -37904750.82898092
2461138.764957234 -106120818.3141027 -334951972.4592948 -37904289.140919425
2461138.765651678 -106098471.39155771 -334915357.0394194 -37903826.15618939
2461138.766346123 -106076119.8924632 -334878731.5577919 -37903361.87442656
2461138.767040567 -106053763.8175667 -334842096.0109261 -37902896.29526665
2461138.767735011 -106031403.1676133 -334805450.3953356 -37902429.418344796
2461138.768429456 -106009037.9433466 -334768794.707533 -37901961.24329603
2461138.769123901 -105986668.14550729 -334732128.94403076 -37901491.769754715
2461138.769818345 -105964293.7748346 -334695453.10134065 -37901020.9973552
2461138.770512789 -105941914.8320653 -334658767.1759746 -37900548.92573116
2461138.771207234 -105919531.3179341 -334622071.1644432 -37900075.554516315
2461138.771901678 -105897143.2331737 -334585365.0632567 -37899600.88334356
2461138.772596123 -105874750.5785145 -334548648.8689258 -37899124.91184588
2461138.773290567 -105852353.3546851 -334511922.5779594 -37898647.639655806
2461138.773985012 -105829951.56241171 -334475186.18686676 -37898169.06640523
2461138.774679456 -105807545.2024187 -334438439.6921566 -37897689.19172607
2461138.775373900 -105785134.2754281 -334401683.0903367 -37897208.01524982
2461138.776068345 -105762718.7821601 -334364916.3779147 -37896725.5366074
2461138.776762790 -105740298.7233326 -334328139.55139744 -37896241.7554295
2461138.777457234 -105717874.09966159 -334291352.60729176 -37895756.67134671
2461138.778151678 -105695444.9118609 -334254555.5421034 -37895270.283989
2461138.778846123 -105673011.1606423 -334217748.3523382 -37894782.592985995
2461138.779540567 -105650572.8467155 -334180931.0345006 -37894293.597967155
2461138.780235012 -105628129.97078809 -334144103.58509535 -37893803.29856131
2461138.780929456 -105605682.5335658 -334107266.0006263 -37893311.69439724
2461138.781623900 -105583230.5357521 -334070418.2775971 -37892818.78510337
2461138.782318345 -105560773.9780484 -334033560.4125104 -37892324.57030735
2461138.783012789 -105538312.8611542 -333996692.4018686 -37891829.04963699
2461138.783707234 -105515847.185767 -333959814.24217325 -37891332.22271952
2461138.784401678 -105493376.9525819 -333922925.9299259 -37890834.089182064
2461138.785096123 -105470902.16229251 -333886027.46162695 -37890334.64865091
2461138.785790567 -105448422.8155899 -333849118.8337769 -37889833.90075226
2461138.786485012 -105425938.9131635 -333812200.042875 -37889331.845112264
2461138.787179456 -105403450.4557003 -333775271.0854206 -37888828.481356226
2461138.787873900 -105380957.4438858 -333738331.957912 -37888323.80910932
2461138.788568345 -105358459.878403 -333701382.656847 -37887817.82799659
2461138.789262789 -105335957.7599331 -333664423.1787232 -37887310.5376422
2461138.789957234 -105313451.0891553 -333627453.5200372 -37886801.93767065
2461138.790651678 -105290939.86674671 -333590473.67728543 -37886292.027705476
2461138.791346123 -105268424.09338251 -333553483.6469633 -37885780.807370186
2461138.792040567 -105245903.7697359 -333516483.42556584 -37885268.27628798
2461138.792735012 -105223378.8964779 -333479473.0095875 -37884754.43408151
2461138.793429456 -105200849.47427769 -333442452.39552236 -37884239.28037324
2461138.794123901 -105178315.5038025 -333405421.5798634 -37883722.81478504
2461138.794818345 -105155776.98571761 -333368380.5591036 -37883205.03693883
2461138.795512789 -105133233.9206859 -333331329.3297349 -37882685.94645585
2461138.796207234 -105110686.30936891 -333294267.88824904 -37882165.54295715
2461138.796901678 -105088134.1524256 -333257196.2311364 -37881643.82606323
2461138.797596123 -105065577.45051351 -333220114.35488766 -37881120.79539463
2461138.798290567 -105043016.20428771 -333183022.2559923 -37880596.450571276
2461138.798985011 -105020450.41440149 -333145919.9309397 -37880070.79121259
2461138.799679456 -104997880.0815065 -333108807.37621766 -37879543.816937976
2461138.800373901 -104975305.2062518 -333071684.5883148 -37879015.52736638
2461138.801068345 -104952725.789285 -333034551.5637178 -37878485.92211632
2461138.801762789 -104930141.8312516 -332997408.2989133 -37877955.00080603
2461138.802457234 -104907553.3327952 -332960254.79038715 -37877422.76305317
2461138.803151678 -104884960.2945571 -332923091.03462505 -37876889.208475545
2461138.803846123 -104862362.7171773 -332885917.02811116 -37876354.33669019
2461138.804540567 -104839760.6012933 -332848732.76732975 -37875818.14731396
2461138.805235012 -104817153.9475408 -332811538.2487641 -37875280.6399632
2461138.805929456 -104794542.7565538 -332774333.4688972 -37874741.81425404
2461138.806623900 -104771927.0289642 -332737118.4242108 -37874201.66980241
2461138.807318345 -104749306.7654019 -332699893.1111865 -37873660.206223615
2461138.808012790 -104726681.9664951 -332662657.526305 -37873117.42313276
2461138.808707234 -104704052.6328697 -332625411.6660465 -37872573.320144385
2461138.809401678 -104681418.76514989 -332588155.5268903 -37872027.89687307
2461138.810096123 -104658780.3639582 -332550889.1053149 -37871481.15293286
2461138.810790567 -104636137.4299151 -332513612.3977993 -37870933.087937206
2461138.811485012 -104613489.9636389 -332476325.40082055 -37870383.70149944
2461138.812179456 -104590837.9657451 -332439028.11085325 -37869832.9932326
2461138.812873900 -104568181.436849 -332401720.52437496 -37869280.96274925
2461138.813568345 -104545520.37756601 -332364402.637865 -37868727.6096618
2461138.814262789 -104522854.7885057 -332327074.4477959 -37868172.93358206
2461138.814957234 -104500184.6702687 -332289735.9506283 -37867616.9341213
2461138.815651678 -104477510.02345909 -332252387.1428303 -37867059.610890776
2461138.816346123 -104454830.84869249 -332215028.0208915 -37866500.96350163
2461138.817040567 -104432147.1465826 -332177658.581301 -37865940.99156432
2461138.817735012 -104409458.9177283 -332140278.8205262 -37865379.694689184
2461138.818429456 -104386766.16272101 -332102888.7350234 -37864817.07248576
2461138.819123900 -104364068.8821567 -332065488.32126004 -37864253.12456359
2461138.819818345 -104341367.0766336 -332028077.575709 -37863687.85053153
2461138.820512789 -104318660.7467468 -331990656.4948405 -37863121.24999869
2461138.821207234 -104295949.893087 -331953225.07512 -37862553.322572954
2461138.821901678 -104273234.5162444 -331915783.3130141 -37861984.06786278
2461138.822596123 -104250514.6168075 -331878331.2049894 -37861413.48547566
2461138.823290567 -104227790.195363 -331840868.7475118 -37860841.575018965
2461138.823985012 -104205061.25249551 -331803395.9370453 -37860268.33609963
2461138.824679456 -104182327.78878771 -331765912.7700544 -37859693.76832432
2461138.825373901 -104159589.8048208 -331728419.24300176 -37859117.87129939
2461138.826068345 -104136847.30117379 -331690915.3523508 -37858540.6446305
2461138.826762789 -104114100.278424 -331653401.0945625 -37857962.087923415
2461138.827457234 -104091348.737147 -331615876.4660982 -37857382.20078337
2461138.828151678 -104068592.67791641 -331578341.4634182 -37856800.98281498
2461138.828846123 -104045832.10130379 -331540796.0829818 -37856218.433623016
2461138.829540567 -104023067.0078795 -331503240.3212479 -37855634.552811444
2461138.830235011 -104000297.3982113 -331465674.1746744 -37855049.339984186
2461138.830929456 -103977523.2728659 -331428097.6397186 -37854462.794744596
2461138.831623901 -103954744.6324076 -331390510.7128372 -37853874.91669573
2461138.832318345 -103931961.47739929 -331352913.3904853 -37853285.70544033
2461138.833012789 -103909173.8084016 -331315305.66911817 -37852695.1605809
2461138.833707234 -103886381.6259739 -331277687.5451902 -37852103.2817192
2461138.834401678 -103863584.9306732 -331240059.015154 -37851510.068457134
2461138.835096123 -103840783.7230551 -331202420.07546276 -37850915.520395935
2461138.835790567 -103817978.0036732 -331164770.7225682 -37850319.63713652
2461138.836485012 -103795167.7730795 -331127110.9529207 -37849722.418279506
2461138.837179456 -103772353.0318241 -331089440.7629714 -37849123.86342511
2461138.837873900 -103749533.7804551 -331051760.1491687 -37848523.97217334
2461138.838568345 -103726710.0195191 -331014069.1079618 -37847922.74412347
2461138.839262790 -103703881.749561 -330976367.6357985 -37847320.178874925
2461138.839957234 -103681048.9711235 -330938655.7291255 -37846716.27602649
2461138.840651678 -103658211.6847477 -330900933.3843892 -37846111.03517651
2461138.841346123 -103635369.89097321 -330863200.5980346 -37845504.45592319
2461138.842040567 -103612523.5903375 -330825457.3665067 -37844896.53786417
2461138.842735012 -103589672.7833762 -330787703.68624866 -37844287.28059704
2461138.843429456 -103566817.4706239 -330749939.553704 -37843676.68371869
2461138.844123900 -103543957.6526124 -330712164.9653142 -37843064.74682577
2461138.844818345 -103521093.3298724 -330674379.9175208 -37842451.46951475
2461138.845512789 -103498224.5029327 -330636584.4067642 -37841836.85138138
2461138.846207234 -103475351.1723204 -330598778.42948383 -37841220.89202155
2461138.846901678 -103452473.3385606 -330560961.98211837 -37840603.591030255
2461138.847596123 -103429591.0021768 -330523135.06110615 -37839984.948002376
2461138.848290567 -103406704.1636909 -330485297.66288346 -37839364.96253275
2461138.848985012 -103383812.8236228 -330447449.7838868 -37838743.634215355
2461138.849679456 -103360916.9824909 -330409591.4205519 -37838120.962643966
2461138.850373900 -103338016.6408115 -330371722.5693128 -37837496.94741212
2461138.851068345 -103315111.7990997 -330333843.226603 -37836871.58811298
2461138.851762789 -103292202.45786831 -330295953.3888557 -37836244.88433912
2461138.852457234 -103269288.6176288 -330258053.0525025 -37835616.8356831
2461138.853151678 -103246370.2788907 -330220142.21397436 -37834987.44173671
2461138.853846123 -103223447.44216181 -330182220.86970156 -37834356.702091984
2461138.854540567 -103200520.1079485 -330144289.01611334 -37833724.616339944
2461138.855235012 -103177588.2767549 -330106346.6496383 -37833091.18407173
2461138.855929456 -103154651.9490839 -330068393.7667035 -37832456.40487767
2461138.856623901 -103131711.1254365 -330030430.3637361 -37831820.27834827
2461138.857318345 -103108765.8063119 -329992456.43716145 -37831182.80407319
2461138.858012789 -103085815.9922077 -329954471.9834044 -37830543.9816421
2461138.858707234 -103062861.68361971 -329916476.99888915 -37829903.810644105
2461138.859401678 -103039902.8810422 -329878471.4800384 -37829262.29066809
2461138.860096123 -103016939.58496751 -329840455.4232746 -37828619.421302155
2461138.860790567 -102993971.79588649 -329802428.82501894 -37827975.20213485
2461138.861485011 -102970999.51428801 -329764391.681692 -37827329.632753596
2461138.862179456 -102948022.7406597 -329726343.98971283 -37826682.7127457
2461138.862873901 -102925041.475487 -329688285.7455002 -37826034.44169821
2461138.863568345 -102902055.719254 -329650216.94547147 -37825384.819197915
2461138.864262789 -102879065.47244291 -329612137.5860436 -37824733.84483087
2461138.864957234 -102856070.7355344 -329574047.66363233 -37824081.51818316
2461138.865651678 -102833071.5090074 -329535947.1746523 -37823427.83884014
2461138.866346123 -102810067.7933392 -329497836.11551774 -37822772.80638719
2461138.867040567 -102787059.58900529 -329459714.48264134 -37822116.420409
2461138.867735012 -102764046.8964795 -329421582.27243507 -37821458.680490084
2461138.868429456 -102741029.7162341 -329383439.4813103 -37820799.586214356
2461138.869123900 -102718008.0487399 -329345286.1056774 -37820139.1371659
2461138.869818345 -102694981.8944657 -329307122.1419454 -37819477.3329279
2461138.870512790 -102671951.2538775 -329268947.5865207 -37818814.173083276
2461138.871207234 -102648916.1274416 -329230762.43581194 -37818149.65721479
2461138.871901678 -102625876.5156244 -329192566.68622935 -37817483.78490466
2461138.872596123 -102602832.418887 -329154360.3341766 -37816816.55573501
2461138.873290567 -102579783.83768131 -329116143.37604386 -37816147.969286904
2461138.873985012 -102556730.7724635 -329077915.80822957 -37815478.02514171
2461138.874679456 -102533673.2237013 -329039677.627154 -37814806.72288027
2461138.875373900 -102510611.1918608 -329001428.82923573 -37814134.062083595
2461138.876068345 -102487544.6773937 -328963169.4108715 -37813460.042331636
2461138.876762789 -102464473.6807436 -328924899.3684469 -37812784.663203865
2461138.877457234 -102441398.2023599 -328886618.69835746 -37812107.92427954
2461138.878151678 -102418318.242694 -328848327.39700556 -37811429.82513785
2461138.878846123 -102395233.8021944 -328810025.46078855 -37810750.36535754
2461138.879540567 -102372144.88130571 -328771712.8861011 -37810069.54451662
2461138.880235012 -102349051.480472 -328733389.66933703 -37809387.36219319
2461138.880929456 -102325953.6001359 -328695055.8068904 -37808703.81796479
2461138.881623900 -102302851.2407387 -328656711.29515415 -37808018.91140852
2461138.882318345 -102279744.4027195 -328618356.13052 -37807332.64210121
2461138.883012789 -102256633.086516 -328579990.3093781 -37806645.00961949
2461138.883707234 -102233517.2925644 -328541613.8281188 -37805956.01353917
2461138.884401678 -102210397.0212991 -328503226.6831303 -37805265.653435975
2461138.885096123 -102187272.2731532 -328464828.8708004 -37804573.9288857
2461138.885790567 -102164143.0485576 -328426420.3875159 -37803880.83946292
2461138.886485012 -102141009.3479424 -328388001.2296621 -37803186.38474226
2461138.887179456 -102117871.1717352 -328349571.393624 -37802490.564298116
2461138.887873901 -102094728.5203629 -328311130.875785 -37801793.37770438
2461138.888568345 -102071581.3942501 -328272679.67252773 -37801094.824534416
2461138.889262789 -102048429.7938202 -328234217.78023344 -37800394.90436173
2461138.889957234 -102025273.7194948 -328195745.19528294 -37799693.616758615
2461138.890651678 -102002113.171694 -328157261.91405535 -37798990.961297885
2461138.891346123 -101978948.15083629 -328118767.9329293 -37798286.93755144
2461138.892040567 -101955778.65733859 -328080263.24828243 -37797581.545091026
2461138.892735011 -101932604.6916163 -328041747.8564904 -37796874.783487834
2461138.893429456 -101909426.2540831 -328003221.7539292 -37796166.652312875
2461138.894123901 -101886243.345151 -327964684.93697226 -37795457.15113667
2461138.894818345 -101863055.9652309 -327926137.40199333 -37794746.27952954
2461138.895512789 -101839864.1147316 -327887579.1453645 -37794034.03706131
2461138.896207234 -101816667.7940605 -327849010.1634565 -37793320.423301384
2461138.896901678 -101793467.0036236 -327810430.4526395 -37792605.43781889
2461138.897596123 -101770261.743825 -327771840.0092823 -37791889.08018249
2461138.898290567 -101747052.0150677 -327733238.82975304 -37791171.349960774
2461138.898985012 -101723837.8177527 -327694626.910418 -37790452.24672148
2461138.899679456 -101700619.1522797 -327656004.2476428 -37789731.77003239
2461138.900373900 -101677396.0190466 -327617370.8377926 -37789009.91946071
2461138.901068345 -101654168.41845 -327578726.67723066 -37788286.694573134
2461138.901762790 -101630936.3508849 -327540071.76231945 -37787562.09493648
2461138.902457234 -101607699.8167446 -327501406.08942 -37786836.12011682
2461138.903151678 -101584458.8164209 -327462729.654893 -37786108.769679666
2461138.903846123 -101561213.3503041 -327424042.4550973 -37785380.04319071
2461138.904540567 -101537963.418783 -327385344.4863911 -37784649.94021476
2461138.905235012 -101514709.0222447 -327346635.7451313 -37783918.46031668
2461138.905929456 -101491450.161075 -327307916.2276736 -37783185.6030606
2461138.906623900 -101468186.835658 -327269185.93037295 -37782451.36801041
2461138.907318345 -101444919.04637611 -327230444.8495829 -37781715.75472975
2461138.908012789 -101421646.7936106 -327191692.9816557 -37780978.76278193
2461138.908707234 -101398370.0777409 -327152930.32294333 -37780240.39172931
2461138.909401678 -101375088.8991449 -327114156.86979526 -37779500.64113465
2461138.910096123 -101351803.2581992 -327075372.6185615 -37778759.51055992
2461138.910790567 -101328513.15527871 -327036577.5655895 -37778016.99956677
2461138.911485012 -101305218.5907567 -326997771.70722616 -37777273.10771649
2461138.912179456 -101281919.5650053 -326958955.0398175 -37776527.83456999
2461138.912873900 -101258616.0783947 -326920127.5597078 -37775781.179687835
2461138.913568345 -101235308.1312938 -326881289.2632409 -37775033.1426304
2461138.914262789 -101211995.7240699 -326842440.146759 -37774283.72295706
2461138.914957234 -101188678.85708901 -326803580.2066031 -37773532.920227595
2461138.915651678 -101165357.53071521 -326764709.4391135 -37772780.73400099
2461138.916346123 -101142031.7453115 -326725827.8406289 -37772027.16383577
2461138.917040567 -101118701.5012391 -326686935.4074871 -37771272.209290564
2461138.917735012 -101095366.7988577 -326648032.13602465 -37770515.86992294
2461138.918429456 -101072027.6385259 -326609118.0225773 -37769758.14529065
2461138.919123901 -101048684.0206002 -326570193.06347895 -37768999.034950756
2461138.919818345 -101025335.945436 -326531257.2550625 -37768238.53846015
2461138.920512789 -101001983.4133873 -326492310.5936603 -37767476.65537535
2461138.921207234 -100978626.4248061 -326453353.07560277 -37766713.38525225
2461138.921901678 -100955264.9800435 -326414384.69721985 -37765948.72764649
2461138.922596123 -100931899.0794486 -326375405.4548395 -37765182.68211359
2461138.923290567 -100908528.7233693 -326336415.34478897 -37764415.24820817
2461138.923985011 -100885153.912152 -326297414.3633946 -37763646.425484896
2461138.924679456 -100861774.6461419 -326258402.50698125 -37762876.21349796
2461138.925373901 -100838390.92568211 -326219379.7718726 -37762104.611801215
2461138.926068345 -100815002.7511134 -326180346.1543889 -37761331.619947955
2461138.926762789 -100791610.1227769 -326141301.65085274 -37760557.23749119
2461138.927457234 -100768213.0410144 -326102246.2575884 -37759781.46398375
2461138.928151678 -100744811.5061619 -326063179.9709124 -37759004.29897783
2461138.928846123 -100721405.51854691 -326024102.78712845 -37758225.74202495
2461138.929540567 -100697995.07850079 -325985014.70254755 -37757445.792676695
2461138.930235012 -100674580.18636739 -325945915.7135029 -37756664.45048436
2461138.930929456 -100651160.84248911 -325906805.81632614 -37755881.714999214
2461138.931623900 -100627737.0471934 -325867685.0073259 -37755097.585771486
2461138.932318345 -100604308.8008006 -325828553.28279936 -37754312.06235093
2461138.933012790 -100580876.1036361 -325789410.639054 -37753525.144287124
2461138.933707234 -100557438.9560283 -325750257.0724034 -37752736.831129186
2461138.934401678 -100533997.3583026 -325711092.57915694 -37751947.122426346
2461138.935096123 -100510551.3107805 -325671917.155619 -37751156.017726675
2461138.935790567 -100487100.8137833 -325632730.7980948 -37750363.51657845
2461138.936485012 -100463645.8676313 -325593533.502889 -37749569.618529566
2461138.937179456 -100440186.472643 -325554325.26630473 -37748774.32312697
2461138.937873900 -100416722.6291355 -325515106.0846431 -37747977.629917845
2461138.938568345 -100393254.3374245 -325475875.9542048 -37747179.53844892
2461138.939262789 -100369781.5978241 -325436634.8712891 -37746380.04826602
2461138.939957234 -100346304.41064739 -325397382.8321937 -37745579.158915125
2461138.940651678 -100322822.7762053 -325358119.8332157 -37744776.86994165
2461138.941346123 -100299336.69480799 -325318845.87064993 -37743973.180890724
2461138.942040567 -100275846.16676399 -325279560.9407907 -37743168.091306955
2461138.942735012 -100252351.19238031 -325240265.0399313 -37742361.60073438
2461138.943429456 -100228851.7719625 -325200958.16436285 -37741553.708717264
2461138.944123900 -100205347.9058148 -325161640.310376 -37740744.41479887
2461138.944818345 -100181839.59424 -325122311.4742596 -37739933.7185224
2461138.945512789 -100158326.8375395 -325082971.6523015 -37739121.61943063
2461138.946207234 -100134809.63601321 -325043620.840788 -37738308.11706584
2461138.946901678 -100111287.9899597 -325004259.0360048 -37737493.21096993
2461138.947596123 -100087761.89967589 -324964886.2342353 -37736676.9006847
2461138.948290567 -100064231.3654577 -324925502.4317624 -37735859.18575119
2461138.948985012 -100040696.38759929 -324886107.6248673 -37735040.06571024
2461138.949679456 -100017156.9663935 -324846701.80983007 -37734219.54010239
2461138.950373901 -99993613.1021319 -324807284.9829297 -37733397.60846735
2461138.951068345 -99970064.79510441 -324767857.14044315 -37732574.270345226
2461138.951762789 -99946512.04559977 -324728418.278647 -37731749.525274985
2461138.952457234 -99922954.8539052 -324688968.39381593 -37730923.37279579
2461138.953151678 -99899393.22030652 -324649507.4822232 -37730095.812445655
2461138.953846123 -99875827.14508817 -324610035.5401413 -37729266.843763255
2461138.954540567 -99852256.6285332 -324570552.563841 -37728436.4662858
2461138.955235011 -99828681.67092332 -324531058.54959166 -37727604.67955096
2461138.955929456 -99805102.27253872 -324491553.4936617 -37726771.48309574
2461138.956623901 -99781518.43365821 -324452037.392318 -37725936.876456425
2461138.957318345 -99757930.15455943 -324412510.2418263 -37725100.85916932
2461138.958012789 -99734337.43551832 -324372972.0384504 -37724263.43077021
2461138.958707234 -99710740.27680962 -324333422.77845365 -37723424.59079453
2461138.959401678 -99687138.6787067 -324293862.458097 -37722584.338777244
2461138.960096123 -99663532.64148138 -324254291.0736414 -37721742.67425289
2461138.960790567 -99639922.16540433 -324214708.6213454 -37720899.59675584
2461138.961485012 -99616307.25074467 -324175115.0974663 -37720055.10581986
2461138.962179456 -99592687.89777017 -324135510.4982606 -37719209.200978465
2461138.962873900 -99569064.10674728 -324095894.8199828 -37718361.88176459
2461138.963568345 -99545435.87794109 -324056268.0588864 -37717513.14771097
2461138.964262790 -99521803.21161523 -324016630.21122366 -37716662.99834996
2461138.964957234 -99498166.10803199 -323976981.2732454 -37715811.43321327
2461138.965651678 -99474524.5674523 -323937321.24120075 -37714958.45183254
2461138.966346123 -99450878.59013578 -323897650.1113376 -37714104.05373886
2461138.967040567 -99427228.17634062 -323857967.8799029 -37713248.23846288
2461138.967735012 -99403573.32632364 -323818274.5431416 -37712391.005534835
2461138.968429456 -99379914.0403403 -323778570.0972977 -37711532.35448495
2461138.969123900 -99356250.31864482 -323738854.53861356 -37710672.28484254
2461138.969818345 -99332582.16148987 -323699127.8633305 -37709810.79613668
2461138.970512789 -99308909.56912693 -323659390.06768817 -37708947.887896426
2461138.971207234 -99285232.54180603 -323619641.1479246 -37708083.55964985
2461138.971901678 -99261551.07977584 -323579881.100277 -37707217.81092505
2461138.972596123 -99237865.1832837 -323540109.9209808 -37706350.64124943
2461138.973290567 -99214174.85257572 -323500327.6062701 -37705482.05015041
2461138.973985012 -99190480.08789656 -323460534.15237767 -37704612.037154615
2461138.974679456 -99166780.88948938 -323420729.5555348 -37703740.601788476
2461138.975373900 -99143077.25759625 -323380913.8119715 -37702867.74357794
2461138.976068345 -99119369.19245777 -323341086.917916 -37701993.46204872
2461138.976762789 -99095656.69431329 -323301248.8695954 -37701117.75672593
2461138.977457234 -99071939.7634007 -323261399.6632356 -37700240.62713435
2461138.978151678 -99048218.39995661 -323221539.2950608 -37699362.07279858
2461138.978846123 -99024492.60421623 -323181667.7612932 -37698482.09324249
2461138.979540567 -99000762.37641355 -323141785.058155 -37697600.6879896
2461138.980235012 -98977027.71678153 -323101891.1818659 -37696717.85656335
2461138.980929456 -98953288.62555107 -323061986.1286446 -37695833.59848637
2461138.981623901 -98929545.10295108 -323022069.894706 -37694947.91328118
2461138.982318345 -98905797.1492109 -322982142.47626686 -37694060.800469875
2461138.983012789 -98882044.76456058 -322942203.8695462 -37693172.25957393
2461138.983707234 -98858287.94922455 -322902254.07075423 -37692282.29011488
2461138.984401678 -98834526.7034188 -322862293.0760873 -37691390.89161291
2461138.985096123 -98810761.02736366 -322822320.8817506 -37690498.063588664
2461138.985790567 -98786990.92129187 -322782337.4839702 -37689603.80556241
2461138.986485011 -98763216.38543499 -322742342.8789716 -37688708.11705414
2461138.987179456 -98739437.42001 -322702337.0629559 -37687810.99758316
2461138.987873901 -98715654.02522595 -322662320.0321124 -37686912.44666785
2461138.988568345 -98691866.20129816 -322622291.7826407 -37686012.46382674
2461138.989262789 -98668073.94844452 -322582252.31074643 -37685111.048577845
2461138.989957234 -98644277.26688018 -322542201.6126305 -37684208.200438954
2461138.990651678 -98620476.15681681 -322502139.6844893 -37683303.91892713
2461138.991346123 -98596670.61846565 -322462066.5225189 -37682398.20355925
2461138.992040567 -98572860.65203717 -322421982.1229149 -37681491.05385182
2461138.992735012 -98549046.25774042 -322381886.48187107 -37680582.469321005
2461138.993429456 -98525227.43578295 -322341779.5955796 -37679672.44948208
2461138.994123900 -98501404.18637103 -322301661.4602312 -37678760.99385065
2461138.994818345 -98477576.50970973 -322261532.07201487 -37677848.10194133
2461138.995512790 -98453744.40600286 -322221391.42711836 -37676933.77326867
2461138.996207234 -98429907.87545282 -322181239.5217282 -37676018.007346585
2461138.996901678 -98406066.91826063 -322141076.3520288 -37675100.80368887
2461138.997596123 -98382221.53462647 -322100901.91420305 -37674182.16180865
2461138.998290567 -98358371.72474861 -322060716.2044335 -37673262.08121871
2461138.998985012 -98334517.48882446 -322020519.2188998 -37672340.56143165
2461138.999679456 -98310658.82705003 -321980310.9537804 -37671417.60195923
2461139.000373900 -98286795.73962003 -321940091.40525293 -37670493.2023132
2461139.001068345 -98262928.22672796 -321899860.5694928 -37669567.362004675
2461139.001762789 -98239056.2885658 -321859618.4426741 -37668640.08054468
2461139.002457234 -98215179.92532465 -321819365.0209692 -37667711.35744344
2461139.003151678 -98191299.13719393 -321779100.30054945 -37666781.19221084
2461139.003846123 -98167413.92436208 -321738824.2775846 -37665849.58435658
2461139.004540567 -98143524.28701608 -321698536.948242 -37664916.533389874
2461139.005235012 -98119630.22534174 -321658238.3086885 -37663982.03881951
2461139.005929456 -98095731.73952359 -321617928.35508883 -37663046.1001537
2461139.006623900 -98071828.82974477 -321577607.0836065 -37662108.716900654
2461139.007318345 -98047921.49618733 -321537274.4904031 -37661169.888567604
2461139.008012789 -98024009.73903193 -321496930.57163894 -37660229.61466208
2461139.008707234 -98000093.55845796 -321456575.3234729 -37659287.89469044
2461139.009401678 -97976172.95464377 -321416208.742062 -37658344.72815921
2461139.010096123 -97952247.92776604 -321375830.8235616 -37657400.11457425
2461139.010790567 -97928318.47800054 -321335441.5641259 -37656454.05344108
2461139.011485012 -97904384.6055216 -321295040.95990753 -37655506.54426492
2461139.012179456 -97880446.31050247 -321254629.0070569 -37654557.586550236
2461139.012873901 -97856503.59311484 -321214205.70172393 -37653607.17980145
2461139.013568345 -97832556.45352945 -321173771.0400555 -37652655.323522575
2461139.014262789 -97808604.89191562 -321133325.01819867 -37651702.017216705
2461139.014957234 -97784648.90844145 -321092867.6322974 -37650747.26038722
2461139.015651678 -97760688.50327386 -321052398.8784949 -37649791.05253666
2461139.016346123 -97736723.6765784 -321011918.75293255 -37648833.39316721
2461139.017040567 -97712754.42851944 -320971427.2517502 -37647874.28178056
2461139.017735011 -97688780.75926022 -320930924.371086 -37646913.717878476
2461139.018429456 -97664802.6689624 -320890410.1070764 -37645951.70096171
2461139.019123901 -97640820.15778677 -320849884.4558567 -37644988.23053087
2461139.019818345 -97616833.22589266 -320809347.4135599 -37644023.30608622
2461139.020512789 -97592841.87343824 -320768798.9763183 -37643056.92712737
2461139.021207234 -97568846.10058041 -320728239.1402617 -37642089.093153834
2461139.021901678 -97544845.90747485 -320687667.9015189 -37641119.80366445
2461139.022596123 -97520841.294276 -320647085.2562167 -37640149.05815778
2461139.023290567 -97496832.261137 -320606491.2004806 -37639176.85613176
2461139.023985012 -97472818.80820994 -320565885.7304342 -37638203.19708437
2461139.024679456 -97448800.93564545 -320525268.84219956 -37637228.080512576
2461139.025373900 -97424778.64359316 -320484640.5318975 -37636251.50591352
2461139.026068345 -97400751.9322012 -320444000.7956466 -37635273.47278352
2461139.026762790 -97376720.80161676 -320403349.6295639 -37634293.980618514
2461139.027457234 -97352685.25198558 -320362687.0297651 -37633313.02891433
2461139.028151678 -97328645.28345227 -320322012.9923644 -37632330.617165975
2461139.028846123 -97304600.89616026 -320281327.5134736 -37631346.74486841
2461139.029540567 -97280552.09025165 -320240630.5892038 -37630361.41151597
2461139.030235012 -97256498.86586744 -320199922.21566385 -37629374.61660235
2461139.030929456 -97232441.2231473 -320159202.3889606 -37628386.35962139
2461139.031623900 -97208379.1622298 -320118471.1052007 -37627396.64006594
2461139.032318345 -97184312.68325213 -320077728.3604874 -37626405.45742905
2461139.033012789 -97160241.78635046 -320036974.1509233 -37625412.81120274
2461139.033707234 -97136166.47165959 -319996208.4726092 -37624418.70087884
2461139.034401678 -97112086.73931305 -319955431.3216439 -37623423.12594899
2461139.035096123 -97088002.58944343 -319914642.69412476 -37622426.08590389
2461139.035790567 -97063914.02218212 -319873842.5861482 -37621427.58023445
2461139.036485012 -97039821.037659 -319833030.99380773 -37620427.60843087
2461139.037179456 -97015723.6360017 -319792207.91319364 -37619426.16998269
2461139.037873900 -96991621.81733859 -319751373.3403975 -37618423.264379375
2461139.038568345 -96967515.58179873 -319710527.2715137 -37617418.8911099
2461139.039262789 -96943404.92950593 -319669669.7026264 -37616413.04966266
2461139.039957234 -96919289.86057527 -319628800.6298066 -37615405.73952546
2461139.040651678 -96895170.37512657 -319587920.0491327 -37614396.96018584
2461139.041346123 -96871046.47329234 -319547027.95670533 -37613386.71113146
2461139.042040567 -96846918.15520394 -319506124.34862405 -37612374.991849564
2461139.042735012 -96822785.42097811 -319465209.22096276 -37611361.8018264
2461139.043429456 -96798648.27072382 -319424282.569784 -37610347.14054759
2461139.044123901 -96774506.70455627 -319383344.3911598 -37609331.00749891
2461139.044818345 -96750360.72259377 -319342394.6811685 -37608313.40216512
2461139.045512789 -96726210.3249517 -319301433.43588376 -37607294.32403116
2461139.046207234 -96702055.51174198 -319260460.6513734 -37606273.77258132
2461139.046901678 -96677896.28307655 -319219476.3237057 -37605251.74729931
2461139.047596123 -96653732.63906656 -319178480.44894797 -37604228.24766867
2461139.048290567 -96629564.5798217 -319137473.0231653 -37603203.27317236
2461139.048985011 -96605392.10545051 -319096454.0424208 -37602176.82329283
2461139.049679456 -96581215.2160602 -319055423.502776 -37601148.89751251
2461139.050373901 -96557033.911757 -319014381.4002911 -37600119.49531292
2461139.051068345 -96532848.19264594 -318973327.7310239 -37599088.6161753
2461139.051762789 -96508658.05883068 -318932262.4910307 -37598056.2595807
2461139.052457234 -96484463.51041389 -318891185.6763663 -37597022.42500937
2461139.053151678 -96460264.54749705 -318850097.2830835 -37595987.11194153
2461139.053846123 -96436061.1701805 -318808997.3072333 -37594950.319856666
2461139.054540567 -96411853.37856314 -318767885.7448654 -37593912.0482338
2461139.055235012 -96387641.17274302 -318726762.592027 -37592872.29655194
2461139.055929456 -96363424.5528169 -318685627.84476435 -37591831.06428912
2461139.056623900 -96339203.51888034 -318644481.4991211 -37590788.35092341
2461139.057318345 -96314978.07102774 -318603323.5511399 -37589744.155932
2461139.058012790 -96290748.20935246 -318562153.9968611 -37588698.47879224
2461139.058707234 -96266513.93394643 -318520972.8323234 -37587651.31898056
2461139.059401678 -96242275.2449007 -318479780.053564 -37586602.67597296
2461139.060096123 -96218032.14230499 -318438575.6566178 -37585552.54924542
2461139.060790567 -96193784.6262478 -318397359.63751847 -37584500.93827303
2461139.061485012 -96169532.69681673 -318356131.9922977 -37583447.84253083
2461139.062179456 -96145276.35409796 -318314892.7169851 -37582393.26149299
2461139.062873900 -96121015.59817667 -318273641.8076088 -37581337.19463368
2461139.063568345 -96096750.42913674 -318232379.2601952 -37580279.64142655
2461139.064262789 -96072480.84706098 -318191105.07076854 -37579220.60134445
2461139.064957234 -96048206.85203117 -318149819.2353515 -37578160.0738603
2461139.065651678 -96023928.44412774 -318108521.74996495 -37577098.05844634
2461139.066346123 -95999645.62343001 -318067212.610628 -37576034.554574296
2461139.067040567 -95975358.39001623 -318025891.8133579 -37574969.56171565
2461139.067735012 -95951066.74396339 -317984559.3541701 -37573903.07934146
2461139.068429456 -95926770.68534747 -317943215.2290779 -37572835.106921956
2461139.069123900 -95902470.21424319 -317901859.43409353 -37571765.643927455
2461139.069818345 -95878165.33072409 -317860491.9652265 -37570694.68982759
2461139.070512789 -95853856.0348628 -317819112.81848514 -37569622.244091496
2461139.071207234 -95829542.32673049 -317777721.9898756 -37568548.306188054
2461139.071901678 -95805224.20639744 -317736319.4754025 -37567472.87558562
2461139.072596123 -95780901.67393261 -317694905.2710685 -37566395.95175194
2461139.073290567 -95756574.72940402 -317653479.3728742 -37565317.5341546
2461139.073985012 -95732243.37287831 -317612041.7768188 -37564237.62226063
2461139.074679456 -95707907.60442111 -317570592.4788991 -37563156.21553673
2461139.075373901 -95683567.42409706 -317529131.47511077 -37562073.313448675
2461139.076068345 -95659222.83196935 -317487658.7614465 -37560988.91546276
2461139.076762789 -95634873.82810023 -317446174.3338984 -37559903.021043845
2461139.077457234 -95610520.41255087 -317404678.1884561 -37558815.6296569
2461139.078151678 -95586162.58538117 -317363170.3211073 -37557726.740766354
2461139.078846123 -95561800.34664996 -317321650.7278379 -37556636.3538361
2461139.079540567 -95537433.69641498 -317280119.4046322 -37555544.468329705
2461139.080235011 -95513062.63473272 -317238576.34747237 -37554451.083710216
2461139.080929456 -95488687.1616587 -317197021.5523386 -37553356.19944026
2461139.081623901 -95464307.27724728 -317155455.0152094 -37552259.8149821
2461139.082318345 -95439922.98155157 -317113876.7320614 -37551161.92979747
2461139.083012789 -95415534.27462359 -317072286.69886935 -37550062.54334752
2461139.083707234 -95391141.1565144 -317030684.9116063 -37548961.65509351
2461139.084401678 -95366743.62727386 -316989071.3662426 -37547859.26449549
2461139.085096123 -95342341.68695058 -316947446.0587476 -37546755.37101363
2461139.085790567 -95317935.33559214 -316905808.9850887 -37545649.97410748
2461139.086485012 -95293524.57324512 -316864160.1412308 -37544543.07323594
2461139.087179456 -95269109.39995484 -316822499.5231373 -37543434.66785777
2461139.087873900 -95244689.8157655 -316780827.1267699 -37542324.75743134
2461139.088568345 -95220265.82072027 -316739142.9480876 -37541213.341414355
2461139.089262790 -95195837.41486117 -316697446.98304856 -37540100.41926395
2461139.089957234 -95171404.59822896 -316655739.2276081 -37538985.99043717
2461139.090651678 -95146967.3708636 -316614019.67771995 -37537870.05439037
2461139.091346123 -95122525.73280391 -316572288.32933676 -37536752.61057957
2461139.092040567 -95098079.68408735 -316530545.1784081 -37535633.65846021
2461139.092735012 -95073629.22474913 -316488790.2208796 -37534513.197487384
2461139.093429456 -95049174.35482539 -316447023.452699 -37533391.22711573
2461139.094123900 -95024715.07435325 -316405244.869815 -37532267.74679967
2461139.094818345 -95000251.3833642 -316363454.4681672 -37531142.755992845
2461139.095512789 -94975783.28188147 -316321652.2436807 -37530016.25414815
2461139.096207234 -94951310.7699328 -316279838.1922887 -37528888.24071799
2461139.096901678 -94926833.84755914 -316238012.309946 -37527758.715155765
2461139.097596123 -94902352.51480041 -316196174.5926065 -37526627.67691349
2461139.098290567 -94877866.77168177 -316154325.03619844 -37525495.12544287
2461139.098985012 -94853376.61822048 -316112463.6366362 -37524361.06019425
2461139.099679456 -94828882.05444045 -316070590.389846 -37523225.48061841
2461139.100373900 -94804383.08036868 -316028705.29175884 -37522088.386165455
2461139.101068345 -94779879.69602941 -315986808.3383009 -37520949.77628524
2461139.101762789 -94755371.90144356 -315944899.52539295 -37519809.65042672
2461139.102457234 -94730859.69663191 -315902978.8489552 -37518668.008038834
2461139.103151678 -94706343.08161479 -315861046.30490714 -37517524.848570056
2461139.103846123 -94681822.05641115 -315819101.88916487 -37516380.171467975
2461139.104540567 -94657296.62103878 -315777145.5976437 -37515233.97618013
2461139.105235012 -94632766.77551429 -315735177.4262563 -37514086.262153566
2461139.105929456 -94605319.4359796 -315694022.3241461 -37514014.63205423
2461139.106623901 -94580775.271897 -315652032.21466786 -37512865.90580147
2461139.107318345 -94556226.6977985 -315610030.21305895 -37511715.65909656
2461139.108012789 -94531673.71369675 -315568016.3152245 -37510563.89138474
2461139.108707234 -94507116.31960332 -315525990.5170671 -37509410.60211035
2461139.109401678 -94482554.5155288 -315483952.814488 -37508255.790717624
2461139.110096123 -94457988.30148251 -315441903.2033855 -37507099.45665031
2461139.110790567 -94433417.67747274 -315399841.67965686 -37505941.59935143
2461139.111485011 -94408842.64350682 -315357768.2391968 -37504782.218264036
2461139.112179456 -94384263.19959094 -315315682.877898 -37503621.31283015
2461139.112873901 -94359679.34573014 -315273585.5916513 -37502458.882491946
2461139.113568345 -94335091.08192846 -315231476.3763455 -37501294.92669049
2461139.114262789 -94310498.40818888 -315189355.2278673 -37500129.44486702
2461139.114957234 -94285901.32451327 -315147222.1421012 -37498962.43646185
2461139.115651678 -94261299.83090246 -315105077.11493033 -37497793.900915004
2461139.116346123 -94236693.92735608 -315062920.14223486 -37496623.83766602
2461139.117040567 -94212083.61387299 -315020751.2198936 -37495452.24615413
2461139.117735012 -94187468.8904506 -314978570.3437832 -37494279.12581782
2461139.118429456 -94162849.75708555 -314936377.5097781 -37493104.47609535
2461139.119123900 -94138226.21377328 -314894172.71375066 -37491928.29642448
2461139.119818345 -94113598.26050813 -314851955.9515716 -37490750.58624224
2461139.120512790 -94088965.89728352 -314809727.2191089 -37489571.34498564
2461139.121207234 -94064329.12409167 -314767486.512229 -37488390.572091065
2461139.121901678 -94039687.94092381 -314725233.8267963 -37487208.26699409
2461139.122596123 -94015042.34777011 -314682969.15867305 -37486024.42913035
2461139.123290567 -93990392.34461959 -314640692.50371903 -37484839.05793481
2461139.123985012 -93965737.93146037 -314598403.8577925 -37483652.152841836
2461139.124679456 -93941079.1082792 -314556103.21674937 -37482463.713285364
2461139.125373900 -93916415.87506227 -314513790.5764438 -37481273.73869905
2461139.126068345 -93891748.2317943 -314471465.9327272 -37480082.228515886
2461139.126762789 -93867076.17845912 -314429129.28144944 -37478889.18216868
2461139.127457234 -93842399.71503939 -314386780.6184585 -37477694.59908931
2461139.128151678 -93817718.84151685 -314344419.9395996 -37476498.47870976
2461139.128846123 -93793033.55787215 -314302047.2407163 -37475300.82046088
2461139.129540567 -93768343.86408484 -314259662.5176501 -37474101.623773664
2461139.130235012 -93743649.76013352 -314217265.76624006 -37472900.88807825
2461139.130929456 -93718951.24599557 -314174856.9823236 -37471698.61280451
2461139.131623900 -93694248.32164752 -314132436.1617359 -37470494.79738181
2461139.132318345 -93669540.98706469 -314090003.3003093 -37469289.44123907
2461139.133012789 -93644829.24222147 -314047558.3938752 -37468082.54380457
2461139.133707234 -93620113.08709106 -314005101.43826234 -37466874.10450632
2461139.134401678 -93595392.5216458 -313962632.42929703 -37465664.122771606
2461139.135096123 -93570667.54585685 -313920151.3628042 -37464452.598027624
2461139.135790567 -93545938.15969434 -313877658.2346059 -37463239.52970079
2461139.136485012 -93521204.36312747 -313835153.0405224 -37462024.91721713
2461139.137179456 -93496466.1561242 -313792635.776372 -37460808.76000228
2461139.137873901 -93471723.53865175 -313750106.4379707 -37459591.057481356
2461139.138568345 -93446976.51067589 -313707565.0211321 -37458371.809078895
2461139.139262789 -93422225.07216169 -313665011.52166814 -37457151.01421908
2461139.139957234 -93397469.22307308 -313622445.9353882 -37455928.67232559
2461139.140651678 -93372708.96337293 -313579868.2580999 -37454704.78282176
2461139.141346123 -93347944.29302306 -313537278.4856085 -37453479.34513018
2461139.142040567 -93323175.21198422 -313494676.61371684 -37452252.35867301
2461139.142735011 -93298401.72021613 -313452062.6382258 -37451023.8228723
2461139.143429456 -93273623.81767792 -313409436.5549351 -37449793.73714906
2461139.144123901 -93248841.50432716 -313366798.35964084 -37448562.10092435
2461139.144818345 -93224054.78011952 -313324148.04813564 -37447328.913618386
2461139.145512789 -93199263.64501053 -313281485.616212 -37446094.17465105
2461139.146207234 -93174468.09895784 -313238811.0596651 -37444857.8834419
2461139.146901678 -93149668.14191467 -313196124.3742823 -37443620.03940979
2461139.147596123 -93124863.77382605 -313153425.5558362 -37442380.64197284
2461139.148290567 -93100054.99463713 -313110714.6000996 -37441139.69054856
2461139.148985012 -93075241.80430771 -313067991.50286984 -37439897.184555195
2461139.149679456 -93050424.20279984 -313025256.2599477 -37438653.12341011
2461139.150373900 -93025602.19006291 -312982508.8671118 -37437407.50652994
2461139.151068345 -93000775.76603432 -312939749.3201199 -37436160.33333015
2461139.151762790 -92975944.93065745 -312896977.61473924 -37434911.60322634
2461139.152457234 -92951109.68387993 -312854193.74674404 -37433661.31563355
2461139.153151678 -92926270.02564794 -312811397.7119056 -37432409.46996649
2461139.153846123 -92901425.95590349 -312768589.5059878 -37431156.06563928
2461139.154540567 -92876577.47458848 -312725769.1247537 -37429901.102065586
2461139.155235012 -92851724.5816445 -312682936.5639651 -37428644.57865831
2461139.155929456 -92826867.27701198 -312640091.81938195 -37427386.494830325
2461139.156623900 -92802005.56063013 -312597234.88676083 -37426126.84999386
2461139.157318345 -92777139.43243718 -312554365.7618571 -37424865.64356045
2461139.158012789 -92752268.89237031 -312511484.4404229 -37423602.87494156
2461139.158707234 -92727393.94036588 -312468590.91820884 -37422338.543547556
2461139.159401678 -92702514.5763591 -312425685.1909636 -37421072.64878883
2461139.160096123 -92677630.8002841 -312382767.2544325 -37419805.19007533
2461139.160790567 -92652742.61207414 -312339837.1043598 -37418536.16681613
2461139.161485012 -92627850.0116614 -312296894.7364868 -37417265.57842011
2461139.162179456 -92602952.99897714 -312253940.1465525 -37415993.424295515
2461139.162873900 -92578051.57395142 -312210973.33029443 -37414719.70385015
2461139.163568345 -92553145.73651342 -312167994.2834468 -37413444.41649127
2461139.164262789 -92528235.4865914 -312125003.0017424 -37412167.56162586
2461139.164957234 -92503320.82411245 -312081999.4809113 -37410889.1386602
2461139.165651678 -92478401.7490027 -312038983.7166815 -37409609.14700014
2461139.166346123 -92453478.26118727 -311995955.7047789 -37408327.58605103
2461139.167040567 -92428550.36059044 -311952915.4409265 -37407044.45521769
2461139.167735012 -92403618.04713514 -311909862.9208457 -37405759.753904566
2461139.168429456 -92378681.3207437 -311866798.1402554 -37404473.48151556
2461139.169123901 -92353740.18133715 -311823721.0948719 -37403185.63745414
2461139.169818345 -92328794.62883568 -311780631.78040975 -37401896.22112304
2461139.170512789 -92303844.66315845 -311737530.192581 -37400605.231924824
2461139.171207234 -92278890.2842235 -311694416.32709515 -37399312.6692613
2461139.171901678 -92253931.49194802 -311651290.1796596 -37398018.532533996
2461139.172596123 -92228968.28624816 -311608151.7459796 -37396722.82114381
2461139.173290567 -92204000.66703905 -311565001.0217581 -37395425.53449105
2461139.173985011 -92179028.63423489 -311521838.0026952 -37394126.67197594
2461139.174679456 -92154052.18774875 -311478662.68448967 -37392826.23299774
2461139.175373901 -92129071.32749291 -311435475.06283677 -37391524.21695543
2461139.176068345 -92104086.05337845 -311392275.1334306 -37390220.623247415
2461139.176762789 -92079096.36531557 -311349062.891962 -37388915.45127175
2461139.177457234 -92054102.26321343 -311305838.3341203 -37387608.700425886
2461139.178151678 -92029103.74698028 -311262601.4555917 -37386300.370106675
2461139.178846123 -92004100.81652334 -311219352.2520608 -37384990.459710754
2461139.179540567 -91979093.47174877 -311176090.7192095 -37383678.968633994
2461139.180235012 -91954081.71256186 -311132816.8527174 -37382365.89627188
2461139.180929456 -91929065.53886676 -311089530.6482615 -37381051.242019266
2461139.181623900 -91904044.9505668 -311046232.10151696 -37379735.00527101
2461139.182318345 -91879019.94756423 -311002921.2081565 -37378417.18542058
2461139.183012790 -91853990.52976033 -310959597.9638501 -37377097.7818617
2461139.183707234 -91828956.69705544 -310916262.3642658 -37375776.79398743
2461139.184401678 -91803918.4493488 -310872914.405069 -37374454.221190125
2461139.185096123 -91778875.7865389 -310829554.081923 -37373130.0628617
2461139.185790567 -91753828.70852292 -310786181.3904887 -37371804.31839367
2461139.186485012 -91728777.21519728 -310742796.3264241 -37370476.987177014
2461139.187179456 -91703721.3064574 -310699398.88538575 -37369148.06860205
2461139.187873900 -91678660.9821977 -310655989.0630272 -37367817.562059104
2461139.188568345 -91653596.24231163 -310612566.8549997 -37366485.466937065
2461139.189262789 -91628527.08669153 -310569132.25695217 -37365151.78262528
2461139.189957234 -91603453.51522902 -310525685.2645313 -37363816.508512065
2461139.190651678 -91578375.52781452 -310482225.873381 -37362479.64398547
2461139.191346123 -91553293.12433761 -310438754.0791433 -37361141.18843267
2461139.192040567 -91528206.30468673 -310395269.87745756 -37359801.14124088
2461139.192735012 -91503115.06874958 -310351773.2639608 -37358459.50179629
2461139.193429456 -91478019.41641273 -310308264.2342875 -37357116.269484855
2461139.194123900 -91452919.34756175 -310264742.78407 -37355771.44369199
2461139.194818345 -91427814.86208136 -310221208.9089376 -37354425.02380248
2461139.195512789 -91402705.95985529 -310177662.60451853 -37353077.009200886
2461139.196207234 -91377592.64076614 -310134103.86643696 -37351727.39927097
2461139.196901678 -91352474.90469576 -310090532.6903159 -37350376.19339602
2461139.197596123 -91327352.75152479 -310046949.0717751 -37349023.3909591
2461139.198290567 -91302226.181133 -310003353.0064324 -37347668.99134232
2461139.198985012 -91277095.1933996 -309959744.4899034 -37346312.993927635
2461139.199679456 -91251959.78820232 -309916123.51780087 -37344955.39809625
2461139.200373901 -91226819.9654171 -309872490.0857336 -37343596.20322904
2461139.201068345 -91201675.72491977 -309828844.18930924 -37342235.408706136
2461139.201762789 -91176527.06658834 -309785185.8241383 -37340873.01390757
2461139.202457234 -91151373.99029641 -309741514.98582387 -37339509.01821256
2461139.203151678 -91126216.49590948 -309697831.66995275 -37338143.42099949
2461139.203846123 -91101054.58329304 -309654135.8721121 -37336776.221646205
2461139.204540567 -91075888.25232776 -309610427.5879139 -37335407.41953085
2461139.205235011 -91050717.50289655 -309566706.8129738 -37334037.014031395
2461139.205929456 -91025542.3348694 -309522973.5428838 -37332665.00452462
2461139.206623901 -91000362.74810454 -309479227.77321523 -37331291.390386015
2461139.207318345 -90975178.7424661 -309435469.4995478 -37329916.170991145
2461139.208012789 -90949990.31782274 -309391698.7174697 -37328539.345715135
2461139.208707234 -90924797.47404155 -309347915.4225641 -37327160.91393289
2461139.209401678 -90899600.21098569 -309304119.61040777 -37325780.875018224
2461139.210096123 -90874398.52851817 -309260311.2765758 -37324399.22834488
2461139.210790567 -90849192.42650165 -309216490.416642 -37323015.97328584
2461139.211485012 -90823981.90479797 -309172657.0261777 -37321631.109213494
2461139.212179456 -90798766.96326748 -309128811.100751 -37320244.63550009
2461139.212873900 -90773547.60176994 -309084952.63592815 -37318856.551516995
2461139.213568345 -90748323.82016392 -309041081.6272724 -37317466.85663528
2461139.214262790 -90723095.61830717 -308997198.0703447 -37316075.55022523
2461139.214957234 -90697862.99605653 -308953301.9607039 -37314682.63165686
2461139.215651678 -90672625.9532678 -308909393.2939056 -37313288.1002995
2461139.216346123 -90647384.4897959 -308865472.0655034 -37311891.95552222
2461139.217040567 -90622138.6054947 -308821538.2710485 -37310494.19669311
2461139.217735012 -90596888.30021721 -308777591.9060888 -37309094.82318006
2461139.218429456 -90571633.57381548 -308733632.9661703 -37307693.83435056
2461139.219123900 -90546374.42614059 -308689661.4468365 -37306291.22957127
2461139.219818345 -90521110.85704263 -308645677.34362847 -37304887.00820821
2461139.220512789 -90495842.86637087 -308601680.6520843 -37303481.16962764
2461139.221207234 -90470570.45397355 -308557671.3677396 -37302073.71319426
2461139.221901678 -90445293.61969793 -308513649.4861275 -37300664.63827291
2461139.222596123 -90420012.36339049 -308469615.0027791 -37299253.94422781
2461139.223290567 -90394726.68489651 -308425567.91322213 -37297841.6304225
2461139.223985012 -90369436.5840605 -308381508.21298236 -37296427.69622004
2461139.224679456 -90344142.060726 -308337435.8975829 -37295012.140982814
2461139.225373900 -90318843.11473562 -308293350.9625439 -37293594.96407313
2461139.226068345 -90293539.74593106 -308249253.40338343 -37292176.16485243
2461139.226762789 -90268231.95415293 -308205143.2156166 -37290755.742681615
2461139.227457234 -90242919.7392411 -308161020.39475626 -37289333.69692108
2461139.228151678 -90217603.10103431 -308116884.9363129 -37287910.026930764
2461139.228846123 -90192282.03937054 -308072736.83579385 -37286484.73207001
2461139.229540567 -90166956.55408666 -308028576.0887041 -37285057.81169755
2461139.230235012 -90141626.64501879 -307984402.690546 -37283629.265172005
2461139.230929456 -90116292.31200197 -307940216.6368195 -37282199.09185074
2461139.231623901 -90090953.55487025 -307896017.9230219 -37280767.291091196
2461139.232318345 -90065610.37345701 -307851806.54464775 -37279333.86225012
2461139.233012789 -90040262.76759449 -307807582.4971892 -37277898.80468344
2461139.233707234 -90014910.73711401 -307763345.7761356 -37276462.11774682
2461139.234401678 -89989554.28184593 -307719096.37697375 -37275023.80079556
2461139.235096123 -89964193.40161979 -307674834.2951878 -37273583.853184134
2461139.235790567 -89938828.09626418 -307630559.52626 -37272142.274266295
2461139.236485011 -89913458.36560664 -307586272.06566846 -37270699.06339582
2461139.237179456 -89888084.2094739 -307541971.90889 -37269254.21992538
2461139.237873901 -89862705.62769172 -307497659.0513985 -37267807.743207686
2461139.238568345 -89837322.6200849 -307453333.48866487 -37266359.63259419
2461139.239262789 -89811935.18647736 -307408995.2161577 -37264909.88743644
2461139.239957234 -89786543.32669207 -307364644.2293428 -37263458.50708522
2461139.240651678 -89761147.0405511 -307320280.5236834 -37262005.490890585
2461139.241346123 -89735746.32787548 -307275904.0946402 -37260550.83820244
2461139.242040567 -89710341.1884855 -307231514.9376709 -37259094.5483697
2461139.242735012 -89684931.62220043 -307187113.0482308 -37257636.62074122
2461139.243429456 -89659517.62883854 -307142698.4217729 -37256177.05466475
2461139.244123900 -89634099.20821731 -307098271.0537468 -37254715.84948801
2461139.244818345 -89608676.36015315 -307053830.9395997 -37253253.00455782
2461139.245512790 -89583249.08446172 -307009378.0747766 -37251788.51922073
2461139.246207234 -89557817.38095757 -306964912.4547193 -37250322.39282258
2461139.246901678 -89532381.24945459 -306920434.0748673 -37248854.624708615
2461139.247596123 -89506940.68976541 -306875942.930657 -37247385.2142237
2461139.248290567 -89481495.70170198 -306831439.0175224 -37245914.16071197
2461139.248985012 -89456046.2850753 -306786922.3308947 -37244441.46351723
2461139.249679456 -89430592.4396953 -306742392.8662027 -37242967.121982485
2461139.250373900 -89405134.16537121 -306697850.6188722 -37241491.13545059
2461139.251068345 -89379671.46191101 -306653295.584326 -37240013.50326312
2461139.251762789 -89354204.32912247 -306608727.7579854 -37238534.224761896
2461139.252457234 -89328732.76681177 -306564147.13526803 -37237053.29928777
2461139.253151678 -89303256.7747834 -306519553.7115872 -37235570.72618109
2461139.253846123 -89277776.35284173 -306474947.4823549 -37234086.504781745
2461139.254540567 -89252291.50079349 -306430328.4429864 -37232600.63442896
2461139.255235012 -89226802.21844105 -306385696.5888881 -37231113.11446168
2461139.255929456 -89201308.50557832 -306341051.9154505 -37229623.94421754
2461139.256623900 -89175810.36199982 -306296394.4180637 -37228133.12303362
2461139.257318345 -89150307.78751487 -306251724.0921433 -37226640.65024779
2461139.258012789 -89124800.78193562 -306207040.9331078 -37225146.52519721
2461139.258707234 -89099289.34506102 -306162344.93635225 -37223650.74721776
2461139.259401678 -89073773.47667804 -306117636.0972494 -37222153.31564441
2461139.260096123 -89048253.17657988 -306072914.4111814 -37220654.22981181
2461139.260790567 -89022728.44456422 -306028179.87353736 -37219153.48905434
2461139.261485012 -88997199.28042752 -305983432.4797032 -37217651.09270571
2461139.262179456 -88971665.6839618 -305938672.2250555 -37216147.040099196
2461139.262873901 -88946127.65495944 -305893899.10497093 -37214641.33056725
2461139.263568345 -88920585.19321255 -305849113.1148238 -37213133.96344194
2461139.264262789 -88895038.2985119 -305804314.2499857 -37211624.938054785
2461139.264957234 -88869486.97064753 -305759502.5058252 -37210114.253736764
2461139.265651678 -88843931.20940845 -305714677.8777077 -37208601.90981816
2461139.266346123 -88818371.01458271 -305669840.36099637 -37207087.9056288
2461139.267040567 -88792806.38595769 -305624989.9510517 -37205572.24049796
2461139.267735011 -88767237.3233196 -305580126.6432308 -37204054.91375423
2461139.268429456 -88741663.8264539 -305535250.4328885 -37202535.924725816
2461139.269123901 -88716085.89514516 -305490361.31537646 -37201015.272740215
2461139.269818345 -88690503.52917701 -305445459.286044 -37199492.95712437
2461139.270512789 -88664916.72833207 -305400544.34023726 -37197968.9772048
2461139.271207234 -88639325.49239224 -305355616.4733001 -37196443.33230735
2461139.271901678 -88613729.82113841 -305310675.68057257 -37194916.021757096
2461139.272596123 -88588129.71435066 -305265721.9573931 -37193387.04487905
2461139.273290567 -88562525.17180799 -305220755.2990963 -37191856.40099723
2461139.273985012 -88536916.1932887 -305175775.7010148 -37190324.08943525
2461139.274679456 -88511302.77857007 -305130783.15847766 -37188790.10951602
2461139.275373900 -88485684.92742845 -305085777.6668119 -37187254.46056218
2461139.276068345 -88460062.6396395 -305040759.22134113 -37185717.141895406
2461139.276762790 -88434435.91497774 -304995727.8173859 -37184178.15283715
2461139.277457234 -88408804.75321692 -304950683.4502648 -37182637.49270809
2461139.278151678 -88383169.15412985 -304905626.1152929 -37181095.16082844
2461139.278846123 -88357529.1174885 -304860555.80778265 -37179551.156517625
2461139.279540567 -88331884.64306384 -304815472.5230437 -37178005.47909482
2461139.280235012 -88306235.73062602 -304770376.25638264 -37176458.12787849
2461139.280929456 -88280582.37994431 -304725267.00310326 -37174909.10218642
2461139.281623900 -88254924.59078708 -304680144.7585068 -37173358.40133598
2461139.282318345 -88229262.36292167 -304635009.5178917 -37171806.02464375
2461139.283012789 -88203595.69611473 -304589861.2765524 -37170251.97142601
2461139.283707234 -88177924.59013192 -304544700.02978206 -37168696.240998365
2461139.284401678 -88152249.044738 -304499525.7728699 -37167138.832675785
2461139.285096123 -88126569.05969687 -304454338.5011028 -37165579.745772526
2461139.285790567 -88100884.63477151 -304409138.2097643 -37164018.979602605
2461139.286485012 -88075195.769724 -304363924.89413536 -37162456.533479325
2461139.287179456 -88049502.46431558 -304318698.54949397 -37160892.40671517
2461139.287873900 -88023804.71830654 -304273459.17111546 -37159326.598622285
2461139.288568345 -87998102.53145634 -304228206.754272 -37157759.10851233
2461139.289262789 -87972395.90352353 -304182941.2942328 -37156189.93569603
2461139.289957234 -87946684.8342657 -304137662.7862642 -37154619.07948412
2461139.290651678 -87920969.32343969 -304092371.22562987 -37153046.539186075
2461139.291346123 -87895249.37080131 -304047066.6075905 -37151472.314111
2461139.292040567 -87869524.97610563 -304001748.9274038 -37149896.403567724
2461139.292735012 -87843796.13910665 -303956418.1803241 -37148318.80686431
2461139.293429456 -87818062.85955767 -303911074.3616036 -37146739.52330799
2461139.294123901 -87792325.13721101 -303865717.4664913 -37145158.55220589
2461139.294818345 -87766582.97181807 -303820347.490233 -37143575.8928639
2461139.295512789 -87740836.3631295 -303774964.4280717 -37141991.544588126
2461139.296207234 -87715085.31089492 -303729568.2752478 -37140405.50668343
2461139.296901678 -87689329.81486313 -303684159.02699834 -37138817.77845426
2461139.297596123 -87663569.87478204 -303638736.6785574 -37137228.35920479
2461139.298290567 -87637805.49039868 -303593301.2251564 -37135637.248238124
2461139.298985011 -87612036.6614592 -303547852.6620236 -37134044.44485719
2461139.299679456 -87586263.38770889 -303502390.9843844 -37132449.94836398
2461139.300373901 -87560485.66889203 -303456916.18746114 -37130853.758060165
2461139.301068345 -87534703.50475205 -303411428.2664731 -37129255.87324669
2461139.301762789 -87508916.89503203 -303365927.2166372 -37127656.29322393
2461139.302457234 -87483125.83947355 -303320413.0331669 -37126055.01729183
2461139.303151678 -87457330.33781636 -303274885.71127105 -37124452.04474937
2461139.303846123 -87431530.38980046 -303229345.2461568 -37122847.37489498
2461139.304540567 -87405725.99516793 -303183791.63303417 -37121241.007027104
2461139.305235012 -87379917.15365675 -303138224.8671041 -37119632.94044325
2461139.305929456 -87354103.86499637 -303092644.9435513 -37118023.174439386
2461139.306623900 -87328286.12891662 -303047051.8575596 -37116411.70831173
2461139.307318345 -87302463.94516279 -303001445.6043387 -37114798.54135611
2461139.308012790 -87276637.31348264 -302955826.17910117 -37113183.67286872
2461139.308707234 -87250806.23361105 -302910193.5770352 -37111567.10214385
2461139.309401678 -87224970.70527047 -302864547.7933062 -37109948.828474775
2461139.310096123 -87199130.72818992 -302818888.82308877 -37108328.851154506
2461139.310790567 -87173286.30210283 -302773216.6615647 -37106707.169475764
2461139.311485012 -87147437.4267416 -302727531.3039117 -37105083.78273081
2461139.312179456 -87121584.10183407 -302681832.7452987 -37103458.69021094
2461139.312873900 -87095726.32710856 -302636120.9808936 -37101831.891206905
2461139.313568345 -87069864.10229309 -302590396.00586194 -37100203.38500912
2461139.314262789 -87043997.42711455 -302544657.81536627 -37098573.17090711
2461139.314957234 -87018126.30129886 -302498906.40456605 -37096941.24818988
2461139.315651678 -86992250.72457114 -302453141.7686171 -37095307.616145864
2461139.316346123 -86966370.69665562 -302407363.902673 -37093672.27406279
2461139.317040567 -86940486.21727565 -302361572.8018835 -37092035.2212281
2461139.317735012 -86914597.28615375 -302315768.4613959 -37090396.45692824
2461139.318429456 -86888703.90301152 -302269950.8763541 -37088755.980449185
2461139.319123900 -86862806.06756978 -302224120.0418992 -37087113.79107655
2461139.319818345 -86836903.77954838 -302178275.9531689 -37085469.88809491
2461139.320512789 -86810997.03866638 -302132418.6052977 -37083824.270788535
2461139.321207234 -86785085.84464179 -302086547.99341786 -37082176.938440725
2461139.321901678 -86759170.19719212 -302040664.1126579 -37080527.89033488
2461139.322596123 -86733250.09603363 -301994766.95814294 -37078877.12575305
2461139.323290567 -86707325.54088199 -301948856.52499586 -37077224.64397698
2461139.323985012 -86681396.53145175 -301902932.80833584 -37075570.44428785
2461139.324679456 -86655463.06745686 -301856995.8032789 -37073914.525966264
2461139.325373901 -86629525.1486102 -301811045.5049383 -37072256.88829215
2461139.326068345 -86603582.77462398 -301765081.9084242 -37070597.53054462
2461139.326762789 -86577635.94520926 -301719105.0088434 -37068936.452002354
2461139.327457234 -86551684.6600764 -301673114.8012998 -37067273.65194356
2461139.328151678 -86525728.91893512 -301627111.2808938 -37065609.12964548
2461139.328846123 -86499768.72149386 -301581094.4427232 -37063942.884385206
2461139.329540567 -86473804.06746039 -301535064.2818823 -37062274.915438674
2461139.330235011 -86447834.95654167 -301489020.7934625 -37060605.222081564
2461139.330929456 -86421861.3884438 -301442963.9725517 -37058933.803589046
2461139.331623901 -86395883.36287194 -301396893.8142351 -37057260.659235284
2461139.332318345 -86369900.87953039 -301350810.3135944 -37055585.78829399
2461139.333012789 -86343913.93812254 -301304713.46570843 -37053909.190038346
2461139.333707234 -86317922.53835104 -301258603.2656527 -37052230.863740854
2461139.334401678 -86291926.67991778 -301212479.7084994 -37050550.80867333
2461139.335096123 -86265926.36252344 -301166342.78931814 -37048869.02410713
2461139.335790567 -86239921.58586815 -301120192.5031747 -37047185.50931281
2461139.336485012 -86213912.34965107 -301074028.84513193 -37045500.26356029
2461139.337179456 -86187898.65357041 -301027851.8102497 -37043813.28611911
2461139.337873900 -86161880.49732375 -300981661.3935846 -37042124.57625802
2461139.338568345 -86135857.88060758 -300935457.5901897 -37040434.13324506
2461139.339262790 -86109830.80311768 -300889240.39511526 -37038741.956347734
2461139.339957234 -86083799.2645489 -300843009.8034085 -37037048.04483303
2461139.340651678 -86057763.2645953 -300796765.81011283 -37035352.3979671
2461139.341346123 -86031722.80294998 -300750508.41026896 -37033655.01501552
2461139.342040567 -86005677.87930529 -300704237.5989145 -37031955.89524355
2461139.342735012 -85979628.49335262 -300657953.3710832 -37030255.037915185
2461139.343429456 -85953574.64478262 -300611655.7218063 -37028552.442294486
2461139.344123900 -85927516.33328505 -300565344.6461113 -37026848.10764437
2461139.344818345 -85901453.55854875 -300519020.139023 -37025142.033227265
2461139.345512789 -85875386.32026172 -300472682.1955624 -37023434.21830532
2461139.346207234 -85849314.61811121 -300426330.81074756 -37021724.66213944
2461139.346901678 -85823238.45178351 -300379965.9795937 -37020013.36399029
2461139.347596123 -85797157.82096408 -300333587.6971119 -37018300.32311784
2461139.348290567 -85771072.72533755 -300287195.95831066 -37016585.53878135
2461139.348985012 -85744983.16458766 -300240790.7581954 -37014869.01023965
2461139.349679456 -85718889.13839737 -300194372.0917676 -37013150.73675051
2461139.350373900 -85692790.6464487 -300147939.9540258 -37011430.71757157
2461139.351068345 -85666687.68842286 -300101494.3399656 -37009708.95195944
2461139.351762789 -85640580.26400025 -300055035.2445791 -37007985.439170286
2461139.352457234 -85614468.3728603 -300008562.6628547 -37006260.178459704
2461139.353151678 -85588352.0146817 -299962076.5897782 -37004533.16908235
2461139.353846123 -85562231.18914218 -299915577.02033156 -37002804.41029255
2461139.354540567 -85536105.89591901 -299869063.9494945 -37001073.90134393
2461139.355235012 -85509976.13468815 -299822537.37224245 -36999341.64148917
2461139.355929456 -85483841.90512398 -299775997.2835459 -36997607.629980795
2461139.356623901 -85457703.20690063 -299729443.6783739 -36995871.866070196
2461139.357318345 -85431560.03969488 -299682876.5516977 -36994134.349008754
2461139.358012789 -85405412.40317911 -299636295.8984794 -36992395.07804668
2461139.358707234 -85379260.29701714 -299589701.7136636 -36990654.05243331
2461139.359401678 -85353103.72087339 -299543093.99219465 -36988911.27141699
2461139.360096123 -85326942.67442769 -299496472.7290423 -36987166.734247
2461139.360790567 -85300777.15736282 -299449837.9191798 -36985420.440171905
2461139.361485011 -85274607.169348 -299403189.5575543 -36983672.38843892
2461139.362179456 -85248432.7100405 -299356527.63909 -36981922.5782937
2461139.362873901 -85222253.77910373 -299309852.1587202 -36980171.00898208
2461139.363568345 -85196070.37620611 -299263163.11138517 -36978417.6797492
2461139.364262789 -85169882.50101468 -299216460.4920211 -36976662.589839794
2461139.364957234 -85143690.15319212 -299169744.2955544 -36974905.738497615
2461139.365651678 -85117493.33240159 -299123014.5169101 -36973147.124965854
2461139.366346123 -85091292.03830579 -299076271.1510117 -36971386.74848714
2461139.367040567 -85065086.27056666 -299029514.1927784 -36969624.608303316
2461139.367735012 -85038876.02884503 -298982743.6371259 -36967860.70365566
2461139.368429456 -85012661.31280074 -298935959.4789665 -36966095.033784755
2461139.369123900 -84986442.12209316 -298889161.7132095 -36964327.597930536
2461139.369818345 -84960218.45638055 -298842350.33476067 -36962558.39533254
2461139.370512790 -84933990.31532048 -298795525.3385222 -36960787.42522908
2461139.371207234 -84907757.69856969 -298748686.71939313 -36959014.68685827
2461139.371901678 -84881520.6057839 -298701834.472269 -36957240.17945737
2461139.372596123 -84855279.0366181 -298654968.59204197 -36955463.90226313
2461139.373290567 -84829032.99072646 -298608089.0736011 -36953685.854511514
2461139.373985012 -84802782.46776238 -298561195.9118314 -36951906.035437785
2461139.374679456 -84776527.46737823 -298514289.1016151 -36950124.44427673
2461139.375373900 -84750267.98922569 -298467368.6378308 -36948341.08026233
2461139.376068345 -84724004.0329555 -298420434.51535356 -36946555.94262795
2461139.376762789 -84697735.59821768 -298373486.72905517 -36944769.0306062
2461139.377457234 -84671462.6846613 -298326525.27380365 -36942980.343429275
2461139.378151678 -84645185.29193462 -298279550.1444645 -36941189.88032835
2461139.378846123 -84618903.41968516 -298232561.3358988 -36939397.640534274
2461139.379540567 -84592617.0675595 -298185558.8429646 -36937603.623277
2461139.380235012 -84566326.23520331 -298138542.6605166 -36935807.8277858
2461139.380929456 -84540030.9222616 -298091512.7834058 -36934010.25328961
2461139.381623900 -84513731.12837848 -298044469.20648 -36932210.89901628
2461139.382318345 -84487426.85319713 -297997411.9245835 -36930409.764193185
2461139.383012789 -84461118.09636 -297950340.932557 -36928606.84804697
2461139.383707234 -84434804.85750873 -297903256.2252376 -36926802.14980396
2461139.384401678 -84408487.13628398 -297856157.7974595 -36924995.66868905
2461139.385096123 -84382164.9323257 -297809045.6440529 -36923187.40392718
2461139.385790567 -84355838.2452729 -297761919.7598449 -36921377.354742214
2461139.386485012 -84329507.07476401 -297714780.1396587 -36919565.52035763
2461139.387179456 -84303171.42043626 -297667626.7783143 -36917751.89999606
2461139.387873901 -84276831.28192624 -297620459.6706283 -36915936.49287939
2461139.388568345 -84250486.6588697 -297573278.81141335 -36914119.29822899
2461139.389262789 -84224137.55090162 -297526084.1954792 -36912300.31526534
2461139.389957234 -84197783.957656 -297478875.8176317 -36910479.543208614
2461139.390651678 -84171425.87876603 -297431653.6726732 -36908656.981277995
2461139.391346123 -84145063.31386432 -297384417.7554029 -36906832.62869199
2461139.392040567 -84118696.26258221 -297337168.0606159 -36905006.4846687
2461139.392735011 -84092324.72455056 -297289904.5831042 -36903178.548425086
2461139.393429456 -84065948.69939932 -297242627.31765646 -36901348.81917799
2461139.394123901 -84039568.18675743 -297195336.259057 -36899517.29614289
2461139.394818345 -84013183.18625326 -297148031.40208757 -36897683.978535496
2461139.395512789 -83986793.69751413 -297100712.74152577 -36895848.86556985
2461139.396207234 -83960399.72016676 -297053380.27214605 -36894011.95646012
2461139.396901678 -83934001.25383675 -297006033.9887185 -36892173.2504192
2461139.397596123 -83907598.29814912 -296958673.8860109 -36890332.746659555
2461139.398290567 -83881190.85272796 -296911299.95878655 -36888490.44439303
2461139.398985012 -83854778.91719651 -296863912.20180523 -36886646.342830665
2461139.399679456 -83828362.4911772 -296816510.6098237 -36884800.441182934
2461139.400373900 -83801941.5742917 -296769095.17759466 -36882952.738659345
2461139.401068345 -83775516.16616072 -296721665.8998677 -36881103.23446905
2461139.401762790 -83749086.26640426 -296674222.77138805 -36879251.927820385
2461139.402457234 -83722651.87464133 -296626765.7868982 -36877398.81792092
2461139.403151678 -83696212.99049032 -296579294.9411365 -36875543.90397752
2461139.403846123 -83669769.61356854 -296531810.2288379 -36873687.18519654
2461139.404540567 -83643321.743493 -296484311.644734 -36871828.66078356
2461139.405235012 -83616869.37987946 -296436799.1835527 -36869968.32994335
2461139.405929456 -83590412.5223417 -296389272.8400161 -36868106.19188007
2461139.406623900 -83563951.1704939 -296341732.6088445 -36866242.24579707
2461139.407318345 -83537485.32395251 -296294178.4847607 -36864376.490897395
2461139.408012789 -83511014.98232976 -296246610.4624771 -36862508.92638319
2461139.408707234 -83484540.1452291 -296199028.536689 -36860639.55145513
2461139.409401678 -83458060.8122547 -296151432.70209014 -36858768.3653134
2461139.410096123 -83431576.98302649 -296103822.95340073 -36856895.36715885
2461139.410790567 -83405088.65716706 -296056199.2853437 -36855020.55619149
2461139.411485012 -83378595.83428581 -296008561.6926159 -36853143.931610085
2461139.412179456 -83352098.51397957 -295960910.1698894 -36851265.49261174
2461139.412873900 -83325596.69585177 -295913244.71184653 -36849385.23839347
2461139.413568345 -83299090.37951083 -295865565.3131754 -36847503.16815166
2461139.414262789 -83272579.56456362 -295817871.96856 -36845619.28108238
2461139.414957234 -83246064.250613 -295770164.6726747 -36843733.57638063
2461139.415651678 -83219544.437262 -295722443.4201916 -36841846.053240746
2461139.416346123 -83193020.1241135 -295674708.2057807 -36839956.71085629
2461139.417040567 -83166491.31076938 -295626959.02410847 -36838065.54842024
2461139.417735012 -83139957.99683055 -295579195.8698364 -36836172.56512481
2461139.418429456 -83113420.18189706 -295531418.7376227 -36834277.76016158
2461139.419123901 -83086877.86556825 -295483627.6221224 -36832381.132721215
2461139.419818345 -83060331.04744278 -295435822.51798654 -36830482.68199401
2461139.420512789 -83033779.7271181 -295388003.41986215 -36828582.40716926
2461139.421207234 -83007223.90419118 -295340170.3223929 -36826680.307435565
2461139.421901678 -82980663.57825804 -295292323.2202186 -36824776.38198106
2461139.422596123 -82954098.74891384 -295244462.1079759 -36822870.629992865
2461139.423290567 -82927529.41575299 -295196586.9802965 -36820963.050657526
2461139.423985011 -82900955.5783691 -295148697.8318094 -36819053.64316091
2461139.424679456 -82874377.23635492 -295100794.6571396 -36817142.406688124
2461139.425373901 -82847794.38930231 -295052877.4509084 -36815229.34042348
2461139.426068345 -82821207.03680246 -295004946.20773304 -36813314.44355077
2461139.426762789 -82794615.17844559 -294957000.9222272 -36811397.715252884
2461139.427457234 -82768018.8138212 -294909041.5890012 -36809479.154712
2461139.428151678 -82741417.94251797 -294861068.202661 -36807558.76110967
2461139.428846123 -82714812.56412366 -294813080.7578091 -36805636.53362669
2461139.429540567 -82688202.67822531 -294765079.2490442 -36803712.47144316
2461139.430235012 -82661588.28440917 -294717063.6709612 -36801786.57373844
2461139.430929456 -82634969.38226055 -294669034.01815116 -36799858.83969111
2461139.431623900 -82608345.97136407 -294620990.28520155 -36797929.26847891
2461139.432318345 -82581718.05130333 -294572932.4666958 -36795997.85927928
2461139.433012790 -82555085.62166141 -294524860.5572137 -36794064.61126846
2461139.433707234 -82528448.68202037 -294476774.55133116 -36792129.52362241
2461139.434401678 -82501807.23196137 -294428674.44362074 -36790192.59551584
2461139.435096123 -82475161.27106509 -294380560.2286503 -36788253.82612324
2461139.435790567 -82448510.798911 -294332431.9009846 -36786313.214618005
2461139.436485012 -82421855.81507803 -294284289.4551844 -36784370.76017306
2461139.437179456 -82395196.31914422 -294236132.8858065 -36782426.46196033
2461139.437873900 -82368532.31068671 -294187962.187404 -36780480.31915131
2461139.438568345 -82341863.78928185 -294139777.3545263 -36778532.33091648
2461139.439262789 -82315190.75450529 -294091578.3817186 -36776582.49642568
2461139.439957234 -82288513.20593175 -294043365.2635226 -36774630.81484833
2461139.440651678 -82261831.14313522 -293995137.994476 -36772677.28535252
2461139.441346123 -82235144.56568876 -293946896.5691127 -36770721.907106094
2461139.442040567 -82208453.47316466 -293898640.9819626 -36768764.67927589
2461139.442735012 -82181757.86513448 -293850371.2275521 -36766805.60102816
2461139.443429456 -82155057.74116889 -293802087.30040324 -36764844.67152847
2461139.444123900 -82128353.10083766 -293753789.1950345 -36762881.889941365
2461139.444818345 -82101643.94370995 -293705476.9059605 -36760917.25543077
2461139.445512789 -82074930.26935397 -293657150.4276919 -36758950.767160155
2461139.446207234 -82048212.07733709 -293608809.75473547 -36756982.42429181
2461139.446901678 -82021489.36722597 -293560454.8815941 -36755012.22598762
2461139.447596123 -81994762.13858642 -293512085.8027666 -36753040.171408504
2461139.448290567 -81968030.39098336 -293463702.5127483 -36751066.259714834
2461139.448985012 -81941294.12398097 -293415305.00603044 -36749090.49006598
2461139.449679456 -81914553.33714266 -293366893.2771001 -36747112.86162089
2461139.450373901 -81887808.0300309 -293318467.32044065 -36745133.37353739
2461139.451068345 -81861058.20220748 -293270027.1305316 -36743152.024972856
2461139.451762789 -81834303.85323322 -293221572.70184827 -36741168.815083824
2461139.452457234 -81807544.98266834 -293173104.0288627 -36739183.743026055
2461139.453151678 -81780781.59007205 -293124621.10604215 -36737196.80795469
2461139.453846123 -81754013.67500287 -293076123.92785025 -36735208.00902395
2461139.454540567 -81727241.2370185 -293027612.48874724 -36733217.345387176
2461139.455235011 -81700464.27567573 -292979086.7831884 -36731224.81619737
2461139.455929456 -81673682.79053055 -292930546.80562574 -36729230.420606434
2461139.456623901 -81646896.78113818 -292881992.550507 -36727234.15776562
2461139.457318345 -81620106.24705338 -292833424.0122768 -36725236.02682562
2461139.458012789 -81593311.18782963 -292784841.1853748 -36723236.02693595
2461139.458707234 -81566511.60301867 -292736244.06423515 -36721234.15724562
2461139.459401678 -81539707.49217239 -292687632.6432895 -36719230.41690285
2461139.460096123 -81512898.85484515 -292639006.9169717 -36717224.80505549
2461139.460790567 -81486085.69058707 -292590366.87970537 -36715217.320849985
2461139.461485012 -81459267.99893935 -292541712.5258954 -36713207.96343201
2461139.462179456 -81432445.77944402 -292493043.8499455 -36711196.731945746
2461139.462873900 -81405619.03165899 -292444360.8462858 -36709183.62553687
2461139.463568345 -81378787.75514506 -292395663.509349 -36707168.643349804
2461139.464262790 -81351951.94944938 -292346951.8335409 -36705151.78452757
2461139.464957234 -81325111.61410674 -292298225.8132419 -36703133.0482115
2461139.465651678 -81298266.7486586 -292249485.44284177 -36701112.43354265
2461139.466346123 -81271417.35265116 -292200730.716737 -36699089.93966208
2461139.467040567 -81244563.42562956 -292151961.6293188 -36697065.565709576
2461139.467735012 -81217704.96713454 -292103178.1749684 -36695039.310823925
2461139.468429456 -81190841.97670713 -292054380.3480649 -36693011.17414368
2461139.469123900 -81163974.45388834 -292005568.1429844 -36690981.1548061
2461139.469818345 -81137102.3982181 -291956741.5540988 -36688949.251948364
2461139.470512789 -81110225.80923536 -291907900.5757755 -36686915.46470611
2461139.471207234 -81083344.68647838 -291859045.2023784 -36684879.79221456
2461139.471901678 -81056459.02948453 -291810175.4282663 -36682842.23360843
2461139.472596123 -81029568.83779046 -291761291.2477951 -36680802.78802097
2461139.473290567 -81002674.110932 -291712392.6553157 -36678761.454585426
2461139.473985012 -80975774.84844415 -291663479.6451757 -36676718.23243363
2461139.474679456 -80948871.04986104 -291614552.2117181 -36674673.12069706
2461139.475373900 -80921962.71471615 -291565610.34928155 -36672626.11850626
2461139.476068345 -80895049.84254213 -291516654.05220145 -36670577.22499091
2461139.476762789 -80868132.43287058 -291467683.3148083 -36668526.439280175
2461139.477457234 -80841210.48523267 -291418698.1314289 -36666473.76050214
2461139.478151678 -80814283.99915838 -291369698.4963858 -36664419.18778417
2461139.478846123 -80787352.97417721 -291320684.40399736 -36662362.72025305
2461139.479540567 -80760417.4098177 -291271655.8485779 -36660304.35703447
2461139.480235012 -80733477.3056075 -291222612.8244376 -36658244.09725367
2461139.480929456 -80706532.66107365 -291173555.3258824 -36656181.94003496
2461139.481623901 -80679583.47574224 -291124483.3472144 -36654117.884501584
2461139.482318345 -80652629.7491387 -291075396.88273114 -36652051.9297765
2461139.483012789 -80625671.48078737 -291026295.92672616 -36649984.07498146
2461139.483707234 -80598708.67021218 -290977180.473489 -36647914.31923777
2461139.484401678 -80571741.31693593 -290928050.51730466 -36645842.661665596
2461139.485096123 -80544769.42048074 -290878906.0524547 -36643769.101384625
2461139.485790567 -80517792.98036794 -290829747.07321537 -36641693.63751348
2461139.486485011 -80490811.99611804 -290780573.5738598 -36639616.269170344
2461139.487179456 -80463826.4672507 -290731385.5486562 -36637536.99547211
2461139.487873901 -80436836.39328492 -290682182.991869 -36635455.815535404
2461139.488568345 -80409841.7737387 -290632965.8977585 -36633372.728475526
2461139.489262789 -80382842.6081293 -290583734.2605802 -36631287.733407594
2461139.489957234 -80355838.89597324 -290534488.0745861 -36629200.82944525
2461139.490651678 -80328830.63678628 -290485227.33402365 -36627112.01570192
2461139.491346123 -80301817.83008318 -290435952.03313595 -36625021.2912898
2461139.492040567 -80274800.475378 -290386662.166162 -36622928.65532066
2461139.492735012 -80247778.57218416 -290337357.7273368 -36620834.106905155
2461139.493429456 -80220752.12001398 -290288038.7108908 -36618737.645153314
2461139.494123900 -80193721.11837915 -290238705.11105025 -36616639.26917425
2461139.494818345 -80166685.5667906 -290189356.9220373 -36614538.97807635
2461139.495512790 -80139645.46475822 -290139994.1380696 -36612436.77096719
2461139.496207234 -80112600.81179154 -290090616.75336087 -36610332.64695345
2461139.496901678 -80085551.60739872 -290041224.7621203 -36608226.60514119
2461139.497596123 -80058497.85108761 -289991818.15855294 -36606118.64463556
2461139.498290567 -80031439.54236495 -289942396.93685955 -36604008.764540896
2461139.498985012 -80004376.68073685 -289892961.09123635 -36601896.963960476
2461139.499679456 -79977309.26570842 -289843510.6158757 -36599783.241997235
2461139.500373900 -79950237.2967843 -289794045.5049654 -36597667.59775305
2461139.501068345 -79923160.77346793 -289744565.752689 -36595550.03032887
2461139.501762789 -79896079.69526225 -289695071.35322565 -36593430.538825125
2461139.502457234 -79868994.06166933 -289645562.3007507 -36591309.12234103
2461139.503151678 -79841903.87219025 -289596038.58943427 -36589185.7799756
2461139.503846123 -79814809.12632538 -289546500.2134429 -36587060.51082625
2461139.504540567 -79787709.82357478 -289496947.1669389 -36584933.31399008
2461139.505235012 -79760605.96343715 -289447379.4440798 -36582804.18856346
2461139.505929456 -79733497.54540935 -289397797.039017 -36580673.13364153
2461139.506623900 -79706384.56898856 -289348199.9458993 -36578540.14831877
2461139.507318345 -79679267.03367446 -289298588.1588774 -36576405.231689274
2461139.508012789 -79652144.93896233 -289248961.6720907 -36574268.38284577
2461139.508707234 -79625018.28433861 -289199320.4796599 -36572129.60087969
2461139.509401678 -79597887.06929044 -289149664.5757041 -36569988.88488181
2461139.510096123 -79570751.29332119 -289099993.95436895 -36567846.23394338
2461139.510790567 -79543610.95593707 -289050308.60980225 -36565701.64715484
2461139.511485012 -79516466.05663061 -289000608.5361243 -36563555.12360523
2461139.512179456 -79489316.59488176 -288950893.72742933 -36561406.66238155
2461139.512873901 -79462162.57017714 -288901164.1778206 -36559256.26257056
2461139.513568345 -79435003.98200841 -288851419.8814081 -36557103.923258916
2461139.514262789 -79407840.82986605 -288801660.832296 -36554949.643532
2461139.514957234 -79380673.11323601 -288751887.0245781 -36552793.42247445
2461139.515651678 -79353500.8316049 -288702098.4523457 -36550635.25916993
2461139.516346123 -79326323.98445885 -288652295.1096868 -36548475.1527014
2461139.517040567 -79299142.5712833 -288602476.9906848 -36546313.10215089
2461139.517735011 -79271956.59156257 -288552644.0894183 -36544149.10659975
2461139.518429456 -79244766.0447802 -288502796.39996153 -36541983.165128395
2461139.519123901 -79217570.93041901 -288452933.9163844 -36539815.27681639
2461139.519818345 -79190371.24796113 -288403056.6327521 -36537645.440742485
2461139.520512789 -79163166.99688762 -288353164.54312587 -36535473.65598443
2461139.521207234 -79135958.17667903 -288303257.64156204 -36533299.92161952
2461139.521901678 -79108744.78681496 -288253335.9221123 -36531124.2367238
2461139.522596123 -79081526.82677415 -288203399.37882495 -36528946.60037267
2461139.523290567 -79054304.2960347 -288153448.0057422 -36526767.01164068
2461139.523985012 -79027077.19407386 -288103481.7969032 -36524585.469601534
2461139.524679456 -78999845.520368 -288053500.74634176 -36522401.97332806
2461139.525373900 -78972609.27439275 -288003504.84808767 -36520216.52189209
2461139.526068345 -78945368.45562294 -287953494.0961659 -36518029.11436485
2461139.526762790 -78918123.06353264 -287903468.48459685 -36515839.74981676
2461139.527457234 -78890873.09759508 -287853428.007397 -36513648.42731715
2461139.528151678 -78863618.55728269 -287803372.6585775 -36511455.14593448
2461139.528846123 -78836359.44206704 -287753302.4321456 -36509259.90473657
2461139.529540567 -78809095.75141902 -287703217.3221036 -36507062.70279035
2461139.530235012 -78781827.48480867 -287653117.32244956 -36504863.53916166
2461139.530929456 -78754554.64170526 -287603002.4271771 -36502662.412915856
2461139.531623900 -78727277.22157718 -287552872.6302748 -36500459.32311704
2461139.532318345 -78699995.22389212 -287502727.925727 -36498254.268828824
2461139.533012789 -78672708.64811687 -287452568.3075135 -36496047.24911368
2461139.533707234 -78645417.49371746 -287402393.7696095 -36493838.263033375
2461139.534401678 -78618121.7601592 -287352204.3059854 -36491627.309648745
2461139.535096123 -78590821.44690664 -287301999.9106077 -36489414.38801981
2461139.535790567 -78563516.55342337 -287251780.57743746 -36487199.49720566
2461139.536485012 -78536207.07917126 -287201546.30043006 -36484982.636264436
2461139.537179456 -78508893.02361251 -287151297.0735379 -36482763.80425367
2461139.537873900 -78481574.38621163 -287101032.8907146 -36480543.000230104
2461139.538568345 -78454251.1664278 -287050753.7459005 -36478320.22324928
2461139.539262789 -78426923.36371323 -287000459.633021 -36476095.47236533
2461139.539957234 -78399590.97752935 -286950150.546014 -36473868.74663251
2461139.540651678 -78372254.00735015 -286899826.47883826 -36471640.04510504
2461139.541346123 -78344912.45262532 -286849487.4254047 -36469409.366834536
2461139.542040567 -78317566.31279357 -286799133.37959975 -36467176.71087086
2461139.542735012 -78290215.58732411 -286748764.33536464 -36464942.0762657
2461139.543429456 -78262860.27568461 -286698380.2866324 -36462705.46206937
2461139.544123901 -78235500.37731098 -286647981.2272763 -36460466.8673292
2461139.544818345 -78208135.89164972 -286597567.1511848 -36458226.29109233
2461139.545512789 -78180766.81816947 -286547138.0522844 -36455983.73240716
2461139.546207234 -78153393.15632372 -286496693.9244705 -36453739.19031986
2461139.546901678 -78126014.9055561 -286446234.7616167 -36451492.66387483
2461139.547596123 -78098632.06531562 -286395760.557604 -36449244.1521164
2461139.548290567 -78071244.63505486 -286345271.3063161 -36446993.6540882
2461139.548985011 -78043852.61422239 -286294767.001626 -36444741.16883286
2461139.549679456 -78016456.00226481 -286244247.6374009 -36442486.69539169
2461139.550373901 -77989054.79862916 -286193713.20750445 -36440230.23280555
2461139.551068345 -77961649.00276159 -286143163.7057959 -36437971.78011433
2461139.551762789 -77934238.61410749 -286092599.1261294 -36435711.33635692
2461139.552457234 -77906823.6321113 -286042019.46235514 -36433448.90057141
2461139.553151678 -77879404.0562168 -285991424.70831764 -36431184.47179502
2461139.553846123 -77851979.88586695 -285940814.85785687 -36428918.04906394
2461139.554540567 -77824551.1205037 -285890189.9048086 -36426649.63141366
2461139.555235012 -77797117.75956857 -285839549.8430034 -36424379.21787867
2461139.555929456 -77769679.80250238 -285788894.6662677 -36422106.80749263
2461139.556623900 -77742237.24874449 -285738224.368422 -36419832.39928812
2461139.557318345 -77714790.09773225 -285687538.94327986 -36417555.9922969
2461139.558012790 -77687338.34890604 -285636838.38465685 -36415277.58555008
2461139.558707234 -77659882.0017056 -285586122.68636423 -36412997.178077795
2461139.559401678 -77632421.0555638 -285535391.84219724 -36410714.7689088
2461139.560096123 -77604955.50990544 -285484645.8459327 -36408430.35707061
2461139.560790567 -77577485.36416692 -285433884.6913659 -36406143.94159036
2461139.561485012 -77550010.61779648 -285383108.37231016 -36403855.52149592
2461139.562179456 -77522531.27023749 -285332316.8825673 -36401565.09581339
2461139.562873900 -77495047.32091512 -285281510.2159011 -36399272.663566954
2461139.563568345 -77467558.76925303 -285230688.3660699 -36396978.223779425
2461139.564262789 -77440065.61468193 -285179851.32684153 -36394681.77547361
2461139.564957234 -77412567.8566354 -285128999.0919856 -36392383.31767177
2461139.565651678 -77385065.49454263 -285078131.6552607 -36390082.849394664
2461139.566346123 -77357558.52783115 -285027249.01041806 -36387780.369662404
2461139.567040567 -77330046.95592867 -284976351.15120715 -36385475.877493896
2461139.567735012 -77302530.77826253 -284925438.0713722 -36383169.37190761
2461139.568429456 -77275009.99425896 -284874509.7646528 -36380860.851920746
2461139.569123900 -77247484.60334335 -284823566.22478276 -36378550.316549756
2461139.569818345 -77219954.60494033 -284772607.44549185 -36376237.764810026
2461139.570512789 -77192419.99847367 -284721633.4205044 -36373923.19571598
2461139.571207234 -77164880.78336647 -284670644.1435403 -36371606.60828151
2461139.571901678 -77137336.95904097 -284619639.60831434 -36369288.00151915
2461139.572596123 -77109788.52491865 -284568619.80853605 -36366967.37444082
2461139.573290567 -77082235.48042014 -284517584.73791087 -36364644.726057254
2461139.573985012 -77054677.82496534 -284466534.3901387 -36362320.05537828
2461139.574679456 -77027115.55797328 -284415468.7589146 -36359993.36141316
2461139.575373901 -76999548.67886224 -284364387.8379287 -36357664.64316989
2461139.576068345 -76971977.18704976 -284313291.62086624 -36355333.899655595
2461139.576762789 -76944401.08195247 -284262180.1014076 -36353001.12987639
2461139.577457234 -76916820.36298622 -284211053.27322817 -36350666.332837686
2461139.578151678 -76889235.02956614 -284159911.12999827 -36348329.50754403
2461139.578846123 -76861645.08110662 -284108753.66538334 -36345990.65299853
2461139.579540567 -76834050.517021 -284057580.87304366 -36343649.7682038
2461139.580235011 -76806451.33672212 -284006392.7466351 -36341306.85216146
2461139.580929456 -76778847.53962186 -283955189.2798078 -36338961.90387204
2461139.581623901 -76751239.1251313 -283903970.46620744 -36336614.922335394
2461139.582318345 -76723626.09266078 -283852736.2994743 -36334265.90654999
2461139.583012789 -76696008.44161984 -283801486.7732441 -36331914.855513856
2461139.583707234 -76668386.17141725 -283750221.8811472 -36329561.76822388
2461139.584401678 -76640759.28146093 -283698941.61680925 -36327206.64367582
2461139.585096123 -76613127.77115794 -283647645.9738506 -36324849.48086481
2461139.585790567 -76585491.6399147 -283596334.9458865 -36322490.278784834
2461139.586485012 -76557850.88713677 -283545008.5265274 -36320129.03642892
2461139.587179456 -76530205.51222889 -283493666.70937884 -36317765.75278933
2461139.587873900 -76502555.51459502 -283442309.4880408 -36315400.42685719
2461139.588568345 -76474900.89363834 -283390936.8561087 -36313033.05762268
2461139.589262790 -76447241.64876126 -283339548.8071728 -36310663.64407524
2461139.589957234 -76419577.77936527 -283288145.3348179 -36308292.18520317
2461139.590651678 -76391909.28485118 -283236726.4326244 -36305918.679993816
2461139.591346123 -76364236.16461903 -283185292.0941668 -36303543.127433635
2461139.592040567 -76336558.41806798 -283133842.3130153 -36301165.52650818
2461139.592735012 -76308876.04459642 -283082377.0827344 -36298785.876201876
2461139.593429456 -76281189.04360196 -283030896.3968841 -36296404.17549837
2461139.594123900 -76253497.41448139 -282979400.2490185 -36294020.42338022
2461139.594818345 -76225801.1566308 -282927888.6326873 -36291634.61882905
2461139.595512789 -76198100.26944529 -282876361.54143476 -36289246.76082563
2461139.596207234 -76170394.75231938 -282824818.96880007 -36286856.848349616
2461139.596901678 -76142684.60464665 -282773260.9083172 -36284464.88037985
2461139.597596123 -76114969.82581998 -282721687.353515 -36282070.85589408
2461139.598290567 -76087250.41523132 -282670098.2979174 -36279674.77386906
2461139.598985012 -76059526.37227201 -282618493.7350429 -36277276.6332808
2461139.599679456 -76031797.69633241 -282566873.65840495 -36274876.433104075
2461139.600373900 -76004064.38680224 -282515238.0615117 -36272474.172312915
2461139.601068345 -75976326.44307034 -282463586.93786615 -36270069.84988016
2461139.601762789 -75948583.86452469 -282411920.28096664 -36267663.46477784
2461139.602457234 -75920836.65055275 -282360238.08430547 -36265255.01597702
2461139.603151678 -75893084.8005408 -282308540.3413704 -36262844.50244776
2461139.603846123 -75865328.31387462 -282256827.0456434 -36260431.92315893
2461139.604540567 -75837567.18993889 -282205098.19060165 -36258017.27707876
2461139.605235012 -75809801.42811796 -282153353.7697172 -36255600.563174345
2461139.605929456 -75782031.02779528 -282101593.7764574 -36253181.78041183
2461139.606623901 -75754255.98835291 -282049818.2042824 -36250760.92775619
2461139.607318345 -75726476.30917113 -281998027.046646 -36248338.00417154
2461139.608012789 -75698691.98963292 -281946220.29700285 -36245913.0086213
2461139.608707234 -75670903.02912071 -281894397.9488035 -36243485.94006771
2461139.609401678 -75643109.42701034 -281842559.9954812 -36241056.7974719
2461139.610096123 -75615311.18266903 -281790706.4304503 -36238625.57979289
2461139.610790567 -75587508.29547596 -281738837.2471436 -36236192.28599014
2461139.611485011 -75559700.76482236 -281686952.4390121 -36233756.91502308
2461139.612179456 -75531888.59009436 -281635051.9994941 -36231319.46584985
2461139.612873901 -75504071.77065983 -281583135.9219897 -36228879.93742607
2461139.613568345 -75476250.30588509 -281531204.1998921 -36226438.32870634
2461139.614262789 -75448424.19514364 -281479256.8266043 -36223994.63864471
2461139.614957234 -75420593.43781182 -281427293.7955309 -36221548.86619489
2461139.615651678 -75392758.03326146 -281375315.1000639 -36219101.01030923
2461139.616346123 -75364917.98086289 -281323320.7335891 -36216651.069938645
2461139.617040567 -75337073.27998663 -281271310.6894885 -36214199.04403354
2461139.617735012 -75309223.9300028 -281219284.9611393 -36211744.9315433
2461139.618429456 -75281369.93028024 -281167243.5419131 -36209288.73141599
2461139.619123900 -75253511.28018714 -281115186.4251759 -36206830.44259911
2461139.619818345 -75225647.97909084 -281063113.6042881 -36204370.064038746
2461139.620512790 -75197780.02635792 -281011025.0726053 -36201907.594680235
2461139.621207234 -75169907.42135423 -280958920.8234777 -36199443.0334677
2461139.621901678 -75142030.16344479 -280906800.8502497 -36196976.37934453
2461139.622596123 -75114148.25199367 -280854665.1462605 -36194507.63125287
2461139.623290567 -75086261.68636443 -280802513.704844 -36192036.78813392
2461139.623985012 -75058370.46591954 -280750346.5193287 -36189563.848927855
2461139.624679456 -75030474.59002085 -280698163.5830374 -36187088.81257403
2461139.625373900 -75002574.05802943 -280645964.889288 -36184611.67801042
2461139.626068345 -74974668.86930549 -280593750.4313923 -36182132.44417426
2461139.626762789 -74946759.02320842 -280541520.20265734 -36179651.1100018
2461139.627457234 -74918844.51909688 -280489274.1963843 -36177167.67442788
2461139.628151678 -74890925.3563287 -280437012.40586907 -36174682.136386886
2461139.628846123 -74863001.53426085 -280384734.82440203 -36172194.4948117
2461139.629540567 -74835073.05224968 -280332441.44526786 -36169704.7486345
2461139.630235012 -74807139.90965061 -280280132.26174664 -36167212.89678612
2461139.630929456 -74779202.10581826 -280227807.2671119 -36164718.93819682
2461139.631623900 -74751259.64010647 -280175466.45463216 -36162222.8717954
2461139.632318345 -74723312.5118683 -280123109.81757075 -36159724.6965098
2461139.633012789 -74695360.72045602 -280070737.3491848 -36157224.41126691
2461139.633707234 -74667404.2652211 -280018349.0427265 -36154722.01499286
2461139.634401678 -74639443.14551423 -279965944.8914424 -36152217.506612115
2461139.635096123 -74611477.3606852 -279913524.8885734 -36149710.885048725
2461139.635790567 -74583506.91008314 -279861089.0273551 -36147202.149225526
2461139.636485012 -74555531.79305638 -279808637.3010174 -36144691.298064105
2461139.637179456 -74527552.00895236 -279756169.7027844 -36142178.33048523
2461139.637873901 -74499567.5571177 -279703686.2258754 -36139663.24540853
2461139.638568345 -74471578.43689838 -279651186.86350316 -36137146.04175274
2461139.639262789 -74443584.64763942 -279598671.608876 -36134626.71843528
2461139.639957234 -74415586.18868521 -279546140.45519567 -36132105.27437278
2461139.640651678 -74387583.05937913 -279493593.39565885 -36129581.70848062
2461139.641346123 -74359575.25906394 -279441030.4234565 -36127056.019673504
2461139.642040567 -74331562.78708158 -279388451.5317739 -36124528.20686462
2461139.642735011 -74303545.64277302 -279335856.7137912 -36121998.26896629
2461139.643429456 -74275523.82547873 -279283245.9626824 -36119466.20488989
2461139.644123901 -74247497.33453812 -279230619.2716158 -36116932.0135458
2461139.644818345 -74219466.16928998 -279177976.6337548 -36114395.69384295
2461139.645512789 -74191430.32907213 -279125318.04225653 -36111857.24468967
2461139.646207234 -74163389.81322178 -279072643.4902726 -36109316.66499301
2461139.646901678 -74135344.62107527 -279019952.9709493 -36106773.95365888
2461139.647596123 -74107294.75196798 -278967246.4774267 -36104229.109592386
2461139.648290567 -74079240.2052348 -278914524.0028398 -36101682.131697305
2461139.648985012 -74051180.98020954 -278861785.5403175 -36099133.01887669
2461139.649679456 -74023117.07622547 -278809031.08298343 -36096581.770032115
2461139.650373900 -73995048.49261482 -278756260.62395513 -36094028.384064384
2461139.651068345 -73966975.22870913 -278703474.1563445 -36091472.85987316
2461139.651762790 -73938897.28383899 -278650671.67325777 -36088915.19635705
2461139.652457234 -73910814.65733461 -278597853.16779596 -36086355.3924135
2461139.653151678 -73882727.34852526 -278545018.63305426 -36083793.446939066
2461139.653846123 -73854635.35673894 -278492168.0621214 -36081229.35882893
2461139.654540567 -73826538.68130164 -278439301.4480775 -36078663.12697741
2461139.655235012 -73798437.32154225 -278386418.78400457 -36076094.75027792
2461139.655929456 -73770331.2767892 -278333520.06297934 -36073524.22762278
2461139.656623900 -73742220.54636389 -278280605.2780608 -36070951.55790278
2461139.657318345 -73714105.1295794 -278227674.4222883 -36068376.740006916
2461139.658012789 -73685985.02576071 -278174727.4887193 -36065799.772824086
2461139.658707234 -73657860.23424503 -278121764.4704299 -36063220.65524364
2461139.659401678 -73629730.75436452 -278068785.3604824 -36060639.3861531
2461139.660096123 -73601596.58543275 -278015790.1519 -36058055.964437425
2461139.660790567 -73573457.72676168 -277962778.8376985 -36055470.388980664
2461139.661485012 -73545314.17767069 -277909751.41090316 -36052882.658666246
2461139.662179456 -73517165.93748195 -277856707.8645405 -36050292.77237658
2461139.662873900 -73489013.00551319 -277803648.19162434 -36047700.7289934
2461139.663568345 -73460855.38108043 -277750572.3851605 -36045106.52739652
2461139.664262789 -73432693.0635 -277697480.4381517 -36042510.166465215
2461139.664957234 -73404526.05208784 -277644372.3435953 -36039911.64507755
2461139.665651678 -73376354.34615867 -277591248.0944817 -36037310.96211044
2461139.666346123 -73348177.94502626 -277538107.68379605 -36034708.11643968
2461139.667040567 -73319996.848004 -277484951.104517 -36032103.10694014
2461139.667735012 -73291811.05440411 -277431778.3496183 -36029495.9324854
2461139.668429456 -73263620.56353822 -277378589.4120668 -36026886.59194799
2461139.669123901 -73235425.37471704 -277325384.28482443 -36024275.0841994
2461139.669818345 -73207225.48725063 -277272162.9608462 -36021661.4081101
2461139.670512789 -73179020.90044808 -277218925.4330822 -36019045.562549084
2461139.671207234 -73150811.61361791 -277165671.6944758 -36016427.5463847
2461139.671901678 -73122597.62606756 -277112401.737965 -36013807.35848373
2461139.672596123 -73094378.93710382 -277059115.55648184 -36011184.99771241
2461139.673290567 -73066155.54603276 -277005813.14295197 -36008560.46293509
2461139.673985011 -73037927.45215937 -276952494.4902956 -36005933.75301594
2461139.674679456 -73009694.65478827 -276899159.5914266 -36003304.8668173
2461139.675373901 -72981457.15322283 -276845808.43925333 -36000673.803200565
2461139.676068345 -72953214.94676594 -276792441.0266776 -35998040.5610263
2461139.676762789 -72924968.03471953 -276739057.3465958 -35995405.13915355
2461139.677457234 -72896716.41638477 -276685657.3918981 -35992767.53644049
2461139.678151678 -72868460.09106204 -276632241.15546864 -35990127.751744084
2461139.678846123 -72840199.05805099 -276578808.6301853 -35987485.78392
2461139.679540567 -72811933.31665017 -276525359.8089208 -35984841.63182323
2461139.680235012 -72783662.86615779 -276471894.6845408 -35982195.2943073
2461139.680929456 -72755387.70587094 -276418413.2499058 -35979546.770224735
2461139.681623900 -72727107.83508603 -276364915.49786973 -35976896.05842682
2461139.682318345 -72698823.25309844 -276311401.42128056 -35974243.15776372
2461139.683012790 -72670533.95920317 -276257871.0129805 -35971588.06708461
2461139.683707234 -72642239.95269404 -276204324.2658055 -35968930.78523743
2461139.684401678 -72613941.2328643 -276150761.1725852 -35966271.31106888
2461139.685096123 -72585637.79900627 -276097181.72614384 -35963609.64342488
2461139.685790567 -72557329.65041156 -276043585.9192988 -35960945.78114962
2461139.686485012 -72529016.78637083 -275989973.7448618 -35958279.72308676
2461139.687179456 -72500699.20617415 -275936345.1956387 -35955611.4680785
2461139.687873900 -72472376.90911053 -275882700.2644287 -35952941.01496601
2461139.688568345 -72444049.89446855 -275829038.944025 -35950268.36258921
2461139.689262789 -72415718.1615355 -275775361.22721523 -35947593.50978688
2461139.689957234 -72387381.7095983 -275721667.1067801 -35944916.45539663
2461139.690651678 -72359040.53794292 -275667956.57549477 -35942237.1982551
2461139.691346123 -72330694.6458544 -275614229.6261281 -35939555.73719766
2461139.692040567 -72302344.03261709 -275560486.25144255 -35936872.07105858
2461139.692735012 -72273988.69751464 -275506726.4441949 -35934186.19867082
2461139.693429456 -72245628.6398296 -275452950.19713527 -35931498.118866324
2461139.694123900 -72217263.85884409 -275399157.5030079 -35928807.830475815
2461139.694818345 -72188894.35383919 -275345348.3545507 -35926115.33232902
2461139.695512789 -72160520.1240952 -275291522.7444954 -35923420.62325419
2461139.696207234 -72132141.16889167 -275237680.6655676 -35920723.702078834
2461139.696901678 -72103757.48750727 -275183822.1104869 -35918024.567628756
2461139.697596123 -72075369.07922006 -275129947.071966 -35915323.2187292
2461139.698290567 -72046975.94330688 -275076055.5427121 -35912619.65420384
2461139.698985012 -72018578.07904421 -275022147.5154254 -35909913.87287523
2461139.699679456 -71990175.48570761 -274968222.98280096 -35907205.87356473
2461139.700373901 -71961768.16257201 -274914281.9375273 -35904495.65509301
2461139.701068345 -71933356.10891087 -274860324.37228537 -35901783.216278724
2461139.701762789 -71904939.32399577 -274806350.27974796 -35899068.5559399
2461139.702457234 -71876517.8071012 -274752359.6525885 -35896351.672893226
2461139.703151678 -71848091.5575011 -274698352.4834749 -35893632.565954834
2461139.703846123 -71819660.57446238 -274644328.7650566 -35890911.23393858
2461139.704540567 -71791224.85724357 -274590288.4899627 -35888187.675656565
2461139.705235011 -71762784.4051151 -274536231.6508397 -35885461.88992102
2461139.705929456 -71734339.21735993 -274482158.2403536 -35882733.87554417
2461139.706623901 -71705889.29325575 -274428068.2511552 -35880003.63133663
2461139.707318345 -71677434.63206169 -274373961.6758552 -35877271.15610622
2461139.708012789 -71648975.23303501 -274319838.5070564 -35874536.4486593
2461139.708707234 -71620511.09544058 -274265698.7373709 -35871799.5078021
2461139.709401678 -71592042.21854614 -274211542.359411 -35869060.332339734
2461139.710096123 -71563568.60161482 -274157369.3657764 -35866318.9210758
2461139.710790567 -71535090.24390817 -274103179.7490582 -35863575.27281287
2461139.711485012 -71506607.14468795 -274048973.50184286 -35860829.386352226
2461139.712179456 -71478119.30321556 -273994750.6167122 -35858081.260494
2461139.712873900 -71449626.71875116 -273940511.08624 -35855330.894037016
2461139.713568345 -71421129.39055412 -273886254.9029939 -35852578.28577909
2461139.714262790 -71392627.31788301 -273831982.0595352 -35849823.43451664
2461139.714957234 -71364120.49999562 -273777692.5484188 -35847066.33904512
2461139.715651678 -71335608.936149 -273723386.362193 -35844306.99815847
2461139.716346123 -71307092.62559935 -273669063.4934001 -35841545.41064975
2461139.717040567 -71278571.56760204 -273614723.9345756 -35838781.57531041
2461139.717735012 -71250045.76141164 -273560367.67824835 -35836015.49093105
2461139.718429456 -71221515.20628184 -273505994.716941 -35833247.15630104
2461139.719123900 -71192979.9014658 -273451605.0431698 -35830476.57020824
2461139.719818345 -71164439.84621553 -273397198.64944434 -35827703.73143955
2461139.720512789 -71135895.03978242 -273342775.5282675 -35824928.638780534
2461139.721207234 -71107345.4814171 -273288335.6721361 -35822151.29101563
2461139.721901678 -71078791.17036915 -273233879.0735402 -35819371.68692813
2461139.722596123 -71050232.10588758 -273179405.72496355 -35816589.82529963
2461139.723290567 -71021668.28722063 -273124915.6188826 -35813805.7049112
2461139.723985012 -70993099.7136154 -273070408.74776834 -35811019.32454211
2461139.724679456 -70964526.38431863 -273015885.1040844 -35808230.68297069
2461139.725373900 -70935948.2985758 -272961344.68028826 -35805439.77897395
2461139.726068345 -70907365.45563194 -272906787.4688307 -35802646.61132773
2461139.726762789 -70878777.8547311 -272852213.46215576 -35799851.17880657
2461139.727457234 -70850185.49511659 -272797622.6527012 -35797053.480183825
2461139.728151678 -70821588.37603088 -272743015.0328979 -35794253.5142316
2461139.728846123 -70792986.49671558 -272688390.5951703 -35791451.27972061
2461139.729540567 -70764379.85641156 -272633749.3319362 -35788646.775420666
2461139.730235012 -70735768.45435888 -272579091.2356068 -35785840.00010007
2461139.730929456 -70707152.28979675 -272524416.2985863 -35783030.95252594
2461139.731623901 -70678531.36196363 -272469724.5132728 -35780219.631464146
2461139.732318345 -70649905.67009714 -272415015.87205756 -35777406.03567931
2461139.733012789 -70621275.2134341 -272360290.3673251 -35774590.16393483
2461139.733707234 -70592639.99121048 -272305547.9914531 -35771772.01499298
2461139.734401678 -70564000.0026614 -272250788.73681283 -35768951.587614454
2461139.735096123 -70535355.24702142 -272196012.5957688 -35766128.88055899
2461139.735790567 -70506705.72352393 -272141219.56067884 -35763303.89258482
2461139.736485011 -70478051.43140183 -272086409.62389404 -35760476.622449405
2461139.737179456 -70449392.36988702 -272031582.7777587 -35757647.06890816
2461139.737873901 -70420728.53821056 -271976739.01461047 -35754815.23071598
2461139.738568345 -70392059.93560292 -271921878.3267802 -35751981.10662613
2461139.739262789 -70363386.56129356 -271867000.7065922 -35749144.6953907
2461139.739957234 -70334708.41451113 -271812106.1463638 -35746305.995760396
2461139.740651678 -70306025.49448368 -271757194.6384055 -35743465.00648491
2461139.741346123 -70277337.80043814 -271702266.1750216 -35740621.72631231
2461139.742040567 -70248645.33160087 -271647320.7485085 -35737776.15398983
2461139.742735012 -70219948.08719735 -271592358.3511569 -35734928.288263045
2461139.743429456 -70191246.06645215 -271537378.9752503 -35732078.127876304
2461139.744123900 -70162539.26858926 -271482382.6130652 -35729225.67157307
2461139.744818345 -70133827.69283155 -271427369.2568718 -35726370.918094955
2461139.745512790 -70105111.33840136 -271372338.89893264 -35723513.866182804
2461139.746207234 -70076390.20451987 -271317291.53150403 -35720654.51457567
2461139.746901678 -70047664.29040802 -271262227.1468352 -35717792.86201185
2461139.747596123 -70018933.59528567 -271207145.7371695 -35714928.90722794
2461139.748290567 -69990198.1183714 -271152047.2947417 -35712062.648959555
2461139.748985012 -69961457.8588818 -271096931.8117774 -35709194.08594065
2461139.749679456 -69932712.81603646 -271041799.2805026 -35706323.21690426
2461139.750373900 -69903962.98905441 -270986649.6931371 -35703450.040582314
2461139.751068345 -69875208.3771476 -270931483.0418818 -35700574.55570478
2461139.751762789 -69846448.97951935 -270876299.31891555 -35697696.76099927
2461139.752457234 -69817684.79538521 -270821098.51643544 -35694816.65519398
2461139.753151678 -69788915.82397328 -270765880.6266569 -35691934.23701661
2461139.753846123 -69760142.06450641 -270710645.6417804 -35689049.50519325
2461139.754540567 -69731363.51618858 -270655393.5539644 -35686162.45844714
2461139.755235012 -69702580.17822199 -270600124.35535914 -35683273.09549972
2461139.755929456 -69673792.04981644 -270544838.03812325 -35680381.41507226
2461139.756623900 -69644999.13018472 -270489534.59441596 -35677487.415885
2461139.757318345 -69616201.41853489 -270434214.0163826 -35674591.096656315
2461139.758012789 -69587398.91407353 -270378876.2961591 -35671692.456103675
2461139.758707234 -69558591.61600721 -270323521.4258771 -35668791.49294276
2461139.759401678 -69529779.52354234 -270268149.3976613 -35665888.20588823
2461139.760096123 -69500962.63588397 -270212760.2036294 -35662982.59365359
2461139.760790567 -69472140.95223635 -270157353.83589154 -35660074.654950604
2461139.761485012 -69443314.47180308 -270101930.28655076 -35657164.38849004
2461139.762179456 -69414483.19378677 -270046489.54770386 -35654251.79298123
2461139.762873901 -69385647.11738937 -269991031.61143976 -35651336.86713221
2461139.763568345 -69356806.24181192 -269935556.4698407 -35648419.6096496
2461139.764262789 -69327960.5662547 -269880064.1149814 -35645500.01923874
2461139.764957234 -69299110.08991711 -269824554.5389301 -35642578.0946039
2461139.765651678 -69270254.81199779 -269769027.73374766 -35639653.834447466
2461139.766346123 -69241394.7316946 -269713483.69148755 -35636727.23747087
2461139.767040567 -69212529.84820448 -269657922.4041968 -35633798.302374326
2461139.767735011 -69183660.16072367 -269602343.8639143 -35630867.02785632
2461139.768429456 -69154785.66844743 -269546748.0626726 -35627933.41261422
2461139.769123901 -69125906.37057042 -269491134.9924972 -35624997.455344014
2461139.769818345 -69097022.26628627 -269435504.6454054 -35622059.15474049
2461139.770512789 -69068133.35478798 -269379857.0134085 -35619118.50949678
2461139.771207234 -69039239.63526756 -269324192.08851004 -35616175.51830497
2461139.771901678 -69010341.10691634 -269268509.8627062 -35613230.1798556
2461139.772596123 -68981437.76892479 -269212810.3279866 -35610282.492837995
2461139.773290567 -68952529.62048253 -269157093.4763329 -35607332.45593993
2461139.773985012 -68923616.66077837 -269101359.29972 -35604380.06784805
2461139.774679456 -68894698.88900036 -269045607.79011554 -35601425.32724759
2461139.775373900 -68865776.30433567 -268989838.9394797 -35598468.23282227
2461139.776068345 -68836848.90597063 -268934052.7397656 -35595508.783254586
2461139.776762790 -68807916.69309089 -268878249.1829188 -35592546.97722565
2461139.777457234 -68778979.66488108 -268822428.260878 -35589582.8134153
2461139.778151678 -68750037.8205252 -268766589.9655744 -35586616.29050164
2461139.778846123 -68721091.15920629 -268710734.28893185 -35583647.407161854
2461139.779540567 -68692139.68010665 -268654861.2228669 -35580676.162071615
2461139.780235012 -68663183.38240777 -268598970.75928897 -35577702.55390517
2461139.780929456 -68634222.26529025 -268543062.8900999 -35574726.581335254
2461139.781623900 -68605256.32793397 -268487137.6071944 -35571748.24303338
2461139.782318345 -68576285.56951784 -268431194.90245968 -35568767.53766986
2461139.783012789 -68547309.98922013 -268375234.76777568 -35565784.463913254
2461139.783707234 -68518329.58621812 -268319257.1950151 -35562799.02043095
2461139.784401678 -68489344.35968845 -268263262.17604277 -35559811.20588903
2461139.785096123 -68460354.30880676 -268207249.7027167 -35556821.018951885
2461139.785790567 -68431359.43274797 -268151219.76688743 -35553828.45828295
2461139.786485012 -68402359.73068628 -268095172.36039758 -35550833.52254377
2461139.787179456 -68373355.20179476 -268039107.4750829 -35547836.210394934
2461139.787873900 -68344345.84524596 -267983025.10277152 -35544836.5204954
2461139.788568345 -68315331.66021152 -267926925.23528403 -35541834.45150281
2461139.789262789 -68286312.64586215 -267870807.8644339 -35538830.00207326
2461139.789957234 -68257288.80136792 -267814672.98202658 -35535823.17086175
2461139.790651678 -68228260.12589797 -267758520.57986048 -35532813.9565216
2461139.791346123 -68199226.61862057 -267702350.64972657 -35529802.35770476
2461139.792040567 -68170188.27870329 -267646163.18340796 -35526788.37306204
2461139.792735012 -68141145.1053128 -267589958.1726809 -35523772.00124241
2461139.793429456 -68112097.09761482 -267533735.6093127 -35520753.240893684
2461139.794123901 -68083044.25477463 -267477495.4850651 -35517732.09066229
2461139.794818345 -68053986.57595664 -267421237.7916916 -35514708.54919319
2461139.795512789 -68024924.06032386 -267364962.5209371 -35511682.61512989
2461139.796207234 -67995856.70703723 -267308669.6645366 -35508654.28711436
2461139.796901678 -67966784.51526076 -267252359.2142252 -35505623.56378742
2461139.797596123 -67937707.4841579 -267196031.1617306 -35502590.44378869
2461139.798290567 -67908625.61288495 -267139685.4987608 -35499554.9257556
2461139.798985011 -67879538.90058945 -267083322.21700117 -35496517.00832334
2461139.799679456 -67850447.34643148 -267026941.30815473 -35493476.69012695
2461139.800373901 -67821350.94958346 -266970542.7639428 -35490433.969801754
2461139.801068345 -67792249.70921284 -266914126.57607102 -35487388.84598088
2461139.801762789 -67763143.62446772 -266857692.7362014 -35484341.31729417
2461139.802457234 -67734032.69449465 -266801241.23598683 -35481291.38236996
2461139.803151678 -67704916.91844769 -266744772.067089 -35478239.039835975
2461139.803846123 -67675796.29548393 -266688285.2211691 -35475184.28831914
2461139.804540567 -67646670.82475576 -266631780.68987292 -35472127.12644415
2461139.805235012 -67617540.50541395 -266575258.4648376 -35469067.55283446
2461139.805929456 -67588405.33660951 -266518718.5376943 -35466005.56611203
2461139.806623900 -67559265.31749289 -266462160.900067 -35462941.16489759
2461139.807318345 -67530120.44721353 -266405585.54357138 -35459874.34781021
2461139.808012790 -67500970.72491989 -266348992.4598156 -35456805.113467336
2461139.808707234 -67471816.14975974 -266292381.64039993 -35453733.460485496
2461139.809401678 -67442656.72087996 -266235753.07691678 -35450659.387479365
2461139.810096123 -67413492.43742667 -266179106.76095122 -35447582.89306205
2461139.810790567 -67384323.29854506 -266122442.68407992 -35444503.97584554
2461139.811485012 -67355149.30337968 -266065760.8378725 -35441422.63444021
2461139.812179456 -67325970.45107403 -266009061.21389008 -35438338.867454894
2461139.812873900 -67296786.740771 -265952343.80368638 -35435252.673497
2461139.813568345 -67267598.17161247 -265895608.5988072 -35432164.05117257
2461139.814262789 -67238404.74273957 -265838855.59079027 -35429072.999086
2461139.814957234 -67209206.45329264 -265782084.7711661 -35425979.515840426
2461139.815651678 -67180003.30241112 -265725296.1314566 -35422883.60003706
2461139.816346123 -67150795.28923368 -265668489.66317612 -35419785.2502763
2461139.817040567 -67121582.4128981 -265611665.35783127 -35416684.46515662
2461139.817735012 -67092364.67254142 -265554823.2069208 -35413581.24327497
2461139.818429456 -67063142.06729976 -265497963.2019351 -35410475.58322706
2461139.819123900 -67033914.59630846 -265441085.33435687 -35407367.4836069
2461139.819818345 -67004682.25870204 -265384189.59566143 -35404256.94300735
2461139.820512789 -66975445.05361417 -265327275.97731537 -35401143.9600192
2461139.821207234 -66946202.98017766 -265270344.47077748 -35398028.53323224
2461139.821901678 -66916956.03752461 -265213395.0674992 -35394910.661234595
2461139.822596123 -66887704.224786155 -265156427.75892338 -35391790.342612885
2461139.823290567 -66858447.54109261 -265099442.53648493 -35388667.57595216
2461139.823985012 -66829185.98557358 -265042439.39161104 -35385542.35983618
2461139.824679456 -66799919.55735776 -264985418.31572068 -35382414.69284687
2461139.825373901 -66770648.25557296 -264928379.3002251 -35379284.57356502
2461139.826068345 -66741372.079346254 -264871322.3365271 -35376152.00056967
2461139.826762789 -66712091.02780387 -264814247.4160217 -35373016.972438365
2461139.827457234 -66682805.10007111 -264757154.53009582 -35369879.487747215
2461139.828151678 -66653514.29527262 -264700043.6701283 -35366739.54507073
2461139.828846123 -66624218.61253206 -264642914.82748988 -35363597.14298189
2461139.829540567 -66594918.05097229 -264585767.99354348 -35360452.28005233
2461139.830235011 -66565612.60971543 -264528603.1596436 -35357304.95485205
2461139.830929456 -66536302.28788263 -264471420.3171365 -35354155.1659493
2461139.831623901 -66506987.08459434 -264414219.45736098 -35351002.91191129
2461139.832318345 -66477666.99897009 -264357000.57164702 -35347848.19130317
2461139.833012789 -66448342.030128635 -264299763.65131652 -35344691.00268891
2461139.833707234 -66419012.17718779 -264242508.6876838 -35341531.34463081
2461139.834401678 -66389677.43926471 -264185235.67205483 -35338369.215689674
2461139.835096123 -66360337.815475576 -264127944.5957266 -35335204.6144248
2461139.835790567 -66330993.304935776 -264070635.4499888 -35332037.53939393
2461139.836485012 -66301643.906759895 -264013308.22612283 -35328867.98915308
2461139.837179456 -66272289.62006165 -263955962.9154013 -35325695.962257005
2461139.837873900 -66242930.44395397 -263898599.5090895 -35322521.4572587
2461139.838568345 -66213566.37754882 -263841217.99844357 -35319344.47270965
2461139.839262790 -66184197.41995755 -263783818.37471202 -35316165.007159896
2461139.839957234 -66154823.57029049 -263726400.6291348 -35312983.0591578
2461139.840651678 -66125444.82765702 -263668964.75294337 -35309798.62725026
2461139.841346123 -66096061.191166185 -263611510.73736167 -35306611.709982514
2461139.842040567 -66066672.65992597 -263554038.5736053 -35303422.30589844
2461139.842735012 -66037279.23304308 -263496548.25288022 -35300230.41354005
2461139.843429456 -66007880.90962208 -263439039.766382 -35297036.03144763
2461139.844123900 -65978477.68877065 -263381513.10530508 -35293839.158160664
2461139.844818345 -65949069.56959587 -263323968.26083648 -35290639.79221688
2461139.845512789 -65919656.551197596 -263266405.22414207 -35287437.9321516
2461139.846207234 -65890238.63266685 -263208823.98636413 -35284233.57649798
2461139.846901678 -65860815.8131073 -263151224.53866202 -35281026.72378882
2461139.847596123 -65831388.091635145 -263093606.87221378 -35277817.37255688
2461139.848290567 -65801955.467361376 -263035970.97818053 -35274605.52133288
2461139.848985012 -65772517.939377725 -262978316.8476782 -35271391.16864397
2461139.849679456 -65743075.50677402 -262920644.47181258 -35268174.31301573
2461139.850373900 -65713628.168648034 -262862953.84169817 -35264954.95297265
2461139.851068345 -65684175.92410018 -262805244.94844833 -35261733.087038435
2461139.851762789 -65654718.772226505 -262747517.7831599 -35258508.7137347
2461139.852457234 -65625256.71212123 -262689772.33692008 -35255281.831581295
2461139.853151678 -65595789.74287874 -262632008.60081008 -35252052.439096615
2461139.853846123 -65566317.863593034 -262574226.5659024 -35248820.53479746
2461139.854540567 -65536841.07335696 -262516426.223261 -35245586.117198996
2461139.855235012 -65507359.371262446 -262458607.56394082 -35242349.18481507
2461139.855929456 -65477872.756400615 -262400770.578989 -35239109.736157216
2461139.856623901 -65448381.227861814 -262342915.25944328 -35235867.76973617
2461139.857318345 -65418884.78473558 -262285041.5963338 -35232623.28406062
2461139.858012789 -65389383.42611047 -262227149.58068117 -35229376.27763752
2461139.858707234 -65359877.15107436 -262169239.20349818 -35226126.7489726
2461139.859401678 -65330365.9587142 -262111310.4557888 -35222874.69656962
2461139.860096123 -65300849.84811609 -262053363.3285481 -35219620.11893092
2461139.860790567 -65271328.81836533 -261995397.8127627 -35216363.01455704
2461139.861485011 -65241802.86854643 -261937413.8994109 -35213103.381947145
2461139.862179456 -65212271.997742936 -261879411.57946178 -35209841.219598494
2461139.862873901 -65182736.20503761 -261821390.8438763 -35206576.5260069
2461139.863568345 -65153195.4895124 -261763351.6836063 -35203309.299666494
2461139.864262789 -65123649.85024844 -261705294.0895953 -35200039.53906959
2461139.864957234 -65094099.286325924 -261647218.0527779 -35196767.24270724
2461139.865651678 -65064543.79682428 -261589123.56408 -35193492.40906842
2461139.866346123 -65034983.380822025 -261531010.6144188 -35190215.03664089
2461139.867040567 -65005418.03739698 -261472879.194703 -35186935.12391037
2461139.867735012 -64975847.765625946 -261414729.2958321 -35183652.66936115
2461139.868429456 -64946272.56458501 -261356560.9086972 -35180367.67147573
2461139.869123900 -64916692.43334933 -261298374.0241804 -35177080.12873525
2461139.869818345 -64887107.370993316 -261240168.6331553 -35173790.03961881
2461139.870512790 -64857517.37659047 -261181944.72648633 -35170497.40260404
2461139.871207234 -64827922.44921342 -261123702.2950292 -35167202.216166936
2461139.871901678 -64798322.587934054 -261065441.32963133 -35163904.4787818
2461139.872596123 -64768717.791823305 -261007161.8211303 -35160604.18892109
2461139.873290567 -64739108.05995138 -260948863.7603557 -35157301.34505594
2461139.873985012 -64709493.39138751 -260890547.1381282 -35153995.94565536
2461139.874679456 -64679873.78520022 -260832211.9452588 -35150687.98918728
2461139.875373900 -64650249.24045708 -260773858.17255038 -35147377.47411725
2461139.876068345 -64620619.75622488 -260715485.810797 -35144064.398909815
2461139.876762789 -64590985.33156951 -260657094.850783 -35140748.76202727
2461139.877457234 -64561345.96555611 -260598685.2832845 -35137430.56193057
2461139.878151678 -64531701.65724888 -260540257.0990687 -35134109.797078915
2461139.878846123 -64502052.40571125 -260481810.2888932 -35130786.465929665
2461139.879540567 -64472398.210005686 -260423344.8435072 -35127460.56693871
2461139.880235012 -64442739.069193974 -260364860.7536509 -35124132.098560125
2461139.880929456 -64413074.98233693 -260306358.0100553 -35120801.059246175
2461139.881623900 -64383405.94849457 -260247836.60344228 -35117467.44744781
2461139.882318345 -64353731.96672609 -260189296.52452523 -35114131.261613674
2461139.883012789 -64324053.0360898 -260130737.76400778 -35110792.5001912
2461139.883707234 -64294369.15564316 -260072160.3125851 -35107451.161625944
2461139.884401678 -64264680.32444279 -260013564.160943 -35104107.244361736
2461139.885096123 -64234986.541544475 -259954949.29975837 -35100760.746840775
2461139.885790567 -64205287.80600319 -259896315.7196989 -35097411.66750339
2461139.886485012 -64175584.11687297 -259837663.4114233 -35094060.00478829
2461139.887179456 -64145875.47320714 -259778992.365581 -35090705.75713244
2461139.887873901 -64116161.87405783 -259720302.5728122 -35087348.92297104
2461139.888568345 -64086443.31847688 -259661594.0237484 -35083989.50073771
2461139.889262789 -64056719.80551517 -259602866.7090123 -35080627.48886427
2461139.889957234 -64026991.334222145 -259544120.61921588 -35077262.88578064
2461139.890651678 -63997257.90364518 -259485355.74495977 -35073895.68991495
2461139.891346123 -63967519.51283466 -259426572.076843 -35070525.89969401
2461139.892040567 -63937776.16084057 -259367769.6054559 -35067153.51354316
2461139.892735011 -63900037.00857617 -259312207.5052572 -35072112.3644921
2461139.893429456 -63870275.32983946 -259253372.61143288 -35068744.486167304
2461139.894123901 -63840508.68775384 -259194518.8863475 -35065374.00660818
2461139.894818345 -63810737.08136336 -259135646.3205478 -35062000.92423118
2461139.895512789 -63780960.50970394 -259076754.90455648 -35058625.23745091
2461139.896207234 -63751178.971815325 -259017844.6288971 -35055246.94467994
2461139.896901678 -63721392.466739595 -258958915.48408982 -35051866.04432989
2461139.897596123 -63691600.99351889 -258899967.4606469 -35048482.5348106
2461139.898290567 -63661804.55119425 -258841000.5490715 -35045096.41453033
2461139.898985012 -63632003.138805866 -258782014.73985672 -35041707.681895085
2461139.899679456 -63602196.75539292 -258723010.02348658 -35038316.33530972
2461139.900373900 -63572385.39999396 -258663986.3904359 -35034922.37317671
2461139.901068345 -63542569.07164664 -258604943.8311699 -35031525.79389719
2461139.901762790 -63512747.76938767 -258545882.33614418 -35028126.595870376
2461139.902457234 -63482921.49225302 -258486801.8958058 -35024724.77749361
2461139.903151678 -63453090.23927774 -258427702.5005914 -35021320.337162524
2461139.903846123 -63423254.0094961 -258368584.1409287 -35017913.27327094
2461139.904540567 -63393412.80194141 -258309446.8072358 -35014503.58421095
2461139.905235012 -63363566.61564624 -258250290.48992148 -35011091.26837288
2461139.905929456 -63333715.44964228 -258191115.17938492 -35007676.32414516
2461139.906623900 -63303859.30296034 -258131920.8660158 -35004258.74991428
2461139.907318345 -63273998.17463035 -258072707.5401942 -35000838.54406537
2461139.908012789 -63244132.06368149 -258013475.1922912 -34997415.70498115
2461139.908707234 -63214260.96914199 -257954223.8126676 -34993990.23104318
2461139.909401678 -63184384.89003932 -257894953.3916751 -34990562.12063065
2461139.910096123 -63154503.82540002 -257835663.9196558 -34987131.37212144
2461139.910790567 -63124617.77424979 -257776355.386942 -34983697.98389112
2461139.911485012 -63094726.735613525 -257717027.7838566 -34980261.95431365
2461139.912179456 -63064830.708515264 -257657681.1007128 -34976823.28176143
2461139.912873900 -63034929.69197811 -257598315.3278144 -34973381.964604564
2461139.913568345 -63005023.68502439 -257538930.4554553 -34969938.0012117
2461139.914262789 -62975112.686675556 -257479526.4739196 -34966491.38994953
2461139.914957234 -62945196.69595224 -257420103.37348238 -34963042.12918275
2461139.915651678 -62915275.71187416 -257360661.14440832 -34959590.21727448
2461139.916346123 -62885349.73346024 -257301199.7769526 -34956135.65258587
2461139.917040567 -62855418.75972851 -257241719.2613613 -34952678.43347629
2461139.917735012 -62825482.78969619 -257182219.5878698 -34949218.55830308
2461139.918429456 -62795541.82237956 -257122700.74670452 -34945756.02542202
2461139.919123901 -62765595.85679411 -257063162.7280816 -34942290.833186865
2461139.919818345 -62735644.89195448 -257003605.5222077 -34938822.97994949
2461139.920512789 -62705688.9268745 -256944029.1192797 -34935352.46406002
2461139.921207234 -62675727.96056702 -256884433.50948468 -34931879.2838665
2461139.921901678 -62645761.99204413 -256824818.6829996 -34928403.437715575
2461139.922596123 -62615791.020317 -256765184.6299921 -34924924.92395158
2461139.923290567 -62585815.04439602 -256705531.34061968 -34921443.740917124
2461139.923985011 -62555834.063290715 -256645858.80503 -34917959.88695289
2461139.924679456 -62525848.076009676 -256586167.0133608 -34914473.360397816
2461139.925373901 -62495857.08156074 -256526455.9557399 -34910984.15958906
2461139.926068345 -62465861.07895078 -256466725.62228572 -34907492.282861486
2461139.926762789 -62435860.06718594 -256406976.00310603 -34903997.72854845
2461139.927457234 -62405854.045271344 -256347207.0882992 -34900500.49498136
2461139.928151678 -62375843.01221145 -256287418.8679533 -34897000.58048949
2461139.928846123 -62345826.96700971 -256227611.33214688 -34893497.983400576
2461139.929540567 -62315805.90866877 -256167784.470948 -34889992.70204015
2461139.930235012 -62285779.83619049 -256107938.2744152 -34886484.73473218
2461139.930929456 -62255748.7485757 -256048072.7325966 -34882974.07979843
2461139.931623900 -62225712.64482455 -255988187.8355306 -34879460.73555878
2461139.932318345 -62195671.523936056 -255928283.5732452 -34875944.70033144
2461139.933012790 -62165625.38490889 -255868359.935759 -34872425.97243257
2461139.933707234 -62135574.22674071 -255808416.9130806 -34868904.550176285
2461139.934401678 -62105518.048427485 -255748454.4952067 -34865380.431875095
2461139.935096123 -62075456.848963596 -255688472.6721225 -34861853.61583898
2461139.935790567 -62045390.627346836 -255628471.43381152 -34858324.10037695
2461139.936485012 -62015319.382573254 -255568450.7702456 -34854791.88379568
2461139.937179456 -61985243.11363074 -255508410.67137158 -34851256.96439932
2461139.937873900 -61955161.81949982 -255448351.1271134 -34847719.34048906
2461139.938568345 -61925075.49917652 -255388272.1274173 -34844179.010366134
2461139.939262789 -61894984.15166732 -255328173.66224203 -34840635.9723315
2461139.939957234 -61864887.775970705 -255268055.7215219 -34837090.224682905
2461139.940651678 -61834786.37106555 -255207918.29514349 -34833541.76571418
2461139.941346123 -61804679.935932375 -255147761.3729882 -34829990.59371742
2461139.942040567 -61774568.46955903 -255087584.9449437 -34826436.706983715
2461139.942735012 -61744451.97093534 -255027389.00089282 -34822880.10380261
2461139.943429456 -61714330.43904595 -254967173.5306994 -34819320.78246119
2461139.944123900 -61684203.872874536 -254906938.5242171 -34815758.74124448
2461139.944818345 -61654072.27140486 -254846683.97129092 -34812193.978435874
2461139.945512789 -61623935.63362008 -254786409.86175612 -34808626.49231651
2461139.946207234 -61593793.95850225 -254726116.1854371 -34805056.28116569
2461139.946901678 -61563647.24503238 -254665802.93214768 -34801483.34326078
2461139.947596123 -61533495.49219081 -254605470.0916915 -34797907.67687718
2461139.948290567 -61503338.69895699 -254545117.653862 -34794329.28028824
2461139.948985012 -61473176.86430951 -254484745.6084417 -34790748.15176531
2461139.949679456 -61443009.987226084 -254424353.9452032 -34787164.28957776
2461139.950373901 -61412838.0666835 -254363942.6539087 -34783577.69199323
2461139.951068345 -61382661.10165788 -254303511.7243095 -34779988.35727686
2461139.951762789 -61352479.09112425 -254243061.1461468 -34776396.28369239
2461139.952457234 -61322292.03405693 -254182590.9091511 -34772801.46950108
2461139.953151678 -61292099.92942926 -254122101.00304273 -34769203.91296245
2461139.953846123 -61261902.77621385 -254061591.4175309 -34765603.6123339
2461139.954540567 -61231700.57338234 -254001062.1423149 -34762000.56587097
2461139.955235011 -61201493.319905564 -253940513.1670833 -34758394.77182704
2461139.955929456 -61171281.01475347 -253879944.4815139 -34754786.228453524
2461139.956623901 -61141063.6568951 -253819356.0752742 -34751174.93399973
2461139.957318345 -61110841.24529867 -253758747.9380208 -34747560.88671334
2461139.958012789 -61080613.77893161 -253698120.0593999 -34743944.0848394
2461139.958707234 -61050381.25676042 -253637472.4290472 -34740324.526621506
2461139.959401678 -61020143.67775052 -253576805.0365871 -34736702.21030079
2461139.960096123 -60989901.04086603 -253516117.8716326 -34733077.13411651
2461139.960790567 -60959653.34507229 -253455410.9237902 -34729449.29630606
2461139.961485012 -60929400.58933292 -253394684.1826537 -34725818.6951048
2461139.962179456 -60899142.77260746 -253333937.6378003 -34722185.32874555
2461139.962873900 -60868879.893852815 -253273171.2787923 -34718549.19545885
2461139.963568345 -60838611.95203953 -253212385.09521088 -34714910.29347504
2461139.964262790 -60808338.94613114 -253151579.07661378 -34711268.62102171
2461139.964957234 -60778060.8750723 -253090753.21251202 -34707624.17632201
2461139.965651678 -60747777.73780941 -253029907.49241102 -34703976.957597554
2461139.966346123 -60717489.53332171 -252969041.9058729 -34700326.96307178
2461139.967040567 -60687196.260576814 -252908156.4424277 -34696674.19096502
2461139.967735012 -60656897.91851248 -252847251.091536 -34693018.6394919
2461139.968429456 -60626594.50607503 -252786325.84266672 -34689360.30686578
2461139.969123900 -60596286.02222707 -252725380.6853122 -34685699.19130075
2461139.969818345 -60565972.46592646 -252664415.6089463 -34682035.291007794
2461139.970512789 -60535653.836119466 -252603430.6030102 -34678368.604194626
2461139.971207234 -60505330.1317558 -252542425.6569432 -34674699.12906739
2461139.971901678 -60475001.35178678 -252481400.760178 -34671026.863830686
2461139.972596123 -60444667.49516233 -252420355.902136 -34667351.806686506
2461139.973290567 -60414328.56082997 -252359291.072224 -34663673.95583495
2461139.973985012 -60383984.54773716 -252298206.2598396 -34659993.30947408
2461139.974679456 -60353635.45483038 -252237101.4543695 -34656309.8657997
2461139.975373900 -60323281.28105546 -252175976.645189 -34652623.623005494
2461139.976068345 -60292922.02535712 -252114831.8216628 -34648934.57928316
2461139.976762789 -60262557.68667936 -252053666.973144 -34645242.73282234
2461139.977457234 -60232188.263965234 -251992482.0889754 -34641548.08181032
2461139.978151678 -60201813.75615681 -251931277.1584878 -34637850.62443248
2461139.978846123 -60171434.16219552 -251870052.1710011 -34634150.35887205
2461139.979540567 -60141049.48102216 -251808807.1158256 -34630447.283309944
2461139.980235012 -60110659.711576134 -251747541.9822582 -34626741.395925194
2461139.980929456 -60080264.85279457 -251686256.7595827 -34623032.69489451
2461139.981623901 -60049864.90361631 -251624951.43707642 -34619321.17839264
2461139.982318345 -60019459.86298177 -251563626.0040108 -34615606.84459234
2461139.983012789 -59989049.729825266 -251502280.4496352 -34611889.69166401
2461139.983707234 -59958634.5030711 -251440914.7631692 -34608169.71777445
2461139.984401678 -59928214.18164942 -251379528.93383518 -34604446.921089225
2461139.985096123 -59897788.76450733 -251318122.9508798 -34600721.299774
2461139.985790567 -59867358.250591576 -251256696.8035397 -34596992.851992205
2461139.986485011 -59836922.638830885 -251195250.4810055 -34593261.57590315
2461139.987179456 -59806481.9281448 -251133783.9724395 -34589527.46966279
2461139.987873901 -59776036.11746108 -251072297.26701152 -34585790.531426415
2461139.988568345 -59745585.205712214 -251010790.35389102 -34582050.75934732
2461139.989262789 -59715129.19182776 -250949263.2222318 -34578308.15157664
2461139.989957234 -59684668.07473343 -250887715.8611709 -34574562.70626295
2461139.990651678 -59654201.85335555 -250826148.2598359 -34570814.42155286
2461139.991346123 -59623730.52662006 -250764560.40734488 -34567063.29559078
2461139.992040567 -59593254.09345188 -250702952.2928037 -34563309.326519035
2461139.992735012 -59562772.55277478 -250641323.9053064 -34559552.51247744
2461139.993429456 -59532285.903511725 -250579675.2339355 -34555792.85160403
2461139.994123900 -59501794.14458498 -250518006.2677626 -34552030.34203428
2461139.994818345 -59471297.27491579 -250456316.9958475 -34548264.981901735
2461139.995512790 -59440795.29342456 -250394607.4072381 -34544496.769337505
2461139.996207234 -59410288.19903087 -250332877.4909713 -34540725.702470675
2461139.996901678 -59379775.99065332 -250271127.236072 -34536951.779428095
2461139.997596123 -59349258.6672098 -250209356.63155392 -34533174.99833417
2461139.998290567 -59318736.227617145 -250147565.666419 -34529395.35731143
2461139.998985012 -59288208.67079147 -250085754.32965738 -34525612.85448006
2461139.999679456 -59257675.99564789 -250023922.61024788 -34521827.487957776
2461140.000373900 -59227138.2011007 -249962070.4971572 -34518039.25586041
2461140.001068345 -59196595.28606337 -249900197.9793409 -34514248.15630126
2461140.001762789 -59166047.24944844 -249838305.0457426 -34510454.18739169
2461140.002457234 -59135494.09016752 -249776391.68529397 -34506657.34724051
2461140.003151678 -59104935.80713148 -249714457.8869156 -34502857.63395457
2461140.003846123 -59074372.399250194 -249652503.6395155 -34499055.04563828
2461140.004540567 -59043803.86543274 -249590528.9319904 -34495249.580393806
2461140.005235012 -59013230.20458724 -249528533.7532253 -34491441.23632114
2461140.005929456 -58982651.41562105 -249466518.0920932 -34487630.011517964
2461140.006623900 -58952067.49744054 -249404481.93745518 -34483815.90407979
2461140.007318345 -58921478.44895125 -249342425.2781609 -34479998.91209963
2461140.008012789 -58890884.26905789 -249280348.1030476 -34476179.03366846
2461140.008707234 -58860284.95666416 -249218250.4009411 -34472356.26687488
2461140.009401678 -58829680.51067305 -249156132.160655 -34468530.609805174
2461140.010096123 -58799070.92998657 -249093993.3709913 -34464702.060543425
2461140.010790567 -58768456.2135059 -249031834.0207398 -34460870.6171714
2461140.011485012 -58737836.3601313 -248969654.0986782 -34457036.277768604
2461140.012179456 -58707211.36876215 -248907453.59357288 -34453199.04041209
2461140.012873901 -58676581.238297 -248845232.49417758 -34449358.90317673
2461140.013568345 -58645945.96763351 -248782990.7892341 -34445515.86413529
2461140.014262789 -58615305.55566842 -248720728.46747258 -34441669.92135787
2461140.014957234 -58584660.00129764 -248658445.5176108 -34437821.07291238
2461140.015651678 -58554009.303416215 -248596141.9283545 -34433969.31686458
2461140.016346123 -58523353.46091821 -248533817.6883975 -34430114.65127775
2461140.017040567 -58492692.47269695 -248471472.78642118 -34426257.07421282
2461140.017735011 -58462026.3376448 -248409107.2110954 -34422396.58372851
2461140.018429456 -58431355.05465322 -248346720.9510771 -34418533.17788115
2461140.019123901 -58400678.622612886 -248284313.9950116 -34414666.85472486
2461140.019818345 -58369997.040413484 -248221886.3315318 -34410797.61231113
2461140.020512789 -58339310.30694394 -248159437.9492586 -34406925.44868939
2461140.021207234 -58308618.42109223 -248096968.8368005 -34403050.36190657
2461140.021901678 -58277921.381745435 -248034478.9827537 -34399172.35000731
2461140.022596123 -58247219.18778968 -247971968.37570202 -34395291.41103405
2461140.023290567 -58216511.838110365 -247909437.00421742 -34391407.54302648
2461140.023985012 -58185799.33159234 -247846884.8568601 -34387520.74402223
2461140.024679456 -58155081.667118885 -247784311.9221765 -34383631.0120566
2461140.025373900 -58124358.84357124 -247721718.1886985 -34379738.34516216
2461140.026068345 -58093630.85983212 -247659103.6449504 -34375842.741369426
2461140.026762790 -58062897.71478596 -247596468.27944902 -34371944.19870707
2461140.027457234 -58032159.40731108 -247533812.0806889 -34368042.715200394
2461140.028151678 -58001415.93627549 -247471135.0371322 -34364138.288871326
2461140.028846123 -57970667.300553285 -247408437.1372433 -34360230.91774031
2461140.029540567 -57939913.499035686 -247345718.3695104 -34356320.59982758
2461140.030235012 -57909154.530613445 -247282978.7224107 -34352407.33315116
2461140.030929456 -57878390.39415919 -247220218.1843729 -34348491.11572425
2461140.031623900 -57847621.08853618 -247157436.7437968 -34344571.94555689
2461140.032318345 -57816846.61261607 -247094634.389088 -34340649.820657514
2461140.033012789 -57786066.96527535 -247031811.10865098 -34336724.739033185
2461140.033707234 -57755282.14538729 -246968966.8908737 -34332796.69868815
2461140.034401678 -57724492.1518216 -246906101.7241252 -34328865.69762384
2461140.035096123 -57693696.98344836 -246843215.59676498 -34324931.733839385
2461140.035790567 -57662896.639137395 -246780308.4971409 -34320994.80533175
2461140.036485012 -57632091.11775739 -246717380.413588 -34317054.910095304
2461140.037179456 -57601280.418176025 -246654431.33442798 -34313112.04612191
2461140.037873900 -57570464.53926013 -246591461.24796993 -34309166.211401165
2461140.038568345 -57539643.47987557 -246528470.1425106 -34305217.40392
2461140.039262789 -57508817.238887586 -246465458.0063336 -34301265.62166304
2461140.039957234 -57477985.81516026 -246402424.8277102 -34297310.862612434
2461140.040651678 -57447149.207557015 -246339370.59489858 -34293353.124748
2461140.041346123 -57416307.41494021 -246276295.2961439 -34289392.40604683
2461140.042040567 -57385460.436171435 -246213198.91967937 -34285428.704483636
2461140.042735012 -57354608.27011137 -246150081.4537245 -34281462.01803086
2461140.043429456 -57323750.91561979 -246086942.88648608 -34277492.34465818
2461140.044123901 -57292888.371555604 -246023783.2061585 -34273519.68233299
2461140.044818345 -57262020.63677688 -245960602.40092272 -34269544.02902015
2461140.045512789 -57231147.71014072 -245897400.4589468 -34265565.38268198
2461140.046207234 -57200269.59050339 -245834177.3683864 -34261583.74127837
2461140.046901678 -57169386.27672024 -245770933.1173834 -34257599.10276669
2461140.047596123 -57138497.767645806 -245707667.6940675 -34253611.4651018
2461140.048290567 -57107604.062133685 -245644381.0865549 -34249620.82623612
2461140.048985011 -57076705.15903663 -245581073.2829487 -34245627.18411942
2461140.049679456 -57045801.05720642 -245517744.2713393 -34241630.53669911
2461140.050373901 -57014891.75549401 -245454394.0398038 -34237630.88192011
2461140.051068345 -56983977.25274956 -245391022.57640618 -34233628.21772446
2461140.051762789 -56953057.54782217 -245327629.8691976 -34229622.54205217
2461140.052457234 -56922132.63956022 -245264215.9062156 -34225613.852840394
2461140.053151678 -56891202.52681105 -245200780.6754851 -34221602.148023814
2461140.053846123 -56860267.20842125 -245137324.1650175 -34217587.4255347
2461140.054540567 -56829326.68323648 -245073846.3628108 -34213569.68330266
2461140.055235012 -56798380.95010145 -245010347.2568505 -34209548.91925474
2461140.055929456 -56767430.00786014 -244946826.83510798 -34205525.13131547
2461140.056623900 -56736473.85535543 -244883285.08554217 -34201498.31740679
2461140.057318345 -56705512.49142956 -244819721.9960981 -34197468.47544822
2461140.058012790 -56674545.914923646 -244756137.5547076 -34193435.60335657
2461140.058707234 -56643574.124678105 -244692531.7492897 -34189399.69904603
2461140.059401678 -56612597.11953236 -244628904.5677493 -34185360.760428436
2461140.060096123 -56581614.89832499 -244565255.99797842 -34181318.78541282
2461140.060790567 -56550627.45989369 -244501586.0278556 -34177273.771905735
2461140.061485012 -56519634.80307527 -244437894.64524588 -34173225.7178111
2461140.062179456 -56488636.92670564 -244374181.8380009 -34169174.62103038
2461140.062873900 -56457633.82961986 -244310447.593959 -34165120.47946226
2461140.063568345 -56426625.51065201 -244246691.90094468 -34161063.29100297
2461140.064262789 -56395611.968635455 -244182914.7467693 -34157003.05354597
2461140.064957234 -56364593.20240246 -244119116.1192304 -34152939.764982335
2461140.065651678 -56333569.21078459 -244055296.00611222 -34148873.423200294
2461140.066346123 -56302539.99261244 -243991454.3951852 -34144804.02608568
2461140.067040567 -56271505.5467157 -243927591.2742066 -34140731.57152135
2461140.067735012 -56240465.87192321 -243863706.63091952 -34136656.05738806
2461140.068429456 -56209420.96706293 -243799800.45305362 -34132577.48156345
2461140.069123900 -56178370.83096194 -243735872.72832498 -34128495.841922924
2461140.069818345 -56147315.46244625 -243671923.4444361 -34124411.13633864
2461140.070512789 -56116254.86034123 -243607952.5890754 -34120323.362680875
2461140.071207234 -56085189.02347166 -243543960.1499187 -34116232.51881681
2461140.071901678 -56054117.95066079 -243479946.1146266 -34112138.60261098
2461140.072596123 -56023041.64072971 -243415910.4708436 -34108041.61192517
2461140.073290567 -55991960.09250104 -243351853.2062048 -34103941.54461868
2461140.073985012 -55960873.30479923 -243287774.30833772 -34099838.39854872
2461140.074679456 -55929781.27644242 -243223673.7648444 -34095732.1715689
2461140.075373901 -55898684.00623845 -243159551.5632937 -34091622.86152905
2461140.076068345 -55867581.49300123 -243095407.6912552 -34087510.466277145
2461140.076762789 -55836473.735561974 -243031242.13632178 -34083394.983660884
2461140.077457234 -55805360.73275149 -242967054.8860738 -34079276.41152537
2461140.078151678 -55774242.48338235 -242902845.9280411 -34075154.74771072
2461140.078846123 -55743118.98625741 -242838615.2497221 -34071029.990053155
2461140.079540567 -55711990.240188256 -242774362.8386207 -34066902.13638749
2461140.080235011 -55680856.24399121 -242710088.6822386 -34062771.18454654
2461140.080929456 -55649716.99647942 -242645792.7680585 -34058637.13236016
2461140.081623901 -55618572.49646242 -242581475.0835434 -34054499.977655016
2461140.082318345 -55587422.742750086 -242517135.61614522 -34050359.718255326
2461140.083012789 -55556267.73415217 -242452774.3533024 -34046216.35198263
2461140.083707234 -55525107.46947714 -242388391.2824394 -34042069.87665562
2461140.084401678 -55493941.94753248 -242323986.3909658 -34037920.29009029
2461140.085096123 -55462771.16712483 -242259559.666277 -34033767.590100035
2461140.085790567 -55431595.12705993 -242195111.09575447 -34029611.774495296
2461140.086485012 -55400413.826142706 -242130640.6667658 -34025452.841083705
2461140.087179456 -55369227.26317717 -242066148.3666636 -34021290.787670426
2461140.087873900 -55338035.43696646 -242001634.1827867 -34017125.612057604
2461140.088568345 -55306838.34631275 -241937098.1024593 -34012957.312044844
2461140.089262790 -55275635.99001746 -241872540.1129915 -34008785.88542866
2461140.089957234 -55244428.36688099 -241807960.20167908 -34004611.330003075
2461140.090651678 -55213215.47570293 -241743358.3558033 -34000433.643559225
2461140.091346123 -55181997.31528196 -241678734.5626311 -33996252.82388533
2461140.092040567 -55150773.88441586 -241614088.80941492 -33992068.86876714
2461140.092735012 -55119545.181901544 -241549421.083393 -33987881.77598728
2461140.093429456 -55088311.20653507 -241484731.37178868 -33983691.54332574
2461140.094123900 -55057071.9571115 -241420019.66181108 -33979498.168559656
2461140.094818345 -55025827.43242516 -241355285.94065502 -33975301.649463326
2461140.095512789 -54994577.63126933 -241290530.19550028 -33971101.98380833
2461140.096207234 -54963322.55243653 -241225752.4135125 -33966899.16936324
2461140.096901678 -54932062.194718316 -241160952.5818423 -33962693.20389413
2461140.097596123 -54900796.5569054 -241096130.6876263 -33958484.08516381
2461140.098290567 -54869525.63778764 -241031286.7179857 -33954271.81093261
2461140.098985012 -54838249.43615383 -240966420.6600278 -33950056.37895777
2461140.099679456 -54806967.95079209 -240901532.50084472 -33945837.786993876
2461140.100373900 -54775681.18048957 -240836622.22751412 -33941616.03279262
2461140.101068345 -54744389.12403246 -240771689.8270987 -33937391.11410262
2461140.101762789 -54713091.7802062 -240706735.2866466 -33933163.02866994
2461140.102457234 -54681789.14779526 -240641758.5931911 -33928931.774237595
2461140.103151678 -54650481.225583225 -240576759.73375052 -33924697.34854586
2461140.103846123 -54619168.01235278 -240511738.6953286 -33920459.749331884
2461140.104540567 -54587849.50688577 -240446695.4649141 -33916218.974330194
2461140.105235012 -54556525.707963124 -240381630.029481 -33911975.021272324
2461140.105929456 -54525196.6143649 -240316542.3759881 -33907727.8878869
2461140.106623901 -54493862.224870235 -240251432.4913793 -33903477.571899734
2461140.107318345 -54462522.53825741 -240186300.3625842 -33899224.071033455
2461140.108012789 -54431177.553303786 -240121145.97651622 -33894967.383008264
2461140.108707234 -54399827.268785894 -240055969.320075 -33890707.505540974
2461140.109401678 -54368471.68347931 -239990770.3801443 -33886444.43634573
2461140.110096123 -54337110.79615877 -239925549.143593 -33882178.173133865
2461140.110790567 -54305744.60559812 -239860305.5972753 -33877908.71361342
2461140.111485011 -54274373.11057028 -239795039.7280297 -33873636.05548975
2461140.112179456 -54242996.30984734 -239729751.5226799 -33869360.19646535
2461140.112873901 -54211614.20220045 -239664440.9680345 -33865081.13423956
2461140.113568345 -54180226.78639988 -239599108.0508867 -33860798.8665087
2461140.114262789 -54148834.06121494 -239533752.7580142 -33856513.39096662
2461140.114957234 -54117436.025414154 -239468375.0761803 -33852224.70530352
2461140.115651678 -54086032.677765556 -239402974.9921329 -33847932.80720726
2461140.116346123 -54054624.01703567 -239337552.49260423 -33843637.69436235
2461140.117040567 -54023210.04198866 -239272107.56430748 -33839339.36445021
2461140.117735012 -53991790.75139048 -239206640.1939463 -33835037.8151497
2461140.118429456 -53960366.1440088 -239141150.3682148 -33830733.04413687
2461140.119123900 -53928936.21860494 -239075638.0737797 -33826425.049084134
2461140.119818345 -53897500.97392989 -239010103.29727262 -33822113.82765976
2461140.120512790 -53866060.40874066 -238944546.0253248 -33817799.37752975
2461140.121207234 -53834614.52181188 -238878966.24458972 -33813481.69635966
2461140.121901678 -53803163.31191776 -238813363.94170702 -33809160.78181217
2461140.122596123 -53771706.77781392 -238747739.1032637 -33804836.63154447
2461140.123290567 -53740244.91824648 -238682091.7158131 -33800509.24320951
2461140.123985012 -53708777.7319701 -238616421.7659126 -33796178.61445862
2461140.124679456 -53677305.21774438 -238550729.2401164 -33791844.74294081
2461140.125373900 -53645827.37432575 -238485014.1249583 -33787507.62630168
2461140.126068345 -53614344.20046692 -238419276.40695012 -33783167.26218347
2461140.126762789 -53582855.69492102 -238353516.0725911 -33778823.648225605
2461140.127457234 -53551361.856440894 -238287733.1083659 -33774476.7820644
2461140.128151678 -53519862.683778405 -238221927.50074318 -33770126.661333166
2461140.128846123 -53488358.17568414 -238156099.2361752 -33765773.283662066
2461140.129540567 -53456848.330907986 -238090248.3010987 -33761416.64667828
2461140.130235012 -53425333.14819898 -238024374.6819348 -33757056.74800571
2461140.130929456 -53393812.62630519 -237958478.3650882 -33752693.58526547
2461140.131623900 -53362286.763973914 -237892559.33694842 -33748327.15607543
2461140.132318345 -53330755.55995146 -237826617.5838889 -33743957.45805018
2461140.133012789 -53299219.01298331 -237760653.09226662 -33739584.48880159
2461140.133707234 -53267677.12181406 -237694665.84842342 -33735208.24593803
2461140.134401678 -53236129.88518737 -237628655.8386845 -33730828.727065146
2461140.135096123 -53204577.30184605 -237562623.0493595 -33726445.929785125
2461140.135790567 -53173019.370532066 -237496567.46674168 -33722059.85169718
2461140.136485012 -53141456.08998642 -237430489.0771085 -33717670.49039745
2461140.137179456 -53109887.45894926 -237364387.86672112 -33713277.843478814
2461140.137873901 -53078313.47615985 -237298263.8218247 -33708881.90853101
2461140.138568345 -53046734.14035663 -237232116.9286483 -33704482.68314077
2461140.139262789 -53015149.45027705 -237165947.17340472 -33700080.1648915
2461140.139957234 -52983559.40465775 -237099754.5422905 -33695674.35136357
2461140.140651678 -52951964.002234414 -237033539.0214861 -33691265.24013406
2461140.141346123 -52920363.24174195 -236967300.5971556 -33686852.8287771
2461140.142040567 -52888757.121914275 -236901039.255447 -33682437.11486344
2461140.142735011 -52857145.64148452 -236834754.9824915 -33678018.095960654
2461140.143429456 -52825528.79918482 -236768447.7644047 -33673595.769633114
2461140.144123901 -52793906.59374653 -236702117.5872851 -33669170.1334423
2461140.144818345 -52762279.023900054 -236635764.43721512 -33664741.184946015
2461140.145512789 -52730646.088374905 -236569388.3002609 -33660308.92169924
2461140.146207234 -52699007.785899825 -236502989.16247177 -33655873.34125365
2461140.146901678 -52667364.11520257 -236436567.0098811 -33651434.441157445
2461140.147596123 -52635715.07500998 -236370121.8285053 -33646992.2189559
2461140.148290567 -52604060.664048076 -236303653.6043442 -33642546.672190994
2461140.148985012 -52572400.88104205 -236237162.3233814 -33638097.79840145
2461140.149679456 -52540735.72471608 -236170647.97158352 -33633645.5951227
2461140.150373900 -52509065.193793565 -236104110.53490108 -33629190.05988693
2461140.151068345 -52477389.28699699 -236037549.9992674 -33624731.19022329
2461140.151762790 -52445708.00304793 -235970966.3505995 -33620268.983657315
2461140.152457234 -52414021.34066711 -235904359.5747974 -33615803.4377115
2461140.153151678 -52382329.298574366 -235837729.6577445 -33611334.54990506
2461140.153846123 -52350631.87548866 -235771076.5853075 -33606862.317753896
2461140.154540567 -52318929.07012804 -235704400.3433363 -33602386.7387705
2461140.155235012 -52287220.88120972 -235637700.9176639 -33597907.810464315
2461140.155929456 -52255507.30744991 -235570978.29410592 -33593425.53034129
2461140.156623900 -52223788.34756407 -235504232.4584622 -33588939.89590422
2461140.157318345 -52192064.00026707 -235437463.3965155 -33584450.904652566
2461140.158012789 -52160334.26427244 -235370671.09403098 -33579958.55408229
2461140.158707234 -52128599.13829124 -235303855.5367534 -33575462.841685995
2461140.159401678 -52096858.62103639 -235237016.7104164 -33570963.76495333
2461140.160096123 -52065112.71122255 -235170154.6007419 -33566461.32137091
2461140.160790567 -52033361.40755799 -235103269.1934233 -33561955.508421324
2461140.161485012 -52001604.70874048 -235036360.4741166 -33557446.32358226
2461140.162179456 -51969842.61347402 -234969428.4284758 -33552933.76432921
2461140.162873900 -51938075.12048035 -234902473.0421766 -33548417.828136917
2461140.163568345 -51906302.22848081 -234835494.3008789 -33543898.51247685
2461140.164262789 -51874523.93617799 -234768492.19018772 -33539375.81481464
2461140.164957234 -51842740.24226487 -234701466.69567198 -33534849.73261111
2461140.165651678 -51810951.14544312 -234634417.802904 -33530320.263325207
2461140.166346123 -51779156.6444194 -234567345.4974511 -33525787.404413275
2461140.167040567 -51747356.73789714 -234500249.7648581 -33521251.15332796
2461140.167735012 -51715551.424576074 -234433130.5906465 -33516711.50751809
2461140.168429456 -51683740.70315639 -234365987.9603234 -33512168.464429203
2461140.169123901 -51651924.57233802 -234298821.8593796 -33507622.02150366
2461140.169818345 -51620103.03081979 -234231632.27328822 -33503072.176180262
2461140.170512789 -51588276.07729944 -234164419.1875041 -33498518.92589428
2461140.171207234 -51556443.71047391 -234097182.5874651 -33493962.268077843
2461140.171901678 -51524605.929039285 -234029922.45859128 -33489402.20015935
2461140.172596123 -51492762.731690794 -233962638.7862855 -33484838.71956384
2461140.173290567 -51460914.117122784 -233895331.5559324 -33480271.823712967
2461140.173985011 -51429060.08402873 -233828000.7528995 -33475701.510024928
2461140.174679456 -51397200.63110122 -233760646.36253658 -33471127.77591438
2461140.175373901 -51365335.75703192 -233693268.37017542 -33466550.61879252
2461140.176068345 -51333465.46051174 -233625866.7611305 -33461970.0360671
2461140.176762789 -51301589.74023059 -233558441.5206981 -33457386.025142316
2461140.177457234 -51269708.59487759 -233490992.634157 -33452798.583419062
2461140.178151678 -51237822.02314093 -233423520.086768 -33448207.708294466
2461140.178846123 -51205930.02370793 -233356023.86377412 -33443613.39716233
2461140.179540567 -51174032.59526517 -233288503.9504003 -33439015.64741302
2461140.180235012 -51142129.73649811 -233220960.33185402 -33434414.45643312
2461140.180929456 -51110221.44609155 -233153392.9933242 -33429809.821605857
2461140.181623900 -51078307.72272928 -233085801.9199822 -33425201.740310926
2461140.182318345 -51046388.5650943 -233018187.09698132 -33420590.20992447
2461140.183012790 -51014463.971868746 -232950548.50945672 -33415975.2278191
2461140.183707234 -50982533.9417338 -232882886.1425252 -33411356.79136384
2461140.184401678 -50950598.47336983 -232815199.9812858 -33406734.89792412
2461140.185096123 -50918657.565456346 -232747490.0108196 -33402109.54486196
2461140.185790567 -50886711.216671884 -232679756.216189 -33397480.729535636
2461140.186485012 -50854759.42569432 -232611998.5824385 -33392848.449300006
2461140.187179456 -50822802.19120045 -232544217.0945943 -33388212.70150621
2461140.187873900 -50790839.51186621 -232476411.7376642 -33383573.483501744
2461140.188568345 -50758871.38636689 -232408582.49663788 -33378930.792630658
2461140.189262789 -50726897.81337656 -232340729.35648662 -33374284.626233477
2461140.189957234 -50694918.791568756 -232272852.302163 -33369634.9816468
2461140.190651678 -50662934.31961598 -232204951.3186019 -33364981.85620393
2461140.191346123 -50630944.39618986 -232137026.39071912 -33360325.24723439
2461140.192040567 -50598949.019961186 -232069077.50341222 -33355665.15206393
2461140.192735012 -50566948.18959987 -232001104.6415603 -33351001.56801491
2461140.193429456 -50534941.90377495 -231933107.79002377 -33346334.492406037
2461140.194123900 -50502930.161154635 -231865086.93364468 -33341663.922552157
2461140.194818345 -50470912.960406244 -231797042.0572465 -33336989.855764586
2461140.195512789 -50438890.3001962 -231728973.14563358 -33332312.289351
2461140.196207234 -50406862.179190114 -231660880.18359208 -33327631.22061541
2461140.196901678 -50374828.59605267 -231592763.15588948 -33322946.646857947
2461140.197596123 -50342789.54944772 -231524622.0472743 -33318258.56537535
2461140.198290567 -50310745.038038276 -231456456.842476 -33313566.97346046
2461140.198985012 -50278695.060486436 -231388267.52620602 -33308871.86840242
2461140.199679456 -50246639.61545345 -231320054.0831562 -33304173.24748691
2461140.200373901 -50214578.70159957 -231251816.4979998 -33299471.107995443
2461140.201068345 -50182512.317584425 -231183554.7553912 -33294765.44720623
2461140.201762789 -50150440.46206706 -231115268.8399666 -33290056.262393598
2461140.202457234 -50118363.13370494 -231046958.73634207 -33285343.55082798
2461140.203151678 -50086280.33115344 -230978624.4291115 -33280627.309776217
2461140.203846123 -50054192.05306959 -230910265.9028554 -33275907.536501408
2461140.204540567 -50022098.29811229 -230841883.1421408 -33271184.2282633
2461140.205235011 -49989999.064933926 -230773476.1315039 -33266457.382317428
2461140.205929456 -49957894.352176435 -230705044.8554412 -33261726.995913602
2461140.206623901 -49925784.15848802 -230636589.2984451 -33256993.066299308
2461140.207318345 -49893668.48253479 -230568109.4450287 -33252255.590720903
2461140.208012789 -49861547.322982535 -230499605.2796873 -33247514.566420943
2461140.208707234 -49829420.67847813 -230431076.7868582 -33242769.990635563
2461140.209401678 -49797288.547658734 -230362523.9509407 -33238021.860595845
2461140.210096123 -49765150.929170296 -230293946.75633508 -33233270.173530363
2461140.210790567 -49733007.82166389 -230225345.1874351 -33228514.926664952
2461140.211485012 -49700859.223787434 -230156719.2286102 -33223756.117220953
2461140.212179456 -49668705.134184875 -230088068.8642037 -33218993.742415767
2461140.212873900 -49636545.55150091 -230019394.0785429 -33214227.799462896
2461140.213568345 -49604380.47437988 -229950694.8559366 -33209458.285572313
2461140.214262790 -49572209.9014651 -229881971.1806736 -33204685.1979497
2461140.214957234 -49540033.8313988 -229813223.0370226 -33199908.53379741
2461140.215651678 -49507852.26282235 -229744450.40923318 -33195128.290313426
2461140.216346123 -49475665.19437648 -229675653.2815346 -33190344.464692164
2461140.217040567 -49443472.624700874 -229606831.6381371 -33185557.05412388
2461140.217735012 -49411274.552434444 -229537985.46323082 -33180766.055795312
2461140.218429456 -49379070.97621529 -229469114.7409863 -33175971.466888797
2461140.219123900 -49346861.894680634 -229400219.4555539 -33171173.28458326
2461140.219818345 -49314647.30646672 -229331299.5910648 -33166371.506053403
2461140.220512789 -49282427.210209124 -229262355.1316296 -33161566.12846995
2461140.221207234 -49250201.60454251 -229193386.0613393 -33156757.14899988
2461140.221901678 -49217970.48810063 -229124392.3642648 -33151944.564806268
2461140.222596123 -49185733.85951641 -229055374.0244573 -33147128.373047948
2461140.223290567 -49153491.71742201 -228986331.0259477 -33142308.570880093
2461140.223985012 -49121244.06044862 -228917263.3527468 -33137485.155453593
2461140.224679456 -49088990.88722666 -228848170.9888453 -33132658.12391577
2461140.225373900 -49056732.19638566 -228779053.9182142 -33127827.47340955
2461140.226068345 -49024467.986554354 -228709912.12480348 -33122993.20107419
2461140.226762789 -48992198.25636054 -228640745.5925438 -33118155.304044813
2461140.227457234 -48959923.004431255 -228571554.30534512 -33113313.77945245
2461140.228151678 -48927642.22939267 -228502338.2470967 -33108468.62442435
2461140.228846123 -48895355.92987005 -228433097.40166828 -33103619.8360834
2461140.229540567 -48863064.10448789 -228363831.7529087 -33098767.411548797
2461140.230235012 -48830766.75186983 -228294541.2846467 -33093911.34793551
2461140.230929456 -48798463.87063861 -228225225.98069018 -33089051.64235451
2461140.231623901 -48766155.459416196 -228155885.8248269 -33084188.29191283
2461140.232318345 -48733841.516823635 -228086520.8008242 -33079321.293713067
2461140.233012789 -48701522.04148122 -228017130.89242852 -33074450.644854236
2461140.233707234 -48669197.03200831 -227947716.08336562 -33069576.342430998
2461140.234401678 -48636866.4870235 -227878276.35734108 -33064698.38353392
2461140.235096123 -48604530.405144475 -227808811.6980398 -33059816.76524943
2461140.235790567 -48572188.784988195 -227739322.08912548 -33054931.484660193
2461140.236485011 -48539841.62517061 -227669807.5142414 -33050042.53884444
2461140.237179456 -48507488.924306974 -227600267.95701018 -33045149.924876243
2461140.237873901 -48475130.68101163 -227530703.4010335 -33040253.63982572
2461140.238568345 -48442766.89389811 -227461113.8298918 -33035353.680758934
2461140.239262789 -48410397.561579116 -227391499.2271451 -33030450.044737596
2461140.239957234 -48378022.68266648 -227321859.5763326 -33025542.72881936
2461140.240651678 -48345642.25577125 -227252194.8609719 -33020631.730057627
2461140.241346123 -48313256.279503524 -227182505.06456017 -33015717.04550188
2461140.242040567 -48280864.75247273 -227112790.1705732 -33010798.67219711
2461140.242735012 -48248467.67328734 -227043050.1624659 -33005876.607184313
2461140.243429456 -48216065.040555045 -226973285.0236718 -33000950.84750037
2461140.244123900 -48183656.8528827 -226903494.7376035 -32996021.39017773
2461140.244818345 -48151243.108876124 -226833679.2876519 -32991088.23224473
2461140.245512790 -48118823.807140626 -226763838.65718728 -32986151.37072567
2461140.246207234 -48086398.9462809 -226693972.82955942 -32981210.8026403
2461140.246901678 -48053968.52490024 -226624081.7880947 -32976266.52500445
2461140.247596123 -48021532.541599676 -226554165.5160958 -32971318.534829263
2461140.248290567 -47989090.99498201 -226484223.99684963 -32966366.82912201
2461140.248985012 -47956643.883651964 -226414257.2136273 -32961411.40488624
2461140.249679456 -47924191.206207916 -226344265.1496662 -32956452.259120394
2461140.250373900 -47891732.96123742 -226274247.7881614 -32951489.38881699
2461140.251068345 -47859269.14733461 -226204205.1123018 -32946522.79096551
2461140.251762789 -47826799.7631117 -226134137.1052957 -32941552.46255391
2461140.252457234 -47794324.807180636 -226064043.7503309 -32936578.400566082
2461140.253151678 -47761844.27813426 -225993925.030534 -32931600.60197863
2461140.253846123 -47729358.17455566 -225923780.92899102 -32926619.06376272
2461140.254540567 -47696866.49503696 -225853611.42878652 -32921633.782886542
2461140.255235012 -47664369.238175236 -225783416.512997 -32916644.756314658
2461140.255929456 -47631866.40256466 -225713196.1646714 -32911651.981007453
2461140.256623900 -47599357.98679545 -225642950.3668309 -32906655.45392002
2461140.257318345 -47566843.98945847 -225572679.1024775 -32901655.172003478
2461140.258012789 -47534324.40914433 -225502382.3545923 -32896651.132204775
2461140.258707234 -47501799.24444273 -225432060.1061346 -32891643.331466213
2461140.259401678 -47469268.49394214 -225361712.3400405 -32886631.766725782
2461140.260096123 -47436732.15623047 -225291339.0392243 -32881616.43491729
2461140.260790567 -47404190.229894795 -225220940.1865787 -32876597.33296985
2461140.261485012 -47371642.71352129 -225150515.7649738 -32871574.457808223
2461140.262179456 -47339089.60569542 -225080065.7572574 -32866547.806352958
2461140.262873901 -47306530.90500179 -225009590.14625537 -32861517.375519864
2461140.263568345 -47273966.61002416 -224939088.91477102 -32856483.16222049
2461140.264262789 -47241396.71934555 -224868562.0455851 -32851445.163361996
2461140.264957234 -47208821.231548145 -224798009.5214566 -32846403.375846874
2461140.265651678 -47176240.14521325 -224727431.3251216 -32841357.796573278
2461140.266346123 -47143653.45892147 -224656827.4392937 -32836308.42243493
2461140.267040567 -47111061.17125251 -224586197.8466642 -32831255.25032096
2461140.267735011 -47078463.280785285 -224515542.5299018 -32826198.277116068
2461140.268429456 -47045859.786097996 -224444861.47165212 -32821137.499700483
2461140.269123901 -47013250.68576789 -224374154.6545391 -32816072.914949756
2461140.269818345 -46980635.97837156 -224303422.061163 -32811004.519735076
2461140.270512789 -46948015.6624846 -224232663.6741019 -32805932.310923163
2461140.271207234 -46915389.73668202 -224161879.475911 -32800856.285375923
2461140.271901678 -46882758.19953786 -224091069.44912258 -32795776.439950984
2461140.272596123 -46850121.04962544 -224020233.5762462 -32790692.771501258
2461140.273290567 -46817478.28551727 -223949371.83976832 -32785605.276875198
2461140.273985012 -46784829.905785024 -223878484.2221527 -32780513.952916503
2461140.274679456 -46752175.90899959 -223807570.7058398 -32775418.79646457
2461140.275373900 -46719516.2937311 -223736631.2732474 -32770319.804353923
2461140.276068345 -46686851.058548816 -223665665.9067697 -32765216.97341463
2461140.276762790 -46654180.20202129 -223594674.58877861 -32760110.30047204
2461140.277457234 -46621503.722716205 -223523657.3016216 -32754999.78234705
2461140.278151678 -46588821.61920043 -223452614.0276243 -32749885.41585574
2461140.278846123 -46556133.89004015 -223381544.7490882 -32744767.19780968
2461140.279540567 -46523440.53380067 -223310449.4482916 -32739645.12501564
2461140.280235012 -46490741.54904651 -223239328.1074897 -32734519.19427588
2461140.280929456 -46458036.934341416 -223168180.7089144 -32729389.402388
2461140.281623900 -46425326.68824834 -223097007.2347736 -32724255.746144738
2461140.282318345 -46392610.809329435 -223025807.6672523 -32719118.22233431
2461140.283012789 -46359889.29614607 -222954581.9885115 -32713976.82774016
2461140.283707234 -46327162.14725884 -222883330.180689 -32708831.559141062
2461140.284401678 -46294429.36122756 -222812052.2258989 -32703682.4133109
2461140.285096123 -46261690.93661122 -222740748.1062316 -32698529.38701923
2461140.285790567 -46228946.87196801 -222669417.8037536 -32693372.47703043
2461140.286485012 -46196197.165855326 -222598061.3005077 -32688211.6801043
2461140.287179456 -46163441.816829875 -222526678.5785132 -32683046.99299597
2461140.287873900 -46130680.82344785 -222455269.619766 -32677878.41245576
2461140.288568345 -46097914.18426416 -222383834.4062372 -32672705.935229152
2461140.289262789 -46065141.89783144 -222312372.9198704 -32667529.55805665
2461140.289957234 -46032363.96270424 -222240885.14259142 -32662349.27767418
2461140.290651678 -45999580.37743902 -222169371.0563075 -32657165.090813622
2461140.291346123 -45966791.14058589 -222097830.6428903 -32651976.99420087
2461140.292040567 -45933996.2506842 -222026263.88416472 -32646784.984555602
2461140.292735012 -45901195.706279814 -221954670.76194832 -32641589.0585936
2461140.293429456 -45868389.505937144 -221883051.2580756 -32636389.21302916
2461140.294123901 -45835577.64822017 -221811405.3543587 -32631185.44457153
2461140.294818345 -45802760.13167387 -221739733.0325445 -32625977.749922298
2461140.295512789 -45769936.954833284 -221668034.2743364 -32620766.1257766
2461140.296207234 -45737108.11624258 -221596309.06143442 -32615550.56882654
2461140.296901678 -45704273.6144512 -221524557.37552768 -32610331.07575995
2461140.297596123 -45671433.44800552 -221452779.19827572 -32605107.6432596
2461140.298290567 -45638587.61544805 -221380974.51130658 -32599880.26800276
2461140.298985011 -45605736.11532206 -221309143.29622722 -32594648.94666208
2461140.299679456 -45572878.94617059 -221237285.5346211 -32589413.67590532
2461140.300373901 -45540016.10653584 -221165401.2080466 -32584174.45239524
2461140.301068345 -45507147.59495881 -221093490.2980368 -32578931.27278968
2461140.301762789 -45474273.40998001 -221021552.7861003 -32573684.13374142
2461140.302457234 -45441393.55013915 -220949588.6537206 -32568433.031898372
2461140.303151678 -45408508.01397515 -220877597.882357 -32563177.96390341
2461140.303846123 -45375616.80002626 -220805580.453443 -32557918.926394433
2461140.304540567 -45342719.90682988 -220733536.3483879 -32552655.91600428
2461140.305235012 -45309817.332922705 -220661465.5485754 -32547388.92936074
2461140.305929456 -45276909.0768407 -220589368.0353646 -32542117.96308661
2461140.306623900 -45243995.13711901 -220517243.790089 -32536843.01379982
2461140.307318345 -45211075.51229211 -220445092.7940572 -32531564.07811296
2461140.308012790 -45178150.20089364 -220372915.02855262 -32526281.1526337
2461140.308707234 -45145219.20145658 -220300710.47483322 -32520994.2339647
2461140.309401678 -45112282.51251305 -220228479.1141319 -32515703.31870329
2461140.310096123 -45079340.13259457 -220156220.9276557 -32510408.40344214
2461140.310790567 -45046392.06023177 -220083935.896587 -32505109.484768372
2461140.311485012 -45013438.29395469 -220011624.0020819 -32499806.55926419
2461140.312179456 -44980478.83229249 -219939285.2252717 -32494499.62350668
2461140.312873900 -44947513.67377365 -219866919.5472615 -32489188.674067758
2461140.313568345 -44914542.816925906 -219794526.9491311 -32483873.70751417
2461140.314262789 -44881566.26027625 -219722107.41193458 -32478554.72040761
2461140.314957234 -44848584.00235098 -219649660.91670048 -32473231.709304452
2461140.315651678 -44815596.041675575 -219577187.44443122 -32467904.67075608
2461140.316346123 -44782602.37677488 -219504686.9761036 -32462573.601308398
2461140.317040567 -44749603.00617289 -219432159.4926686 -32457238.49750239
2461140.317735012 -44716597.92839296 -219359604.9750511 -32451899.355873708
2461140.318429456 -44683587.14195772 -219287023.40415022 -32446556.17295281
2461140.319123900 -44650570.64538902 -219214414.7608386 -32441208.94526479
2461140.319818345 -44617548.437207974 -219141779.02596352 -32435857.66932977
2461140.320512789 -44584520.51593503 -219069116.1803455 -32430502.341662303
2461140.321207234 -44551486.880089894 -218996426.2047792 -32425142.95877193
2461140.321901678 -44518447.52819149 -218923709.0800328 -32419779.517162688
2461140.322596123 -44485402.45875812 -218850964.7868486 -32414412.0133336
2461140.323290567 -44452351.67030731 -218778193.3059423 -32409040.44377801
2461140.323985012 -44419295.16135584 -218705394.61800298 -32403664.80498434
2461140.324679456 -44386232.93041977 -218632568.7036936 -32398285.093435477
2461140.325373901 -44353151.872823484 -218559717.68411708 -32392911.80795187
2461140.326068345 -44320063.203730136 -218486839.70759138 -32387535.95476155
2461140.326762789 -44286995.82864599 -218413930.0326113 -32382134.36105179
2461140.327457234 -44253926.73996834 -218340992.3978885 -32376725.46291222
2461140.328151678 -44220460.04962099 -218268091.4547686 -32371626.543882843
2461140.328846123 -44186942.04071098 -218195170.6156939 -32366560.06892804
2461140.329540567 -44154187.304683775 -218122096.7917573 -32360873.17092874
2461140.330235011 -44121528.44138303 -218048978.9877486 -32355100.73617274
2461140.330929456 -44086478.22223088 -217976223.49266502 -32351236.11204278
2461140.331623901 -44051319.75407362 -217903457.32098758 -32347449.57061925
2461140.332318345 -44020038.95502718 -217830029.3220253 -32340546.63080089
2461140.333012789 -43989037.256710395 -217756527.3344047 -32333411.23268731
2461140.333707234 -43953667.38071711 -217683710.4939351 -32329768.18064482
2461140.334401678 -43919693.866495505 -217610637.0605522 -32324998.35151283
2461140.335096123 -43889154.461650014 -217536974.1485602 -32317468.25450075
2461140.335790567 -43856380.160083584 -217463647.8674149 -32311720.10397007
2461140.336485012 -43820636.463985644 -217390778.18500683 -32308342.50961136
2461140.337179456 -43786801.30352701 -217317568.19412178 -32303426.94768496
2461140.337873900 -43754154.64540298 -217244135.5039734 -32297550.34102641
2461140.338568345 -43720980.36738066 -217170760.4514044 -32292087.72802414
2461140.339262790 -43687275.07757273 -217097443.57021388 -32287041.824990932
2461140.339957234 -43653962.327720314 -217024033.962219 -32281672.642519668
2461140.340651678 -43620779.4397041 -216950574.520192 -32276190.64317727
2461140.341346123 -43587570.13307497 -216877090.7550869 -32270721.03817378
2461140.342040567 -43554337.983748965 -216803582.0624671 -32265260.95772443
2461140.342735012 -43521115.11361837 -216730043.1743047 -32259784.66136519
2461140.343429456 -43487889.97777908 -216656475.956343 -32254301.39381958
2461140.344123900 -43454659.07858186 -216582880.95964438 -32248813.95247857
2461140.344818345 -43421422.414533265 -216509258.1641019 -32243322.3336658
2461140.345512789 -43388179.98413933 -216435607.5495807 -32237826.53369939
2461140.346207234 -43354931.785895854 -216361929.0958965 -32232326.54888989
2461140.346901678 -43321677.81828806 -216288222.7828154 -32226822.37554088
2461140.347596123 -43288418.0798022 -216214488.5900782 -32221314.009950288
2461140.348290567 -43255152.568935625 -216140726.4974241 -32215801.44841228
2461140.348985012 -43221881.28419344 -216066936.4845824 -32210284.68721654
2461140.349679456 -43188604.22406776 -215993118.5312265 -32204763.722645313
2461140.350373900 -43155321.38704034 -215919272.6169799 -32199238.550973207
2461140.351068345 -43122032.771594435 -215845398.7214424 -32193709.16846942
2461140.351762789 -43088738.376223855 -215771496.8242098 -32188175.57139923
2461140.352457234 -43055438.19942923 -215697566.9048663 -32182637.7560235
2461140.353151678 -43022132.23970721 -215623608.9429595 -32177095.718596518
2461140.353846123 -42988820.4955422 -215549622.9179829 -32171549.4553649
2461140.354540567 -42955502.96541268 -215475608.8093892 -32165998.96256863
2461140.355235012 -42922179.64780822 -215401566.5966282 -32160444.2364436
2461140.355929456 -42888850.54122597 -215327496.2591393 -32154885.27322139
2461140.356623901 -42855515.644160174 -215253397.7763277 -32149322.06912721
2461140.357318345 -42822174.95509352 -215179271.1275453 -32143754.62037863
2461140.358012789 -42788828.47249993 -215105116.2920968 -32138182.92318593
2461140.358707234 -42755476.194857195 -215030933.2492675 -32132606.97375424
2461140.359401678 -42722118.120656475 -214956721.9783451 -32127026.768285
2461140.360096123 -42688754.248390764 -214882482.4585931 -32121442.30297425
2461140.360790567 -42655384.576537125 -214808214.6692116 -32115853.57400944
2461140.361485011 -42622009.103567 -214733918.58936048 -32110260.5775712
2461140.362179456 -42588627.827961795 -214659594.1981931 -32104663.30983608
2461140.362873901 -42555240.74821026 -214585241.47485158 -32099061.76697575
2461140.363568345 -42521847.86279436 -214510860.3984343 -32093455.94515504
2461140.364262789 -42488449.17019156 -214436450.9480018 -32087845.840531968
2461140.364957234 -42455044.66887972 -214362013.10258678 -32082231.44925876
2461140.365651678 -42421634.357338354 -214287546.8411971 -32076612.76748203
2461140.366346123 -42388218.234045334 -214213052.142809 -32070989.79134201
2461140.367040567 -42354796.29747762 -214138528.98636752 -32065362.51697291
2461140.367735012 -42321368.54611162 -214063977.3507885 -32059730.94050275
2461140.368429456 -42287934.97842332 -213989397.2149575 -32054095.05805372
2461140.369123900 -42254495.59288807 -213914788.5577306 -32048454.86574154
2461140.369818345 -42221050.38798055 -213840151.3579329 -32042810.359676138
2461140.370512790 -42187599.3621749 -213765485.59435982 -32037161.53596107
2461140.371207234 -42154142.51394463 -213690791.2457762 -32031508.39069387
2461140.371901678 -42120679.841762625 -213616068.29091692 -32025850.91996581
2461140.372596123 -42087211.34410132 -213541316.70848608 -32020189.11986193
2461140.373290567 -42053737.01943223 -213466536.4771572 -32014522.98646125
2461140.373985012 -42020256.86622663 -213391727.57557368 -32008852.51583649
2461140.374679456 -41986770.88295546 -213316889.9823489 -32003177.704054188
2461140.375373900 -41953279.06808849 -213242023.6760647 -31997498.54717456
2461140.376068345 -41919781.42009358 -213167128.6352687 -31991815.04125125
2461140.376762789 -41886277.93744014 -213092204.83848262 -31986127.18233229
2461140.377457234 -41852768.618600406 -213017252.2642052 -31980434.966459647
2461140.378151678 -41819253.462040596 -212942270.8908916 -31974738.38966836
2461140.378846123 -41785732.46621616 -212867260.6969439 -31969037.4479852
2461140.379540567 -41752205.62958781 -212792221.6607456 -31963332.13743167
2461140.380235012 -41718672.950635895 -212717153.7606944 -31957622.45402655
2461140.380929456 -41685134.427841835 -212642056.9751606 -31951908.393782422
2461140.381623900 -41651590.05966857 -212566931.2824434 -31946189.95270236
2461140.382318345 -41618039.8445674 -212491776.66078562 -31940467.126781248
2461140.383012789 -41584483.78099918 -212416593.0884211 -31934739.91200935
2461140.383707234 -41550921.86743061 -212341380.5435671 -31929008.30437156
2461140.384401678 -41517354.10232605 -212266139.00440508 -31923272.29984611
2461140.385096123 -41483780.48414569 -212190868.4490771 -31917531.894404057
2461140.385790567 -41450201.01135087 -212115568.8556968 -31911787.08401044
2461140.386485012 -41416615.682402745 -212040240.20234782 -31906037.86462381
2461140.387179456 -41383024.495762065 -211964882.46708152 -31900284.23219624
2461140.387873901 -41349427.44988854 -211889495.6279165 -31894526.182673432
2461140.388568345 -41315824.54324156 -211814079.6628406 -31888763.71199415
2461140.389262789 -41282215.77427995 -211738634.549809 -31882996.81609118
2461140.389957234 -41248601.14146207 -211663160.266745 -31877225.4908904
2461140.390651678 -41214980.64324567 -211587656.79153982 -31871449.73231139
2461140.391346123 -41181354.278088056 -211512124.10205272 -31865669.53626697
2461140.392040567 -41147722.04444591 -211436562.1761105 -31859884.89866338
2461140.392735011 -41114083.94077545 -211360970.9915077 -31854095.81540043
2461140.393429456 -41080439.96553238 -211285350.52600688 -31848302.28237117
2461140.394123901 -41046790.11717191 -211209700.75733742 -31842504.29546207
2461140.394818345 -41013134.39414868 -211134021.6631966 -31836701.85055303
2461140.395512789 -40979472.79491685 -211058313.2212496 -31830894.94351709
2461140.396207234 -40945805.31793007 -210982575.4091281 -31825083.57022097
2461140.396901678 -40912131.96164144 -210906808.2044317 -31819267.72652438
2461140.397596123 -40878452.72450367 -210831011.5847269 -31813447.40828034
2461140.398290567 -40844767.6049688 -210755185.5275476 -31807622.61133548
2461140.398985012 -40811076.60148855 -210679330.0103946 -31801793.3315293
2461140.399679456 -40777379.71251404 -210603445.0107356 -31795959.56469477
2461140.400373900 -40743676.93649593 -210527530.50600588 -31790121.30665811
2461140.401068345 -40709968.2718843 -210451586.4736069 -31784278.553238682
2461140.401762790 -40676253.717128925 -210375612.89090702 -31778431.30024908
2461140.402457234 -40642533.27067896 -210299609.7352416 -31772579.54349513
2461140.403151678 -40608806.93098312 -210223576.9839127 -31766723.278775692
2461140.403846123 -40575074.69648961 -210147514.61418882 -31760862.501883112
2461140.404540567 -40541336.565646216 -210071422.6033047 -31754997.20860242
2461140.405235012 -40507592.5369002 -209995300.9284621 -31749127.39471225
2461140.405929456 -40473842.608698405 -209919149.5668288 -31743253.055983968
2461140.406623900 -40440086.779487126 -209842968.4955391 -31737374.18818225
2461140.407318345 -40406325.04771226 -209766757.69169328 -31731490.78706482
2461140.408012789 -40372557.41181926 -209690517.1323582 -31725602.84838238
2461140.408707234 -40338783.87025306 -209614246.79456618 -31719710.36787878
2461140.409401678 -40305004.421458155 -209537946.6553162 -31713813.34129098
2461140.410096123 -40271219.06387864 -209461616.6915726 -31707911.76434874
2461140.410790567 -40237427.79595811 -209385256.8802664 -31702005.632774983
2461140.411485012 -40203630.616139695 -209308867.1982936 -31696094.94228562
2461140.412179456 -40169827.52286612 -209232447.6225163 -31690179.68858936
2461140.412873900 -40136018.51457964 -209155998.1297622 -31684259.86738813
2461140.413568345 -40102203.58972216 -209079518.6968247 -31678335.47437661
2461140.414262789 -40068382.74673503 -209003009.3004627 -31672406.50524248
2461140.414957234 -40034555.984059125 -208926469.91739988 -31666472.95566632
2461140.415651678 -40000723.30013501 -208849900.5243263 -31660534.82132158
2461140.416346123 -39966884.6934032 -208773301.09789762 -31654592.09787457
2461140.417040567 -39933040.162303224 -208696671.61473328 -31648644.78098454
2461140.417735012 -39899189.70527267 -208620012.051415 -31642692.86630327
2461140.418429456 -39865333.3207511 -208543322.3844947 -31636736.34947558
2461140.419123901 -39831471.00718095 -208466602.5904966 -31630775.226139992
2461140.419818345 -39797602.7629987 -208389852.6458974 -31624809.491926588
2461140.420512789 -39763728.5866303 -208313072.5271156 -31618839.142456587
2461140.421207234 -39729848.47650701 -208236262.2105474 -31612864.1733449
2461140.421901678 -39695962.43108021 -208159421.67260042 -31606884.580202818
2461140.422596123 -39662070.4488025 -208082550.88965032 -31600900.3586347
2461140.423290567 -39628172.52810798 -208005649.83799627 -31594911.5042343
2461140.423985011 -39594268.66741919 -207928718.4938767 -31588918.012586173
2461140.424679456 -39560358.86516846 -207851756.8335173 -31582919.87926939
2461140.425373901 -39526443.11979422 -207774764.833123 -31576917.099856697
2461140.426068345 -39492521.429732695 -207697742.46885848 -31570909.66991329
2461140.426762789 -39458593.79341617 -207620689.7168448 -31564897.58499619
2461140.427457234 -39424660.20927811 -207543606.5531705 -31558880.84065552
2461140.428151678 -39390720.67575214 -207466492.9538893 -31552859.432433818
2461140.428846123 -39356775.19127156 -207389348.8950187 -31546833.355866432
2461140.429540567 -39322823.754268795 -207312174.3525392 -31540802.60648114
2461140.430235012 -39288866.36317614 -207234969.3023955 -31534767.17979819
2461140.430929456 -39254903.016425595 -207157733.7204961 -31528727.07133046
2461140.431623900 -39220933.71244876 -207080467.5827128 -31522682.27658319
2461140.432318345 -39186958.44967685 -207003170.86488098 -31516632.79105425
2461140.433012790 -39152977.22654078 -206925843.5427996 -31510578.610233888
2461140.433707234 -39118990.0414711 -206848485.592231 -31504519.72960489
2461140.434401678 -39084996.892898105 -206771096.9889008 -31498456.14464227
2461140.435096123 -39050997.77925162 -206693677.7084973 -31492387.8508138
2461140.435790567 -39016992.6989612 -206616227.72667268 -31486314.84357934
2461140.436485012 -38982981.65045615 -206538747.0190416 -31480237.11839122
2461140.437179456 -38948964.63216531 -206461235.5611821 -31474154.67069417
2461140.437873900 -38914941.64251734 -206383693.32863468 -31468067.49592524
2461140.438568345 -38880912.67994046 -206306120.2969029 -31461975.589513842
2461140.439262789 -38846877.742862694 -206228516.44145298 -31455878.94688161
2461140.439957234 -38812836.82971166 -206150881.73771358 -31449777.563442558
2461140.440651678 -38778789.938914746 -206073216.16107622 -31443671.434602797
2461140.441346123 -38744737.06889898 -205995519.6868948 -31437560.555760972
2461140.442040567 -38710678.21809113 -205917792.2904852 -31431444.922307722
2461140.442735012 -38676613.38491765 -205840033.9471262 -31425324.529625982
2461140.443429456 -38642542.56780478 -205762244.63205832 -31419199.37309092
2461140.444123900 -38608465.76517833 -205684424.32048452 -31413069.44806983
2461140.444818345 -38574382.97546398 -205606572.9875696 -31406934.74992219
2461140.445512789 -38540294.19708703 -205528690.6084405 -31400795.27399965
2461140.446207234 -38506199.42847252 -205450777.15818602 -31394651.01564584
2461140.446901678 -38472098.6680453 -205372832.6118564 -31388501.97019667
2461140.447596123 -38437991.91422983 -205294856.9444641 -31382348.132980138
2461140.448290567 -38403879.16545046 -205216850.13098282 -31376189.499316152
2461140.448985012 -38369760.42013114 -205138812.146348 -31370026.064516757
2461140.449679456 -38335635.67669563 -205060742.96545672 -31363857.82388599
2461140.450373901 -38301504.93356748 -204982642.5631667 -31357684.772720017
2461140.451068345 -38267368.189169906 -204904510.91429788 -31351506.90630684
2461140.451762789 -38233225.441925965 -204826347.9936308 -31345324.21992646
2461140.452457234 -38199076.690258406 -204748153.7759073 -31339136.70885096
2461140.453151678 -38164921.93258983 -204669928.2358301 -31332944.36834431
2461140.453846123 -38130761.16734252 -204591671.34806302 -31326747.19366222
2461140.454540567 -38096594.39293859 -204513383.0872308 -31320545.180052478
2461140.455235011 -38062421.60779994 -204435063.4279185 -31314338.32275473
2461140.455929456 -38028242.81034826 -204356712.3446724 -31308126.617000367
2461140.456623901 -37994057.99900479 -204278329.8119989 -31301910.0580128
2461140.457318345 -37959867.17219095 -204199915.80436522 -31295688.64100704
2461140.458012789 -37925670.32832806 -204121470.2961997 -31289462.36119008
2461140.458707234 -37891467.465836816 -204042993.2618898 -31283231.213760648
2461140.459401678 -37857258.58313627 -203964484.6757799 -31276995.19390884
2461140.460096123 -37823043.678647466 -203885944.51217958 -31270754.29681709
2461140.460790567 -37788822.75079477 -203807372.74536672 -31264508.51765985
2461140.461485012 -37754595.79799668 -203728769.34956563 -31258257.85160263
2461140.462179456 -37720362.818661354 -203650134.2989375 -31252002.29380045
2461140.462873900 -37686123.81120248 -203571467.5676164 -31245741.839401152
2461140.463568345 -37651878.7740543 -203492769.12974373 -31239476.48354806
2461140.464262790 -37617627.70565264 -203414038.95942402 -31233206.221376337
2461140.464957234 -37583370.60441477 -203335277.03067988 -31226931.048009466
2461140.465651678 -37549107.46874652 -203256483.31746668 -31220650.95856039
2461140.466346123 -37514838.29706391 -203177657.79372332 -31214365.94813538
2461140.467040567 -37480563.08778933 -203098800.4333625 -31208076.01183379
2461140.467735012 -37446281.83934324 -203019911.2102525 -31201781.14474571
2461140.468429456 -37411994.55014231 -202940990.0982117 -31195481.34195246
2461140.469123900 -37377701.21860455 -202862037.0710212 -31189176.59852689
2461140.469818345 -37343401.843148634 -202783052.1024224 -31182866.90953343
2461140.470512789 -37309096.42219287 -202704035.16611558 -31176552.270028003
2461140.471207234 -37274784.954155214 -202624986.2357584 -31170232.67505789
2461140.471901678 -37240467.4374535 -202545905.28496772 -31163908.11966166
2461140.472596123 -37206143.8705057 -202466792.2873187 -31157578.598869413
2461140.473290567 -37171814.25172944 -202387647.2163453 -31151244.10770249
2461140.473985012 -37137478.579542466 -202308470.0455394 -31144904.64117355
2461140.474679456 -37103136.85236226 -202229260.7483512 -31138560.19428678
2461140.475373900 -37068789.06860628 -202150019.29818928 -31132210.76203731
2461140.476068345 -37034435.22304022 -202070745.6259073 -31125856.36814361
2461140.476762789 -37000075.31641663 -201991439.7320167 -31119496.989209287
2461140.477457234 -36965709.35666505 -201912101.7005381 -31113132.54536153
2461140.478151678 -36931337.33612346 -201832731.43393758 -31106763.07939223
2461140.478846123 -36896959.11976608 -201753327.3504101 -31100389.63690992
2461140.479540567 -36862574.78708207 -201673890.3679363 -31094011.57449174
2461140.480235012 -36828184.67251506 -201594424.3753922 -31087626.24134849
2461140.480929456 -36793788.57014183 -201514926.964412 -31081235.24140137
2461140.481623901 -36759385.25564221 -201435383.85128167 -31074848.20077429
2461140.482318345 -36724975.38837921 -201355802.7184171 -31068459.906791277
2461140.483012789 -36690561.65073484 -201276214.8340668 -31062049.212863542
2461140.483707234 -36656142.65849654 -201196604.04093298 -31055627.009002082
2461140.484401678 -36621712.787106425 -201116904.7676487 -31049237.5721352
2461140.485096123 -36587272.44472546 -201037121.9106594 -31042877.59818742
2461140.485790567 -36552829.76955292 -200957350.5257718 -31036482.88096199
2461140.486485011 -36518386.10334713 -200877606.1459659 -31030042.88433572
2461140.487179456 -36483935.8246767 -200797822.9588809 -31023601.9961752
2461140.487873901 -36449477.21275922 -200717980.82797438 -31017173.78425882
2461140.488568345 -36415012.77356069 -200638109.0689171 -31010738.44029474
2461140.489262789 -36380543.48084609 -200558219.06377098 -31004288.25829654
2461140.489957234 -36346068.05245771 -200478295.8004222 -30997833.34602063
2461140.490651678 -36311586.245224096 -200398336.42287868 -30991375.60687476
2461140.491346123 -36277098.36595944 -200318344.5145057 -30984912.59907668
2461140.492040567 -36242604.53637123 -200238321.4911315 -30978443.343377758
2461140.492735012 -36208104.60950903 -200158265.6230284 -30971968.98305272
2461140.493429456 -36173598.576747224 -200078176.7999377 -30965489.56854484
2461140.494123900 -36139086.44512195 -199998055.0951236 -30959005.02645652
2461140.494818345 -36104568.21658969 -199917900.522263 -30952515.323546637
2461140.495512790 -36070043.88556231 -199837713.0065631 -30946020.48621529
2461140.496207234 -36035513.45045709 -199757492.5201296 -30939520.5091859
2461140.496901678 -36000976.90969126 -199677239.0350233 -30933015.3871723
2461140.497596123 -35966434.26168211 -199596952.52325922 -30926505.11487907
2461140.498290567 -35931885.504847236 -199516632.95680848 -30919989.68700122
2461140.498985012 -35897330.63760457 -199436280.3075968 -30913469.09822445
2461140.499679456 -35862769.65837156 -199355894.5475035 -30906943.34322475
2461140.500373900 -35828202.565564126 -199275475.6483583 -30900412.416668363
2461140.501068345 -35793629.35760152 -199195023.58195332 -30893876.31321262
2461140.501762789 -35759050.03290569 -199114538.32004023 -30887335.02750561
2461140.502457234 -35724464.589892335 -199034019.8343106 -30880788.55418472
2461140.503151678 -35689873.02696694 -198953468.0963858 -30874236.88787578
2461140.503846123 -35655275.34254421 -198872883.07786208 -30867680.02319674
2461140.504540567 -35620671.53505862 -198792264.7503356 -30861117.95475947
2461140.505235012 -35586061.60294454 -198711613.0853557 -30854550.67716609
2461140.505929456 -35551445.544616476 -198630928.05437818 -30847978.185005408
2461140.506623900 -35516823.35848089 -198550209.62879378 -30841400.472854793
2461140.507318345 -35482195.04295487 -198469457.7799708 -30834817.53528387
2461140.508012789 -35447560.59646177 -198388672.4792452 -30828229.36685356
2461140.508707234 -35412920.01742237 -198307853.69789928 -30821635.96211447
2461140.509401678 -35378273.30425466 -198227001.4071621 -30815037.3156069
2461140.510096123 -35343620.45537844 -198146115.57821888 -30808433.42186154
2461140.510790567 -35308961.46921429 -198065196.1822095 -30801824.275399208
2461140.511485012 -35274296.34418272 -197984243.1902256 -30795209.870731022
2461140.512179456 -35239625.078704275 -197903256.5733113 -30788590.20235768
2461140.512873901 -35204947.671199806 -197822236.3024632 -30781965.26477033
2461140.513568345 -35170264.1200904 -197741182.34863088 -30775335.052449968
2461140.514262789 -35135574.42379753 -197660094.6827155 -30768699.559867762
2461140.514957234 -35100878.58074265 -197578973.27557102 -30762058.78148446
2461140.515651678 -35066176.589347675 -197497818.0980033 -30755412.711751092
2461140.516346123 -35031468.44803474 -197416629.12077013 -30748761.345108427
2461140.517040567 -34996754.155226186 -197335406.31458092 -30742104.67598727
2461140.517735011 -34962033.70934465 -197254149.6500974 -30735442.69880811
2461140.518429456 -34927307.10881309 -197172859.0979326 -30728775.40798135
2461140.519123901 -34892574.35205471 -197091534.628651 -30722102.79790725
2461140.519818345 -34857835.437493 -197010176.2127687 -30715424.86297573
2461140.520512789 -34823090.36355183 -196928783.8207528 -30708741.597566538
2461140.521207234 -34788339.12865527 -196847357.4230218 -30702052.99604918
2461140.521901678 -34753581.731227756 -196765896.98994508 -30695359.05278282
2461140.522596123 -34718818.16969406 -196684402.4918431 -30688659.76211634
2461140.523290567 -34684048.442479305 -196602873.89898732 -30681955.1183882
2461140.523985012 -34649272.54800883 -196521311.18159938 -30675245.1159265
2461140.524679456 -34614490.48470848 -196439714.30985197 -30668529.74904903
2461140.525373900 -34579702.25100433 -196358083.2538682 -30661809.01206301
2461140.526068345 -34544907.84532287 -196276417.9837211 -30655082.89926537
2461140.526762790 -34510107.26609097 -196194718.4694345 -30648351.40494238
2461140.527457234 -34475300.51173581 -196112984.680982 -30641614.52336983
2461140.528151678 -34440487.58068502 -196031216.5882872 -30634872.24881313
2461140.528846123 -34405668.471366554 -195949414.1612238 -30628124.57552699
2461140.529540567 -34370843.182208814 -195867577.3696149 -30621371.49775558
2461140.530235012 -34336011.71164062 -195785706.1832338 -30614613.0097323
2461140.530929456 -34301174.058091104 -195703800.5718025 -30607849.105680242
2461140.531623900 -34266330.21998995 -195621860.5049929 -30601079.77981151
2461140.532318345 -34231480.19576715 -195539885.9524262 -30594305.02632754
2461140.533012789 -34196623.98385322 -195457876.8836728 -30587524.83941916
2461140.533707234 -34161761.58267904 -195375833.2682516 -30580739.21326641
2461140.534401678 -34126892.99067603 -195293755.0756309 -30573948.1420386
2461140.535096123 -34092018.20627597 -195211642.2752276 -30567151.61989396
2461140.535790567 -34057137.2279112 -195129494.8364075 -30560349.64098017
2461140.536485012 -34022250.054014444 -195047312.72848418 -30553542.199434012
2461140.537179456 -33987356.68301899 -194965095.9207205 -30546729.28938128
2461140.537873900 -33952457.113358565 -194882844.38232732 -30539910.904936682
2461140.538568345 -33917551.3434674 -194800558.0824633 -30533087.04020439
2461140.539262789 -33882639.37178008 -194718236.99023512 -30526257.68927725
2461140.539957234 -33847721.19673201 -194635881.0746981 -30519422.846237168
2461140.540651678 -33812796.81675929 -194553490.3048552 -30512582.50515519
2461140.541346123 -33777866.23029798 -194471064.6496564 -30505736.66009112
2461140.542040567 -33742929.43578307 -194388604.0779953 -30498885.30509318
2461140.542735012 -33707986.4316533 -194306108.5587198 -30492028.43419944
2461140.543429456 -33673037.21635047 -194223578.0606316 -30485166.041437
2461140.544123901 -33638081.78831072 -194141012.5524647 -30478298.12082068
2461140.544818345 -33603120.14596012 -194058412.00287488 -30471424.66635196
2461140.545512789 -33568152.287734546 -193975776.3804866 -30464545.67202291
2461140.546207234 -33533178.21209031 -193893105.6539179 -30457661.1318183
2461140.546901678 -33498197.91748406 -193810399.79173303 -30450771.03971146
2461140.547596123 -33463211.402352784 -193727658.7623946 -30443875.389660303
2461140.548290567 -33428218.665125787 -193644882.5342921 -30436974.175610032
2461140.548985011 -33393219.704243653 -193562071.0757864 -30430067.39149625
2461140.549679456 -33358214.51815364 -193479224.3551987 -30423155.031244528
2461140.550373901 -33323203.10530084 -193396342.34078938 -30416237.088768322
2461140.551068345 -33288185.46412811 -193313425.0007583 -30409313.55796916
2461140.551762789 -33253161.5930805 -193230472.3032541 -30402384.43273722
2461140.552457234 -33218131.490604296 -193147484.2163726 -30395449.706951212
2461140.553151678 -33183095.155146256 -193064460.70815432 -30388509.37447861
2461140.553846123 -33148052.585153572 -192981401.7465848 -30381563.42917474
2461140.554540567 -33113003.77907425 -192898307.299595 -30374611.86488355
2461140.555235012 -33077948.735356994 -192815177.33506042 -30367654.675437428
2461140.555929456 -33042887.45245125 -192732011.820802 -30360691.8546568
2461140.556623900 -33007819.928807206 -192648810.7245852 -30353723.39635063
2461140.557318345 -32972746.162875783 -192565574.0141203 -30346749.29431592
2461140.558012790 -32937666.15310855 -192482301.6570617 -30339769.542337958
2461140.558707234 -32902579.89795793 -192398993.62100822 -30332784.13419039
2461140.559401678 -32867487.395877063 -192315649.8735033 -30325793.063634638
2461140.560096123 -32832388.6453199 -192232270.38203368 -30318796.32442062
2461140.560790567 -32797283.644741118 -192148855.1140308 -30311793.910286028
2461140.561485012 -32762172.39259623 -192065404.0368693 -30304785.81495681
2461140.562179456 -32727054.88734151 -191981917.1178678 -30297772.03214681
2461140.562873900 -32691931.127434053 -191898394.3242884 -30290752.55555801
2461140.563568345 -32656801.111331798 -191814835.6233364 -30283727.37888019
2461140.564262789 -32621664.837493498 -191731240.9821603 -30276696.49579117
2461140.564957234 -32586522.304378748 -191647610.3678518 -30269659.89995662
2461140.565651678 -32551373.51044796 -191563943.74744558 -30262617.585029997
2461140.566346123 -32516218.45416245 -191480241.08791903 -30255569.54465272
2461140.567040567 -32481057.133984387 -191396502.3561922 -30248515.772453893
2461140.567735012 -32445889.54837681 -191312727.5191277 -30241456.26205044
2461140.568429456 -32410715.69580365 -191228916.54353037 -30234391.007047098
2461140.569123900 -32375535.57472975 -191145069.3961473 -30227320.00103607
2461140.569818345 -32340349.18362086 -191061186.04366782 -30220243.23759745
2461140.570512789 -32305156.52094364 -190977266.4527231 -30213160.71029878
2461140.571207234 -32269957.58516566 -190893310.5898858 -30206072.41269542
2461140.571901678 -32234752.374755498 -190809318.4216709 -30198978.338329997
2461140.572596123 -32199540.88818263 -190725289.91453412 -30191878.48073299
2461140.573290567 -32164323.12391749 -190641225.0348731 -30184772.83342205
2461140.573985012 -32129099.080431502 -190557123.7490262 -30177661.38990261
2461140.574679456 -32093868.75619707 -190472986.02327308 -30170544.143667363
2461140.575373901 -32058632.14968763 -190388811.82383448 -30163421.0881963
2461140.576068345 -32023389.259377543 -190304601.1168716 -30156292.216957018
2461140.576762789 -31988140.08374223 -190220353.86848632 -30149157.523404222
2461140.577457234 -31952884.62125817 -190136070.0447209 -30142017.00098006
2461140.578151678 -31917622.87040281 -190051749.61155802 -30134870.643113803
2461140.578846123 -31882354.8296547 -189967392.5349204 -30127718.44322205
2461140.579540567 -31847080.49749344 -189882998.78067118 -30120560.39470853
2461140.580235011 -31811799.87239966 -189798568.31461242 -30113396.49096409
2461140.580929456 -31776512.95285499 -189714101.1024865 -30106226.72536689
2461140.581623901 -31741219.73734239 -189629597.1099754 -30099051.091281958
2461140.582318345 -31705920.22434613 -189545056.3027013 -30091869.58206142
2461140.583012789 -31670614.41235099 -189460478.6462238 -30084682.19104457
2461140.583707234 -31635302.29984131 -189375864.1060382 -30077488.91155704
2461140.584401678 -31599983.885305718 -189291212.6475861 -30070289.73691224
2461140.585096123 -31564659.16723667 -189206524.2362541 -30063084.660410922
2461140.585790567 -31529328.14412131 -189121798.8373522 -30055873.67533954
2461140.586485012 -31493990.81443733 -189037036.4161033 -30048656.77496892
2461140.587179456 -31458647.17667286 -188952236.93769062 -30041433.95255895
2461140.587873900 -31423297.22933735 -188867400.3672838 -30034205.201360058
2461140.588568345 -31387940.97094114 -188782526.6699901 -30026970.514609568
2461140.589262790 -31352578.39997533 -188697615.8108049 -30019729.88552722
2461140.589957234 -31317209.51492389 -188612667.7546416 -30012483.3073177
2461140.590651678 -31281834.3142827 -188527682.46637648 -30005230.77317436
2461140.591346123 -31246452.79655512 -188442659.9108383 -29997972.27627882
2461140.592040567 -31211064.96024293 -188357600.05278608 -29990707.809798032
2461140.592735012 -31175670.80384621 -188272502.8569086 -29983437.366885312
2461140.593429456 -31140270.32586791 -188187368.2878354 -29976160.94068072
2461140.594123900 -31104863.52481289 -188102196.3101339 -29968878.52431066
2461140.594818345 -31069450.3991871 -188016986.8883079 -29961590.11088807
2461140.595512789 -31034030.94749751 -187931739.98679668 -29954295.69351213
2461140.596207234 -30998605.16825264 -187846455.5699762 -29946995.26526823
2461140.596901678 -30963173.05996233 -187761133.6021582 -29939688.8192284
2461140.597596123 -30927734.62113785 -187675774.04759058 -29932376.34845043
2461140.598290567 -30892289.85029174 -187590376.8704567 -29925057.84597866
2461140.598985012 -30856838.74593805 -187504942.0348759 -29917733.30484355
2461140.599679456 -30821381.306592178 -187419469.5049024 -29910402.718061507
2461140.600373900 -30785917.530770943 -187333959.2445258 -29903066.07863526
2461140.601068345 -30750447.41699259 -187248411.2176708 -29895723.379553378
2461140.601762789 -30714970.96377685 -187162825.388197 -29888374.61379063
2461140.602457234 -30679488.16964489 -187077201.7198984 -29881019.77430757
2461140.603151678 -30643999.03311934 -186991540.17650408 -29873658.854050837
2461140.603846123 -30608503.552724343 -186905840.7216771 -29866291.845952887
2461140.604540567 -30573001.72698551 -186820103.31901452 -29858918.74293201
2461140.605235012 -30537493.55443 -186734327.932048 -29851539.537892308
2461140.605929456 -30501979.033586472 -186648514.5242424 -29844154.22372375
2461140.606623901 -30466458.16298514 -186562663.0589969 -29836762.79330192
2461140.607318345 -30430930.94115776 -186476773.49964347 -29829365.239488207
2461140.608012789 -30395397.36663768 -186390845.8094483 -29821961.55512957
2461140.608707234 -30359857.437959798 -186304879.9516097 -29814551.73305863
2461140.609401678 -30324311.15366063 -186218875.8892598 -29807135.766093522
2461140.610096123 -30288758.51227828 -186132833.585463 -29799713.6470379
2461140.610790567 -30253199.51235253 -186046753.0032168 -29792285.368681088
2461140.611485011 -30217634.15242473 -185960634.1054506 -29784850.92379757
2461140.612179456 -30182062.4310379 -185874476.85502642 -29777410.30514758
2461140.612873901 -30146484.34673682 -185788281.2147385 -29769963.50547641
2461140.613568345 -30110899.89820881 -185702047.1472837 -29762510.51733796
2461140.614262789 -30075309.659769792 -185615774.497143 -29755050.61129764
2461140.614957234 -30039713.035239 -185529463.3489675 -29747584.52598727
2461140.615651678 -30004108.94327351 -185443113.8869396 -29740113.60854651
2461140.616346123 -29968498.437590152 -185356725.85693762 -29732636.52821913
2461140.617040567 -29932908.052112207 -185270293.7610422 -29725119.98824434
2461140.617735012 -29897305.30240586 -185183824.2473705 -29717604.7330588
2461140.618429456 -29861651.19234958 -185097325.2996712 -29710139.673840772
2461140.619123900 -29825995.04214416 -185010786.73026142 -29702662.92732039
2461140.619818345 -29790416.330949 -184924191.8593424 -29695074.61593975
2461140.620512790 -29754759.610629693 -184837573.3130176 -29687570.121024173
2461140.621207234 -29719050.945283562 -184750925.39291778 -29680116.570302162
2461140.621901678 -29683435.421963148 -184664217.8489864 -29672531.74040317
2461140.622596123 -29647832.715354152 -184577467.3587907 -29664916.49652175
2461140.623290567 -29612219.067783732 -184490678.0754567 -29657300.24687496
2461140.623985012 -29576599.33354722 -184403850.86739722 -29649677.9512482
2461140.624679456 -29540973.12795552 -184316984.3689942 -29642049.301695593
2461140.625373900 -29505340.198390972 -184230078.0396596 -29634414.29834141
2461140.626068345 -29469701.325658508 -184143133.69208482 -29626773.069786422
2461140.626762789 -29434055.886010587 -184056149.7687755 -29619125.47458825
2461140.627457234 -29398403.79548373 -183969126.0291524 -29611471.48735176
2461140.628151678 -29362745.75896437 -183882064.17576808 -29603811.26580977
2461140.628846123 -29327080.93667821 -183794962.3523742 -29596144.80556599
2461140.629540567 -29291409.82330914 -183707820.97764122 -29588471.6033919
2461140.630235012 -29255730.955032863 -183620640.0127652 -29580794.19085773
2461140.630929456 -29220024.278739993 -183533403.0914581 -29573134.33447601
2461140.631623900 -29184249.04538389 -183446080.0997354 -29565538.76044897
2461140.632318345 -29148846.0188145 -183359003.313972 -29557507.61992757
2461140.633012789 -29113485.70354924 -183271923.77688032 -29549414.15463058
2461140.633707234 -29077461.90598112 -183184309.5540731 -29542059.626583822
2461140.634401678 -29041416.63435255 -183096644.59043458 -29534715.930197142
2461140.635096123 -29005758.71973031 -183009236.7879003 -29526919.193925768
2461140.635790567 -28970069.375461932 -182921770.42094338 -29519144.36610478
2461140.636485012 -28934270.07794692 -182834186.1343821 -29511480.392884832
2461140.637179456 -28898482.96224349 -182746576.1623794 -29503788.91405771
2461140.637873901 -28862734.71669061 -182658960.6257744 -29496039.68572213
2461140.638568345 -28826979.62948945 -182571304.9506663 -29488284.47946316
2461140.639262789 -28791216.8605186 -182483608.46220592 -29480524.236504063
2461140.639957234 -28755447.964083 -182395872.2980735 -29472757.188686248
2461140.640651678 -28719673.1730041 -182308096.59548178 -29464983.0631265
2461140.641346123 -28683891.960576873 -182220280.91660193 -29457202.44636013
2461140.642040567 -28648104.32541498 -182132425.221199 -29449415.330494
2461140.642735011 -28612310.26613435 -182044529.46896198 -29441621.70761852
2461140.643429456 -28576509.78135332 -181956593.6195032 -29433821.56980749
2461140.644123901 -28540702.86969251 -181868617.6323584 -29426014.909118198
2461140.644818345 -28504889.52977496 -181780601.46698678 -29418201.7175911
2461140.645512789 -28469069.76022607 -181692545.08277 -29410381.987250112
2461140.646207234 -28433243.55967366 -181604448.439013 -29402555.710102353
2461140.646901678 -28397410.92674797 -181516311.4949429 -29394722.87813806
2461140.647596123 -28361571.860081743 -181428134.20970923 -29386883.48333068
2461140.648290567 -28325726.35831004 -181339916.5423836 -29379037.517636828
2461140.648985012 -28289874.4200706 -181251658.4519596 -29371184.97299591
2461140.649679456 -28254016.04400349 -181163359.8973524 -29363325.84133065
2461140.650373900 -28218151.22875142 -181075020.8373987 -29355460.11454662
2461140.651068345 -28182279.97295956 -180986641.2308564 -29347587.784532107
2461140.651762790 -28146402.2752757 -180898221.0364047 -29339708.84315845
2461140.652457234 -28110518.134350173 -180809760.21264303 -29331823.28227966
2461140.653151678 -28074627.548835892 -180721258.7180918 -29323931.093732618
2461140.653846123 -28038730.517388448 -180632716.511192 -29316032.26933679
2461140.654540567 -28002827.038666002 -180544133.55030438 -29308126.80089427
2461140.655235012 -27966917.11132945 -180455509.7937099 -29300214.68018988
2461140.655929456 -27931000.734042272 -180366845.199609 -29292295.89899085
2461140.656623900 -27895077.90547071 -180278139.7261217 -29284370.4490469
2461140.657318345 -27859148.6242837 -180189393.3312874 -29276438.322090328
2461140.658012789 -27823212.88915294 -180100605.9730646 -29268499.509835538
2461140.658707234 -27787270.69875284 -180011777.6093302 -29260554.0039797
2461140.659401678 -27751322.05176064 -179922908.1978803 -29252601.79620176
2461140.660096123 -27715366.94685615 -179833997.6964285 -29244642.878163118
2461140.660790567 -27679405.38272242 -179745046.0626074 -29236677.24150756
2461140.661485012 -27643437.35804543 -179656053.2539684 -29228704.87786068
2461140.662179456 -27607462.87151331 -179567019.2279781 -29220725.77883027
2461140.662873900 -27571481.92181548 -179477943.94201702 -29212739.93600557
2461140.663568345 -27535494.50764839 -179388827.3533932 -29204747.340958793
2461140.664262789 -27499500.627712898 -179299669.41933492 -29196747.98524446
2461140.664957234 -27463500.28070552 -179210470.0969696 -29188741.860397138
2461140.665651678 -27427493.46531519 -179121229.3433148 -29180728.95793101
2461140.666346123 -27391480.1802473 -179031947.1153379 -29172709.26934483
2461140.667040567 -27355460.42422867 -178942623.369968 -29164682.78612338
2461140.667735012 -27319434.1959862 -178853258.06404248 -29156649.49973216
2461140.668429456 -27283401.49422758 -178763851.1542595 -29148609.401613392
2461140.669123901 -27247362.317659248 -178674402.5972215 -29140562.48318985
2461140.669818345 -27211316.66500144 -178584912.34947282 -29132508.735868227
2461140.670512789 -27175264.53498298 -178495380.367486 -29124448.1510377
2461140.671207234 -27139205.9263319 -178405806.6076386 -29116380.720068
2461140.671901678 -27103140.83777741 -178316191.0262177 -29108306.43430971
2461140.672596123 -27067069.268053368 -178226533.57942802 -29100225.285094958
2461140.673290567 -27030991.21589742 -178136834.2233896 -29092137.263737258
2461140.673985011 -26994906.68005008 -178047092.9141357 -29084042.3615309
2461140.674679456 -26958815.65925493 -177957309.6076118 -29075940.56975155
2461140.675373901 -26922718.152259022 -177867484.2596774 -29067831.879655723
2461140.676068345 -26886614.157812618 -177777616.8261048 -29059716.28248094
2461140.676762789 -26850503.674669392 -177687707.2625793 -29051593.76944552
2461140.677457234 -26814386.70158633 -177597755.5246979 -29043464.33174873
2461140.678151678 -26778263.23732379 -177507761.56797072 -29035327.96057059
2461140.678846123 -26742133.28064555 -177417725.347819 -29027184.64707178
2461140.679540567 -26705996.83031879 -177327646.8195762 -29019034.382393677
2461140.680235012 -26669853.88511412 -177237525.9384869 -29010877.15765828
2461140.680929456 -26633704.44380567 -177147362.65970728 -29002712.963968072
2461140.681623900 -26597548.50517102 -177057156.93830398 -28994541.79240602
2461140.682318345 -26561386.06799131 -176966908.7292545 -28986363.63403562
2461140.683012790 -26525217.131051153 -176876617.9874468 -28978178.47990061
2461140.683707234 -26489041.69313882 -176786284.6676792 -28969986.32102501
2461140.684401678 -26452859.753046103 -176695908.7246595 -28961787.14841315
2461140.685096123 -26416671.30956845 -176605490.1130054 -28953580.953049533
2461140.685790567 -26380476.36150495 -176515028.7872441 -28945367.72589878
2461140.686485012 -26344274.90765836 -176424524.70181182 -28937147.45790547
2461140.687179456 -26308066.94683512 -176333977.8110534 -28928920.139994383
2461140.687873900 -26271852.47784538 -176243388.0692228 -28920685.76307003
2461140.688568345 -26235631.49950308 -176152755.430482 -28912444.31801686
2461140.689262789 -26199404.01062588 -176062079.8489011 -28904195.79569914
2461140.689957234 -26163170.01003529 -175971361.2784581 -28895940.18696091
2461140.690651678 -26126929.49655659 -175880599.6730383 -28887677.48262588
2461140.691346123 -26090682.469018962 -175789794.9864347 -28879407.673497282
2461140.692040567 -26054428.92625541 -175698947.1723472 -28871130.750358023
2461140.692735012 -26018168.86710289 -175608056.184382 -28862846.70397052
2461140.693429456 -25981902.29040228 -175517121.9760524 -28854555.525076497
2461140.694123900 -25945629.19499838 -175426144.5007776 -28846257.20439713
2461140.694818345 -25909349.57974001 -175335123.7118829 -28837951.73263281
2461140.695512789 -25873063.44348 -175244059.5625988 -28829639.10046338
2461140.696207234 -25836770.78507519 -175152952.0060618 -28821319.298547603
2461140.696901678 -25800471.60338651 -175061800.9953133 -28812992.31752346
2461140.697596123 -25764165.897278987 -174970606.48329931 -28804658.14800797
2461140.698290567 -25727853.66562177 -174879368.4228706 -28796316.78059709
2461140.698985012 -25691534.90728815 -174788086.7667824 -28787968.20586579
2461140.699679456 -25655209.62115558 -174696761.4676936 -28779612.41436777
2461140.700373901 -25618877.80610576 -174605392.4781669 -28771249.396635562
2461140.701068345 -25582539.46102458 -174513979.75066867 -28762879.14318032
2461140.701762789 -25546194.584802028 -174422523.2375677 -28754501.64449193
2461140.702457234 -25509843.17633282 -174331022.8911369 -28746116.89103888
2461140.703151678 -25473485.23451605 -174239478.66355172 -28737724.87326826
2461140.703846123 -25437120.75825443 -174147890.5068884 -28729325.58160531
2461140.704540567 -25400749.74645345 -174056258.37312078 -28720919.00645338
2461140.705235011 -25364372.19802724 -173964582.2141356 -28712505.138195
2461140.705929456 -25327988.11189581 -173872861.9817242 -28704083.96719136
2461140.706623901 -25291597.486976292 -173781097.62756062 -28695655.48378005
2461140.707318345 -25255200.32217962 -173689289.1031931 -28687219.67827435
2461140.708012789 -25218796.61643493 -173597436.3601045 -28678776.54096865
2461140.708707234 -25182386.368694488 -173505539.34972522 -28670326.06213976
2461140.709401678 -25145969.57791222 -173413598.02337793 -28661868.23204139
2461140.710096123 -25109546.243024092 -173321612.3322281 -28653403.04090032
2461140.710790567 -25073116.36296639 -173229582.22732982 -28644930.47891956
2461140.711485012 -25036679.93669091 -173137507.6596635 -28636450.536282677
2461140.712179456 -25000236.963159658 -173045388.5801222 -28627963.20315179
2461140.712873900 -24963787.441335417 -172953224.93948728 -28619468.469666082
2461140.713568345 -24927331.37018377 -172861016.6884336 -28610966.32594143
2461140.714262790 -24890868.74867652 -172768763.7775373 -28602456.76207139
2461140.714957234 -24854399.57579095 -172676466.1572738 -28593939.768126998
2461140.715651678 -24817923.850508798 -172584123.77801472 -28585415.334156793
2461140.716346123 -24781441.57181657 -172491736.5900281 -28576883.45018596
2461140.717040567 -24744952.738705818 -172399304.5434794 -28568344.106217157
2461140.717735012 -24708457.35017309 -172306827.58843 -28559797.29222989
2461140.718429456 -24671955.40521992 -172214305.67483762 -28551242.99818073
2461140.719123900 -24635446.902852852 -172121738.7525556 -28542681.21400304
2461140.719818345 -24598931.84208354 -172029126.77133262 -28534111.92960712
2461140.720512789 -24562410.22192873 -171936469.6808126 -28525535.13487973
2461140.721207234 -24525882.041410282 -171843767.4305341 -28516950.819684617
2461140.721901678 -24489347.29955524 -171751019.9699304 -28508358.97386193
2461140.722596123 -24452805.99539584 -171658227.248329 -28499759.58722825
2461140.723290567 -24416258.12796958 -171565389.2149507 -28491152.64957681
2461140.723985012 -24379703.69631919 -171472505.81891027 -28482538.15067698
2461140.724679456 -24343142.69949275 -171379577.0092159 -28473916.080274522
2461140.725373900 -24306575.136543658 -171286602.734768 -28465286.42809136
2461140.726068345 -24270001.00653066 -171193582.9443601 -28456649.18382552
2461140.726762789 -24233420.30851797 -171100517.5866776 -28448004.33715116
2461140.727457234 -24196833.041575197 -171007406.61029822 -28439351.877718303
2461140.728151678 -24160239.20477747 -170914249.9636908 -28430691.79515292
2461140.728846123 -24123638.79720539 -170821047.5952158 -28422024.07905676
2461140.729540567 -24087031.81794517 -170727799.4531242 -28413348.71900741
2461140.730235012 -24050418.26608856 -170634505.4855583 -28404665.70455777
2461140.730929456 -24013798.14073296 -170541165.64054978 -28395975.02523677
2461140.731623901 -23977171.44098143 -170447779.8660209 -28387276.67054856
2461140.732318345 -23940538.16594273 -170354348.1097831 -28378570.62997275
2461140.733012789 -23903898.31473133 -170260870.31953728 -28369856.89296426
2461140.733707234 -23867251.886467513 -170167346.4428735 -28361135.44895333
2461140.734401678 -23830598.88027736 -170073776.4272697 -28352406.28734539
2461140.735096123 -23793939.29529277 -169980160.22009268 -28343669.39752078
2461140.735790567 -23757273.13065156 -169886497.768597 -28334924.768835
2461140.736485011 -23720600.38549748 -169792789.01992458 -28326172.39061849
2461140.737179456 -23683921.0589802 -169699033.9211049 -28317412.25217641
2461140.737873901 -23647235.15025542 -169605232.4190539 -28308644.34278887
2461140.738568345 -23610542.65848488 -169511384.4605743 -28299868.651710372
2461140.739262789 -23573843.58283639 -169417489.9923549 -28291085.16817025
2461140.739957234 -23537137.9224839 -169323548.9609704 -28282293.88137224
2461140.740651678 -23500425.67660725 -169229561.3128804 -28273494.7804945
2461140.741346123 -23463706.84439299 -169135526.9944306 -28264687.85468971
2461140.742040567 -23426981.425033953 -169041445.9518519 -28255873.09308457
2461140.742735012 -23390249.417728502 -168947318.13125768 -28247050.48477998
2461140.743429456 -23353510.8216797 -168853143.4786409 -28238220.01885048
2461140.744123900 -23316765.63610122 -168758921.9398896 -28229381.68434563
2461140.744818345 -23280013.86021461 -168664653.46077842 -28220535.47028921
2461140.745512790 -23243255.49324043 -168570337.9869464 -28211681.36567718
2461140.746207234 -23206490.53439495 -168475975.4638872 -28202819.35947642
2461140.746901678 -23169718.982914697 -168381565.8370121 -28193949.44063092
2461140.747596123 -23132940.83806158 -168287109.0516627 -28185071.59806271
2461140.748290567 -23096156.099101122 -168192605.05305412 -28176185.82066664
2461140.748985012 -23059364.76528271 -168098053.7862245 -28167292.09730539
2461140.749679456 -23022566.83585804 -168003455.1960811 -28158390.416813903
2461140.750373900 -22985762.310096443 -167908809.22744 -28149480.76800288
2461140.751068345 -22948951.187279638 -167814115.82501152 -28140563.13965765
2461140.751762789 -22912133.46669212 -167719374.9333749 -28131637.52053541
2461140.752457234 -22875309.14762323 -167624586.4969841 -28122703.899365913
2461140.753151678 -22838478.229370687 -167529750.4601754 -28113762.264852088
2461140.753846123 -22801640.71123979 -167434866.7671654 -28104812.60566966
2461140.754540567 -22764796.59254238 -167339935.3620473 -28095854.91046723
2461140.755235012 -22727945.87259724 -167244956.18879238 -28086889.167865578
2461140.755929456 -22691088.55073034 -167149929.19124898 -28077915.3664581
2461140.756623900 -22654224.62627478 -167054854.3131429 -28068933.49481067
2461140.757318345 -22617354.09857082 -166959731.4980763 -28059943.541461363
2461140.758012789 -22580476.96696597 -166864560.6895274 -28050945.494920403
2461140.758707234 -22543593.23081496 -166769341.8308506 -28041939.34367022
2461140.759401678 -22506702.88947989 -166674074.8652757 -28032925.07616523
2461140.760096123 -22469805.94233016 -166578759.7359072 -28023902.68083163
2461140.760790567 -22432902.38874262 -166483396.3857245 -28014872.14606772
2461140.761485012 -22395992.22810154 -166387984.7575811 -28005833.460243132
2461140.762179456 -22359075.459798682 -166292524.7942046 -27996786.61169943
2461140.762873901 -22322152.08323337 -166197016.43819568 -27987731.58874959
2461140.763568345 -22285222.09781253 -166101459.63202822 -27978668.379678007
2461140.764262789 -22248285.50295072 -166005854.3180491 -27969596.97274042
2461140.764957234 -22211342.29807017 -165910200.4384768 -27960517.35616377
2461140.765651678 -22174392.48260086 -165814497.9354021 -27951429.51814619
2461140.766346123 -22137436.055980567 -165718746.7507871 -27942333.44685681
2461140.767040567 -22100473.01765491 -165622946.82646462 -27933229.13043572
2461140.767735011 -22062966.50333576 -165527287.92921188 -27924398.63333126
2461140.768429456 -22025989.73199501 -165431391.2370879 -27915275.84899339
2461140.769123901 -21989006.34751067 -165335445.630063 -27906144.78370937
2461140.769818345 -21952016.34936075 -165239451.0494508 -27897005.42550242
2461140.770512789 -21915019.73703129 -165143407.43643388 -27887857.7623664
2461140.771207234 -21878016.51001644 -165047314.7320629 -27878701.782265432
2461140.771901678 -21841006.66781859 -164951172.8772566 -27869537.473133832
2461140.772596123 -21803990.209948357 -164854981.8128016 -27860364.8228763
2461140.773290567 -21766967.13592462 -164758741.4793519 -27851183.81936719
2461140.773985012 -21729937.445274647 -164662451.817428 -27841994.45045103
2461140.774679456 -21692901.13753406 -164566112.767417 -27832796.70394213
2461140.775373900 -21655858.21224697 -164469724.2695719 -27823590.56762436
2461140.776068345 -21618808.66896596 -164373286.2640111 -27814376.029251363
2461140.776762790 -21581752.50725219 -164276798.6907183 -27805153.076546323
2461140.777457234 -21544689.72667541 -164180261.4895417 -27795921.69720156
2461140.778151678 -21507620.326814048 -164083674.6001937 -27786681.87887901
2461140.778846123 -21470544.307255253 -163987037.9622508 -27777433.609209448
2461140.779540567 -21433461.66759493 -163890351.51515248 -27768176.87579308
2461140.780235012 -21396372.40743783 -163793615.198201 -27758911.66619886
2461140.780929456 -21359276.52639759 -163696828.9505618 -27749637.967964448
2461140.781623900 -21322174.02409672 -163599992.7112611 -27740355.76859671
2461140.782318345 -21285064.90016662 -163503106.4191873 -27731065.05557071
2461140.783012789 -21247949.15424825 -163406170.0130908 -27721765.81633025
2461140.783707234 -21210826.785991512 -163309183.4315822 -27712458.03828767
2461140.784401678 -21173697.79505451 -163212146.61313012 -27703141.70882313
2461140.785096123 -21136562.18110351 -163115059.4960597 -27693816.81528496
2461140.785790567 -21099419.94381949 -163017922.01856968 -27684483.34499082
2461140.786485012 -21062271.08289161 -162920734.1187149 -27675141.28522607
2461140.787179456 -21025115.59800944 -162823495.7343846 -27665790.62324157
2461140.787873900 -20987953.4888639 -162726206.8033049 -27656431.3462541
2461140.788568345 -20950784.75517565 -162628867.2631122 -27647063.44145291
2461140.789262789 -20913609.39668892 -162531477.05133682 -27637686.8959985
2461140.789957234 -20876427.41314882 -162434036.1053422 -27628301.69701652
2461140.790651678 -20839238.80428693 -162336544.362287 -27618907.83159388
2461140.791346123 -20802043.56984762 -162239001.7591939 -27609505.286785718
2461140.792040567 -20764841.709595278 -162141408.2329667 -27600094.04961651
2461140.792735012 -20727633.22330765 -162043763.7203733 -27590674.10707876
2461140.793429456 -20690418.11076707 -161946068.1580214 -27581245.446130373
2461140.794123901 -20653196.37176572 -161848321.4823722 -27571808.05369582
2461140.794818345 -20615968.006107 -161750523.62974298 -27562361.91666662
2461140.795512789 -20578733.01360488 -161652674.53630468 -27552907.02190076
2461140.796207234 -20541491.39408302 -161554774.1380791 -27543443.35622236
2461140.796901678 -20504243.147375293 -161456822.3709398 -27533970.90642183
2461140.797596123 -20466988.27332599 -161358819.1706116 -27524489.659255862
2461140.798290567 -20429726.7717898 -161260764.47267002 -27514999.601446923
2461140.798985011 -20392458.64263182 -161162658.2125407 -27505500.71968338
2461140.799679456 -20355183.88572769 -161064500.32549912 -27495993.00061939
2461140.800373901 -20317902.50096358 -160966290.74666968 -27486476.430874642
2461140.801068345 -20280614.48823633 -160868029.41102582 -27476950.99703442
2461140.801762789 -20243319.84745349 -160769716.25338858 -27467416.68564918
2461140.802457234 -20206018.57853334 -160671351.2084272 -27457873.48323483
2461140.803151678 -20168710.68140505 -160572934.21065748 -27448321.37627227
2461140.803846123 -20131396.15600868 -160474465.1944425 -27438760.35120748
2461140.804540567 -20094075.00229524 -160375944.0939908 -27429190.39445113
2461140.805235012 -20056747.22022681 -160277370.8433571 -27419611.492378842
2461140.805929456 -20019412.80977657 -160178745.3764407 -27410023.63133062
2461140.806623900 -19982071.77092888 -160080067.6269856 -27400426.79761104
2461140.807318345 -19944724.103679348 -159981337.52858 -27390820.97748914
2461140.808012790 -19907369.808034897 -159882555.01465532 -27381206.15719801
2461140.808707234 -19870008.88401387 -159783720.0184862 -27371582.322934877
2461140.809401678 -19832641.33164601 -159684832.4731896 -27361949.460860882
2461140.810096123 -19795267.15097267 -159585892.3117242 -27352307.557101138
2461140.810790567 -19757886.34204672 -159486899.46689022 -27342656.59774429
2461140.811485012 -19720498.90493279 -159387853.8713288 -27332996.56884265
2461140.812179456 -19683104.83970719 -159288755.4575211 -27323327.456411857
2461140.812873900 -19645704.14645809 -159189604.1577884 -27313649.24643089
2461140.813568345 -19608296.82528554 -159090399.9042907 -27303961.9248419
2461140.814262789 -19570882.87630156 -158991142.6290268 -27294265.477550138
2461140.814957234 -19533462.29963022 -158891832.26383412 -27284559.89042354
2461140.815651678 -19496035.095407702 -158792468.74038672 -27274845.149292942
2461140.816346123 -19458601.26378236 -158693051.9901962 -27265121.23995175
2461140.817040567 -19421160.80491482 -158593581.9446104 -27255388.14815585
2461140.817735012 -19383713.71897814 -158494058.5348134 -27245645.85962346
2461140.818429456 -19346260.00615787 -158394481.6918246 -27235894.36003518
2461140.819123900 -19308799.66665156 -158294851.34649682 -27226133.63503319
2461140.819818345 -19271332.700669568 -158195167.4295178 -27216363.67022197
2461140.820512789 -19233859.1084356 -158095429.8714106 -27206584.45116779
2461140.821207234 -19196378.89018652 -157995638.6025326 -27196795.96339878
2461140.821901678 -19158892.04616886 -157895793.55306488 -27186998.19240366
2461140.822596123 -19121398.57664312 -157795894.6530239 -27177191.12363268
2461140.823290567 -19083898.48188696 -157695941.8322677 -27167374.742498692
2461140.823985012 -19046391.76219157 -157595935.02048728 -27157549.03437545
2461140.824679456 -19008878.41785378 -157495874.147183 -27147713.98459574
2461140.825373901 -18971358.44917612 -157395759.1416651 -27137869.57845125
2461140.826068345 -18933831.85647821 -157295589.9330824 -27128015.801195092
2461140.826762789 -18896298.64011243 -157195366.4504644 -27118152.63804609
2461140.827457234 -18858758.8004531 -157095088.6226906 -27108280.07418554
2461140.828151678 -18821212.33787158 -156994756.37842372 -27098398.09475071
2461140.828846123 -18783659.25273284 -156894369.6460997 -27088506.68483354
2461140.829540567 -18746099.54542536 -156793928.3540064 -27078605.829488352
2461140.830235011 -18708533.216362137 -156693432.43028578 -27068695.51373216
2461140.830929456 -18670960.265969902 -156592881.8029041 -27058775.72254152
2461140.831623901 -18633380.69468238 -156492276.39963272 -27048846.440850418
2461140.832318345 -18595794.50294949 -156391616.14807278 -27038907.65355279
2461140.833012789 -18558201.69123642 -156290900.975651 -27028959.34550196
2461140.833707234 -18520602.26002265 -156190130.8096165 -27019001.50151028
2461140.834401678 -18482996.209801253 -156089305.57703808 -27009034.106348563
2461140.835096123 -18445383.54108001 -155988425.20480642 -26999057.14474661
2461140.835790567 -18407764.254381172 -155887489.6196325 -26989070.6013925
2461140.836485012 -18370138.35024164 -155786498.748047 -26979074.4609327
2461140.837179456 -18332505.829212952 -155685452.51639998 -26969068.707971882
2461140.837873900 -18294866.69186143 -155584350.8508594 -26959053.327072807
2461140.838568345 -18257220.93876824 -155483193.6774116 -26949028.30275588
2461140.839262790 -18219568.57052955 -155381980.9218598 -26938993.61949944
2461140.839957234 -18181909.58775652 -155280712.5098238 -26928949.26173933
2461140.840651678 -18144243.991075497 -155179388.36673942 -26918895.213868532
2461140.841346123 -18106571.78112806 -155078008.4178574 -26908831.46023763
2461140.842040567 -18068892.95857106 -154976572.58824328 -26898757.98515388
2461140.842735012 -18031207.52407686 -154875080.80277658 -26888674.772881642
2461140.843429456 -17993515.47833328 -154773532.98614982 -26878581.80764198
2461140.844123900 -17955816.8220438 -154671929.0628681 -26868479.07361243
2461140.844818345 -17918111.55592759 -154570268.9572486 -26858366.554927003
2461140.845512789 -17880399.680719648 -154468552.5934197 -26848244.23567586
2461140.846207234 -17842681.19717088 -154366779.8953203 -26838112.09990524
2461140.846901678 -17804956.10604819 -154264950.78669912 -26827970.13161721
2461140.847596123 -17767224.4081346 -154163065.1911141 -26817818.31476968
2461140.848290567 -17729486.104229372 -154061123.0319319 -26807656.63327591
2461140.848985012 -17691741.195148032 -153959124.2323266 -26797485.07100467
2461140.849679456 -17653989.68172253 -153857068.71528 -26787303.611779932
2461140.850373900 -17616231.56480138 -153754956.4035796 -26777112.239380542
2461140.851068345 -17578466.84524964 -153652787.2198193 -26766910.93754039
2461140.851762789 -17540695.52394914 -153550561.0863976 -26756699.68994782
2461140.852457234 -17502917.60179853 -153448277.92551762 -26746478.48024589
2461140.853151678 -17465133.07971336 -153345937.65918592 -26736247.29203175
2461140.853846123 -17427341.95862626 -153243540.209212 -26726006.10885685
2461140.854540567 -17389544.23948697 -153141085.4972079 -26715754.914226543
2461140.855235012 -17351739.9232625 -153038573.4445866 -26705493.69159999
2461140.855929456 -17313929.01093717 -152936003.97256207 -26695222.42438985
2461140.856623901 -17276111.50351286 -152833377.0021486 -26684941.09596236
2461140.857318345 -17238287.40200893 -152730692.4541593 -26674649.689636882
2461140.858012789 -17200456.70746246 -152627950.2492063 -26664348.188685752
2461140.858707234 -17162619.42092821 -152525150.307699 -26654036.57633434
2461140.859401678 -17124775.54347897 -152422292.5498443 -26643714.83576061
2461140.860096123 -17086925.07620594 -152319376.8956465 -26633382.95009511
2461140.860790567 -17049068.02021791 -152216403.26490432 -26623040.902420558
2461140.861485011 -17011204.37664058 -152113371.5772072 -26612688.67577145
2461140.862179456 -16973334.146619223 -152010281.75194257 -26602326.25313457
2461140.862873901 -16935457.33132241 -151907133.7083043 -26591953.6174497
2461140.863568345 -16897573.9319323 -151803927.3652646 -26581570.75160689
2461140.864262789 -16859683.949638728 -151700662.6415583 -26571177.63844434
2461140.864957234 -16821787.38565185 -151597339.45571488 -26560774.26075203
2461140.865651678 -16783884.24122471 -151493957.7261197 -26550360.60127732
2461140.866346123 -16745974.51763467 -151390517.3709617 -26539936.64271991
2461140.867040567 -16708058.21616068 -151287018.308171 -26529502.367725182
2461140.867735012 -16670135.338084059 -151183460.4554191 -26519057.75888425
2461140.868429456 -16632205.88471591 -151079843.73019338 -26508602.79874126
2461140.869123900 -16594269.85739515 -150976168.0497899 -26498137.46979271
2461140.869818345 -16556327.257479789 -150872433.3312888 -26487661.754484482
2461140.870512790 -16518378.08634268 -150768639.4915418 -26477175.63521102
2461140.871207234 -16480422.34537816 -150664786.44718862 -26466679.09431618
2461140.871901678 -16442460.036001379 -150560874.1146543 -26456172.11409366
2461140.872596123 -16404491.1596477 -150456902.4101468 -26445654.67678571
2461140.873290567 -16366515.71777224 -150352871.2496537 -26435126.7645835
2461140.873985012 -16328533.711850751 -150248780.5489444 -26424588.35962668
2461140.874679456 -16290545.1433795 -150144630.223568 -26414039.444003332
2461140.875373900 -16252550.013875471 -150040420.18885258 -26403479.99974956
2461140.876068345 -16214548.3248764 -149936150.359905 -26392910.00884955
2461140.876762789 -16176540.07794095 -149831820.65160888 -26382329.453235127
2461140.877457234 -16138525.27464888 -149727430.9786252 -26371738.31478557
2461140.878151678 -16100503.9166011 -149622981.25539002 -26361136.57532765
2461140.878846123 -16062476.005419891 -149518471.39611492 -26350524.21663503
2461140.879540567 -16024441.54274892 -149413901.314785 -26339901.22042827
2461140.880235012 -15986400.53025354 -149309270.9251591 -26329267.568374712
2461140.880929456 -15948352.96962076 -149204580.1407681 -26318623.24208799
2461140.881623900 -15910298.862559501 -149099828.8749146 -26307968.22312801
2461140.882318345 -15872238.21080066 -148995017.04067189 -26297302.49300068
2461140.883012789 -15834171.01609728 -148890144.55088252 -26286626.03315775
2461140.883707234 -15796097.28022469 -148785211.3181586 -26275938.82499634
2461140.884401678 -15758017.004980668 -148680217.25487992 -26265240.84985904
2461140.885096123 -15719930.1921855 -148575162.2731935 -26254532.08903367
2461140.885790567 -15681836.84368224 -148470046.2850125 -26243812.523752578
2461140.886485012 -15643736.96133674 -148364869.2020156 -26233082.135193113
2461140.887179456 -15605630.54703789 -148259630.93564582 -26222340.90447683
2461140.887873901 -15567517.60269767 -148154331.3971098 -26211588.81266962
2461140.888568345 -15529398.13025138 -148048970.4973768 -26200825.84078125
2461140.889262789 -15491272.13165776 -147943548.1471779 -26190051.96976537
2461140.889957234 -15453139.6088991 -147838064.25700492 -26179267.18051884
2461140.890651678 -15415000.56398143 -147732518.7371097 -26168471.4538821
2461140.891346123 -15376854.99893465 -147626911.4975029 -26157664.77063848
2461140.892040567 -15338702.915812729 -147521242.4479536 -26146847.11151414
2461140.892735011 -15300544.31669377 -147415511.49798748 -26136018.45717771
2461140.893429456 -15262379.203680249 -147309718.55688688 -26125178.7882403
2461140.894123901 -15224207.57889911 -147203863.53368908 -26114328.085254967
2461140.894818345 -15186029.444501929 -147097946.3371861 -26103466.32871675
2461140.895512789 -15147844.80266512 -146991966.87592268 -26092593.499062132
2461140.896207234 -15109653.65559004 -146885925.0581965 -26081709.576669
2461140.896901678 -15071456.00550314 -146779820.79205638 -26070814.541856363
2461140.897596123 -15033251.85465607 -146673653.9853014 -26059908.37488408
2461140.898290567 -14995041.205325989 -146567424.5454805 -26048991.05595265
2461140.898985012 -14956824.05981611 -146461132.3798921 -26038062.56520303
2461140.899679456 -14918600.420454862 -146354777.3955811 -26027122.88271606
2461140.900373900 -14880370.289595159 -146248359.4993345 -26016171.988512218
2461140.901068345 -14842133.66961737 -146141878.59768888 -26005209.86255192
2461140.901762790 -14803890.5629329 -146035334.5969388 -25994236.48473615
2461140.902457234 -14765640.97197454 -145928727.4031082 -25983251.83490369
2461140.903151678 -14727384.89919058 -145822056.9219327 -25972255.89282889
2461140.903846123 -14689122.34705754 -145715323.05889362 -25961248.63822525
2461140.904540567 -14650853.31810308 -145608525.7192802 -25950230.05075138
2461140.905235012 -14612577.81488728 -145501664.80813628 -25939200.11000553
2461140.905929456 -14574295.8399797 -145394740.2301942 -25928158.79551871
2461140.906623900 -14536007.39596029 -145287751.8898767 -25917106.08675447
2461140.907318345 -14497712.4854471 -145180699.6913717 -25906041.96311667
2461140.908012789 -14459411.11109431 -145073583.53862593 -25894966.403948363
2461140.908707234 -14421103.27558353 -144966403.3353188 -25883879.38852956
2461140.909401678 -14382788.981619509 -144859158.98484913 -25872780.89607511
2461140.910096123 -14344468.231936969 -144751850.39035252 -25861670.90573628
2461140.910790567 -14306141.0292999 -144644477.4546976 -25850549.396600828
2461140.911485012 -14267807.37650108 -144537040.0804838 -25839416.34769196
2461140.912179456 -14229467.276361631 -144429538.1700375 -25828271.737968102
2461140.912873900 -14191120.731731929 -144321971.625414 -25817115.54632286
2461140.913568345 -14152767.74549166 -144214340.3483951 -25805947.751584698
2461140.914262789 -14114408.32054991 -144106644.2404887 -25794768.33251651
2461140.914957234 -14076042.459845439 -143998883.20292717 -25783577.267815437
2461140.915651678 -14037670.16634679 -143891057.13666663 -25772374.53611266
2461140.916346123 -13999291.44305255 -143783165.9423852 -25761160.11597286
2461140.917040567 -13960906.29299147 -143675209.5204829 -25749933.9858943
2461140.917735012 -13922514.719222771 -143567187.7710794 -25738696.1243082
2461140.918429456 -13884116.7248362 -143459100.5940139 -25727446.509578623
2461140.919123901 -13845712.312952349 -143350947.8888433 -25716185.120002132
2461140.919818345 -13807301.486722779 -143242729.5548414 -25704911.9338075
2461140.920512789 -13768884.24933024 -143134445.4909976 -25693626.92915538
2461140.921207234 -13730460.60398888 -143026095.5960159 -25682330.08413824
2461140.921901678 -13692030.55394446 -142917679.7683136 -25671021.37677962
2461140.922596123 -13653594.102474501 -142809197.90602022 -25659700.78503418
2461140.923290567 -13615151.25288856 -142700649.9069762 -25648368.28678734
2461140.923985011 -13576702.008528389 -142592035.668732 -25637023.85985495
2461140.924679456 -13538246.37276816 -142483355.0885467 -25625667.48198283
2461140.925373901 -13499784.349014701 -142374608.0633868 -25614299.13084683
2461140.926068345 -13461315.94070763 -142265794.4899252 -25602918.784052078
2461140.926762789 -13422841.15131965 -142156914.2645398 -25591526.41913301
2461140.927457234 -13384359.98435673 -142047967.2833122 -25580122.01355291
2461140.928151678 -13345872.443358298 -141938953.4420271 -25568705.54470357
2461140.928846123 -13307378.53189753 -141829872.6361704 -25557276.98990514
2461140.929540567 -13268878.25358146 -141720724.76092818 -25545836.32640555
2461140.930235012 -13230371.61205128 -141611509.7111857 -25534383.53138047
2461140.930929456 -13191858.61098256 -141502227.3815257 -25522918.58193272
2461140.931623900 -13153339.25408544 -141392877.66622782 -25511441.455092207
2461140.932318345 -13114813.54510485 -141283460.45926648 -25499952.12781535
2461140.933012790 -13076281.48782077 -141173975.6543104 -25488450.57698494
2461140.933707234 -13037743.08604846 -141064423.14472112 -25476936.77940987
2461140.934401678 -12999198.34363863 -140954802.8235515 -25465410.71182442
2461140.935096123 -12960647.26447775 -140845114.5835445 -25453872.35088832
2461140.935790567 -12922089.85248823 -140735358.317132 -25442321.67318643
2461140.936485012 -12883526.11162854 -140625533.9164333 -25430758.65522788
2461140.937179456 -12844956.04589368 -140515641.2732543 -25419183.27344642
2461140.937873900 -12806379.65931579 -140405680.2790869 -25407595.50419979
2461140.938568345 -12767796.955963349 -140295650.8251054 -25395995.32376926
2461140.939262789 -12729207.93994055 -140185552.8021623 -25384382.70835888
2461140.939957234 -12690612.61539028 -140075386.1007948 -25372757.63409596
2461140.940651678 -12652010.986497961 -139965150.6112339 -25361120.077032022
2461140.941346123 -12613403.057481801 -139854846.2233743 -25349470.013139192
2461140.942040567 -12574788.83258688 -139744472.8267556 -25337807.418308143
2461140.942735012 -12536168.31609821 -139634030.3105974 -25326132.26835139
2461140.943429456 -12497541.51236382 -139523518.56386343 -25314444.539010283
2461140.944123900 -12458908.42577602 -139412937.4752056 -25302744.20594829
2461140.944818345 -12420269.0607483 -139302286.9328962 -25291031.244744122
2461140.945512789 -12381623.42171628 -139191566.8248283 -25279305.630891208
2461140.946207234 -12342971.51316587 -139080777.0385939 -25267567.339806102
2461140.946901678 -12304313.33963124 -138969917.4614763 -25255816.346827067
2461140.947596123 -12265648.905686239 -138858987.98042342 -25244052.62721127
2461140.948290567 -12226978.21594009 -138747988.48203298 -25232276.156133
2461140.948985012 -12188301.27504432 -138636918.85257062 -25220486.90868524
2461140.949679456 -12149618.08769227 -138525778.9779657 -25208684.859879
2461140.950373901 -12110928.658618541 -138414568.7438082 -25196869.98464292
2461140.951068345 -12072232.99259877 -138303288.03534508 -25185042.25782258
2461140.951762789 -12033531.09445056 -138191936.7374814 -25173201.65418024
2461140.952457234 -11994822.96903362 -138080514.73477793 -25161348.14839468
2461140.953151678 -11956108.621250011 -137969021.91145 -25149481.71506041
2461140.953846123 -11917388.0560444 -137857458.15136552 -25137602.32868771
2461140.954540567 -11878661.27840438 -137745823.33804378 -25125709.96370197
2461140.955235011 -11839928.29336075 -137634117.35465458 -25113804.59444333
2461140.955929456 -11801189.1059878 -137522340.0840153 -25101886.19516631
2461140.956623901 -11762443.721403569 -137410491.4085907 -25089954.74003942
2461140.957318345 -11723692.14477019 -137298571.21049052 -25078010.203144852
2461140.958012789 -11684934.38129414 -137186579.3714687 -25066052.55847784
2461140.958707234 -11646170.43622655 -137074515.7729211 -25054081.77994649
2461140.959401678 -11607400.31486349 -136962380.2958845 -25042097.841371298
2461140.960096123 -11568624.022546321 -136850172.8210347 -25030100.716484528
2461140.960790567 -11529841.56466191 -136737893.2286852 -25018090.37893026
2461140.961485012 -11491052.946643 -136625541.39878538 -25006066.802263472
2461140.962179456 -11452258.17396851 -136513117.2109192 -24994029.95995001
2461140.962873900 -11413457.252163809 -136400620.5443036 -24981979.82536592
2461140.963568345 -11374650.186801068 -136288051.27778608 -24969916.37179716
2461140.964262790 -11335836.98349953 -136175409.2898444 -24957839.5724391
2461140.964957234 -11297017.64792587 -136062694.45858422 -24945749.40039619
2461140.965651678 -11258192.18579447 -135949906.66173717 -24933645.82868139
2461140.966346123 -11219360.60286779 -135837045.7766602 -24921528.83021579
2461140.967040567 -11180522.90495662 -135724111.6803327 -24909398.3778283
2461140.967735012 -11141679.0979205 -135611104.249356 -24897254.44425502
2461140.968429456 -11102829.187667951 -135498023.3599508 -24885097.00213887
2461140.969123900 -11063973.18015684 -135384868.8879561 -24872926.024029262
2461140.969818345 -11025111.081394771 -135271640.7088272 -24860741.4823814
2461140.970512789 -10986242.89743931 -135158338.69763392 -24848543.349556062
2461140.971207234 -10947368.63439843 -135044962.7290592 -24836331.59781924
2461140.971901678 -10908488.298430761 -134931512.6773974 -24824106.199341092
2461140.972596123 -10869601.895745989 -134817988.4165521 -24811867.12619624
2461140.973290567 -10830709.432605179 -134704389.8200347 -24799614.35036299
2461140.973985012 -10791810.91532115 -134590716.76096278 -24787347.84372261
2461140.974679456 -10752906.350258771 -134476969.11205828 -24775067.57805931
2461140.975373900 -10713995.74383525 -134363146.7456451 -24762773.52505939
2461140.976068345 -10675079.10252067 -134249249.5336482 -24750465.65631111
2461140.976762789 -10636156.43283873 -134135277.34759298 -24738143.943304118
2461140.977457234 -10597227.74136607 -134021230.05860019 -24725808.35742873
2461140.978151678 -10558293.03473177 -133907107.53738178 -24713458.86997515
2461140.978846123 -10519352.31962049 -133792909.6542471 -24701095.45213388
2461140.979540567 -10480405.602776391 -133678636.27911179 -24688718.07499658
2461140.980235012 -10441452.89099349 -133564287.28146589 -24676326.709551793
2461140.980929456 -10402494.19110984 -133449862.53035462 -24663921.32668318
2461140.981623901 -10363529.51002076 -133335361.8944134 -24651501.897172593
2461140.982318345 -10324558.85470229 -133220785.2419345 -24639068.391707357
2461140.983012789 -10285582.23219241 -133106132.44080882 -24626620.78087327
2461140.983707234 -10246599.64956785 -132991403.3584538 -24614159.035146773
2461140.984401678 -10207611.11394522 -132876597.8618151 -24601683.12489475
2461140.985096123 -10168616.6325095 -132761715.81744589 -24589193.02038281
2461140.985790567 -10129616.21251216 -132646757.09149931 -24576688.6917741
2461140.986485011 -10090609.86126262 -132531721.5496994 -24564170.109126013
2461140.987179456 -10051597.586124001 -132416609.05732618 -24551637.24238805
2461140.987873901 -10012579.39452035 -132301419.4792333 -24539090.06140367
2461140.988568345 -9973555.293936193 -132186152.67984371 -24526528.53590922
2461140.989262789 -9934525.29191616 -132070808.5231453 -24513952.63553342
2461140.989957234 -9895489.39606487 -131955386.87268761 -24501362.32979646
2461140.990651678 -9856447.61404802 -131839887.59158121 -24488757.588109717
2461140.991346123 -9817399.953592671 -131724310.54249601 -24476138.37977537
2461140.992040567 -9778346.422487637 -131608655.5876585 -24463504.67398551
2461140.992735012 -9739287.028583901 -131492922.5888499 -24450856.43982179
2461140.993429456 -9700221.779795047 -131377111.4074045 -24438193.64625489
2461140.994123900 -9661150.684097707 -131261221.90420678 -24425516.26214392
2461140.994818345 -9622073.749531994 -131145253.93969038 -24412824.25623588
2461140.995512790 -9582990.98420193 -131029207.3738347 -24400117.5971649
2461140.996207234 -9543902.396275902 -130913082.066164 -24387396.25345203
2461140.996901678 -9504807.993987108 -130796877.8757447 -24374660.19350442
2461140.997596123 -9465707.78563399 -130680594.6611831 -24361909.385614797
2461140.998290567 -9426601.779580725 -130564232.2806238 -24349143.797960922
2461140.998985012 -9387489.98425764 -130447790.5917469 -24336363.398604948
2461140.999679456 -9348372.408161687 -130331269.4517663 -24323568.155492928
2461141.000373900 -9309249.05985694 -130214668.7174273 -24310758.03645417
2461141.001068345 -9270119.947975008 -130097988.2450042 -24297933.00920051
2461141.001762789 -9230985.081215557 -129981227.8902986 -24285093.04132611
2461141.002457234 -9191844.468346732 -129864387.5086368 -24272238.1003063
2461141.003151678 -9152698.118205698 -129747466.9548675 -24259368.15349759
2461141.003846123 -9113546.039699081 -129630466.08336 -24246483.168136418
2461141.004540567 -9074388.241803473 -129513384.7480013 -24233583.111339048
2461141.005235012 -9035224.733565897 -129396222.8021942 -24220667.95010078
2461141.005929456 -8996055.524104344 -129278980.0988551 -24207737.6512952
2461141.006623900 -8956880.622608237 -129161656.4904112 -24194792.181673843
2461141.007318345 -8917700.038338954 -129044251.828799 -24181831.50786525
2461141.008012789 -8878513.780630305 -128926765.9654609 -24168855.59637446
2461141.008707234 -8839321.858889088 -128809198.7513438 -24155864.41358252
2461141.009401678 -8800124.282595566 -128691550.0368961 -24142857.925745692
2461141.010096123 -8760921.061304001 -128573819.6720657 -24129836.0989947
2461141.010790567 -8721712.204643171 -128456007.5062973 -24116798.899334293
2461141.011485012 -8682497.722316906 -128338113.3885302 -24103746.29264259
2461141.012179456 -8643277.624104612 -128220137.1671958 -24090678.244670197
2461141.012873901 -8604051.919861812 -128102078.6902152 -24077594.721039772
2461141.013568345 -8564820.619520683 -127983937.8049967 -24064495.687245317
2461141.014262789 -8525583.733090468 -127865714.3584328 -24051381.10865133
2461141.014957234 -8486341.27065827 -127747408.1968988 -24038250.95049223
2461141.015651678 -8447093.24238995 -127629019.1662508 -24025105.17787205
2461141.016346123 -8407839.65852966 -127510547.11182079 -24011943.75576311
2461141.017040567 -8368580.529399525 -127391991.8784107 -23998766.64900514
2461141.017735011 -8329315.865402982 -127273353.3102987 -23985573.82230552
2461141.018429456 -8290045.677029013 -127154631.2512477 -23972365.240239892
2461141.019123901 -8250769.974842515 -127035825.54447171 -23959140.86724784
2461141.019818345 -8211488.769478714 -126916936.0326145 -23945900.66763017
2461141.020512789 -8172202.07165666 -126797962.5577864 -23932644.60555265
2461141.021207234 -8132909.892203132 -126678904.9616319 -23919372.64505309
2461141.021901678 -8093612.242033837 -126559763.0852685 -23906084.75003413
2461141.022596123 -8054309.132130323 -126440536.7692122 -23892780.88425426
2461141.023290567 -8015000.5735412855 -126321225.8533772 -23879461.01132772
2461141.023985012 -7975686.577411487 -126201830.17715849 -23866125.09473301
2461141.024679456 -7936367.15498011 -126082349.5794223 -23852773.09781161
2461141.025373900 -7897042.317572352 -125962783.8984767 -23839404.9837639
2461141.026068345 -7857712.076595392 -125843132.97205381 -23826020.71564712
2461141.026762790 -7818376.443545836 -125723396.63732849 -23812620.256376833
2461141.027457234 -7779035.430009543 -125603574.7309126 -23799203.5687257
2461141.028151678 -7739689.047661441 -125483667.0888496 -23785770.615322758
2461141.028846123 -7700337.308265665 -125363673.54661089 -23772321.35865213
2461141.029540567 -7660980.223676865 -125243593.939094 -23758855.761052802
2461141.030235012 -7621617.805840729 -125123428.10062021 -23745373.78471748
2461141.030929456 -7582250.066794632 -125003175.86493081 -23731875.39169205
2461141.031623900 -7542877.018668254 -124882837.0651848 -23718360.543874647
2461141.032318345 -7503498.67368429 -124762411.5339556 -23704829.20301479
2461141.033012789 -7464115.044159118 -124641899.1032283 -23691281.33071279
2461141.033707234 -7424726.14250349 -124521299.60439649 -23677716.88841873
2461141.034401678 -7385331.98122321 -124400612.8682597 -23664135.83743174
2461141.035096123 -7345932.572919835 -124279838.7250198 -23650538.13889914
2461141.035790567 -7306527.930291379 -124158977.00427839 -23636923.753815647
2461141.036485012 -7267118.066133006 -124038027.53503391 -23623292.64302257
2461141.037179456 -7227702.993337762 -123916990.14567809 -23609644.76720676
2461141.037873900 -7188282.724897273 -123795864.6639933 -23595980.086900212
2461141.038568345 -7148857.273902493 -123674650.91714911 -23582298.56247855
2461141.039262789 -7109426.653544409 -123553348.7316995 -23568600.15416082
2461141.039957234 -7069990.877114791 -123431957.9335795 -23554884.82200823
2461141.040651678 -7030549.958006938 -123310478.34810211 -23541152.52592343
2461141.041346123 -6991103.909716424 -123188909.7999552 -23527403.22564952
2461141.042040567 -6951652.745841846 -123067252.11319791 -23513636.88076942
2461141.042735012 -6912196.480085599 -122945505.111258 -23499853.45070453
2461141.043429456 -6872735.126254635 -122823668.61692849 -23486052.894714363
2461141.044123901 -6833268.69826123 -122701742.4523638 -23472235.17189519
2461141.044818345 -6793797.210123798 -122579726.4390772 -23458400.241179463
2461141.045512789 -6754320.675967631 -122457620.3979371 -23444548.06133472
2461141.046207234 -6714839.110025743 -122335424.1491639 -23430678.59096265
2461141.046901678 -6675352.526639633 -122213137.5123263 -23416791.78849824
2461141.047596123 -6635860.940260109 -122090760.30633871 -23402887.61220883
2461141.048290567 -6596364.365448107 -121968292.3494567 -23388966.020193152
2461141.048985011 -6556862.816875518 -121845733.4592746 -23375026.97038048
2461141.049679456 -6517356.309325997 -121723083.4527215 -23361070.42052937
2461141.050373901 -6477844.857695688 -121600342.1460574 -23347096.32822701
2461141.051068345 -6438328.476994297 -121477509.354871 -23333104.65088812
2461141.051762789 -6398807.1823463105 -121354584.89407639 -23319095.3457543
2461141.052457234 -6359280.9889908 -121231568.57790701 -23305068.36989229
2461141.053151678 -6319749.912281413 -121108460.2199092 -23291023.68019319
2461141.053846123 -6280213.967690042 -120985259.6329469 -23276961.233371988
2461141.054540567 -6240673.17081138 -120861966.6292099 -23262880.98596814
2461141.055235012 -6201127.53735355 -120738581.02017851 -23248782.89434082
2461141.055929456 -6161577.083132772 -120615102.6165994 -23234666.914665673
2461141.056623900 -6122021.824087279 -120491531.2285236 -23220533.00293837
2461141.057318345 -6082461.776301699 -120367866.66537541 -23206381.11498206
2461141.058012790 -6042896.95598846 -120244108.73588821 -23192211.20643937
2461141.058707234 -6003327.37946484 -120120257.24802579 -23178023.23276274
2461141.059401678 -5963753.063154623 -119996312.00898099 -23163817.14921357
2461141.060096123 -5924174.023617575 -119872272.8252607 -23149592.91087151
2461141.060790567 -5884590.277548067 -119748139.502675 -23135350.4726325
2461141.061485012 -5845001.841766993 -119623911.8463051 -23121089.78920429
2461141.062179456 -5805408.733218027 -119499589.66048451 -23106810.81510397
2461141.062873900 -5765810.968975481 -119375172.7488167 -23092513.504659057
2461141.063568345 -5726208.566244438 -119250660.91416861 -23078197.81200614
2461141.064262789 -5686601.542360971 -119126053.95866409 -23063863.69108967
2461141.064957234 -5646989.914792593 -119001351.6836781 -23049511.09566052
2461141.065651678 -5607373.701139966 -118876553.889835 -23035139.97927494
2461141.066346123 -5567752.919137755 -118751660.377004 -23020750.2952936
2461141.067040567 -5528127.586655664 -118626670.94429499 -23006341.99688031
2461141.067735012 -5488497.721699424 -118501585.3900542 -22991915.037000958
2461141.068429456 -5448863.342411886 -118376403.51186031 -22977469.368422188
2461141.069123900 -5409224.46707406 -118251125.10652001 -22963004.94371039
2461141.069818345 -5369581.114106192 -118125749.9700642 -22948521.715230398
2461141.070512789 -5329933.302068831 -118000277.8977434 -22934019.63514434
2461141.071207234 -5290281.049663928 -117874708.6840235 -22919498.65541045
2461141.071901678 -5250624.375735921 -117749042.12258169 -22904958.72778193
2461141.072596123 -5210963.299272848 -117623278.0063019 -22890399.80380548
2461141.073290567 -5171297.839407463 -117497416.12727031 -22875821.83482037
2461141.073985012 -5131628.015418358 -117371456.2767718 -22861224.77195699
2461141.074679456 -5091953.846731101 -117245398.2452842 -22846608.566135712
2461141.075373901 -5052275.352919395 -117119241.8224749 -22831973.1680656
2461141.076068345 -5012592.553706211 -116992986.797196 -22817318.52824304
2461141.076762789 -4972905.468964977 -116866632.95747949 -22802644.5969508
2461141.077457234 -4933214.118720746 -116740180.09053339 -22787951.32425622
2461141.078151678 -4893518.52315138 -116613627.98273641 -22773238.660010412
2461141.078846123 -4853818.70258877 -116486976.419634 -22758506.553846613
2461141.079540567 -4814114.677520022 -116360225.1859332 -22743754.95517909
2461141.080235011 -4774406.468588699 -116233374.0654981 -22728983.81320159
2461141.080929456 -4734694.096596036 -116106422.8413453 -22714193.07688625
2461141.081623901 -4694977.582502196 -115979371.2956389 -22699382.69498217
2461141.082318345 -4655256.947427522 -115852219.209686 -22684552.61601383
2461141.083012789 -4615532.212653809 -115724966.36393139 -22669702.78828008
2461141.083707234 -4575803.399625569 -115597612.5379533 -22654833.15985243
2461141.084401678 -4536070.529951335 -115470157.5104581 -22639943.678574
2461141.085096123 -4496333.625404955 -115342601.05927561 -22625034.29205776
2461141.085790567 -4456592.707926917 -115214942.9613536 -22610104.94768535
2461141.086485012 -4416847.799625653 -115087182.9927537 -22595155.59260565
2461141.087179456 -4377098.922778904 -114959320.9286456 -22580186.17373328
2461141.087873900 -4337346.099835071 -114831356.54330221 -22565196.63774705
2461141.088568345 -4297589.353414548 -114703289.6100944 -22550186.93108881
2461141.089262790 -4257828.706311001 -114575119.9014862 -22535156.9999615
2461141.089957234 -4218064.181492978 -114446847.1890291 -22520106.79032819
2461141.090651678 -4178295.8021056848 -114318471.243359 -22505036.247910522
2461141.091346123 -4138523.591471331 -114189991.8341872 -22489945.31818671
2461141.092040567 -4098747.573089704 -114061408.73029199 -22474833.946389847
2461141.092735012 -4058967.770642394 -113932721.699523 -22459702.07750747
2461141.093429456 -4019184.207997956 -113803930.5088071 -22444549.65628121
2461141.094123900 -3979396.909203074 -113675034.92411019 -22429376.627201572
2461141.094818345 -3939605.898477746 -113546034.7104109 -22414182.93450381
2461141.095512789 -3899811.200229907 -113416929.6317377 -22398968.522171278
2461141.096207234 -3860012.8390805237 -113287719.45124 -22383733.33394314
2461141.096901678 -3820210.839845498 -113158403.93111889 -22368477.313305028
2461141.097596123 -3780405.227513184 -113028982.8325436 -22353200.40347827
2461141.098290567 -3740596.02724668 -112899455.9156478 -22337902.54741865
2461141.098985012 -3700783.264414065 -112769822.9396176 -22322583.68782562
2461141.099679456 -3660966.964587694 -112640083.66267781 -22307243.76713981
2461141.100373900 -3621147.1535366448 -112510237.84205641 -22291882.72753781
2461141.101068345 -3581323.85722363 -112380285.233964 -22276500.510928787
2461141.101762789 -3541497.101813526 -112250225.5936096 -22261097.0589554
2461141.102457234 -3501666.91367418 -112120058.67519261 -22245672.31299162
2461141.103151678 -3461833.3193772817 -111989784.2318936 -22230226.21414096
2461141.103846123 -3421996.345699465 -111859402.0158671 -22214758.70323421
2461141.104540567 -3382156.019624731 -111728911.77823739 -22199269.72082831
2461141.105235012 -3342312.368345981 -111598313.26909201 -22183759.207204193
2461141.105929456 -3302465.419266731 -111467606.2374755 -22168227.10236522
2461141.106623901 -3262615.200002825 -111336790.43138309 -22152673.34603523
2461141.107318345 -3222761.738384224 -111205865.5977543 -22137097.87765687
2461141.108012789 -3182905.062456772 -111074831.4824673 -22121500.6363896
2461141.108707234 -3143045.200483989 -110943687.83033171 -22105881.56110796
2461141.109401678 -3103182.180948886 -110812434.3850824 -22090240.59039979
2461141.110096123 -3063316.0325557943 -110681070.8893736 -22074577.66256411
2461141.110790567 -3023446.784232199 -110549597.08477141 -22058892.71560948
2461141.111485011 -2983574.46513063 -110418012.71174811 -22043185.68725201
2461141.112179456 -2943699.104630517 -110286317.50967501 -22027456.51491326
2461141.112873901 -2903820.732340107 -110154511.216816 -22011705.13571869
2461141.113568345 -2863939.3780983794 -110022593.57032071 -21995931.4864953
2461141.114262789 -2824055.071976988 -109890564.3062178 -21980135.503769923
2461141.114957234 -2784167.8442822183 -109758423.1594082 -21964317.12376714
2461141.115651678 -2744277.725556959 -109626169.86365789 -21948476.28240736
2461141.116346123 -2704384.7465827046 -109493804.1515915 -21932612.91530449
2461141.117040567 -2664488.938381577 -109361325.75468491 -21916726.957764458
2461141.117735012 -2624590.332218349 -109228734.4032581 -21900818.34478262
2461141.118429456 -2584688.959602512 -109096029.8264685 -21884887.01104197
2461141.119123900 -2544784.852290349 -108963211.7523036 -21868932.89091098
2461141.119818345 -2504878.042287034 -108830279.90757331 -21852955.918441467
2461141.120512790 -2464968.5618487517 -108697234.0179034 -21836956.02736659
2461141.121207234 -2425056.443484832 -108564073.80772771 -21820933.15109846
2461141.121901678 -2385141.719959925 -108430799.0002811 -21804887.22272617
2461141.122596123 -2345224.424296162 -108297409.3175913 -21788818.17501372
2461141.123290567 -2305304.5897753867 -108163904.4804722 -21772725.940397393
2461141.123985012 -2265382.249941375 -108030284.20851581 -21756610.45098403
2461141.124679456 -2225457.438602068 -107896548.22008461 -21740471.63854845
2461141.125373900 -2185530.189831737 -107762696.2323038 -21724309.43453128
2461141.126068345 -2145600.5379735087 -107628727.96105379 -21708123.77003679
2461141.126762789 -2105668.517642046 -107494643.1209641 -21691914.57583063
2461141.127457234 -2065734.163724837 -107360441.4254016 -21675681.782337148
2461141.128151678 -2025797.511383678 -107226122.5864595 -21659425.31963681
2461141.128846123 -1985858.596059886 -107091686.3149593 -21643145.11746469
2461141.129540567 -1945917.4534804139 -106957132.32045451 -21626841.10520995
2461141.130235012 -1905974.119649952 -106822460.3111884 -21610513.21190898
2461141.130929456 -1866028.630847075 -106687669.99406381 -21594161.36624041
2461141.131623900 -1826081.0236399 -106552761.0746793 -21577785.49652817
2461141.132318345 -1786131.3349122829 -106417733.2574015 -21561385.53074863
2461141.133012789 -1746179.6018466589 -106282586.24528931 -21544961.396520138
2461141.133707234 -1706225.861902501 -106147319.7400044 -21528513.02109049
2461141.134401678 -1666270.1528196381 -106011933.4418052 -21512040.33133476
2461141.135096123 -1626312.512649678 -105876427.0496352 -21495543.25376462
2461141.135790567 -1586352.979756336 -105740800.26110661 -21479021.71452467
2461141.136485012 -1546391.592808936 -105605052.77246019 -21462475.639386293
2461141.137179456 -1506428.3907803881 -105469184.2785412 -21445904.953742772
2461141.137873901 -1466463.412956851 -105333194.4728133 -21429309.58260985
2461141.138568345 -1426496.6989396422 -105197083.04734689 -21412689.45062241
2461141.139262789 -1386528.288647237 -105060849.69280699 -21396044.48203159
2461141.139957234 -1346558.222317517 -104924494.0984429 -21379374.60070181
2461141.140651678 -1306586.540511339 -104788015.9520805 -21362679.73010839
2461141.141346123 -1266613.284115243 -104651414.9401132 -21345959.79333466
2461141.142040567 -1226638.494344341 -104514690.74749179 -21329214.71306898
2461141.142735011 -1186662.212745237 -104377843.05771549 -21312444.41160225
2461141.143429456 -1146684.481199015 -104240871.5528218 -21295648.81082485
2461141.144123901 -1106705.341924237 -104103775.91337739 -21278827.83222375
2461141.144818345 -1066724.837479972 -103966555.8184683 -21261981.39687979
2461141.145512789 -1026743.0107688649 -103829210.94569 -21245109.42546451
2461141.146207234 -986759.9050402308 -103691740.9711374 -21228211.838237382
2461141.146901678 -946775.5638931863 -103554145.56939499 -21211288.55504287
2461141.147596123 -906790.0312798155 -103416424.4135271 -21194339.49530713
2461141.148290567 -866803.3515083642 -103278577.1750671 -21177364.57803538
2461141.148985012 -826815.5692464758 -103140603.5240076 -21160363.72180846
2461141.149679456 -786826.7295244561 -103002503.1287902 -21143336.84477998
2461141.150373900 -746836.8777385748 -102864275.6562947 -21126283.86467314
2461141.151068345 -706846.0596544046 -102725920.771829 -21109204.69877755
2461141.151762790 -666854.321410194 -102587438.1391182 -21092099.26394608
2461141.152457234 -626861.7095202777 -102448827.42029391 -21074967.47659159
2461141.153151678 -586868.2708785238 -102310088.2758838 -21057809.2526838
2461141.153846123 -546874.0527618182 -102171220.36480041 -21040624.507745933
2461141.154540567 -506879.1028335864 -102032223.34433019 -21023413.15685143
2461141.155235012 -466883.4691473555 -101893096.8701227 -21006175.1146206
2461141.155929456 -426887.2001503529 -101753840.59617889 -20988910.295217343
2461141.156623900 -386890.3446871467 -101614454.17484051 -20971618.61234568
2461141.157318345 -346892.9520033225 -101474937.2567783 -20954299.979246307
2461141.158012789 -306895.0717492051 -101335289.4909807 -20936954.30869316
2461141.158707234 -266896.75398361747 -101195510.5247421 -20919581.51298996
2461141.159401678 -226898.0491776829 -101055600.0036513 -20902181.50396665
2461141.160096123 -186899.0082186691 -100915557.5715798 -20884754.19297581
2461141.160790567 -146899.6824138738 -100775382.8706699 -20867299.49088906
2461141.161485012 -106900.12349455159 -100635075.54132229 -20849817.30809357
2461141.162179456 -66900.38361989238 -100494635.2221846 -20832307.55448815
2461141.162873900 -26900.515381047288 -100354061.550139 -20814770.13947973
2461141.163568345 13099.4281948349 -100213354.16028939 -20797204.97197954
2461141.164262789 53099.39364060816 -100072512.6859492 -20779611.96039943
2461141.164957234 93099.32704474145 -99931536.75862926 -20761991.012647837
2461141.165651678 133099.1740467616 -99790426.00802656 -20744342.03612653
2461141.166346123 173098.8798340569 -99649180.06200776 -20726664.93772592
2461141.167040567 213098.3891384672 -99507798.54659313 -20708959.62382083
2461141.167735012 253097.6462291175 -99366281.08595349 -20691226.000267882
2461141.168429456 293096.5949043185 -99224627.3024105 -20673463.97240304
2461141.169123901 333095.17849747627 -99082836.8163863 -20655673.44503307
2461141.169818345 373093.33987892093 -98940909.2463679 -20637854.322428457
2461141.170512789 413091.0214381835 -98798844.20894034 -20620006.50832534
2461141.171207234 453088.1650556886 -98656641.31885763 -20602129.90593186
2461141.171901678 493084.7121178327 -98514300.18895864 -20584224.4179152
2461141.172596123 533080.6035364214 -98371820.43006772 -20566289.94638647
2461141.173290567 573075.7797431827 -98229201.65098296 -20548326.39289683
2461141.173985011 613070.180656131 -98086443.45856462 -20530333.65844601
2461141.174679456 653063.7456770152 -97943545.45771284 -20512311.6434769
2461141.175373901 693056.4136955884 -97800507.25132036 -20494260.24786695
2461141.176068345 733048.1230893595 -97657328.44024116 -20476179.3709218
2461141.176762789 773038.8117116224 -97514008.62330064 -20458068.9113736
2461141.177457234 813028.4168872074 -97370547.39727771 -20439928.76737634
2461141.178151678 853016.8754081213 -97226944.35688697 -20421758.83650064
2461141.178846123 893004.123528904 -97083199.09476162 -20403559.01572916
2461141.179540567 932990.0969606376 -96939311.20144087 -20385329.20145189
2461141.180235012 972974.7308657722 -96795280.26535392 -20367069.28946157
2461141.180929456 1012957.959852753 -96651105.8728042 -20348779.174948838
2461141.181623900 1052939.717970577 -96506787.60795404 -20330458.7524973
2461141.182318345 1092919.9387032462 -96362325.05280851 -20312107.91607872
2461141.183012790 1132898.554964185 -96217717.78719954 -20293726.55904821
2461141.183707234 1172875.49909058 -96072965.38877004 -20275314.57413881
2461141.184401678 1212850.702837662 -95928067.4329572 -20256871.85345704
2461141.185096123 1252824.097372908 -95783023.49297641 -20238398.288477283
2461141.185790567 1292795.6132701898 -95637833.13980447 -20219893.770037
2461141.186485012 1332765.180503834 -95492495.9421629 -20201358.18833127
2461141.187179456 1372732.728442631 -95347011.46650097 -20182791.432907682
2461141.187873900 1412698.1858437539 -95201379.2769787 -20164193.39266105
2461141.188568345 1452661.480846621 -95055598.9354495 -20145563.95582792
2461141.189262789 1492622.540966672 -94909670.00144279 -20126903.00998119
2461141.189957234 1532581.2930890762 -94763592.0321465 -20108210.44202474
2461141.190651678 1572537.663462361 -94617364.58238916 -20089486.13818772
2461141.191346123 1612491.57769197 -94470987.20462199 -20070729.98401913
2461141.192040567 1652442.960733733 -94324459.44890085 -20051941.86438198
2461141.192735012 1692391.736887265 -94177780.86286801 -20033121.66344768
2461141.193429456 1732337.829789281 -94030950.99173334 -20014269.26469036
2461141.194123900 1772281.162406831 -93883969.37825607 -19995384.55088075
2461141.194818345 1812221.657030453 -93736835.56272565 -19976467.4040806
2461141.195512789 1852159.2352672368 -93589549.08294284 -19957517.705636498
2461141.196207234 1892093.8180338151 -93442109.47420055 -19938535.33617387
2461141.196901678 1932025.32554925 -93294516.2692641 -19919520.17559101
2461141.197596123 1971953.6773278539 -93146768.99835208 -19900472.103052728
2461141.198290567 2011878.792171901 -92998867.18911612 -19881390.99698433
2461141.198985012 2051800.5881642448 -92850810.36662124 -19862276.73506511
2461141.199679456 2091718.9826608943 -92702598.05332512 -19843129.19422226
2461141.200373901 2131633.8922835547 -92554229.769058 -19823948.25062404
2461141.201068345 2171545.2329117553 -92405705.03100204 -19804733.77967363
2461141.201762789 2211452.919674745 -92257023.3536725 -19785485.65600267
2461141.202457234 2251356.866944705 -92108184.24889249 -19766203.75346414
2461141.203151678 2291256.9883296876 -91959187.22576837 -19746887.94512504
2461141.203846123 2331153.196662769 -91810031.79067893 -19727538.10326119
2461141.204540567 2371045.403990206 -91660717.44726746 -19708154.09935207
2461141.205235011 2410933.521573529 -91511243.69638129 -19688735.804068763
2461141.205929456 2450817.459887482 -91361610.03602552 -19669283.08726398
2461141.206623901 2490697.128598443 -91211815.96139039 -19649795.81797126
2461141.207318345 2530572.436532218 -91061860.96491735 -19630273.86440946
2461141.208012789 2570443.291685046 -90911744.53620249 -19610717.09396581
2461141.208707234 2610309.601238878 -90761466.16188274 -19591125.37317679
2461141.209401678 2650171.271551768 -90611025.32561557 -19571498.56772119
2461141.210096123 2690028.2081201132 -90460421.50816295 -19551836.54242642
2461141.210790567 2729880.31557185 -90309654.18735942 -19532139.161259957
2461141.211485012 2769727.497666375 -90158722.83805318 -19512406.28731722
2461141.212179456 2809569.657289908 -90007626.93206424 -19492637.78281133
2461141.212873900 2849406.696439085 -89856365.93818578 -19472833.50906872
2461141.213568345 2889238.51621222 -89704939.32215601 -19452993.32652093
2461141.214262790 2929065.0168003547 -89553346.54663041 -19433117.094695818
2461141.214957234 2968886.097477979 -89401587.07115383 -19413204.67220954
2461141.215651678 3008701.656592335 -89249660.35213783 -19393255.91675843
2461141.216346123 3048511.591553466 -89097565.842834 -19373270.68511067
2461141.217040567 3088315.798823993 -88945302.99330765 -19353248.83309794
2461141.217735012 3128114.173908759 -88792871.2504114 -19333190.21560679
2461141.218429456 3167906.611344291 -88640270.05775842 -19313094.686569992
2461141.219123900 3207693.004688151 -88487498.8556952 -19292962.09895812
2461141.219818345 3247473.246508136 -88334557.08127448 -19272792.30477029
2461141.220512789 3287247.2283713478 -88181444.1682274 -19252585.15502563
2461141.221207234 3327014.840833107 -88028159.54693562 -19232340.49975407
2461141.221901678 3366775.973425707 -87874702.644403 -19212058.187987268
2461141.222596123 3406530.514647056 -87721072.88422717 -19191738.06774927
2461141.223290567 3446278.3519491223 -87567269.68657054 -19171379.98604738
2461141.223985012 3486019.371726253 -87413292.4681311 -19150983.78886254
2461141.224679456 3525753.459303329 -87259140.64211303 -19130549.32113973
2461141.225373900 3565480.498923751 -87104813.61819674 -19110076.42677841
2461141.226068345 3605200.373737282 -86950310.80250865 -19089564.948622663
2461141.226762789 3644912.965787699 -86795631.5975909 -19069014.72845132
2461141.227457234 3684618.1560003012 -86640775.40237029 -19048425.60696777
2461141.228151678 3724315.824169237 -86485741.61212708 -19027797.42379002
2461141.228846123 3764005.848944662 -86330529.61846372 -19007130.0174403
2461141.229540567 3803688.107819707 -86175138.80927263 -18986423.22533464
2461141.230235012 3843362.477117288 -86019568.56870411 -18965676.88377239
2461141.230929456 3883028.831976726 -85863818.27713369 -18944890.8279256
2461141.231623901 3922687.046340174 -85707887.31112921 -18924064.89182805
2461141.232318345 3962336.9929388734 -85551775.04341735 -18903198.90836463
2461141.233012789 4001978.543279201 -85395480.84284991 -18882292.70925996
2461141.233707234 4041611.567628542 -85239004.07436971 -18861346.12506742
2461141.234401678 4081235.935000949 -85082344.09897625 -18840358.98515778
2461141.235096123 4120851.5131425904 -84925500.2736904 -18819331.11770767
2461141.235790567 4160458.168517054 -84768471.95151952 -18798262.349688012
2461141.236485011 4200055.766290495 -84611258.48142098 -18777152.50685214
2461141.237179456 4239644.170316254 -84453859.20826697 -18756001.41372418
2461141.237873901 4279223.243119141 -84296273.47280958 -18734808.89358701
2461141.238568345 4318792.845880875 -84138500.61163945 -18713574.76846955
2461141.239262789 4358352.838425169 -83980539.95714496 -18692298.85913399
2461141.239957234 4397903.07919889 -83822390.83748555 -18670980.985064767
2461141.240651678 4437443.425252158 -83664052.57656829 -18649620.96445786
2461141.241346123 4476973.732232065 -83505524.49396782 -18628218.614202373
2461141.242040567 4516493.854372188 -83346805.90486215 -18606773.74986425
2461141.242735012 4556003.644462614 -83187896.12004547 -18585286.18568003
2461141.243429456 4595502.953809301 -83028794.44598207 -18563755.734556448
2461141.244123900 4634991.63223611 -82869500.18468775 -18542182.208046257
2461141.244818345 4674469.528090921 -82710012.63359246 -18520565.41632155
2461141.245512790 4713936.4882269455 -82550331.08550173 -18498905.16816033
2461141.246207234 4753392.357956019 -82390454.82866915 -18477201.27094803
2461141.246901678 4792836.981032388 -82230383.14674476 -18455453.5306619
2461141.247596123 4832270.19964302 -82070115.31869523 -18433661.75185191
2461141.248290567 4871691.854393236 -81909650.61874168 -18411825.73762337
2461141.248985012 4911101.7842805255 -81748988.31634308 -18389945.28962615
2461141.249679456 4950499.826675784 -81588127.67614809 -18368020.20803906
2461141.250373900 4989885.817304196 -81427067.95794709 -18346050.29155431
2461141.251068345 5029259.5902256 -81265808.41662359 -18324035.337361917
2461141.251762789 5068620.977813291 -81104348.3021114 -18301975.141134378
2461141.252457234 5107969.8107333835 -80942686.85934679 -18279869.49701103
2461141.253151678 5147305.917923724 -80780823.32822083 -18257718.19758186
2461141.253846123 5186629.126572486 -80618756.94353169 -18235521.033871353
2461141.254540567 5225939.262096397 -80456486.93493573 -18213277.79532216
2461141.255235012 5265236.148118674 -80294012.52689858 -18190988.26977834
2461141.255929456 5304519.606446631 -80131332.93864487 -18168652.243468698
2461141.256623900 5343789.457048908 -79968447.38410825 -18146269.500989523
2461141.257318345 5383045.518032391 -79805355.07188012 -18123839.8252873
2461141.258012789 5422287.605618769 -79642055.20515776 -18101362.997641243
2461141.258707234 5461515.534120734 -79478546.98169218 -18078838.7976455
2461141.259401678 5500729.115917812 -79314829.59373504 -18056267.00319101
2461141.260096123 5539928.161431821 -79150902.22798483 -18033647.39044744
2461141.260790567 5579112.479101977 -78986764.06553265 -18010979.733844362
2461141.261485012 5618281.875359569 -78822414.28180707 -17988263.80605276
2461141.262179456 5657436.154602279 -78657852.04651839 -17965499.3779658
2461141.262873901 5696575.119168107 -78493076.5236021 -17942686.218679678
2461141.263568345 5735698.569308851 -78328086.87116174 -17919824.095473867
2461141.264262789 5774806.303163216 -78162882.24141093 -17896912.7737914
2461141.264957234 5813898.116729474 -77997461.78061469 -17873952.01721874
2461141.265651678 5852973.803837708 -77831824.62903008 -17850941.58746527
2461141.266346123 5892033.156121615 -77665969.92084579 -17827881.24434281
2461141.267040567 5931075.962989866 -77499896.78412138 -17804770.74574443
2461141.267735011 5970102.011597001 -77333604.34072532 -17781609.847623218
2461141.268429456 6009111.086813895 -77167091.70627251 -17758398.30397076
2461141.269123901 6048102.971197692 -77000357.99006079 -17735135.866795212
2461141.269818345 6087077.444961336 -76833402.29500674 -17711822.286099117
2461141.270512789 6126034.285942544 -76666223.71758047 -17688457.30985689
2461141.271207234 6164973.269572338 -76498821.34773982 -17665040.68399192
2461141.271901678 6203894.168843016 -76331194.26886351 -17641572.15235341
2461141.272596123 6242796.75427565 -76163341.55768336 -17618051.45669297
2461141.273290567 6281680.793887033 -75995262.2842156 -17594478.33664067
2461141.273985012 6320546.053156089 -75826955.51169156 -17570852.52968085
2461141.274679456 6359392.294989755 -75658420.29648693 -17547173.77112767
2461141.275373900 6398219.279688403 -75489655.68804994 -17523441.79409995
2461141.276068345 6437026.76491036 -75320660.72883001 -17499656.329496227
2461141.276762790 6475814.505635705 -75151434.45420587 -17475817.10596927
2461141.277457234 6514582.254130887 -74981975.89240667 -17451923.84989933
2461141.278151678 6553329.759912612 -74812284.0644324 -17427976.285367258
2461141.278846123 6592056.769707285 -74642357.98399049 -17403974.13412945
2461141.279540567 6630763.027408828 -74472196.65743561 -17379917.11559321
2461141.280235012 6669448.274050745 -74301799.08364253 -17355804.94678213
2461141.280929456 6708112.257423227 -74131164.25247207 -17331637.355132148
2461141.281623900 6746754.712527881 -73960291.14763613 -17307414.052564148
2461141.282318345 6785375.335541147 -73789178.75055893 -17283134.700945538
2461141.283012789 6823973.869382166 -73617826.02753961 -17258799.025813952
2461141.283707234 6862550.3218123885 -73446231.89721562 -17234407.10622434
2461141.284401678 6901104.379540159 -73274395.31734167 -17209958.596078582
2461141.285096123 6939634.840718164 -73102315.36894736 -17185451.969949562
2461141.285790567 6978141.821270092 -72929990.92910357 -17160887.45547461
2461141.286485012 7016626.78299408 -72757420.66635734 -17136267.0705985
2461141.287179456 7055087.884027566 -72584603.73104113 -17111588.44449293
2461141.287873900 7093522.233037433 -72411539.4202504 -17086847.81325507
2461141.288568345 7131944.517435657 -72238224.40959932 -17062064.77541553
2461141.289262789 7170374.639174143 -72064654.60354114 -17037265.86680158
2461141.289957234 7208802.693189978 -71890830.350412 -17012438.024535697
2461141.290651678 7247200.81359828 -71716754.6496446 -16987544.31512801
2461141.291346123 7285557.722636889 -71542427.97923228 -16962569.8300348
2461141.292040567 7323887.631930944 -71367846.98761335 -16937533.52146269
2461141.292735012 7362195.595327709 -71193009.71010984 -16912442.18971685
2461141.293429456 7400477.811449081 -71017915.51728179 -16887290.882327642
2461141.294123901 7438730.606651215 -70842563.74825217 -16862074.81741131
2461141.294818345 7476956.0443228735 -70666952.86196104 -16836796.83120752
2461141.295512789 7515154.260318129 -70491081.59928903 -16811457.20302692
2461141.296207234 7553324.692032852 -70314948.79805401 -16786055.28762194
2461141.296901678 7591466.7392567145 -70138553.29145381 -16760590.39198243
2461141.297596123 7629580.230224568 -69961893.83643219 -16735062.39369931
2461141.298290567 7667664.827002179 -69784969.20486993 -16709470.952144552
2461141.298985011 7705720.173510774 -69607778.16077663 -16683815.70491392
2461141.299679456 7743745.908883476 -69430319.45807728 -16658096.2855716
2461141.300373901 7781741.672251625 -69252591.83971669 -16632312.330027912
2461141.301068345 7819707.096701123 -69074594.03849661 -16606463.46858222
2461141.301762789 7857641.810759714 -68896324.7767044 -16580549.327935
2461141.302457234 7895545.438412151 -68717782.76597513 -16554569.5312526
2461141.303151678 7933417.599030878 -68538966.7071654 -16528523.698120572
2461141.303846123 7971257.907305422 -68359875.29022522 -16502411.444496669
2461141.304540567 8009065.973170435 -68180507.19406767 -16476232.38266279
2461141.305235012 8046841.401732417 -68000861.08643696 -16449986.12117623
2461141.305929456 8084583.793195058 -67820935.623774 -16423672.264820002
2461141.306623900 8122292.742783137 -67640729.45108017 -16397290.41455247
2461141.307318345 8159967.8406650135 -67460241.20177889 -16370840.16745596
2461141.308012790 8197608.671873628 -67279469.49757504 -16344321.116684519
2461141.308707234 8235214.816225971 -67098412.94831201 -16317732.851410931
2461141.309401678 8272785.848241043 -66917070.15182684 -16291074.95677261
2461141.310096123 8310321.337056239 -66735439.69380274 -16264347.01381662
2461141.310790567 8347820.846342194 -66553520.14761865 -16237548.59944377
2461141.311485012 8385283.934215649 -66371310.07419861 -16210679.28635185
2461141.312179456 8422710.153150575 -66188808.02185852 -16183738.6429779
2461141.312873900 8460099.04988881 -66006012.52614446 -16156726.23343871
2461141.313568345 8497450.165348776 -65822922.10966892 -16129641.61747019
2461141.314262789 8534763.03452887 -65639535.28196244 -16102484.35036841
2461141.314957234 8572037.186408447 -65455850.53932502 -16075253.982929869
2461141.315651678 8609272.143859811 -65271866.36461054 -16047950.0613812
2461141.316346123 8646467.42355442 -65087581.2270279 -16020572.12731052
2461141.317040567 8683622.535848537 -64902993.58203146 -15993119.717611289
2461141.317735012 8720736.984658144 -64718101.87125229 -15965592.36443177
2461141.318429456 8757810.267371869 -64532904.522226945 -15937989.595093109
2461141.319123900 8794841.874765504 -64347399.94810439 -15910310.932003869
2461141.319818345 8831831.290890578 -64161586.54746825 -15882555.89259048
2461141.320512789 8868777.992935617 -63975462.704280876 -15854723.98924524
2461141.321207234 8905681.451114004 -63789026.7876804 -15826814.72925156
2461141.321901678 8942541.12855568 -63602277.151743986 -15798827.61470324
2461141.322596123 8979356.481191989 -63415212.13526978 -15770762.14242564
2461141.323290567 9016126.957627567 -63227830.061607905 -15742617.80390322
2461141.323985012 9052851.999016842 -63040129.238452025 -15714394.08520046
2461141.324679456 9089531.03893797 -62852107.95762827 -15686090.46688112
2461141.325373901 9126163.503263757 -62663764.49488125 -15657706.42392628
2461141.326068345 9162748.810028838 -62475097.10966267 -15629241.42565181
2461141.326762789 9199286.369294753 -62286104.04491184 -15600694.93562342
2461141.327457234 9235775.583012154 -62096783.52683341 -15572066.41157042
2461141.328151678 9272215.844880017 -61907133.76467078 -15543355.305297641
2461141.328846123 9308606.54020181 -61717152.95047624 -15514561.062595831
2461141.329540567 9344947.04573867 -61526839.25887669 -15485683.123150188
2461141.330235011 9381236.729559364 -61336190.84683513 -15456720.92044721
2461141.330929456 9417474.95088704 -61145205.853408344 -15427673.881679641
2461141.331623901 9453661.059942694 -60953882.39949982 -15398541.427649679
2461141.332318345 9489794.397785153 -60762218.58760857 -15369322.97267014
2461141.333012789 9525874.296147639 -60570212.50157346 -15340017.924463749
2461141.333707234 9561900.07727074 -60377862.20631266 -15310625.68406048
2461141.334401678 9597871.053731687 -60185165.74755883 -15281145.64569265
2461141.335096123 9633786.528269866 -59992121.15158912 -15251577.1966883
2461141.335790567 9669645.793608459 -59798726.42495049 -15221919.71736191
2461141.336485012 9705448.132272152 -59604979.554179884 -15192172.58090341
2461141.337179456 9741192.816400686 -59410878.50551952 -15162335.153264679
2461141.337873900 9776879.107558291 -59216421.22462656 -15132406.793043679
2461141.338568345 9812506.256538814 -59021605.63627784 -15102386.85136647
2461141.339262790 9848073.50316637 -58826429.64406869 -15072274.67176659
2461141.339957234 9883580.076091573 -58630891.13010662 -15042069.590062039
2461141.340651678 9919025.192582985 -58434987.95469887 -15011770.93422966
2461141.341346123 9954408.058313897 -58238717.95603431 -14981378.02427705
2461141.342040567 9989727.867144099 -58042078.94985935 -14950890.17211157
2461141.342735012 10024983.80089666 -57845068.72914759 -14920306.68140677
2461141.343429456 10060175.029129539 -57647685.063763365 -14889626.84746607
2461141.344123900 10095300.708901798 -57449925.70011861 -14858849.95708329
2461141.344818345 10130359.98453437 -57251788.36082356 -14827975.2884005
2461141.345512789 10165351.98736524 -57053270.74433036 -14797002.1107626
2461141.346207234 10200275.835498711 -56854370.52456984 -14765929.68456901
2461141.346901678 10235130.63354899 -56655085.3505808 -14734757.261121849
2461141.347596123 10269915.472377209 -56455412.8461338 -14703484.0824713
2461141.348290567 10304629.4288221 -56255350.60934821 -14672109.3812575
2461141.348985012 10339271.56542539 -56054896.21229432 -14640632.380548129
2461141.349679456 10373840.93015043 -55854047.20058886 -14609052.29367223
2461141.350373900 10408336.5560906 -55652801.093002014 -14577368.3240538
2461141.351068345 10442757.46117029 -55451155.38105911 -14545579.6650419
2461141.351762789 10477102.64785043 -55249107.528563045 -14513685.49972572
2461141.352457234 10511371.10282297 -55046654.97112987 -14481685.000749119
2461141.353151678 10545561.7966807 -54843795.11581685 -14449577.330137258
2461141.353846123 10579673.68357106 -54640525.34078936 -14417361.639126461
2461141.354540567 10613705.70087875 -54436842.99475938 -14385037.06795521
2461141.355235012 10647656.76890328 -54232745.396393895 -14352602.74564736
2461141.355929456 10681525.79050607 -54028229.83384359 -14320057.78981155
2461141.356623901 10715311.6507256 -53823293.56439903 -14287401.30645749
2461141.357318345 10749013.216409879 -53617933.81397876 -14254632.38978271
2461141.358012789 10782629.33584527 -53412147.776573084 -14221750.12194889
2461141.358707234 10816158.83837136 -53205932.61370161 -14188753.57285702
2461141.359401678 10849600.5339762 -52999285.453917354 -14155641.79992652
2461141.360096123 10882953.21288778 -52792203.39226036 -14122413.84786265
2461141.360790567 10916215.64515474 -52584683.48970013 -14089068.74841873
2461141.361485011 10949386.5802159 -52376722.77256772 -14055605.520152671
2461141.362179456 10982464.74645734 -52168318.23198221 -14022023.16817885
2461141.362873901 11015448.85075854 -51959466.82325998 -13988320.68391328
2461141.363568345 11048337.57802628 -51750165.465312414 -13954497.04481264
2461141.364262789 11081129.590716189 -51540411.040030286 -13920551.21410709
2461141.364957234 11113823.52834126 -51330200.391655095 -13886482.14052651
2461141.365651678 11146418.00696723 -51119530.3261365 -13852288.75802006
2461141.366346123 11178911.6186942 -50908397.61047547 -13817969.98546871
2461141.367040567 11211302.93112415 -50696798.97205332 -13783524.7263908
2461141.367735012 11243590.48681386 -50484731.09794545 -13748951.8686401
2461141.368429456 11275772.80271267 -50272190.63422023 -13714250.284096349
2461141.369123900 11307848.3695848 -50059174.185221635 -13679418.828348111
2461141.369818345 11339815.651415491 -49845678.31283632 -13644456.34036739
2461141.370512790 11371673.08480047 -49631699.53574377 -13609361.64217614
2461141.371207234 11403419.078318449 -49417234.32864952 -13574133.53850405
2461141.371901678 11435052.01188561 -49202279.12150085 -13538770.816437788
2461141.372596123 11466570.23609185 -48986830.29868451 -13503272.24506079
2461141.373290567 11497972.07151811 -48770884.19820607 -13467636.57508406
2461141.373985012 11529255.808033949 -48554437.11085005 -13431862.538467031
2461141.374679456 11560419.70407491 -48337485.27932065 -13395948.848028611
2461141.375373900 11591461.985898789 -48120024.89736237 -13359894.19704774
2461141.376068345 11622380.846820269 -47902052.10886002 -13323697.25885363
2461141.376762789 11653174.44642301 -47683563.0069173 -13287356.686404701
2461141.377457234 11683840.90974843 -47464553.63291366 -13250871.111856421
2461141.378151678 11714378.32646047 -47245019.97553874 -13214239.14611736
2461141.378846123 11744784.74998524 -47024957.96980346 -13177459.378393171
2461141.379540567 11775058.19662505 -46804363.49602733 -13140530.37571809
2461141.380235012 11805196.64464542 -46583232.37880145 -13103450.682473531
2461141.380929456 11835198.033334471 -46361560.38592607 -13066218.819893371
2461141.381623900 11865060.26203356 -46139343.22732226 -13028833.28555552
2461141.382318345 11894781.18913807 -45916576.553916655 -12991292.55285902
2461141.383012789 11924358.63106743 -45693255.95649819 -12953595.070486581
2461141.383707234 11953790.36120276 -45469376.96454849 -12915739.26185209
2461141.384401678 11983074.10879131 -45244935.045043446 -12877723.52453246
2461141.385096123 12012207.55781731 -45019925.60121683 -12839546.229681829
2461141.385790567 12041188.34583699 -44794343.971293785 -12801205.72142907
2461141.386485012 12070014.06277377 -44568185.42721448 -12762700.31626159
2461141.387179456 12098682.24967451 -44341445.173327595 -12724028.3023916
2461141.387873901 12127190.397435479 -44114118.3449706 -12685187.939089939
2461141.388568345 12155535.94548385 -43886200.00703847 -12646177.45600471
2461141.389262789 12183716.28040198 -43657685.15263106 -12606995.052479321
2461141.389957234 12211728.7345004 -43428568.7017169 -12567638.89685919
2461141.390651678 12239570.58437431 -43198845.49951142 -12528107.12573422
2461141.391346123 12267239.04941454 -42968510.314792246 -12488397.84315506
2461141.392040567 12294731.2902501 -42737557.83832003 -12448509.119851269
2461141.392735011 12322044.40711934 -42505982.6813718 -12408438.9924519
2461141.393429456 12349175.438208569 -42273779.374052726 -12368185.46265084
2461141.394123901 12376121.357938489 -42040942.36352497 -12327746.49633949
2461141.394818345 12402879.07518842 -41807466.01221726 -12287120.022717431
2461141.395512789 12429445.43145094 -41573344.59605144 -12246303.93338638
2461141.396207234 12455817.198928071 -41338572.30257524 -12205296.08140742
2461141.396901678 12481991.07856069 -41103143.22904435 -12164094.28032843
2461141.397596123 12507963.69798842 -40867051.3804532 -12122696.30318051
2461141.398290567 12533731.609436119 -40630290.66751825 -12081099.88144323
2461141.398985012 12559291.28752571 -40392854.90460004 -12039302.703975251
2461141.399679456 12584639.12700916 -40154737.80756771 -11997302.41591011
2461141.400373900 12609771.4404194 -39915932.99160323 -11955096.617515542
2461141.401068345 12634684.45563569 -39676433.968943775 -11912682.863015
2461141.401762790 12659374.31335962 -39436234.1465594 -11870058.65936974
2461141.402457234 12683837.06449795 -39195326.82376419 -11827221.46501984
2461141.403151678 12708068.66744797 -38953705.18975866 -11784168.68858254
2461141.403846123 12732064.98528127 -38711362.32110073 -11740897.68750623
2461141.404540567 12755821.782821229 -38468291.17910309 -11697405.76667803
2461141.405235012 12779334.72360943 -38224484.607154265 -11653690.176983189
2461141.405929456 12802599.36675601 -37979935.3279607 -11609748.11381433
2461141.406623900 12825611.163668629 -37734635.94070723 -11565576.715528158
2461141.407318345 12848365.45465436 -37488578.91813272 -11521173.0618477
2461141.408012789 12870857.46538876 -37241756.60351834 -11476534.172207542
2461141.408707234 12893082.303245759 -36994161.20758481 -11431657.00403967
2461141.409401678 12915034.953481931 -36745784.805296116 -11386538.45099733
2461141.410096123 12936710.275268089 -36496619.33256534 -11341175.34111412
2461141.410790567 12958102.997561011 -36246656.58286003 -11295564.43489564
2461141.411485012 12979207.714807661 -35995888.20370278 -11249702.42334032
2461141.412179456 13000018.88247352 -35744305.69306364 -11203585.92588683
2461141.412873900 13020530.81238665 -35491900.39564018 -11157211.48828407
2461141.413568345 13040737.667888299 -35238663.49902105 -11110575.58038093
2461141.414262789 13060633.4587805 -34984586.029728994 -11063674.59383139
2461141.414957234 13080212.03606039 -34729658.84913851 -11016504.839711862
2461141.415651678 13099467.08643056 -34473872.649263985 -10969062.546045851
2461141.416346123 13118392.12657406 -34217217.94841268 -10921343.8552323
2461141.417040567 13136980.49718188 -33959685.08669865 -10873344.82137268
2461141.417735012 13155225.35672022 -33701264.22141131 -10825061.40749198
2461141.418429456 13173119.67492396 -33441945.322233588 -10776489.48264884
2461141.419123901 13190656.22600194 -33181718.16630343 -10727624.81892877
2461141.419818345 13207827.5815386 -32920572.33311574 -10678463.088316001
2461141.420512789 13224626.10307593 -32658497.19925678 -10628999.85943709
2461141.421207234 13241043.934359001 -32395481.93295475 -10579230.594168361
2461141.421901678 13257072.99322613 -32131515.488450162 -10529150.64410221
2461141.422596123 13272704.9631232 -31866586.60020437 -10478755.24687021
2461141.423290567 13287931.284222241 -31600683.77691621 -10428039.52231099
2461141.423985011 13302743.144127429 -31333795.29524209 -10376998.46845613
2461141.424679456 13317131.468138639 -31065909.19333369 -10325626.95734914
2461141.425373901 13331086.90904238 -30797013.264291942 -10273919.73070932
2461141.426068345 13344599.83640719 -30527095.04945737 -10221871.3954169
2461141.426762789 13357660.32537251 -30256141.831173602 -10169476.41874115
2461141.427457234 13370258.14488775 -29984140.6252786 -10116729.123351721
2461141.428151678 13382382.74535863 -29711078.17351422 -10063623.68213987
2461141.428846123 13394023.24566617 -29436940.935854 -10010154.11283996
2461141.429540567 13405168.41954084 -29161715.08234771 -9956314.272362234
2461141.430235012 13415806.68124431 -28885386.484636523 -9902097.850855498
2461141.430929456 13425926.0705121 -28607940.70720534 -9847498.365499515
2461141.431623900 13435514.23670965 -28329362.998405233 -9792509.15402016
2461141.432318345 13444558.42215988 -28049638.281106 -9737123.367886182
2461141.433012790 13453045.44458722 -27768751.143019877 -9681333.965179825
2461141.433707234 13460961.678622259 -27486685.82668537 -9625133.703122972
2461141.434401678 13468293.036306549 -27203426.21910541 -9568515.130239734
2461141.435096123 13475024.946533808 -26918955.841013 -9511470.578131428
2461141.435790567 13481142.333357781 -26633257.835757792 -9453992.152842173
2461141.436485012 13486629.59309223 -26346314.95779975 -9396071.72579065
2461141.437179456 13491470.570122719 -26058109.56079646 -9337700.92424145
2461141.437873900 13495648.53134362 -25768623.58527011 -9278871.121288247
2461141.438568345 13499146.1391271 -25477838.54584057 -9219573.425318463
2461141.439262789 13501945.422723489 -25185735.5180109 -9159798.668927364
2461141.439957234 13504027.74798423 -24892295.12449161 -9099537.397247002
2461141.440651678 13505373.78529031 -24597497.521050163 -9038779.855652979
2461141.441346123 13505963.47555887 -24301322.38187261 -8977515.97680914
2461141.442040567 13505775.99419102 -24003748.88442472 -8915735.367007697
2461141.442735012 13504789.71281191 -23704755.69380057 -8853427.2917587
2461141.443429456 13502982.15864199 -23404320.94654753 -8790580.660579635
2461141.444123900 13500329.971324611 -23102422.23395762 -8727184.010931982
2461141.444818345 13496808.85702022 -22799036.58481678 -8663225.491247572
2461141.445512789 13492393.539560929 -22494140.44760536 -8598692.842983352
2461141.446207234 13487057.708441392 -22187709.67214559 -8533573.381637918
2461141.446901678 13480773.96340198 -21879719.49069398 -8467853.976658626
2461141.447596123 13473513.75533846 -21570144.498481058 -8401521.030161725
2461141.448290567 13465247.32324879 -21258958.63370358 -8334560.454382569
2461141.448985012 13455943.626900509 -20946135.15698042 -8266957.647765488
2461141.449679456 13445570.27487408 -20631646.63028874 -8198697.4695962565
2461141.450373901 13434093.44760445 -20315464.895403832 -8129764.213071971
2461141.451068345 13421477.81500819 -19997561.05187508 -8060141.576694293
2461141.451762789 13407686.44824419 -19677905.434579838 -7989812.633862996
2461141.452457234 13392680.725112101 -19356467.59090916 -7918759.800536216
2461141.453151678 13376420.228545059 -19033216.25765361 -7846964.800812987
2461141.453846123 13358862.637599401 -18708119.337673362 -7774408.630280984
2461141.454540567 13339963.610284751 -18381143.87645699 -7701071.51695978
2461141.455235011 13319676.65751228 -18052256.03869563 -7626932.879654769
2461141.455929456 13297953.00736579 -17721421.085031968 -7551971.283522877
2461141.456623901 13274741.45881797 -17388603.34916889 -7476164.392632158
2461141.457318345 13249988.22392265 -17053766.21555144 -7399488.919276572
2461141.458012789 13223636.75741473 -16716872.097906912 -7321920.569793424
2461141.458707234 13195627.57253896 -16377882.41900133 -7243433.986613434
2461141.459401678 13165898.04179551 -16036757.59197169 -7164002.686235109
2461141.460096123 13134382.181138761 -15693457.003572458 -7083598.992766464
2461141.460790567 13101010.41603861 -15347939.000047991 -7002193.966717212
2461141.461485012 13065709.327634761 -15000160.876428919 -6919757.328690668
2461141.462179456 13028401.37699233 -14650078.86994498 -6836257.3775375
2461141.462873900 12989004.605206462 -14297648.15802834 -6751660.902412268
2461141.463568345 12947432.30694058 -13942822.86236048 -6665933.088329237
2461141.464262790 12903592.67469646 -13585556.060543789 -6579037.41475678
2461141.464957234 12857388.410777519 -13225799.80698384 -6490935.54669241
2461141.465651678 12808716.30350415 -12863505.16434828 -6401587.217497695
2461141.466346123 12757466.76392522 -12498622.24804621 -6310950.10290355
2461141.467040567 12703523.31882212 -12131100.28648659 -6218979.6855315715
2461141.467735012 12646762.05531155 -11760887.700344471 -6125629.10923136
2461141.468429456 12587051.01178877 -11387932.204454621 -6030849.022450351
2461141.469123900 12524249.50937599 -11012180.936925061 -5934587.409886113
2461141.469818345 12458207.417367779 -10633580.62088324 -5836789.41164532
2461141.470512789 12388764.34543356 -10252077.7653434 -5737397.129143247
2461141.471207234 12315748.75453189 -9867618.91294446 -5636349.417004822
2461141.471901678 12238976.97764593 -9480150.943946578 -5533581.660321858
2461141.472596123 12158252.14040574 -9089621.447457572 -5429025.536645997
2461141.473290567 12073362.970817339 -8695979.173502179 -5322608.762398859
2461141.473985012 11984082.48650652 -8299174.582836982 -5214254.8238281
2461141.474679456 11890166.54740718 -7899160.38472572 -5103882.666201323
2461141.475373900 11791352.25507878 -7495892.610324949 -4991406.449439057
2461141.476068345 11687356.18717403 -7089331.898063906 -4876735.299667665
2461141.476762789 11577872.46736938 -6679443.5769788725 -4759772.763258375
2461141.477457234 11462570.17297245 -6266187.109093567 -4640413.858956387
2461141.478151678 11341092.06156743 -5849547.459235524 -4518551.217794707
2461141.478846123 11213052.63961705 -5429556.481622076 -4394078.958930591
2461141.479540567 11078031.801087791 -5006196.134349732 -4266870.744137836
2461141.480235012 10935566.257433388 -4579372.657332119 -4136771.9197454844
2461141.480929456 10785173.65932604 -4149243.7416413985 -4003674.459833184
2461141.481623901 10626330.595875341 -3716029.2179246163 -3867471.257599821
2461141.482318345 10458436.50734396 -3279613.207368439 -3727963.023798346
2461141.483012789 10280861.37894801 -2840098.1084515904 -3584987.183895213
2461141.483707234 10092924.561543899 -2397721.660664481 -3438394.493330153
2461141.484401678 9893888.300845731 -1952718.210699175 -3288018.357927485
2461141.485096123 9682956.911608383 -1505342.993484803 -3133679.639444042
2461141.485790567 9459338.071476968 -1055886.691951104 -2975207.54608377
2461141.486485011 9222034.872811835 -604900.7982180043 -2812425.851871567
2461141.487179456 8970030.833087975 -152972.3594774521 -2645160.053560786
2461141.487873901 8702283.016497856 299216.5180270052 -2473247.7502917317
2461141.488568345 8417685.53396941 750811.6741640618 -2296544.03619698
2461141.489262789 8115087.284157229 1200791.191177028 -2114925.8302654913
2461141.489957234 7793321.064135336 1647918.3262480649 -1928310.200354202
2461141.490651678 7451229.209668247 2090722.36661275 -1736665.89455568
2461141.491346123 7087694.03076164 2527487.029054896 -1540024.718933428
2461141.492040567 6701698.869929208 2956220.493113764 -1338505.665377016
2461141.492735012 6292404.871885702 3374640.3901775847 -1132340.515838112
2461141.493429456 5859214.127045301 3780205.07122249 -921885.851859984
2461141.494123900 5401863.15937672 4170144.171553744 -707644.0144333086